N  Time  average_ob  max_ob  min_ob 
10 0.000001 10.000000 15 5 
20 0.000001 34.000000 61 19 
30 0.000001 73.000000 98 52 
40 0.000003 105.000000 156 58 
50 0.000003 141.000000 189 108 
60 0.000003 169.000000 243 100 
70 0.000004 232.000000 275 176 
80 0.000004 252.000000 304 212 
90 0.000004 318.000000 386 249 
100 0.000004 367.000000 480 261 
110 0.000005 369.000000 463 301 
120 0.000005 390.000000 552 301 
130 0.000006 393.000000 464 341 
140 0.000010 536.000000 714 425 
150 0.000007 547.000000 687 423 
160 0.000008 565.000000 761 368 
170 0.000008 658.000000 828 545 
180 0.000009 688.000000 955 507 
190 0.000009 807.000000 1274 565 
200 0.000009 803.000000 953 687 
210 0.000011 887.000000 1089 702 
220 0.000016 821.000000 948 755 
230 0.000011 891.000000 1082 752 
240 0.000012 976.000000 1176 873 
250 0.000013 984.000000 1235 777 
260 0.000011 1133.000000 1380 914 
270 0.000012 1114.000000 1424 920 
280 0.000015 1170.000000 1489 1017 
290 0.000013 1287.000000 1484 1099 
300 0.000013 1247.000000 1531 1085 
310 0.000014 1305.000000 1836 1142 
320 0.000014 1422.000000 1824 1221 
330 0.000019 1483.000000 2394 1229 
340 0.000016 1556.000000 1945 1267 
350 0.000019 1589.000000 1943 1332 
360 0.000017 1627.000000 1904 1449 
370 0.000017 1542.000000 1835 1232 
380 0.000017 1670.000000 2036 1377 
390 0.000018 1731.000000 2069 1473 
400 0.000018 1849.000000 2165 1668 
410 0.000019 1892.000000 2165 1651 
420 0.000022 2052.000000 2521 1594 
430 0.000021 2180.000000 2387 1716 
440 0.000020 1982.000000 2536 1665 
450 0.000023 2148.000000 2660 1761 
460 0.000023 2258.000000 3012 1940 
470 0.000023 2273.000000 2550 2058 
480 0.000023 2320.000000 3043 1946 
490 0.000026 2407.000000 2879 2083 
500 0.000024 2464.000000 2868 2002 
510 0.000025 2462.000000 3409 1996 
520 0.000032 2249.000000 2694 1881 
530 0.000026 2451.000000 2921 1662 
540 0.000026 2611.000000 2975 2144 
550 0.000036 2731.000000 3444 2359 
560 0.000025 2798.000000 3179 2230 
570 0.000025 2970.000000 3558 2447 
580 0.000026 3029.000000 3734 2767 
590 0.000032 3126.000000 3983 2382 
600 0.000027 3054.000000 3678 2666 
610 0.000026 2982.000000 3378 2581 
620 0.000026 3084.000000 3908 2511 
630 0.000029 2926.000000 3472 2442 
640 0.000028 3210.000000 3906 2808 
650 0.000029 3102.000000 3552 2697 
660 0.000033 3304.000000 3631 2880 
670 0.000029 3484.000000 3936 3012 
680 0.000028 3454.000000 4029 2980 
690 0.000029 3623.000000 4281 3159 
700 0.000027 3722.000000 4665 3215 
710 0.000028 3755.000000 5195 3094 
720 0.000027 3622.000000 4584 3141 
730 0.000029 3901.000000 5011 3430 
740 0.000030 3887.000000 4989 3318 
750 0.000029 3838.000000 4752 3409 
760 0.000030 4267.000000 4585 3925 
770 0.000031 4115.000000 5121 3435 
780 0.000054 4431.000000 5424 3953 
790 0.000062 4357.000000 5504 3375 
800 0.000060 4154.000000 5486 3476 
810 0.000057 4197.000000 5083 3713 
820 0.000060 4498.000000 5028 4175 
830 0.000060 4443.000000 5230 3970 
840 0.000050 4531.000000 5949 3631 
850 0.000052 4548.000000 5209 4036 
860 0.000053 4685.000000 5625 4033 
870 0.000052 4559.000000 5278 3872 
880 0.000054 4634.000000 5794 3938 
890 0.000054 4770.000000 5928 4185 
900 0.000055 4878.000000 6709 3812 
910 0.000056 5463.000000 6423 4414 
920 0.000056 4899.000000 6022 3555 
930 0.000057 5012.000000 5636 4099 
940 0.000058 4857.000000 5287 4256 
950 0.000058 5262.000000 5915 4488 
960 0.000058 5407.000000 6076 4784 
970 0.000052 5228.000000 6988 4222 
980 0.000052 5310.000000 7054 4420 
990 0.000054 5205.000000 6118 4612 
1000 0.000053 5557.000000 6642 4936 
1010 0.000054 5579.000000 6495 4971 
1020 0.000055 5429.000000 6755 4478 
1030 0.000055 5875.000000 7645 4922 
1040 0.000056 5804.000000 6684 4705 
1050 0.000056 6115.000000 7683 5063 
1060 0.000056 5870.000000 6768 5154 
1070 0.000059 6046.000000 6933 5339 
1080 0.000058 5754.000000 6630 4649 
1090 0.000054 5955.000000 7009 5049 
1100 0.000055 5815.000000 6469 4808 
1110 0.000053 6422.000000 7267 5850 
1120 0.000053 6151.000000 7826 5464 
1130 0.000055 6421.000000 7999 5820 
1140 0.000054 6557.000000 7252 5388 
1150 0.000053 6202.000000 6816 5419 
1160 0.000049 6705.000000 8553 5797 
1170 0.000052 7078.000000 8589 6093 
1180 0.000051 6721.000000 7940 5994 
1190 0.000051 6607.000000 7542 5707 
1200 0.000052 6653.000000 7306 5353 
1210 0.000052 7086.000000 8494 5931 
1220 0.000053 7295.000000 8741 6387 
1230 0.000053 6717.000000 8624 5968 
1240 0.000053 7265.000000 8973 5952 
1250 0.000054 6899.000000 8398 5815 
1260 0.000057 7105.000000 7755 6199 
1270 0.000056 7360.000000 8800 6138 
1280 0.000054 7342.000000 8125 6522 
1290 0.000051 7310.000000 8921 6017 
1300 0.000052 7524.000000 9246 6536 
1310 0.000053 7516.000000 10521 6195 
1320 0.000052 7457.000000 8562 6229 
1330 0.000054 7733.000000 9268 6655 
1340 0.000053 7489.000000 8743 6519 
1350 0.000059 8021.000000 9626 7293 
1360 0.000055 8102.000000 9419 6324 
1370 0.000054 8125.000000 9237 7005 
1380 0.000055 7815.000000 8851 6903 
1390 0.000056 8118.000000 9134 6945 
1400 0.000056 8617.000000 10267 6952 
1410 0.000054 8348.000000 9213 7583 
1420 0.000053 8755.000000 10658 7616 
1430 0.000053 8252.000000 9252 7119 
1440 0.000054 8212.000000 9059 7416 
1450 0.000054 8406.000000 9825 7378 
1460 0.000055 8464.000000 10146 7071 
1470 0.000055 8771.000000 9549 7402 
1480 0.000052 8933.000000 10617 7745 
1490 0.000053 8676.000000 10325 7528 
1500 0.000052 8498.000000 10982 7552 
1510 0.000057 8740.000000 9805 7535 
1520 0.000055 8810.000000 9695 7100 
1530 0.000053 9103.000000 10518 7578 
1540 0.000054 9127.000000 10534 7687 
1550 0.000051 9050.000000 10889 8114 
1560 0.000053 9433.000000 10783 8678 
1570 0.000053 9171.000000 10349 8205 
1580 0.000053 9447.000000 12883 7956 
1590 0.000054 9482.000000 10042 8615 
1600 0.000054 9287.000000 11099 8515 
1610 0.000051 9408.000000 10702 8602 
1620 0.000053 9332.000000 10911 7834 
1630 0.000053 10057.000000 11876 8683 
1640 0.000053 9030.000000 9369 8339 
1650 0.000053 10059.000000 11030 8001 
1660 0.000054 10602.000000 12503 9007 
1670 0.000053 9970.000000 11517 8965 
1680 0.000053 9776.000000 11096 8790 
1690 0.000053 10274.000000 12175 8570 
1700 0.000053 10568.000000 13122 9512 
1710 0.000055 10020.000000 10915 9120 
1720 0.000055 10522.000000 11889 9369 
1730 0.000053 10613.000000 12494 9046 
1740 0.000053 11120.000000 15257 9615 
1750 0.000052 10515.000000 11459 9500 
1760 0.000052 10374.000000 12169 9384 
1770 0.000053 10868.000000 12753 9663 
1780 0.000053 10863.000000 12574 9197 
1790 0.000054 10689.000000 11811 9108 
1800 0.000051 10522.000000 12723 8894 
1810 0.000052 10990.000000 12764 9439 
1820 0.000055 11015.000000 12594 9174 
1830 0.000053 11241.000000 11769 10546 
1840 0.000056 10989.000000 14274 9627 
1850 0.000056 11689.000000 13751 10350 
1860 0.000053 11555.000000 13051 9954 
1870 0.000051 11174.000000 13383 9648 
1880 0.000050 11215.000000 11990 10276 
1890 0.000052 11566.000000 14063 9753 
1900 0.000052 12331.000000 14731 10270 
1910 0.000052 11910.000000 15403 10539 
1920 0.000053 11751.000000 12968 10527 
1930 0.000052 11702.000000 13106 10523 
1940 0.000052 11905.000000 13511 10702 
1950 0.000053 11537.000000 12304 10515 
1960 0.000052 12184.000000 14575 10593 
1970 0.000054 12204.000000 16556 9745 
1980 0.000054 12895.000000 14464 11590 
1990 0.000054 12415.000000 14245 10330 
2000 0.000054 12392.000000 13772 11221 
2010 0.000054 12589.000000 14191 10729 
2020 0.000055 12343.000000 16012 10589 
2030 0.000056 12517.000000 16132 10631 
2040 0.000057 12469.000000 13398 11713 
2050 0.000056 12735.000000 15010 10910 
2060 0.000056 12832.000000 15734 11579 
2070 0.000056 12684.000000 14581 11205 
2080 0.000058 13048.000000 15361 11121 
2090 0.000058 13489.000000 16678 11746 
2100 0.000058 13263.000000 15564 12219 
2110 0.000058 12649.000000 14563 11075 
2120 0.000058 13356.000000 15950 11822 
2130 0.000058 13105.000000 16406 11713 
2140 0.000060 13658.000000 16814 11704 
2150 0.000059 13309.000000 15495 11175 
2160 0.000059 13743.000000 17195 11112 
2170 0.000060 14401.000000 18813 11950 
2180 0.000060 13192.000000 14433 11622 
2190 0.000060 13312.000000 17557 11039 
2200 0.000061 13387.000000 15107 12103 
2210 0.000060 14007.000000 17460 12206 
2220 0.000062 13298.000000 15062 11999 
2230 0.000061 13737.000000 15439 11643 
2240 0.000061 14085.000000 17996 12728 
2250 0.000062 14641.000000 16960 12686 
2260 0.000064 13781.000000 15013 11780 
2270 0.000062 13920.000000 15803 12519 
2280 0.000063 14256.000000 16001 12488 
2290 0.000063 13964.000000 15555 11914 
2300 0.000063 14057.000000 15226 12527 
2310 0.000063 14525.000000 16199 12805 
2320 0.000065 14473.000000 16545 12710 
2330 0.000065 13817.000000 16754 12371 
2340 0.000066 15009.000000 18122 12994 
2350 0.000065 15486.000000 17536 13751 
2360 0.000066 14796.000000 16864 13175 
2370 0.000067 15772.000000 17982 14186 
2380 0.000067 14679.000000 17508 12998 
2390 0.000066 14501.000000 16463 12878 
2400 0.000067 14998.000000 16786 13896 
2410 0.000068 15659.000000 18853 13768 
2420 0.000069 15927.000000 17366 14203 
2430 0.000067 15137.000000 17356 13128 
2440 0.000067 15087.000000 17991 13486 
2450 0.000069 15406.000000 16649 14078 
2460 0.000068 15582.000000 17703 13406 
2470 0.000069 15675.000000 17380 14226 
2480 0.000069 15951.000000 18282 14667 
2490 0.000069 15390.000000 17302 13873 
2500 0.000071 15295.000000 17080 13971 
2510 0.000071 15672.000000 20376 14373 
2520 0.000070 15980.000000 19388 13903 
2530 0.000071 16264.000000 20369 14732 
2540 0.000072 16068.000000 20186 13858 
2550 0.000072 16381.000000 19473 13741 
2560 0.000071 17249.000000 19527 14503 
2570 0.000073 16041.000000 18450 14279 
2580 0.000071 16208.000000 17257 15044 
2590 0.000073 17116.000000 21819 15358 
2600 0.000073 16344.000000 19128 14865 
2610 0.000073 16928.000000 20631 14606 
2620 0.000075 16322.000000 17674 14644 
2630 0.000074 17794.000000 20232 16290 
2640 0.000074 17379.000000 21997 14780 
2650 0.000074 18471.000000 20969 16138 
2660 0.000074 16501.000000 18666 14338 
2670 0.000076 17608.000000 18999 15439 
2680 0.000075 17011.000000 18453 14771 
2690 0.000075 17738.000000 20489 15025 
2700 0.000076 18040.000000 20706 15319 
2710 0.000076 18227.000000 21500 16514 
2720 0.000076 18265.000000 20893 15648 
2730 0.000077 17578.000000 19978 14781 
2740 0.000080 17229.000000 18986 15393 
2750 0.000078 18323.000000 22587 15782 
2760 0.000078 17895.000000 19535 16769 
2770 0.000078 17728.000000 19854 16003 
2780 0.000079 18861.000000 21910 16805 
2790 0.000079 18960.000000 23065 16700 
2800 0.000079 18418.000000 22098 16682 
2810 0.000080 18386.000000 20954 15994 
2820 0.000080 18634.000000 21602 16417 
2830 0.000081 18605.000000 20483 17085 
2840 0.000081 18433.000000 22645 16044 
2850 0.000082 17992.000000 20451 15693 
2860 0.000082 18433.000000 21347 15882 
2870 0.000089 18542.000000 22143 15846 
2880 0.000082 17847.000000 21490 16004 
2890 0.000081 20364.000000 22892 18129 
2900 0.000083 19147.000000 23587 17113 
2910 0.000083 19835.000000 25119 17305 
2920 0.000083 19879.000000 23584 17474 
2930 0.000083 18304.000000 20382 16539 
2940 0.000085 19609.000000 22605 16496 
2950 0.000084 19450.000000 25488 15561 
2960 0.000085 19342.000000 23461 17372 
2970 0.000085 18855.000000 22433 17101 
2980 0.000085 19883.000000 22419 17595 
2990 0.000087 18978.000000 20128 17364 
3000 0.000086 19495.000000 22047 16868 
3010 0.000087 19901.000000 23412 16804 
3020 0.000086 19521.000000 22679 16215 
3030 0.000087 19473.000000 22341 17983 
3040 0.000087 20613.000000 28045 17296 
3050 0.000089 19984.000000 21766 18055 
3060 0.000088 21308.000000 27077 18610 
3070 0.000088 20608.000000 23124 17692 
3080 0.000090 20709.000000 22479 18065 
3090 0.000088 20843.000000 23736 17739 
3100 0.000088 20554.000000 24331 18595 
3110 0.000091 20535.000000 23337 17863 
3120 0.000090 20821.000000 25460 18110 
3130 0.000090 20808.000000 23546 18778 
3140 0.000091 21148.000000 25718 17752 
3150 0.000090 20253.000000 22446 18139 
3160 0.000091 20627.000000 22206 18187 
3170 0.000092 22189.000000 25363 18062 
3180 0.000091 21687.000000 28560 18658 
3190 0.000091 20913.000000 24418 18578 
3200 0.000093 21794.000000 25416 18473 
3210 0.000093 20458.000000 22192 19435 
3220 0.000093 20756.000000 22728 19009 
3230 0.000095 20348.000000 24475 17804 
3240 0.000095 21601.000000 25581 19281 
3250 0.000096 22134.000000 25743 19269 
3260 0.000096 21994.000000 26802 20185 
3270 0.000094 21832.000000 26284 17926 
3280 0.000096 20245.000000 22208 17913 
3290 0.000096 21930.000000 24663 19312 
3300 0.000096 22624.000000 25528 19943 
3310 0.000096 21977.000000 25167 19977 
3320 0.000097 21544.000000 22650 19521 
3330 0.000096 22182.000000 30394 18003 
3340 0.000098 21755.000000 25001 19219 
3350 0.000098 22195.000000 26186 19711 
3360 0.000097 23440.000000 29875 20548 
3370 0.000098 22320.000000 25228 20008 
3380 0.000098 23128.000000 28256 19204 
3390 0.000098 21694.000000 24243 19818 
3400 0.000099 22563.000000 24561 20984 
3410 0.000100 23354.000000 28278 21369 
3420 0.000099 22297.000000 24640 19258 
3430 0.000100 22344.000000 25087 20754 
3440 0.000101 23882.000000 26127 21900 
3450 0.000100 23076.000000 27329 21967 
3460 0.000103 22785.000000 27862 20048 
3470 0.000101 23166.000000 25191 20758 
3480 0.000101 23208.000000 26502 20347 
3490 0.000101 22709.000000 24170 20006 
3500 0.000102 24813.000000 29728 20111 
3510 0.000102 24564.000000 28876 19423 
3520 0.000103 23343.000000 26040 20785 
3530 0.000103 22787.000000 25627 20712 
3540 0.000104 23459.000000 27575 20099 
3550 0.000103 23886.000000 26858 20597 
3560 0.000106 23727.000000 26695 22106 
3570 0.000104 22835.000000 25680 20178 
3580 0.000105 23949.000000 26137 21532 
3590 0.000104 23554.000000 25508 22452 
3600 0.000105 25408.000000 34579 22875 
3610 0.000105 23519.000000 28938 21778 
3620 0.000106 23393.000000 26039 20904 
3630 0.000107 25373.000000 30599 23004 
3640 0.000106 24678.000000 27388 22153 
3650 0.000107 25231.000000 28229 21730 
3660 0.000109 25477.000000 29454 22710 
3670 0.000107 24697.000000 26434 22818 
3680 0.000108 24697.000000 29667 22562 
3690 0.000108 25638.000000 29068 23170 
3700 0.000108 23844.000000 25652 21866 
3710 0.000110 26330.000000 33079 23443 
3720 0.000109 25222.000000 29585 22392 
3730 0.000109 25531.000000 31331 22252 
3740 0.000110 25108.000000 28696 22065 
3750 0.000110 25197.000000 27456 20808 
3760 0.000112 25561.000000 28379 22736 
3770 0.000112 25729.000000 30919 22604 
3780 0.000111 24987.000000 27590 22494 
3790 0.000111 25422.000000 31702 22109 
3800 0.000112 25479.000000 27634 22966 
3810 0.000111 25935.000000 31846 22620 
3820 0.000111 25456.000000 31085 22052 
3830 0.000112 26226.000000 29752 23201 
3840 0.000115 26627.000000 31812 24667 
3850 0.000116 26690.000000 29010 24416 
3860 0.000114 26792.000000 29038 24467 
3870 0.000115 27120.000000 31757 23266 
3880 0.000114 25485.000000 27597 22750 
3890 0.000114 26518.000000 30372 21337 
3900 0.000116 27824.000000 32315 24142 
3910 0.000117 26493.000000 30462 23379 
3920 0.000116 26091.000000 29681 23323 
3930 0.000117 27656.000000 31738 23964 
3940 0.000116 28334.000000 31900 24153 
3950 0.000116 26055.000000 28977 22864 
3960 0.000117 27508.000000 30568 25365 
3970 0.000117 28354.000000 30578 24917 
3980 0.000118 26951.000000 28702 24370 
3990 0.000118 26581.000000 31865 23328 
4000 0.000119 27068.000000 32123 23553 
4010 0.000119 27423.000000 31440 23242 
4020 0.000119 27921.000000 31050 24003 
4030 0.000121 28039.000000 37043 23059 
4040 0.000120 28383.000000 30968 26406 
4050 0.000120 28360.000000 31878 24438 
4060 0.000121 27157.000000 29274 25020 
4070 0.000120 28868.000000 32176 26664 
4080 0.000121 28131.000000 31903 25049 
4090 0.000121 27392.000000 33708 24032 
4100 0.000122 27592.000000 31234 25821 
4110 0.000122 27993.000000 32313 25406 
4120 0.000123 28026.000000 30838 25205 
4130 0.000121 30426.000000 37628 24395 
4140 0.000124 28933.000000 31200 26135 
4150 0.000125 27754.000000 29944 25079 
4160 0.000123 29886.000000 33783 25483 
4170 0.000124 29610.000000 35189 26131 
4180 0.000125 30705.000000 40400 26957 
4190 0.000125 28633.000000 32054 24777 
4200 0.000127 29611.000000 34853 24942 
4210 0.000124 27419.000000 29270 26450 
4220 0.000127 28754.000000 34553 25483 
4230 0.000126 28142.000000 33268 25689 
4240 0.000126 28315.000000 30686 24985 
4250 0.000128 28252.000000 31506 26456 
4260 0.000127 28433.000000 33481 26075 
4270 0.000127 28449.000000 31556 26433 
4280 0.000128 29625.000000 33985 24804 
4290 0.000129 29920.000000 35551 26179 
4300 0.000130 28360.000000 31325 26108 
4310 0.000130 29965.000000 37339 27248 
4320 0.000131 31261.000000 34055 27528 
4330 0.000129 29598.000000 32948 26364 
4340 0.000130 30774.000000 36158 26888 
4350 0.000130 30295.000000 33905 26142 
4360 0.000132 29477.000000 33171 26180 
4370 0.000132 30096.000000 34941 26221 
4380 0.000134 30579.000000 34566 27358 
4390 0.000133 30471.000000 36436 26248 
4400 0.000133 31451.000000 34650 28548 
4410 0.000132 32483.000000 41472 29033 
4420 0.000133 30473.000000 33884 28067 
4430 0.000133 30705.000000 34110 28684 
4440 0.000134 30711.000000 35017 24699 
4450 0.000133 33090.000000 38679 27370 
4460 0.000137 31402.000000 36980 28411 
4470 0.000135 31469.000000 36047 28331 
4480 0.000134 31360.000000 34911 26398 
4490 0.000136 32642.000000 38932 28410 
4500 0.000136 31282.000000 35800 28544 
4510 0.000135 30698.000000 34656 27893 
4520 0.000137 31912.000000 34886 29086 
4530 0.000137 31317.000000 33938 25962 
4540 0.000139 32556.000000 36295 29317 
4550 0.000136 30876.000000 33627 27607 
4560 0.000139 32811.000000 36233 29266 
4570 0.000139 31666.000000 35199 28490 
4580 0.000137 31874.000000 34601 28938 
4590 0.000137 33304.000000 39738 28517 
4600 0.000139 33385.000000 37364 29885 
4610 0.000140 32665.000000 36945 30005 
4620 0.000140 32021.000000 35411 26540 
4630 0.000139 33553.000000 37891 30560 
4640 0.000140 31516.000000 34629 28686 
4650 0.000141 34093.000000 36720 30182 
4660 0.000140 34308.000000 37916 30908 
4670 0.000142 33891.000000 38008 28029 
4680 0.000145 33102.000000 43449 29907 
4690 0.000143 33815.000000 37827 29537 
4700 0.000142 33141.000000 37706 29361 
4710 0.000142 32774.000000 37950 28199 
4720 0.000143 32683.000000 36674 30429 
4730 0.000143 31761.000000 35014 27682 
4740 0.000144 33870.000000 40723 29584 
4750 0.000143 33015.000000 37232 28707 
4760 0.000144 33342.000000 36652 29911 
4770 0.000144 33400.000000 41122 29172 
4780 0.000147 34220.000000 39117 30526 
4790 0.000144 33555.000000 37216 30231 
4800 0.000145 32653.000000 35252 30149 
4810 0.000145 34066.000000 37880 30538 
4820 0.000147 35859.000000 43714 31184 
4830 0.000147 34593.000000 38455 29978 
4840 0.000149 32524.000000 36822 29750 
4850 0.000148 33372.000000 37406 29688 
4860 0.000146 33761.000000 36042 27563 
4870 0.000149 34049.000000 37786 31157 
4880 0.000148 35227.000000 48600 29261 
4890 0.000147 33902.000000 37722 29846 
4900 0.000148 33905.000000 38131 30496 
4910 0.000163 37303.000000 47992 31737 
4920 0.000150 33874.000000 37106 30083 
4930 0.000150 35304.000000 39423 30626 
4940 0.000150 34948.000000 44419 31310 
4950 0.000151 34756.000000 37892 31485 
4960 0.000152 34106.000000 36836 31715 
4970 0.000151 35353.000000 39551 32862 
4980 0.000150 35948.000000 41755 31140 
4990 0.000154 36862.000000 41913 33542 
5000 0.000151 36591.000000 41632 29847 
5010 0.000153 36439.000000 45862 31884 
5020 0.000153 35922.000000 40079 31616 
5030 0.000152 38471.000000 46805 31909 
5040 0.000153 35734.000000 40184 32010 
5050 0.000153 35676.000000 39469 33120 
5060 0.000157 37614.000000 47338 31419 
5070 0.000154 35249.000000 41694 30347 
5080 0.000154 38280.000000 45018 34556 
5090 0.000154 37074.000000 45643 29682 
5100 0.000155 36007.000000 39651 32026 
5110 0.000156 35379.000000 44375 29485 
5120 0.000156 35225.000000 37739 31462 
5130 0.000157 36014.000000 45957 31049 
5140 0.000156 36097.000000 38410 33258 
5150 0.000157 36325.000000 38745 32043 
5160 0.000158 35611.000000 38168 31373 
5170 0.000158 36595.000000 41247 32865 
5180 0.000159 36156.000000 39581 34286 
5190 0.000159 36584.000000 41354 31760 
5200 0.000158 38625.000000 43631 32870 
5210 0.000160 36936.000000 41702 32306 
5220 0.000161 36631.000000 41497 33343 
5230 0.000160 37117.000000 43088 32631 
5240 0.000160 37209.000000 43342 31361 
5250 0.000160 38200.000000 42230 34769 
5260 0.000163 37046.000000 44332 31954 
5270 0.000163 37799.000000 42923 32329 
5280 0.000162 38585.000000 43587 34901 
5290 0.000163 38644.000000 44694 34783 
5300 0.000160 37519.000000 41939 32703 
5310 0.000163 37284.000000 43179 32499 
5320 0.000163 38505.000000 44107 34554 
5330 0.000166 37953.000000 41406 32947 
5340 0.000162 40275.000000 48792 34541 
5350 0.000164 38681.000000 46327 32725 
5360 0.000164 37456.000000 45021 34061 
5370 0.000163 38950.000000 43733 33390 
5380 0.000164 37893.000000 42509 33366 
5390 0.000164 37947.000000 45102 34167 
5400 0.000167 39346.000000 44356 36092 
5410 0.000168 37827.000000 40138 35214 
5420 0.000166 39596.000000 44476 36576 
5430 0.000167 41104.000000 49948 33114 
5440 0.000166 39854.000000 46978 33609 
5450 0.000167 39376.000000 43918 35560 
5460 0.000169 41605.000000 50058 35936 
5470 0.000168 41053.000000 44942 35613 
5480 0.000168 37735.000000 41751 34088 
5490 0.000170 40099.000000 48512 35068 
5500 0.000169 38692.000000 44197 31940 
5510 0.000169 40200.000000 44627 35997 
5520 0.000171 40360.000000 44538 36058 
5530 0.000169 41482.000000 48418 36988 
5540 0.000173 39087.000000 45289 35445 
5550 0.000173 38240.000000 40882 36827 
5560 0.000172 39408.000000 43406 34985 
5570 0.000171 40248.000000 43006 34790 
5580 0.000171 41321.000000 45531 38080 
5590 0.000172 38374.000000 41301 34527 
5600 0.000173 38811.000000 42409 35988 
5610 0.000173 38352.000000 42636 35107 
5620 0.000174 38949.000000 42758 34486 
5630 0.000174 42319.000000 51586 37563 
5640 0.000175 42653.000000 53546 36783 
5650 0.000175 40343.000000 44745 35753 
5660 0.000174 41384.000000 44863 39622 
5670 0.000175 41071.000000 45785 36137 
5680 0.000174 40749.000000 45523 37706 
5690 0.000177 40309.000000 52556 34933 
5700 0.000175 40669.000000 48854 36676 
5710 0.000175 39295.000000 42823 36537 
5720 0.000178 42204.000000 45836 38316 
5730 0.000178 42163.000000 46324 37832 
5740 0.000179 41094.000000 47436 37975 
5750 0.000176 43326.000000 48999 37873 
5760 0.000177 40028.000000 45779 37087 
5770 0.000176 40964.000000 46708 35793 
5780 0.000180 40997.000000 46618 37607 
5790 0.000178 42578.000000 48291 37961 
5800 0.000178 43034.000000 50624 35569 
5810 0.000178 41047.000000 47087 37744 
5820 0.000180 43198.000000 52714 36854 
5830 0.000181 42886.000000 48464 38238 
5840 0.000183 42645.000000 51197 37542 
5850 0.000180 41233.000000 45844 35329 
5860 0.000181 40612.000000 44111 38580 
5870 0.000182 42045.000000 45556 38819 
5880 0.000183 43631.000000 51922 38360 
5890 0.000185 41504.000000 46005 38300 
5900 0.000184 44112.000000 48455 39108 
5910 0.000184 40175.000000 44875 36409 
5920 0.000183 42004.000000 46008 36993 
5930 0.000185 43355.000000 49599 35708 
5940 0.000184 42375.000000 47941 37233 
5950 0.000186 41951.000000 46720 37428 
5960 0.000184 43237.000000 49206 37987 
5970 0.000184 42712.000000 49882 37423 
5980 0.000187 41458.000000 45577 38542 
5990 0.000185 42454.000000 44967 39518 
6000 0.000186 43787.000000 52333 39133 
6010 0.000185 43873.000000 50021 38775 
6020 0.000186 43124.000000 47333 38085 
6030 0.000185 45572.000000 49765 41265 
6040 0.000189 43660.000000 48966 40542 
6050 0.000186 43580.000000 51835 36895 
6060 0.000188 45107.000000 51296 42254 
6070 0.000186 42336.000000 46956 37271 
6080 0.000189 43370.000000 54702 38435 
6090 0.000190 45093.000000 53027 40073 
6100 0.000188 43948.000000 48668 39455 
6110 0.000191 45050.000000 52454 39725 
6120 0.000188 43774.000000 46686 41559 
6130 0.000192 45384.000000 49305 40681 
6140 0.000190 44686.000000 49067 40739 
6150 0.000192 46870.000000 60579 42025 
6160 0.000192 44065.000000 47172 40596 
6170 0.000191 44418.000000 49420 38398 
6180 0.000192 45406.000000 58943 38646 
6190 0.000195 46829.000000 51583 42214 
6200 0.000196 48688.000000 56443 45198 
6210 0.000193 43164.000000 48181 36456 
6220 0.000196 45302.000000 53003 42834 
6230 0.000192 46530.000000 50404 43581 
6240 0.000196 44995.000000 48843 41110 
6250 0.000194 45348.000000 49729 40919 
6260 0.000194 46288.000000 51948 40378 
6270 0.000195 45918.000000 51434 39039 
6280 0.000197 45829.000000 50229 41452 
6290 0.000197 47287.000000 55469 43196 
6300 0.000199 46699.000000 52606 38721 
6310 0.000195 45471.000000 51148 41488 
6320 0.000197 47221.000000 54102 40755 
6330 0.000197 45550.000000 49829 41700 
6340 0.000196 44750.000000 51166 41109 
6350 0.000202 47015.000000 51987 43177 
6360 0.000199 46321.000000 50417 41896 
6370 0.000200 47432.000000 50834 42681 
6380 0.000197 45091.000000 51938 41695 
6390 0.000200 47141.000000 50741 40423 
6400 0.000201 47268.000000 50663 44406 
6410 0.000201 47134.000000 54735 43676 
6420 0.000199 48467.000000 53861 44037 
6430 0.000202 46892.000000 52764 42499 
6440 0.000201 46125.000000 49854 41697 
6450 0.000204 47362.000000 53110 42657 
6460 0.000200 47614.000000 60712 39799 
6470 0.000203 45445.000000 52185 41676 
6480 0.000204 46928.000000 51794 43519 
6490 0.000203 46835.000000 51695 41141 
6500 0.000202 46772.000000 53935 42377 
6510 0.000204 45632.000000 53949 42203 
6520 0.000202 45182.000000 47905 41999 
6530 0.000205 46452.000000 50169 42206 
6540 0.000203 46619.000000 52377 40806 
6550 0.000205 47857.000000 53869 42817 
6560 0.000206 48172.000000 56712 44070 
6570 0.000205 48420.000000 51459 44818 
6580 0.000207 49198.000000 57984 44102 
6590 0.000205 47989.000000 54794 45236 
6600 0.000207 47925.000000 57679 41181 
6610 0.000207 48263.000000 55054 40774 
6620 0.000209 49932.000000 55891 42997 
6630 0.000207 48858.000000 53547 45987 
6640 0.000208 48819.000000 54762 43459 
6650 0.000209 49546.000000 54378 46920 
6660 0.000209 48728.000000 54095 42628 
6670 0.000210 46782.000000 51933 42439 
6680 0.000212 50108.000000 60386 41227 
6690 0.000209 49372.000000 59134 44509 
6700 0.000211 50455.000000 59288 42780 
6710 0.000210 50239.000000 55214 47632 
6720 0.000212 49180.000000 55795 44531 
6730 0.000212 51923.000000 60864 46365 
6740 0.000211 47477.000000 51522 41785 
6750 0.000214 51447.000000 55664 47110 
6760 0.000214 50663.000000 58669 44750 
6770 0.000295 50056.000000 54667 42714 
6780 0.000362 48140.000000 52201 44776 
6790 0.000361 51325.000000 63795 44021 
6800 0.000406 50852.000000 62733 43145 
6810 0.000280 48725.000000 57316 42712 
6820 0.000301 52557.000000 63475 46884 
6830 0.000219 49695.000000 53390 44121 
6840 0.000217 51300.000000 57930 45685 
6850 0.000216 54117.000000 61149 50097 
6860 0.000214 51207.000000 58989 43380 
6870 0.000218 53720.000000 62615 48767 
6880 0.000218 50909.000000 57097 46250 
6890 0.000215 49794.000000 54719 44822 
6900 0.000218 51769.000000 65031 44868 
6910 0.000219 50795.000000 55985 42284 
6920 0.000219 53527.000000 68021 44992 
6930 0.000223 51357.000000 56481 46440 
6940 0.000220 49805.000000 52316 45821 
6950 0.000220 52751.000000 58978 46096 
6960 0.000220 49686.000000 53282 44797 
6970 0.000220 54801.000000 67197 49613 
6980 0.000222 54065.000000 61005 46681 
6990 0.000223 55060.000000 65366 48498 
7000 0.000219 51830.000000 60034 45228 
7010 0.000220 52145.000000 64392 47944 
7020 0.000219 50217.000000 52917 47905 
7030 0.000224 52583.000000 60168 46070 
7040 0.000223 53420.000000 63926 46195 
7050 0.000222 52282.000000 58874 47408 
7060 0.000223 51467.000000 55838 48798 
7070 0.000223 53505.000000 62909 47437 
7080 0.000225 51483.000000 55121 46221 
7090 0.000223 52451.000000 59455 48035 
7100 0.000224 52829.000000 70438 45510 
7110 0.000226 53854.000000 58510 48141 
7120 0.000224 50906.000000 56409 47901 
7130 0.000226 52994.000000 65618 48672 
7140 0.000226 52020.000000 56326 49329 
7150 0.000227 54241.000000 61600 50045 
7160 0.000224 52591.000000 61209 45380 
7170 0.000228 54716.000000 62379 48076 
7180 0.000228 53940.000000 62721 48923 
7190 0.000228 54599.000000 62367 47595 
7200 0.000230 52861.000000 58496 45553 
7210 0.000227 50608.000000 54510 45241 
7220 0.000228 54736.000000 63890 49308 
7230 0.000227 54025.000000 58026 48433 
7240 0.000229 55655.000000 66765 49805 
7250 0.000229 51954.000000 55484 48422 
7260 0.000229 53159.000000 62469 47578 
7270 0.000233 54864.000000 62233 50441 
7280 0.000231 54179.000000 57559 48359 
7290 0.000228 53146.000000 60412 49223 
7300 0.000231 55460.000000 65175 49615 
7310 0.000233 52941.000000 57464 50364 
7320 0.000231 54111.000000 61663 46725 
7330 0.000235 54579.000000 63579 47541 
7340 0.000231 54777.000000 60739 49201 
7350 0.000234 53051.000000 59292 47684 
7360 0.000231 54364.000000 58685 47046 
7370 0.000237 54767.000000 62990 49051 
7380 0.000234 54041.000000 59781 47291 
7390 0.000232 54188.000000 59275 46994 
7400 0.000234 55995.000000 60328 52301 
7410 0.000240 54323.000000 57749 50895 
7420 0.000236 56167.000000 67960 50856 
7430 0.000236 55716.000000 63863 50764 
7440 0.000235 56202.000000 63756 49579 
7450 0.000236 56369.000000 68088 50743 
7460 0.000238 58092.000000 77743 50014 
7470 0.000236 53319.000000 58733 50112 
7480 0.000239 55493.000000 63085 48186 
7490 0.000237 56503.000000 64384 51125 
7500 0.000243 57488.000000 63174 53555 
7510 0.000245 55450.000000 62705 48140 
7520 0.000243 56732.000000 63673 50093 
7530 0.000240 56650.000000 62032 52024 
7540 0.000243 57141.000000 64160 52613 
7550 0.000243 59957.000000 70098 49815 
7560 0.000241 56250.000000 63229 49601 
7570 0.000239 56158.000000 58879 50895 
7580 0.000243 56789.000000 60273 52031 
7590 0.000243 55905.000000 61526 51258 
7600 0.000242 57140.000000 63973 50800 
7610 0.000242 59352.000000 73471 49256 
7620 0.000245 60071.000000 68208 50046 
7630 0.000242 57735.000000 62363 50880 
7640 0.000241 56594.000000 60025 49984 
7650 0.000244 56050.000000 59265 52342 
7660 0.000245 56107.000000 60047 52620 
7670 0.000246 60158.000000 73044 53311 
7680 0.000245 56518.000000 69554 49700 
7690 0.000244 56752.000000 65748 51664 
7700 0.000246 56579.000000 61374 52973 
7710 0.000243 60141.000000 65415 51866 
7720 0.000249 56310.000000 64918 52662 
7730 0.000246 57501.000000 68271 49947 
7740 0.000245 57873.000000 64149 51866 
7750 0.000252 58368.000000 67991 53091 
7760 0.000248 58798.000000 64568 53060 
7770 0.000251 57028.000000 66650 48808 
7780 0.000247 56827.000000 61923 53699 
7790 0.000248 59157.000000 68455 52239 
7800 0.000249 59178.000000 67964 53457 
7810 0.000247 59899.000000 73116 51393 
7820 0.000256 60778.000000 71903 53984 
7830 0.000250 59949.000000 67015 52043 
7840 0.000254 61517.000000 74480 52913 
7850 0.000250 59394.000000 62434 53346 
7860 0.000251 60241.000000 70598 52909 
7870 0.000255 57664.000000 66215 52358 
7880 0.000257 56784.000000 65124 52073 
7890 0.000253 57976.000000 67199 52883 
7900 0.000254 60725.000000 72726 53741 
7910 0.000259 60557.000000 68030 54494 
7920 0.000256 61138.000000 72734 54537 
7930 0.000254 58091.000000 66504 53610 
7940 0.000258 61043.000000 69564 54408 
7950 0.000258 60892.000000 70676 52042 
7960 0.000256 60396.000000 71761 54862 
7970 0.000259 59639.000000 73370 53639 
7980 0.000260 62458.000000 73977 55788 
7990 0.000259 62531.000000 71636 57441 
8000 0.000259 62020.000000 70787 54903 
8010 0.000256 60193.000000 69404 51791 
8020 0.000259 62256.000000 72914 55393 
8030 0.000258 61715.000000 77657 52431 
8040 0.000260 60006.000000 68060 54791 
8050 0.000259 59515.000000 62622 55158 
8060 0.000260 60853.000000 68249 51388 
8070 0.000258 58282.000000 66045 50998 
8080 0.000261 63301.000000 72372 51818 
8090 0.000262 61927.000000 67621 53317 
8100 0.000266 62070.000000 67142 56541 
8110 0.000264 60590.000000 68306 54339 
8120 0.000259 63853.000000 72515 54142 
8130 0.000258 62866.000000 67391 58891 
8140 0.000262 61890.000000 65459 58238 
8150 0.000264 63973.000000 86322 54578 
8160 0.000261 60323.000000 67693 51637 
8170 0.000265 59066.000000 63790 54391 
8180 0.000269 65196.000000 79121 58104 
8190 0.000267 62194.000000 73785 55719 
8200 0.000265 62043.000000 67269 56708 
8210 0.000270 61152.000000 65541 58262 
8220 0.000267 60877.000000 66875 56495 
8230 0.000269 63779.000000 72837 55688 
8240 0.000266 63871.000000 76136 53239 
8250 0.000267 62433.000000 67461 58772 
8260 0.000267 63059.000000 72074 53267 
8270 0.000266 63371.000000 68524 57508 
8280 0.000269 64397.000000 72714 53583 
8290 0.000266 62438.000000 69316 55845 
8300 0.000269 63739.000000 72447 55962 
8310 0.000267 64452.000000 70715 55085 
8320 0.000266 62245.000000 74585 54885 
8330 0.000269 65511.000000 76595 57927 
8340 0.000270 63207.000000 74172 57949 
8350 0.000270 63601.000000 73958 55581 
8360 0.000270 66181.000000 80269 60531 
8370 0.000273 65743.000000 76062 59162 
8380 0.000273 61494.000000 68863 55898 
8390 0.000271 65426.000000 74428 56225 
8400 0.000274 65688.000000 83790 57705 
8410 0.000270 61812.000000 68592 55832 
8420 0.000275 66021.000000 82284 57096 
8430 0.000272 65643.000000 77339 57678 
8440 0.000270 66360.000000 78401 60077 
8450 0.000271 65775.000000 79663 58671 
8460 0.000275 66289.000000 75421 57737 
8470 0.000271 61494.000000 67879 55081 
8480 0.000281 62197.000000 68404 56559 
8490 0.000275 67550.000000 74897 61567 
8500 0.000275 63930.000000 73785 54991 
8510 0.000275 65315.000000 72448 59727 
8520 0.000275 67655.000000 75009 59695 
8530 0.000273 65666.000000 71441 61023 
8540 0.000280 64339.000000 77846 56358 
8550 0.000276 66064.000000 74339 55726 
8560 0.000273 65073.000000 73912 60549 
8570 0.000275 64998.000000 73160 55009 
8580 0.000276 66316.000000 77083 58121 
8590 0.000282 67071.000000 74787 60871 
8600 0.000281 65744.000000 73326 61626 
8610 0.000277 65329.000000 73327 63022 
8620 0.000276 62748.000000 67123 56048 
8630 0.000280 63867.000000 71023 54604 
8640 0.000279 69266.000000 84091 61752 
8650 0.000281 64423.000000 69603 55905 
8660 0.000280 66687.000000 72519 61592 
8670 0.000284 66446.000000 73539 59503 
8680 0.000281 65192.000000 70570 57261 
8690 0.000280 67917.000000 75509 60688 
8700 0.000283 64562.000000 71486 54669 
8710 0.000282 66233.000000 71072 59610 
8720 0.000280 66498.000000 72732 59461 
8730 0.000288 66651.000000 71676 61602 
8740 0.000280 66083.000000 73262 58942 
8750 0.000281 64850.000000 73036 57868 
8760 0.000287 65811.000000 74377 59882 
8770 0.000286 66425.000000 72438 62148 
8780 0.000282 67918.000000 89396 60554 
8790 0.000287 64153.000000 72451 57910 
8800 0.000285 68774.000000 74853 62577 
8810 0.000289 65614.000000 75410 61412 
8820 0.000286 69698.000000 81084 61626 
8830 0.000288 69181.000000 76378 60247 
8840 0.000286 66291.000000 70999 59875 
8850 0.000285 69671.000000 77077 63498 
8860 0.000287 64187.000000 71119 57422 
8870 0.000289 68642.000000 76984 62464 
8880 0.000290 67606.000000 75458 60978 
8890 0.000287 66283.000000 74285 60510 
8900 0.000289 68106.000000 73709 62521 
8910 0.000289 70303.000000 75995 61477 
8920 0.000291 68743.000000 75414 61309 
8930 0.000289 69859.000000 76270 62374 
8940 0.000290 70358.000000 79263 65104 
8950 0.000291 67822.000000 78103 62453 
8960 0.000294 67273.000000 82285 62207 
8970 0.000293 68366.000000 86854 61150 
8980 0.000292 66584.000000 72204 62798 
8990 0.000291 68951.000000 73230 63013 
9000 0.000290 70412.000000 77441 62868 
9010 0.000295 67157.000000 71740 63622 
9020 0.000292 70773.000000 81125 60261 
9030 0.000298 69309.000000 78686 60702 
9040 0.000292 69716.000000 83336 60439 
9050 0.000294 72553.000000 80581 64406 
9060 0.000299 69710.000000 74476 64456 
9070 0.000297 73143.000000 84818 66694 
9080 0.000295 71926.000000 85023 64355 
9090 0.000298 69984.000000 78768 59705 
9100 0.000294 68327.000000 77811 63188 
9110 0.000299 70863.000000 80432 63104 
9120 0.000297 72789.000000 79268 65894 
9130 0.000295 72455.000000 79198 62799 
9140 0.000300 66931.000000 79280 61536 
9150 0.000300 73014.000000 83753 69942 
9160 0.000295 71177.000000 78942 66879 
9170 0.000300 72779.000000 87001 65242 
9180 0.000304 72587.000000 88334 64180 
9190 0.000300 72284.000000 79766 61276 
9200 0.000301 70677.000000 75006 66285 
9210 0.000297 68246.000000 77186 57961 
9220 0.000302 71854.000000 78890 64572 
9230 0.000298 73358.000000 86769 66269 
9240 0.000302 73583.000000 85525 64664 
9250 0.000302 72363.000000 82073 62713 
9260 0.000305 72572.000000 87286 66963 
9270 0.000301 74298.000000 85256 62696 
9280 0.000301 72448.000000 81708 67445 
9290 0.000301 71804.000000 76969 67566 
9300 0.000305 74265.000000 90346 62779 
9310 0.000306 71198.000000 81238 65289 
9320 0.000305 71411.000000 84696 64176 
9330 0.000303 70892.000000 79874 62515 
9340 0.000305 70692.000000 75659 63668 
9350 0.000304 72960.000000 78011 64037 
9360 0.000309 71398.000000 77610 62423 
9370 0.000309 71964.000000 78835 65682 
9380 0.000309 73054.000000 79761 65726 
9390 0.000304 72374.000000 81762 64714 
9400 0.000309 71173.000000 82015 62579 
9410 0.000308 75049.000000 83266 66958 
9420 0.000307 70682.000000 77265 64752 
9430 0.000309 74940.000000 84117 66798 
9440 0.000307 72439.000000 81749 66500 
9450 0.000308 71846.000000 74396 68732 
9460 0.000311 70934.000000 86777 62291 
9470 0.000309 70769.000000 75361 63547 
9480 0.000317 71274.000000 82257 64459 
9490 0.000308 72419.000000 83204 64053 
9500 0.000312 75628.000000 89169 66979 
9510 0.000309 73442.000000 78542 63891 
9520 0.000311 74391.000000 84629 67686 
9530 0.000319 74141.000000 81134 65407 
9540 0.000311 71917.000000 79578 65001 
9550 0.000310 75295.000000 86057 65450 
9560 0.000312 71851.000000 78494 66455 
9570 0.000318 71677.000000 77673 63369 
9580 0.000311 72234.000000 80559 65769 
9590 0.000314 75223.000000 88087 66701 
9600 0.000317 74566.000000 87636 65560 
9610 0.000316 73804.000000 82699 66276 
9620 0.000314 73992.000000 80642 67394 
9630 0.000317 75507.000000 85432 67983 
9640 0.000317 73482.000000 81297 66593 
9650 0.000316 71617.000000 77047 67357 
9660 0.000318 73896.000000 80437 66582 
9670 0.000324 72248.000000 75727 70130 
9680 0.000320 74566.000000 81618 67810 
9690 0.000315 78886.000000 87530 69831 
9700 0.000321 74314.000000 79343 69183 
9710 0.000320 73636.000000 79770 66122 
9720 0.000320 75138.000000 91299 68002 
9730 0.000318 79082.000000 88119 73003 
9740 0.000320 77103.000000 85921 69746 
9750 0.000321 75441.000000 86978 63127 
9760 0.000319 77170.000000 85944 64697 
9770 0.000325 75460.000000 89309 67270 
9780 0.000321 74094.000000 80581 67363 
9790 0.000321 76901.000000 84755 70549 
9800 0.000321 77081.000000 87994 69925 
9810 0.000325 75452.000000 83734 68273 
9820 0.000325 75348.000000 82372 68510 
9830 0.000321 78277.000000 87710 69962 
9840 0.000324 76456.000000 92207 70642 
9850 0.000324 78041.000000 94644 66171 
9860 0.000325 79878.000000 88280 69549 
9870 0.000326 77093.000000 85899 70521 
9880 0.000323 76127.000000 90345 64801 
9890 0.000329 75844.000000 84425 68447 
9900 0.000325 73135.000000 80969 68348 
9910 0.000329 77780.000000 83880 71590 
9920 0.000328 78888.000000 90548 70022 
9930 0.000328 75872.000000 84089 69636 
9940 0.000333 77172.000000 89913 71597 
9950 0.000332 77645.000000 95940 64299 
9960 0.000332 79637.000000 94400 73894 
9970 0.000333 77632.000000 84871 71933 
9980 0.000328 78175.000000 89552 67009 
9990 0.000329 78216.000000 90432 69928 
10000 0.000334 81857.000000 90575 66533 
10010 0.000329 75316.000000 80691 68747 
10020 0.000333 80120.000000 96730 68110 
10030 0.000331 79466.000000 98220 68150 
10040 0.000337 75169.000000 78725 73233 
10050 0.000327 73343.000000 79162 67504 
10060 0.000331 81684.000000 90220 70561 
10070 0.000335 76507.000000 87385 69122 
10080 0.000329 77840.000000 83645 71269 
10090 0.000334 76680.000000 90117 66457 
10100 0.000332 77887.000000 90844 64292 
10110 0.000332 77990.000000 91073 71482 
10120 0.000334 79810.000000 88496 74337 
10130 0.000337 82624.000000 100081 72794 
10140 0.000332 78554.000000 93269 70698 
10150 0.000335 78589.000000 81407 70740 
10160 0.000337 82095.000000 100620 73539 
10170 0.000340 77856.000000 86093 68912 
10180 0.000338 78910.000000 88819 74853 
10190 0.000336 80168.000000 92035 72888 
10200 0.000337 79325.000000 92731 71045 
10210 0.000336 83653.000000 98998 70537 
10220 0.000339 76759.000000 82302 72972 
10230 0.000337 78523.000000 83265 71611 
10240 0.000338 78046.000000 86109 72158 
10250 0.000336 76883.000000 82769 67899 
10260 0.000343 81006.000000 89189 70452 
10270 0.000340 80994.000000 96036 66180 
10280 0.000338 77297.000000 84015 65619 
10290 0.000340 82112.000000 99368 72760 
10300 0.000342 78907.000000 91729 70135 
10310 0.000339 80871.000000 84717 74689 
10320 0.000342 82824.000000 91917 69977 
10330 0.000342 81345.000000 95581 74852 
10340 0.000341 79562.000000 87056 72527 
10350 0.000341 82455.000000 102893 68765 
10360 0.000341 81507.000000 93554 74710 
10370 0.000341 79036.000000 87194 71018 
10380 0.000345 78075.000000 85476 73876 
10390 0.000348 84394.000000 93036 74087 
10400 0.000343 83687.000000 102145 72743 
10410 0.000344 80839.000000 95600 70339 
10420 0.000345 81934.000000 94174 72776 
10430 0.000348 79877.000000 91857 72154 
10440 0.000344 81522.000000 91181 71488 
10450 0.000348 84590.000000 101527 74421 
10460 0.000348 80124.000000 92262 72031 
10470 0.000347 79467.000000 88516 74412 
10480 0.000347 80988.000000 92450 73397 
10490 0.000348 81121.000000 93259 70151 
10500 0.000350 81322.000000 88384 74904 
10510 0.000349 86372.000000 96687 73797 
10520 0.000354 84453.000000 94460 74790 
10530 0.000347 86079.000000 97039 79420 
10540 0.000349 81577.000000 90630 73879 
10550 0.000349 86498.000000 107780 78969 
10560 0.000351 84822.000000 102010 76805 
10570 0.000351 83967.000000 97926 72907 
10580 0.000353 84915.000000 97103 72075 
10590 0.000351 82939.000000 94611 73544 
10600 0.000350 84250.000000 97666 77805 
10610 0.000353 81606.000000 89408 74089 
10620 0.000352 84765.000000 91190 76310 
10630 0.000352 85891.000000 96341 75845 
10640 0.000349 83407.000000 89083 78833 
10650 0.000353 83703.000000 98571 73164 
10660 0.000353 81444.000000 88134 76548 
10670 0.000357 86246.000000 96025 76597 
10680 0.000355 84995.000000 98257 74899 
10690 0.000358 83805.000000 102799 71956 
10700 0.000355 81359.000000 90246 75335 
10710 0.000357 85019.000000 97210 72797 
10720 0.000357 84599.000000 95646 75527 
10730 0.000359 87405.000000 101787 79019 
10740 0.000355 81594.000000 91909 72733 
10750 0.000359 83273.000000 101414 74308 
10760 0.000357 86586.000000 97719 73448 
10770 0.000364 82069.000000 94205 74042 
10780 0.000357 88374.000000 106475 77857 
10790 0.000359 86883.000000 98912 72124 
10800 0.000356 86186.000000 93506 77852 
10810 0.000361 86643.000000 96686 79492 
10820 0.000361 84484.000000 92648 74654 
10830 0.000360 84183.000000 93002 74966 
10840 0.000358 84540.000000 93240 76178 
10850 0.000360 85498.000000 95253 76467 
10860 0.000361 86520.000000 94982 75396 
10870 0.000362 82036.000000 91827 76990 
10880 0.000362 84567.000000 92289 76142 
10890 0.000361 87317.000000 92533 81138 
10900 0.000365 85606.000000 115559 74431 
10910 0.000363 90884.000000 102984 85209 
10920 0.000362 84274.000000 94534 74041 
10930 0.000363 84898.000000 91743 79584 
10940 0.000367 89538.000000 103198 78828 
10950 0.000362 85880.000000 94495 78308 
10960 0.000363 87345.000000 99393 80625 
10970 0.000368 85073.000000 95803 75760 
10980 0.000364 86596.000000 94749 76059 
10990 0.000362 85939.000000 96712 79713 
11000 0.000370 84953.000000 98461 78242 
11010 0.000366 88088.000000 91763 83596 
11020 0.000364 86669.000000 96689 78883 
11030 0.000369 87227.000000 96980 75424 
11040 0.000368 86061.000000 97917 76536 
11050 0.000366 86340.000000 107842 76611 
11060 0.000372 88156.000000 100392 78267 
11070 0.000372 86765.000000 98422 79502 
11080 0.000371 87522.000000 97131 75582 
11090 0.000370 89307.000000 106824 80538 
11100 0.000364 88752.000000 96798 83925 
11110 0.000371 83728.000000 90756 74606 
11120 0.000373 86913.000000 93326 77808 
11130 0.000373 87582.000000 96814 82008 
11140 0.000372 86263.000000 105340 75744 
11150 0.000370 89025.000000 96698 81809 
11160 0.000369 90884.000000 106260 82920 
11170 0.000377 87562.000000 100685 71489 
11180 0.000377 88734.000000 103256 78665 
11190 0.000375 89966.000000 100424 83190 
11200 0.000375 90042.000000 109215 79184 
11210 0.000373 87033.000000 97847 75736 
11220 0.000373 87510.000000 101164 73910 
11230 0.000377 90066.000000 102010 80823 
11240 0.000376 87707.000000 97435 83170 
11250 0.000375 88246.000000 104063 83017 
11260 0.000382 88476.000000 110173 78569 
11270 0.000374 89678.000000 97155 82535 
11280 0.000380 92437.000000 105822 82313 
11290 0.000377 89165.000000 95828 83697 
11300 0.000376 88697.000000 96093 83653 
11310 0.000380 90932.000000 113637 81815 
11320 0.000380 86559.000000 94233 79022 
11330 0.000380 92548.000000 100669 88034 
11340 0.000383 89395.000000 96576 83972 
11350 0.000381 87207.000000 97538 76623 
11360 0.000384 88412.000000 96229 81323 
11370 0.000380 87929.000000 95437 78505 
11380 0.000379 89081.000000 98795 78829 
11390 0.000382 95935.000000 109050 82736 
11400 0.000379 91773.000000 100946 76155 
11410 0.000383 88398.000000 94847 80805 
11420 0.000380 91976.000000 106989 78396 
11430 0.000383 92836.000000 100181 85305 
11440 0.000380 92709.000000 112679 80011 
11450 0.000383 96655.000000 113090 83396 
11460 0.000386 92690.000000 109751 77676 
11470 0.000387 88144.000000 103277 80077 
11480 0.000384 89859.000000 99205 79278 
11490 0.000385 92771.000000 102542 79684 
11500 0.000384 89416.000000 95299 82977 
11510 0.000382 89020.000000 98175 81763 
11520 0.000386 90670.000000 99084 82262 
11530 0.000388 89598.000000 99195 80148 
11540 0.000384 90872.000000 106019 83214 
11550 0.000386 91443.000000 111974 79822 
11560 0.000387 91524.000000 100749 84459 
11570 0.000388 92437.000000 100946 85624 
11580 0.000387 94215.000000 118404 83790 
11590 0.000387 92621.000000 103328 84812 
11600 0.000393 94407.000000 103737 89589 
11610 0.000396 88992.000000 104049 82605 
11620 0.000385 92523.000000 101271 79338 
11630 0.000389 87756.000000 94623 81434 
11640 0.000391 92420.000000 106054 87785 
11650 0.000384 90928.000000 113309 77760 
11660 0.000392 91969.000000 110947 79205 
11670 0.000393 90709.000000 105074 83137 
11680 0.000395 90180.000000 103633 79517 
11690 0.000390 92230.000000 104184 84685 
11700 0.000390 92807.000000 103087 84067 
11710 0.000391 92993.000000 101378 82685 
11720 0.000392 93669.000000 103882 83797 
11730 0.000393 95601.000000 101118 88234 
11740 0.000395 96973.000000 114875 89010 
11750 0.000393 92608.000000 101087 85810 
11760 0.000396 94693.000000 126757 82207 
11770 0.000394 91200.000000 103772 86872 
11780 0.000393 92676.000000 104413 84066 
11790 0.000395 95460.000000 110685 84873 
11800 0.000397 91575.000000 100405 85320 
11810 0.000397 94655.000000 100987 90606 
11820 0.000405 93393.000000 105897 87632 
11830 0.000392 92051.000000 99174 88471 
11840 0.000396 92299.000000 100855 86957 
11850 0.000396 99362.000000 108701 90559 
11860 0.000396 94082.000000 107071 83171 
11870 0.000401 95122.000000 110030 86677 
11880 0.000403 94643.000000 115955 84678 
11890 0.000399 93971.000000 108505 83935 
11900 0.000404 101830.000000 115652 91773 
11910 0.000399 91988.000000 96709 87750 
11920 0.000402 95537.000000 110078 88252 
11930 0.000402 95439.000000 103705 89375 
11940 0.000403 96498.000000 106226 84316 
11950 0.000399 97330.000000 121451 83544 
11960 0.000402 97423.000000 103503 91630 
11970 0.000402 92960.000000 116569 83388 
11980 0.000407 96532.000000 106306 86890 
11990 0.000402 92698.000000 100350 84138 
12000 0.000405 97737.000000 109560 93286 
12010 0.000404 98032.000000 122264 85897 
12020 0.000404 97114.000000 106518 82100 
12030 0.000400 96335.000000 114380 86504 
12040 0.000411 94251.000000 106756 87538 
12050 0.000410 101519.000000 113878 88915 
12060 0.000410 97218.000000 113627 90133 
12070 0.000412 92578.000000 97019 85671 
12080 0.000403 94176.000000 104234 84995 
12090 0.000409 94573.000000 102992 85772 
12100 0.000404 99951.000000 107085 94319 
12110 0.000407 97303.000000 107091 90189 
12120 0.000409 97896.000000 110539 89221 
12130 0.000412 100397.000000 109573 92857 
12140 0.000403 100918.000000 112470 87463 
12150 0.000411 96763.000000 110552 87397 
12160 0.000410 96488.000000 113576 86913 
12170 0.000409 98089.000000 109164 92194 
12180 0.000410 102506.000000 136189 89010 
12190 0.000408 99188.000000 111763 92474 
12200 0.000410 97881.000000 113024 90819 
12210 0.000409 97866.000000 109604 85998 
12220 0.000414 100865.000000 118580 86961 
12230 0.000413 94210.000000 113151 82517 
12240 0.000410 98413.000000 116784 86001 
12250 0.000421 98855.000000 110089 88547 
12260 0.000417 99103.000000 106127 93194 
12270 0.000416 95342.000000 103593 91973 
12280 0.000411 97609.000000 110697 91365 
12290 0.000411 98240.000000 104912 87692 
12300 0.000417 94873.000000 106174 86056 
12310 0.000412 100334.000000 119349 92051 
12320 0.000411 97106.000000 101909 93589 
12330 0.000414 100223.000000 106704 94599 
12340 0.000420 102478.000000 115154 92334 
12350 0.000414 97158.000000 113906 89058 
12360 0.000418 95751.000000 98781 89978 
12370 0.000416 97163.000000 103960 90927 
12380 0.000421 100133.000000 108706 92475 
12390 0.000418 98990.000000 108097 89546 
12400 0.000416 97655.000000 111633 84669 
12410 0.000418 100327.000000 123609 90482 
12420 0.000420 101530.000000 117906 87188 
12430 0.000421 99158.000000 108728 88832 
12440 0.000420 98777.000000 120018 91977 
12450 0.000421 99717.000000 114310 89387 
12460 0.000420 101025.000000 117518 90715 
12470 0.000418 100716.000000 119852 88717 
12480 0.000423 100573.000000 125135 86071 
12490 0.000418 96322.000000 103612 86820 
12500 0.000418 102022.000000 117484 88141 
12510 0.000421 100635.000000 115533 87650 
12520 0.000419 98173.000000 113303 85584 
12530 0.000420 99140.000000 110174 93771 
12540 0.000424 98478.000000 110924 93140 
12550 0.000424 100642.000000 112766 87408 
12560 0.000425 98544.000000 111398 89576 
12570 0.000423 101289.000000 112239 87636 
12580 0.000423 97958.000000 107941 87890 
12590 0.000428 97974.000000 110699 90291 
12600 0.000421 99126.000000 113891 92402 
12610 0.000426 101346.000000 114349 90447 
12620 0.000426 106029.000000 134439 94322 
12630 0.000427 99326.000000 106499 89429 
12640 0.000426 101462.000000 122814 92830 
12650 0.000429 99004.000000 114026 91746 
12660 0.000429 97950.000000 103790 94009 
12670 0.000429 100760.000000 121057 87417 
12680 0.000430 101436.000000 108669 92690 
12690 0.000428 99282.000000 113937 91568 
12700 0.000430 101859.000000 116696 90677 
12710 0.000433 99073.000000 108549 91230 
12720 0.000428 99696.000000 108068 91552 
12730 0.000429 104597.000000 111009 94772 
12740 0.000430 102045.000000 113576 93115 
12750 0.000429 104945.000000 118094 98447 
12760 0.000435 99882.000000 115097 89678 
12770 0.000434 97966.000000 110277 93309 
12780 0.000432 103004.000000 119643 90273 
12790 0.000429 102886.000000 109440 91320 
12800 0.000433 104543.000000 114967 92938 
12810 0.000428 102086.000000 114246 86956 
12820 0.000430 102385.000000 113394 93275 
12830 0.000436 104557.000000 127972 91350 
12840 0.000435 99623.000000 105330 95206 
12850 0.000433 98895.000000 110833 92776 
12860 0.000435 105310.000000 114738 100698 
12870 0.000437 100772.000000 109841 90151 
12880 0.000435 103870.000000 111625 96893 
12890 0.000433 99140.000000 103964 93206 
12900 0.000434 104668.000000 116579 90000 
12910 0.000437 107096.000000 115957 91838 
12920 0.000439 102037.000000 114771 92354 
12930 0.000436 103351.000000 113567 96844 
12940 0.000438 105491.000000 119624 93279 
12950 0.000434 103166.000000 117559 93981 
12960 0.000440 103431.000000 113765 94853 
12970 0.000442 104633.000000 118914 92398 
12980 0.000440 100782.000000 110466 92310 
12990 0.000438 106262.000000 119675 94560 
13000 0.000440 105272.000000 119789 92132 
13010 0.000438 107243.000000 118834 101161 
13020 0.000442 105518.000000 117760 94916 
13030 0.000445 104208.000000 115428 91431 
13040 0.000440 100109.000000 111436 86375 
13050 0.000441 107430.000000 117502 93564 
13060 0.000444 103308.000000 117312 94078 
13070 0.000441 105314.000000 123161 94807 
13080 0.000444 106554.000000 123516 99115 
13090 0.000439 102788.000000 109392 94520 
13100 0.000448 109469.000000 127084 100280 
13110 0.000442 105185.000000 119582 97961 
13120 0.000910 106586.000000 119495 97953 
13130 0.000452 109264.000000 130623 98695 
13140 0.000442 107066.000000 129430 101117 
13150 0.000445 102736.000000 108695 95670 
13160 0.000467 106765.000000 126030 95589 
13170 0.000448 109633.000000 120462 93545 
13180 0.000449 104054.000000 115161 93459 
13190 0.000452 105614.000000 115966 99031 
13200 0.000459 103614.000000 116904 96453 
13210 0.000453 108466.000000 117603 98536 
13220 0.000458 107756.000000 129491 100066 
13230 0.000456 105061.000000 115974 93599 
13240 0.000462 107768.000000 128833 100151 
13250 0.000461 109231.000000 123361 95375 
13260 0.000459 102806.000000 111962 94215 
13270 0.000464 104713.000000 114712 97703 
13280 0.000459 108633.000000 117880 94612 
13290 0.000464 109185.000000 128116 97896 
13300 0.000461 108636.000000 122435 97662 
13310 0.000461 104191.000000 111833 95091 
13320 0.000466 109146.000000 120094 96762 
13330 0.000465 108195.000000 119572 99044 
13340 0.000463 106375.000000 117450 94597 
13350 0.000463 113687.000000 144006 98486 
13360 0.000463 110524.000000 125462 101462 
13370 0.000466 110502.000000 124673 101075 
13380 0.000467 109201.000000 119382 97932 
13390 0.000470 107687.000000 115087 95772 
13400 0.000461 106931.000000 121193 96372 
13410 0.000462 106185.000000 113144 103346 
13420 0.000472 106600.000000 115257 97347 
13430 0.000465 104955.000000 109967 96495 
13440 0.000471 107265.000000 126034 94566 
13450 0.000469 112621.000000 125159 100664 
13460 0.000465 108944.000000 123522 101120 
13470 0.000469 107465.000000 122834 98992 
13480 0.000469 106534.000000 115970 96276 
13490 0.000473 107592.000000 116274 95888 
13500 0.000475 108863.000000 124073 98579 
13510 0.000478 114495.000000 125869 99635 
13520 0.000473 112670.000000 143428 97921 
13530 0.000472 111571.000000 132922 103740 
13540 0.000475 109196.000000 133736 99005 
13550 0.000477 111909.000000 135678 101360 
13560 0.000475 109855.000000 121872 99538 
13570 0.000474 112167.000000 127659 100126 
13580 0.000472 110128.000000 137890 93677 
13590 0.000468 108126.000000 122724 96738 
13600 0.000476 116071.000000 137247 101782 
13610 0.000480 108345.000000 127683 99814 
13620 0.000477 109357.000000 114582 99988 
13630 0.000477 109413.000000 122759 98420 
13640 0.000482 111003.000000 125193 101868 
13650 0.000480 109870.000000 116444 101113 
13660 0.000477 111734.000000 130841 105396 
13670 0.000474 110298.000000 127155 92639 
13680 0.000478 109527.000000 113383 100948 
13690 0.000480 111337.000000 133471 97441 
13700 0.000482 111593.000000 127912 103335 
13710 0.000479 113351.000000 133408 99081 
13720 0.000481 111884.000000 123371 100575 
13730 0.000483 111009.000000 123577 102035 
13740 0.000479 109829.000000 139115 95003 
13750 0.000481 111638.000000 125767 100922 
13760 0.000486 115998.000000 145858 103491 
13770 0.000484 109477.000000 118190 100129 
13780 0.000481 107525.000000 121099 100687 
13790 0.000484 110950.000000 130348 100046 
13800 0.000483 111284.000000 117698 99102 
13810 0.000486 123017.000000 140055 113299 
13820 0.000485 112137.000000 121128 99752 
13830 0.000485 108858.000000 113245 102210 
13840 0.000483 114220.000000 127346 102460 
13850 0.000489 112065.000000 122734 103565 
13860 0.000484 114662.000000 125121 102433 
13870 0.000485 115297.000000 130353 104979 
13880 0.000483 109958.000000 125404 102826 
13890 0.000484 112805.000000 132999 100521 
13900 0.000487 109694.000000 121304 98843 
13910 0.000488 113875.000000 132127 96809 
13920 0.000487 112478.000000 137864 100625 
13930 0.000490 111741.000000 134020 98218 
13940 0.000488 113105.000000 121867 101872 
13950 0.000492 113328.000000 129833 104259 
13960 0.000485 110760.000000 124454 101416 
13970 0.000495 115139.000000 141573 103522 
13980 0.000489 112478.000000 117637 105711 
13990 0.000490 110416.000000 126660 100048 
14000 0.000490 110007.000000 120124 100387 
14010 0.000490 116724.000000 138516 100557 
14020 0.000491 115333.000000 126946 102984 
14030 0.000493 111205.000000 141270 99672 
14040 0.000495 115635.000000 133764 104993 
14050 0.000496 121953.000000 149973 107482 
14060 0.000495 121992.000000 162781 107245 
14070 0.000499 115809.000000 122834 105294 
14080 0.000493 120494.000000 144206 103922 
14090 0.000492 110164.000000 117455 94568 
14100 0.000498 112088.000000 120861 105188 
14110 0.000493 115681.000000 123995 104278 
14120 0.000492 121975.000000 139890 99735 
14130 0.000496 114252.000000 132941 100070 
14140 0.000495 116890.000000 143488 106681 
14150 0.000500 114195.000000 123149 103953 
14160 0.000501 112904.000000 133111 102889 
14170 0.000496 111273.000000 125882 102492 
14180 0.000497 116372.000000 124256 105357 
14190 0.000497 114794.000000 131749 101693 
14200 0.000501 116583.000000 125060 106979 
14210 0.000496 113258.000000 131013 100249 
14220 0.000502 116840.000000 128433 110373 
14230 0.000498 108814.000000 129542 99045 
14240 0.000500 112477.000000 143564 104440 
14250 0.000499 113617.000000 121106 102885 
14260 0.000500 117350.000000 129823 108604 
14270 0.000503 115833.000000 127449 107615 
14280 0.000501 114249.000000 126199 105768 
14290 0.000502 114774.000000 121677 103839 
14300 0.000502 112130.000000 126674 99602 
14310 0.000502 116770.000000 134069 103822 
14320 0.000502 116618.000000 130188 102177 
14330 0.000500 116585.000000 132804 99235 
14340 0.000505 116281.000000 144685 102516 
14350 0.000502 117466.000000 135644 105191 
14360 0.000503 118349.000000 130535 104727 
14370 0.000504 117064.000000 131550 103863 
14380 0.000501 123118.000000 143414 110845 
14390 0.000509 118502.000000 132582 106507 
14400 0.000503 113921.000000 125944 100535 
14410 0.000506 118472.000000 137618 104893 
14420 0.000506 114444.000000 138538 104073 
14430 0.000513 121900.000000 130680 110462 
14440 0.000504 119837.000000 137023 106959 
14450 0.000511 123658.000000 146579 105789 
14460 0.000507 119299.000000 138129 104058 
14470 0.000507 115940.000000 123449 109688 
14480 0.000507 119592.000000 131340 105789 
14490 0.000514 119096.000000 127301 105736 
14500 0.000510 114197.000000 127553 106393 
14510 0.000511 114932.000000 120970 106594 
14520 0.000507 119714.000000 141296 109831 
14530 0.000512 120357.000000 125202 112268 
14540 0.000512 122452.000000 134417 105428 
14550 0.000510 117474.000000 137058 103334 
14560 0.000514 117672.000000 136880 101367 
14570 0.000509 115865.000000 128689 104080 
14580 0.000512 113673.000000 126213 101545 
14590 0.000515 117030.000000 133967 98114 
14600 0.000514 125435.000000 144158 115396 
14610 0.000512 115038.000000 127187 105843 
14620 0.000518 119479.000000 125414 109624 
14630 0.000518 122627.000000 136124 115288 
14640 0.000517 113454.000000 126684 100755 
14650 0.000517 121860.000000 153896 112890 
14660 0.000520 120189.000000 134470 110733 
14670 0.000517 120896.000000 135007 110184 
14680 0.000518 123201.000000 134424 106384 
14690 0.000518 115563.000000 126739 105477 
14700 0.000520 120597.000000 133344 109142 
14710 0.000513 117863.000000 128703 109593 
14720 0.000519 122046.000000 138284 106451 
14730 0.000519 116125.000000 124137 107803 
14740 0.000518 119633.000000 136059 107162 
14750 0.000519 121152.000000 130253 110398 
14760 0.000521 120393.000000 134762 108057 
14770 0.000522 123173.000000 135449 109396 
14780 0.000521 120983.000000 128844 108484 
14790 0.000522 118894.000000 137214 98677 
14800 0.000516 120295.000000 137444 105534 
14810 0.000525 124930.000000 133547 116248 
14820 0.000525 122190.000000 138834 115763 
14830 0.000524 121944.000000 134272 112693 
14840 0.000523 118272.000000 128723 110106 
14850 0.000523 123861.000000 140846 107464 
14860 0.000528 120611.000000 131969 113152 
14870 0.000523 120595.000000 130462 114832 
14880 0.000526 122431.000000 143428 110368 
14890 0.000525 122098.000000 137218 109255 
14900 0.000526 121124.000000 136834 109760 
14910 0.000527 124000.000000 156993 109673 
14920 0.000525 122233.000000 136520 106049 
14930 0.000528 118435.000000 134056 106397 
14940 0.000531 121770.000000 134794 107340 
14950 0.000528 119762.000000 129234 113051 
14960 0.000527 121292.000000 132469 113018 
14970 0.000532 126919.000000 138389 119308 
14980 0.000528 123641.000000 136874 112367 
14990 0.000532 126210.000000 147272 110425 
15000 0.000529 128374.000000 146756 107435 
15010 0.000528 125706.000000 139082 112689 
15020 0.000529 122215.000000 129724 115534 
15030 0.000535 124091.000000 136769 117071 
15040 0.000529 120181.000000 129921 112044 
15050 0.000532 118907.000000 129125 106987 
15060 0.000534 121650.000000 138264 108758 
15070 0.000533 118985.000000 126571 111233 
15080 0.000534 125292.000000 136792 109977 
15090 0.000532 120815.000000 126967 109393 
15100 0.000532 120592.000000 127425 109773 
15110 0.000533 125188.000000 145669 114406 
15120 0.000536 119581.000000 127662 111923 
15130 0.000532 125084.000000 135662 115798 
15140 0.000536 123943.000000 162186 110398 
15150 0.000533 127652.000000 136311 109962 
15160 0.000535 129749.000000 148802 115128 
15170 0.000539 119360.000000 134744 110610 
15180 0.000538 123689.000000 138690 115113 
15190 0.000533 124270.000000 142083 114619 
15200 0.000540 124456.000000 144398 110786 
15210 0.000535 125449.000000 149988 113920 
15220 0.000536 125598.000000 141863 113595 
15230 0.000540 129190.000000 147641 114986 
15240 0.000537 122702.000000 135897 115335 
15250 0.000540 127929.000000 141488 116266 
15260 0.000537 128295.000000 150254 116331 
15270 0.000541 127276.000000 148144 116335 
15280 0.000546 130919.000000 154830 113234 
15290 0.000536 120592.000000 131806 114911 
15300 0.000544 131955.000000 143153 120580 
15310 0.000539 126611.000000 134853 120038 
15320 0.000546 128838.000000 145709 115215 
15330 0.000538 129489.000000 144136 116819 
15340 0.000547 124823.000000 148986 109166 
15350 0.000546 129679.000000 140529 112211 
15360 0.000547 125489.000000 138550 113180 
15370 0.000543 128857.000000 143009 114314 
15380 0.000544 127760.000000 145149 115183 
15390 0.000548 126302.000000 139807 112468 
15400 0.000543 120420.000000 131757 106132 
15410 0.000547 125710.000000 136693 117516 
15420 0.000547 127511.000000 139701 114498 
15430 0.000537 124955.000000 139100 112644 
15440 0.000545 126104.000000 151563 111708 
15450 0.000543 127173.000000 136607 114925 
15460 0.000550 128212.000000 145136 120355 
15470 0.000551 125448.000000 137151 115947 
15480 0.000547 127371.000000 140248 116859 
15490 0.000547 129003.000000 145016 117971 
15500 0.000546 130138.000000 144214 115118 
15510 0.000550 127780.000000 143184 111914 
15520 0.000551 130623.000000 143743 122836 
15530 0.000554 125807.000000 132921 117225 
15540 0.000545 125750.000000 150338 115718 
15550 0.000550 129084.000000 141087 118061 
15560 0.000550 131237.000000 147225 114794 
15570 0.000549 127630.000000 147473 115071 
15580 0.000551 126672.000000 140482 113166 
15590 0.000550 128077.000000 152188 110624 
15600 0.000555 130312.000000 140724 121638 
15610 0.000553 134153.000000 153712 122101 
15620 0.000553 128752.000000 143069 117278 
15630 0.000556 126670.000000 137787 115181 
15640 0.000551 125135.000000 154613 118314 
15650 0.000554 126879.000000 143943 113163 
15660 0.000552 131897.000000 152309 112368 
15670 0.000554 131308.000000 146636 117704 
15680 0.000550 127898.000000 146214 109421 
15690 0.000558 130288.000000 154095 119900 
15700 0.000554 129301.000000 152920 113213 
15710 0.000554 128661.000000 149549 120856 
15720 0.000552 132076.000000 154026 115684 
15730 0.000554 132784.000000 157158 123595 
15740 0.000558 125129.000000 134276 117149 
15750 0.000561 129326.000000 148783 115456 
15760 0.000557 128495.000000 149358 114800 
15770 0.000560 127392.000000 148125 117159 
15780 0.000558 127885.000000 137454 117399 
15790 0.000562 128484.000000 147594 114609 
15800 0.000562 127542.000000 142612 112443 
15810 0.000558 129392.000000 142027 120478 
15820 0.000562 130105.000000 157850 111688 
15830 0.000559 134256.000000 159419 111112 
15840 0.000557 123910.000000 133559 118997 
15850 0.000561 128756.000000 144358 116880 
15860 0.000563 138042.000000 154810 125111 
15870 0.000569 131465.000000 146684 117643 
15880 0.000558 136392.000000 147478 122962 
15890 0.000560 125171.000000 133686 120313 
15900 0.000561 134041.000000 149075 121913 
15910 0.000561 129359.000000 141022 117171 
15920 0.000565 129719.000000 141169 119688 
15930 0.000571 132748.000000 158612 117976 
15940 0.000562 137399.000000 170406 123252 
15950 0.000569 131096.000000 139433 122782 
15960 0.000568 127647.000000 144339 122853 
15970 0.000564 130217.000000 150264 116394 
15980 0.000569 130286.000000 146795 114479 
15990 0.000564 129708.000000 144562 118066 
16000 0.000570 132508.000000 162610 124879 
16010 0.000575 133733.000000 150581 124768 
16020 0.000570 132803.000000 143866 120811 
16030 0.000573 130658.000000 146059 118860 
16040 0.000570 135416.000000 171587 123056 
16050 0.000570 133643.000000 148203 118196 
16060 0.000572 128175.000000 139773 115974 
16070 0.000572 135381.000000 150514 115661 
16080 0.000573 130361.000000 151068 115885 
16090 0.000574 133953.000000 141497 122274 
16100 0.000573 139036.000000 161863 126219 
16110 0.000575 125603.000000 136336 116918 
16120 0.000573 137390.000000 153760 125011 
16130 0.000572 130036.000000 158850 118235 
16140 0.000576 129149.000000 139500 118058 
16150 0.000577 137309.000000 168500 120809 
16160 0.000575 131214.000000 148490 121951 
16170 0.000578 129769.000000 139427 121725 
16180 0.000576 133175.000000 152878 124008 
16190 0.000585 129612.000000 140111 113499 
16200 0.000579 135801.000000 157707 120897 
16210 0.000582 137066.000000 169363 122829 
16220 0.000578 140307.000000 160152 123954 
16230 0.000586 137193.000000 153498 125549 
16240 0.000578 131789.000000 156044 116191 
16250 0.000581 136132.000000 160795 120524 
16260 0.000576 136444.000000 147520 126873 
16270 0.000581 136257.000000 152215 126212 
16280 0.000575 134855.000000 154008 119364 
16290 0.000580 139574.000000 158604 123330 
16300 0.000588 133980.000000 156017 117061 
16310 0.000582 135035.000000 156202 119789 
16320 0.000582 140847.000000 157613 128221 
16330 0.000583 136360.000000 150414 126642 
16340 0.000582 134380.000000 155212 114286 
16350 0.000578 134224.000000 153972 112196 
16360 0.000581 134634.000000 152435 124671 
16370 0.000584 140747.000000 155978 128372 
16380 0.000581 134737.000000 143727 124415 
16390 0.000583 132440.000000 148227 122408 
16400 0.000586 139892.000000 156635 126847 
16410 0.000583 133948.000000 158320 125750 
16420 0.000582 136443.000000 159863 120565 
16430 0.000584 133935.000000 147971 122604 
16440 0.000586 137015.000000 155829 124263 
16450 0.000584 135974.000000 149209 126962 
16460 0.000583 139570.000000 163564 123236 
16470 0.000589 133212.000000 161369 118165 
16480 0.000588 132923.000000 147744 121880 
16490 0.000595 138086.000000 164195 122970 
16500 0.000589 136088.000000 156351 124200 
16510 0.000588 137728.000000 163794 119077 
16520 0.000588 139872.000000 150847 121055 
16530 0.000588 139382.000000 163731 124392 
16540 0.000590 141426.000000 158132 130739 
16550 0.000589 142671.000000 160231 120847 
16560 0.000589 140671.000000 159922 126106 
16570 0.000589 138546.000000 152871 119982 
16580 0.000591 134722.000000 148252 125393 
16590 0.000588 133953.000000 141686 124980 
16600 0.000589 138588.000000 151517 126801 
16610 0.000588 139842.000000 152400 127581 
16620 0.000599 135347.000000 144841 124644 
16630 0.000588 138770.000000 162227 123049 
16640 0.000592 138882.000000 165186 122163 
16650 0.000592 134472.000000 149889 122872 
16660 0.000596 139772.000000 152362 126649 
16670 0.000596 141395.000000 156378 131688 
16680 0.000594 142587.000000 152943 130688 
16690 0.000594 138980.000000 148989 125493 
16700 0.000594 144856.000000 155637 137202 
16710 0.000598 141981.000000 162914 126435 
16720 0.000597 140965.000000 167118 121376 
16730 0.000594 137139.000000 164379 117349 
16740 0.000596 138207.000000 151852 128453 
16750 0.000597 138764.000000 146532 131327 
16760 0.000600 138551.000000 150292 129523 
16770 0.000597 140457.000000 162672 128445 
16780 0.000599 141460.000000 157123 125597 
16790 0.000599 141651.000000 161357 125542 
16800 0.000596 130985.000000 140872 125891 
16810 0.000598 140571.000000 164317 126539 
16820 0.000601 142329.000000 157143 126037 
16830 0.000596 141613.000000 154851 130490 
16840 0.000598 142547.000000 156006 131966 
16850 0.000596 142185.000000 172871 126901 
16860 0.000600 142059.000000 162604 122289 
16870 0.000601 137740.000000 162197 126584 
16880 0.000600 138250.000000 150917 129498 
16890 0.000606 141769.000000 152167 131459 
16900 0.000599 138391.000000 171248 125175 
16910 0.000598 140500.000000 165539 126539 
16920 0.000603 139895.000000 158516 124793 
16930 0.000606 142460.000000 186959 121742 
16940 0.000607 140134.000000 161411 125803 
16950 0.000605 138690.000000 150773 131270 
16960 0.000602 142196.000000 155251 127570 
16970 0.000611 141556.000000 157467 132789 
16980 0.000610 145185.000000 169535 128842 
16990 0.000611 146540.000000 161641 132913 
17000 0.000606 143666.000000 159851 128490 
17010 0.000606 141485.000000 151252 130546 
17020 0.000607 137845.000000 149946 126347 
17030 0.000607 145364.000000 169962 132300 
17040 0.000604 139423.000000 154963 124889 
17050 0.000603 135930.000000 147422 126772 
17060 0.000610 142269.000000 152624 127442 
17070 0.000611 141787.000000 157915 125270 
17080 0.000610 139941.000000 158664 126785 
17090 0.000614 144111.000000 159634 130540 
17100 0.000617 145504.000000 160873 133355 
17110 0.000616 143327.000000 149416 132360 
17120 0.000611 145498.000000 171042 132245 
17130 0.000610 141912.000000 152514 124734 
17140 0.000612 138953.000000 156664 130764 
17150 0.000612 140329.000000 154430 131711 
17160 0.000618 144586.000000 154042 135501 
17170 0.000611 140075.000000 150327 127821 
17180 0.000612 141677.000000 153190 133149 
17190 0.000616 138197.000000 161484 125298 
17200 0.000616 144047.000000 161185 131263 
17210 0.000616 138590.000000 154840 118918 
17220 0.000612 145514.000000 165863 128195 
17230 0.000619 142663.000000 157000 132073 
17240 0.000618 142594.000000 155988 126953 
17250 0.000617 148890.000000 177272 119066 
17260 0.000616 142676.000000 178655 130577 
17270 0.000620 153552.000000 182299 134503 
17280 0.000619 145723.000000 167154 134571 
17290 0.000619 145543.000000 161623 138188 
17300 0.000619 138591.000000 146196 127388 
17310 0.000619 146022.000000 174960 135592 
17320 0.000623 143773.000000 155475 127492 
17330 0.000626 144539.000000 156579 128577 
17340 0.000621 144530.000000 155643 129878 
17350 0.000620 144366.000000 162612 131007 
17360 0.000623 143017.000000 158442 132358 
17370 0.000624 144144.000000 164278 127102 
17380 0.000622 146318.000000 165352 134930 
17390 0.000627 144991.000000 155493 134063 
17400 0.000624 141930.000000 167799 129045 
17410 0.000623 143819.000000 161485 133100 
17420 0.000623 148691.000000 165622 130378 
17430 0.000629 144169.000000 156124 135361 
17440 0.000620 147639.000000 162803 133806 
17450 0.000627 145063.000000 170394 125560 
17460 0.000628 143411.000000 158662 134795 
17470 0.000623 142458.000000 158595 125741 
17480 0.000627 147679.000000 166602 132354 
17490 0.000624 152255.000000 167967 132344 
17500 0.000631 148909.000000 171164 135305 
17510 0.000630 145967.000000 157764 127691 
17520 0.000631 147176.000000 166455 134592 
17530 0.000622 152535.000000 175182 136374 
17540 0.000629 148844.000000 162450 142907 
17550 0.000626 143893.000000 164964 127608 
17560 0.000631 146837.000000 163505 133605 
17570 0.000632 152295.000000 186781 131307 
17580 0.000628 143106.000000 156585 134244 
17590 0.000632 147141.000000 167369 130549 
17600 0.000629 147006.000000 160324 131469 
17610 0.000630 146859.000000 158002 135879 
17620 0.000633 146949.000000 171360 131593 
17630 0.000638 147996.000000 186767 130131 
17640 0.000632 151066.000000 189167 130393 
17650 0.000633 148753.000000 165878 132499 
17660 0.000635 152004.000000 176004 136840 
17670 0.000628 143569.000000 156709 135342 
17680 0.000632 148952.000000 174682 136654 
17690 0.000639 147085.000000 172107 135450 
17700 0.000641 153841.000000 176482 126499 
17710 0.000634 150524.000000 162820 134704 
17720 0.000638 151112.000000 167508 142475 
17730 0.000639 152181.000000 181873 132419 
17740 0.000637 146219.000000 163109 123992 
17750 0.000638 149161.000000 164508 134693 
17760 0.000634 150503.000000 169552 139177 
17770 0.000643 152110.000000 169653 127757 
17780 0.000640 145195.000000 153073 133367 
17790 0.000635 142128.000000 151533 131114 
17800 0.000644 148060.000000 161810 135210 
17810 0.000642 149394.000000 167126 136976 
17820 0.000641 154923.000000 180954 140584 
17830 0.000639 150011.000000 166322 140762 
17840 0.000642 146709.000000 169776 131823 
17850 0.000643 154281.000000 163424 147188 
17860 0.000641 147207.000000 167016 130621 
17870 0.000636 150397.000000 167208 137744 
17880 0.000641 150136.000000 186010 130334 
17890 0.000641 146600.000000 157595 132790 
17900 0.000639 155564.000000 178824 138305 
17910 0.000640 149143.000000 161871 139695 
17920 0.000653 144959.000000 155234 130284 
17930 0.000646 148115.000000 161440 135398 
17940 0.000652 154750.000000 188431 138333 
17950 0.000645 157415.000000 182011 134190 
17960 0.000646 149685.000000 166206 125248 
17970 0.000651 155649.000000 171124 135307 
17980 0.000642 149740.000000 163806 133353 
17990 0.000659 156443.000000 172169 138787 
18000 0.000646 146790.000000 168289 130341 
18010 0.000642 154303.000000 172319 143658 
18020 0.000647 155145.000000 170701 136032 
18030 0.000646 152940.000000 190370 138288 
18040 0.000651 147249.000000 158146 136026 
18050 0.000649 150134.000000 167761 134716 
18060 0.000647 148243.000000 182002 135152 
18070 0.000652 155021.000000 180917 147644 
18080 0.000653 156328.000000 185063 137386 
18090 0.000654 152873.000000 166070 140751 
18100 0.000658 150026.000000 172497 134357 
18110 0.000653 157183.000000 174096 144823 
18120 0.000650 148597.000000 177852 132014 
18130 0.000657 149488.000000 162227 133451 
18140 0.000653 154335.000000 167529 143728 
18150 0.000656 155192.000000 176137 141075 
18160 0.000651 147211.000000 161833 135247 
18170 0.000653 157389.000000 176518 139997 
18180 0.000658 150001.000000 163529 139762 
18190 0.000653 159042.000000 180382 137553 
18200 0.000658 155456.000000 172098 140929 
18210 0.000655 154785.000000 170510 141490 
18220 0.000659 156381.000000 171428 147895 
18230 0.000651 152004.000000 182217 136488 
18240 0.000660 156267.000000 165721 141144 
18250 0.000656 159230.000000 182831 141023 
18260 0.000659 154912.000000 172292 138025 
18270 0.000662 152740.000000 164424 135449 
18280 0.000657 149718.000000 158241 137603 
18290 0.000657 152346.000000 161199 140522 
18300 0.000658 149325.000000 166997 136002 
18310 0.000661 159732.000000 180964 135339 
18320 0.000661 153478.000000 169594 142385 
18330 0.000660 152881.000000 170297 133759 
18340 0.000672 152783.000000 181665 140275 
18350 0.000664 153871.000000 161898 141183 
18360 0.000670 160436.000000 175998 148155 
18370 0.000660 152098.000000 159340 141545 
18380 0.000663 154109.000000 168858 138744 
18390 0.000663 153070.000000 175144 139878 
18400 0.000665 155000.000000 173212 141334 
18410 0.000670 156162.000000 174596 142416 
18420 0.000665 160477.000000 185617 148571 
18430 0.000665 154908.000000 170815 143055 
18440 0.000660 152196.000000 159786 138055 
18450 0.000664 155847.000000 163124 142375 
18460 0.000663 153226.000000 169332 135009 
18470 0.000663 147844.000000 170475 135732 
18480 0.000665 160918.000000 201785 140950 
18490 0.000670 165549.000000 182151 145626 
18500 0.000669 156675.000000 178082 143141 
18510 0.000665 156611.000000 167710 145238 
18520 0.000668 157348.000000 180387 142644 
18530 0.000673 154905.000000 170020 143706 
18540 0.000673 154538.000000 172143 142632 
18550 0.000664 154465.000000 171627 140501 
18560 0.000671 148449.000000 156145 140411 
18570 0.000665 152397.000000 164925 138441 
18580 0.000672 157191.000000 170999 137864 
18590 0.000668 154712.000000 167702 143437 
18600 0.000676 161116.000000 172906 146852 
18610 0.000676 159849.000000 183539 147033 
18620 0.000674 157200.000000 173413 139911 
18630 0.000672 159058.000000 181362 138985 
18640 0.000670 156416.000000 168736 146414 
18650 0.000671 152653.000000 171239 138496 
18660 0.000674 161929.000000 183649 147952 
18670 0.000676 158267.000000 188214 143512 
18680 0.000682 159184.000000 192564 140333 
18690 0.000676 156897.000000 168592 145751 
18700 0.000679 162826.000000 180389 148686 
18710 0.000679 159048.000000 180667 143861 
18720 0.000677 156482.000000 188770 143720 
18730 0.000687 155760.000000 173676 145539 
18740 0.000680 157740.000000 179565 135654 
18750 0.000684 158736.000000 196306 149670 
18760 0.000685 156497.000000 167186 145095 
18770 0.000676 156615.000000 165171 145618 
18780 0.000678 162555.000000 180316 145269 
18790 0.000678 153510.000000 171275 140036 
18800 0.000686 158581.000000 172058 146825 
18810 0.000681 158019.000000 169134 143994 
18820 0.000688 164669.000000 186397 145342 
18830 0.000680 157517.000000 172870 142606 
18840 0.000684 158620.000000 181922 146542 
18850 0.000683 160645.000000 201173 141013 
18860 0.000684 159702.000000 177989 143417 
18870 0.000687 156003.000000 173927 144582 
18880 0.000686 163173.000000 176306 147793 
18890 0.000689 161051.000000 170265 149101 
18900 0.000686 157037.000000 192205 140684 
18910 0.000687 155909.000000 172051 143548 
18920 0.000688 166920.000000 183168 148785 
18930 0.000692 164494.000000 189685 152738 
18940 0.000693 161360.000000 185000 140623 
18950 0.000692 162400.000000 192105 147920 
18960 0.000690 162059.000000 173469 141202 
18970 0.000697 157874.000000 173629 145751 
18980 0.000689 153783.000000 170207 138907 
18990 0.000695 163856.000000 174087 148630 
19000 0.000690 159093.000000 168067 146215 
19010 0.000691 160597.000000 180569 144401 
19020 0.000692 163854.000000 187056 136239 
19030 0.000691 156275.000000 173338 142446 
19040 0.000696 156308.000000 170081 144654 
19050 0.000691 166700.000000 202685 149542 
19060 0.000691 160757.000000 191168 149200 
19070 0.000691 158015.000000 178761 141877 
19080 0.000692 162818.000000 211969 148836 
19090 0.000696 159883.000000 173806 144536 
19100 0.000694 159998.000000 204741 141689 
19110 0.000696 162336.000000 184444 138562 
19120 0.000694 163088.000000 178336 140523 
19130 0.000693 162045.000000 193270 150876 
19140 0.000695 155783.000000 164270 142389 
19150 0.000699 159449.000000 175008 151352 
19160 0.000698 159387.000000 179729 147506 
19170 0.000695 160223.000000 182629 142988 
19180 0.000696 164208.000000 172065 149613 
19190 0.000701 165401.000000 177421 155068 
19200 0.000697 168559.000000 193398 156568 
19210 0.000698 158140.000000 180638 149073 
19220 0.000695 159366.000000 189610 140545 
19230 0.000692 159557.000000 170586 148949 
19240 0.000698 163904.000000 175761 148895 
19250 0.000702 161198.000000 173073 145127 
19260 0.000697 162948.000000 178823 143070 
19270 0.000705 166406.000000 188204 147253 
19280 0.000700 163678.000000 179281 150629 
19290 0.000704 163602.000000 188528 150108 
19300 0.000697 167206.000000 184543 137726 
19310 0.000697 165601.000000 180791 152071 
19320 0.000702 160815.000000 169007 147717 
19330 0.000706 168606.000000 182227 155249 
19340 0.000708 164088.000000 187682 141514 
19350 0.000703 164444.000000 185832 148105 
19360 0.000708 164486.000000 187622 156449 
19370 0.000706 161397.000000 199835 147218 
19380 0.000709 168441.000000 195118 147375 
19390 0.000708 169169.000000 179446 149561 
19400 0.000713 163406.000000 174811 148597 
19410 0.000701 161109.000000 172720 150448 
19420 0.000710 158931.000000 184268 137421 
19430 0.000714 168259.000000 199479 150166 
19440 0.000706 163564.000000 184290 149869 
19450 0.000707 163749.000000 184317 149178 
19460 0.000713 163563.000000 176806 151072 
19470 0.000703 164123.000000 186800 151761 
19480 0.000709 168491.000000 184729 154401 
19490 0.000703 165715.000000 182425 149095 
19500 0.000709 164681.000000 186971 152132 
19510 0.000709 160676.000000 178359 144066 
19520 0.000712 163990.000000 178324 150611 
19530 0.000712 165189.000000 180298 156932 
19540 0.000713 164680.000000 181225 150145 
19550 0.000711 168109.000000 190290 160756 
19560 0.000708 167798.000000 199380 149146 
19570 0.000720 162640.000000 171731 153034 
19580 0.000714 159124.000000 189059 146191 
19590 0.000715 159764.000000 185582 142908 
19600 0.000708 168981.000000 182352 154569 
19610 0.000717 166289.000000 183944 151264 
19620 0.000715 166343.000000 199027 147365 
19630 0.000720 160476.000000 179361 141237 
19640 0.000709 167751.000000 206101 150604 
19650 0.000718 165703.000000 174143 152680 
19660 0.000716 171663.000000 187722 147829 
19670 0.000714 157481.000000 182458 140649 
19680 0.000714 163247.000000 174675 144833 
19690 0.000714 164383.000000 177071 154497 
19700 0.000714 169696.000000 182917 150170 
19710 0.000712 161287.000000 173704 146366 
19720 0.000716 165908.000000 178794 151508 
19730 0.000715 168041.000000 193545 152710 
19740 0.000719 165607.000000 191227 149994 
19750 0.000715 163542.000000 177373 146032 
19760 0.000722 169361.000000 197489 151348 
19770 0.000714 166317.000000 180620 154825 
19780 0.000719 157383.000000 172707 146784 
19790 0.000717 164235.000000 172728 157198 
19800 0.000729 164696.000000 187667 155822 
19810 0.000717 165930.000000 179491 148890 
19820 0.000726 177082.000000 210916 162265 
19830 0.000723 165036.000000 176231 155065 
19840 0.000723 168509.000000 199803 150290 
19850 0.000717 172416.000000 208912 155911 
19860 0.000730 170933.000000 190607 151938 
19870 0.000727 165461.000000 175259 154021 
19880 0.000729 172040.000000 207059 150088 
19890 0.000724 170050.000000 190102 159151 
19900 0.000734 174922.000000 207579 154773 
19910 0.000725 161379.000000 180520 143267 
19920 0.000732 165048.000000 176009 147601 
19930 0.000730 173616.000000 195134 153752 
19940 0.000728 171807.000000 202062 155750 
19950 0.000724 166464.000000 183389 151214 
19960 0.000733 173189.000000 195913 158911 
19970 0.000725 168317.000000 181963 155631 
19980 0.000732 172134.000000 219166 153342 
19990 0.000729 164153.000000 181868 154396 
20000 0.000735 168437.000000 180268 151538 
20010 0.000727 159128.000000 167291 150100 
20020 0.000727 172129.000000 196720 152102 
20030 0.000726 171071.000000 186253 157052 
20040 0.000725 170018.000000 184940 154308 
20050 0.000727 168901.000000 188217 160668 
20060 0.000732 171296.000000 189213 157435 
20070 0.000735 174280.000000 186111 160054 
20080 0.000731 166094.000000 180098 151917 
20090 0.000736 177441.000000 195149 159526 
20100 0.000726 170596.000000 191948 149332 
20110 0.000735 175352.000000 195778 157766 
20120 0.000727 169602.000000 195267 155452 
20130 0.000743 172550.000000 184669 163561 
20140 0.000735 164777.000000 170846 156498 
20150 0.000741 170736.000000 189836 156350 
20160 0.000732 174468.000000 206909 160270 
20170 0.000738 170176.000000 178943 154252 
20180 0.000736 170251.000000 200719 148810 
20190 0.000734 172535.000000 223826 148366 
20200 0.000732 167725.000000 191268 149254 
20210 0.000744 174897.000000 204099 153376 
20220 0.000736 180539.000000 204745 155938 
20230 0.000736 170400.000000 190848 152633 
20240 0.000731 173423.000000 203282 158242 
20250 0.000744 177470.000000 211442 159539 
20260 0.000738 168348.000000 188028 153412 
20270 0.000747 170503.000000 183294 158977 
20280 0.000741 177661.000000 205938 161136 
20290 0.000746 170760.000000 188102 160028 
20300 0.000745 176839.000000 200315 159640 
20310 0.000738 172392.000000 186814 157827 
20320 0.000745 175075.000000 207261 163117 
20330 0.000743 170199.000000 201403 158050 
20340 0.000745 179950.000000 200073 155852 
20350 0.000747 175540.000000 193294 156861 
20360 0.000746 173909.000000 196290 153173 
20370 0.000748 176750.000000 192728 161317 
20380 0.000739 164905.000000 174153 150065 
20390 0.000752 171487.000000 196910 149158 
20400 0.000743 175521.000000 192987 160067 
20410 0.000742 173270.000000 189902 164499 
20420 0.000746 174384.000000 190540 161278 
20430 0.000751 178783.000000 199435 156862 
20440 0.000752 175015.000000 199377 154843 
20450 0.000750 171298.000000 193333 155901 
20460 0.000749 172871.000000 194364 155665 
20470 0.000753 171458.000000 186106 159631 
20480 0.000748 173987.000000 184365 160438 
20490 0.000751 176776.000000 205308 161321 
20500 0.000748 176894.000000 202124 155916 
20510 0.000756 174714.000000 191554 160171 
20520 0.000751 174378.000000 183953 160906 
20530 0.000757 173778.000000 183840 162935 
20540 0.000749 174188.000000 203034 154470 
20550 0.000751 171809.000000 185997 161986 
20560 0.000750 180206.000000 203968 164158 
20570 0.000754 173753.000000 209441 155587 
20580 0.000753 168232.000000 187421 152748 
20590 0.000757 174644.000000 212793 157057 
20600 0.000754 172070.000000 196128 157388 
20610 0.000760 177785.000000 194168 164013 
20620 0.000753 170312.000000 187948 159882 
20630 0.000755 176834.000000 196430 162727 
20640 0.000747 174533.000000 193273 155921 
20650 0.000756 172201.000000 185591 154967 
20660 0.000758 171368.000000 196367 154790 
20670 0.000762 176564.000000 187343 163710 
20680 0.000753 175919.000000 187555 162247 
20690 0.000757 177574.000000 197406 162470 
20700 0.000752 178228.000000 191912 163434 
20710 0.000752 169883.000000 186653 153665 
20720 0.000754 180792.000000 225841 160034 
20730 0.000762 170530.000000 185624 153382 
20740 0.000755 174655.000000 191605 165587 
20750 0.000766 175804.000000 183865 162190 
20760 0.000758 175282.000000 185589 164400 
20770 0.000759 173316.000000 184941 160724 
20780 0.000760 179036.000000 202359 153661 
20790 0.000757 176775.000000 214958 154810 
20800 0.000761 179020.000000 195346 167848 
20810 0.000770 177925.000000 192406 154736 
20820 0.000764 178784.000000 196910 165664 
20830 0.000763 179861.000000 217478 160098 
20840 0.000765 184776.000000 226116 154255 
20850 0.000764 176520.000000 189677 160455 
20860 0.000765 181984.000000 219208 154993 
20870 0.000765 178869.000000 201055 159705 
20880 0.000767 175237.000000 192467 156827 
20890 0.000764 177953.000000 208499 153396 
20900 0.000767 177310.000000 189572 164861 
20910 0.000773 188853.000000 226186 169521 
20920 0.000773 180772.000000 199515 163928 
20930 0.000764 182166.000000 200043 171730 
20940 0.000776 185994.000000 219645 165352 
20950 0.000771 180457.000000 195625 168526 
20960 0.000774 178191.000000 196685 162286 
20970 0.000766 179728.000000 206224 157096 
20980 0.000779 183752.000000 215368 162162 
20990 0.000765 179699.000000 195769 162508 
21000 0.000773 179153.000000 206582 165680 
21010 0.000769 180786.000000 208209 167068 
21020 0.000782 183867.000000 214364 167522 
21030 0.000771 179489.000000 227000 163038 
21040 0.000774 183848.000000 196709 169826 
21050 0.000768 171892.000000 186572 154628 
21060 0.000769 179212.000000 195739 162952 
21070 0.000774 185866.000000 198262 170217 
21080 0.000777 179250.000000 198165 163600 
21090 0.000776 178539.000000 194858 157498 
21100 0.000767 172701.000000 191378 157026 
21110 0.000779 176512.000000 187987 158486 
21120 0.000774 186134.000000 211084 171832 
21130 0.000779 182084.000000 210267 163833 
21140 0.000770 183809.000000 210036 167249 
21150 0.000772 179173.000000 198061 164984 
21160 0.000775 182563.000000 217049 155289 
21170 0.000776 174632.000000 179665 166488 
21180 0.000774 187280.000000 234488 163364 
21190 0.000779 174961.000000 185935 167915 
21200 0.000775 182664.000000 193875 164740 
21210 0.000779 187781.000000 214679 151000 
21220 0.000779 183834.000000 198153 168228 
21230 0.000781 177646.000000 188290 165906 
21240 0.000779 184640.000000 209244 169376 
21250 0.000783 182556.000000 201570 162397 
21260 0.000775 178861.000000 206598 163963 
21270 0.000782 187157.000000 215076 165186 
21280 0.000780 182676.000000 203464 165077 
21290 0.000783 178660.000000 194814 167485 
21300 0.000784 179030.000000 204710 163971 
21310 0.000782 181557.000000 207690 173058 
21320 0.000783 188898.000000 226121 169374 
21330 0.000787 183700.000000 219455 161602 
21340 0.000785 181457.000000 201499 161385 
21350 0.000783 182301.000000 195669 165886 
21360 0.000785 182995.000000 220439 158782 
21370 0.000779 178049.000000 193385 158850 
21380 0.000787 182802.000000 207483 163181 
21390 0.000781 184249.000000 201371 162732 
21400 0.000790 189826.000000 214619 167408 
21410 0.000784 179565.000000 193388 158934 
21420 0.000792 184850.000000 215380 171519 
21430 0.000784 187010.000000 209204 174987 
21440 0.000790 187249.000000 210649 164940 
21450 0.000782 183669.000000 202311 162170 
21460 0.000794 178748.000000 192948 161274 
21470 0.000780 179713.000000 214251 167844 
21480 0.000785 180318.000000 195657 167838 
21490 0.000789 184126.000000 214436 171729 
21500 0.000791 181697.000000 213837 163736 
21510 0.000800 184089.000000 199393 164937 
21520 0.000795 185117.000000 207878 164007 
21530 0.000815 182930.000000 205437 155936 
21540 0.000804 186880.000000 220101 158002 
21550 0.000826 182598.000000 203300 168435 
21560 0.000764 181370.000000 196519 165170 
21570 0.000770 181130.000000 199422 162612 
21580 0.000769 184650.000000 205300 167239 
21590 0.000767 176924.000000 191356 168866 
21600 0.000775 190784.000000 223870 172602 
21610 0.000778 182068.000000 197749 160166 
21620 0.000774 180362.000000 197640 163558 
21630 0.000786 186276.000000 199703 164160 
21640 0.000773 189545.000000 215911 173690 
21650 0.000779 180407.000000 192982 170872 
21660 0.000781 189155.000000 205128 179676 
21670 0.000780 182776.000000 204937 168691 
21680 0.000778 186376.000000 212734 163633 
21690 0.000785 188876.000000 208234 172213 
21700 0.000785 188784.000000 210807 167235 
21710 0.000784 191654.000000 224694 173716 
21720 0.000778 186036.000000 197434 170785 
21730 0.000780 187470.000000 208709 174661 
21740 0.000785 187736.000000 203776 171934 
21750 0.000782 183690.000000 192513 173491 
21760 0.000794 183083.000000 198663 166812 
21770 0.000784 186916.000000 206617 173434 
21780 0.000788 188768.000000 212238 169754 
21790 0.000781 186397.000000 234779 170520 
21800 0.000793 188732.000000 198322 175169 
21810 0.000780 186796.000000 199810 177920 
21820 0.000784 180915.000000 193652 166641 
21830 0.000784 189770.000000 209460 170656 
21840 0.000793 197833.000000 236230 168462 
21850 0.000786 191588.000000 217810 166803 
21860 0.000784 187000.000000 207355 170537 
21870 0.000783 190466.000000 210680 173362 
21880 0.000784 187905.000000 206275 172471 
21890 0.000791 189542.000000 210294 164826 
21900 0.000785 194462.000000 228863 173524 
21910 0.000795 194016.000000 220745 180817 
21920 0.000787 199735.000000 216411 178138 
21930 0.000794 192034.000000 214982 167143 
21940 0.000790 190669.000000 213591 179920 
21950 0.000791 189821.000000 220360 169352 
21960 0.000787 181219.000000 205103 169846 
21970 0.000796 183620.000000 210786 171818 
21980 0.000790 186593.000000 198863 175674 
21990 0.000797 188445.000000 220220 170218 
22000 0.000789 185798.000000 201502 168798 
22010 0.000799 193645.000000 211603 172447 
22020 0.000797 189225.000000 208949 177229 
22030 0.000791 187366.000000 219829 175146 
22040 0.000796 199612.000000 235260 179155 
22050 0.000787 187248.000000 211133 163137 
22060 0.000796 188048.000000 218102 162738 
22070 0.000799 189236.000000 214258 170810 
22080 0.000806 193325.000000 237012 173838 
22090 0.000800 184245.000000 195698 173927 
22100 0.000793 190787.000000 207627 174415 
22110 0.000799 196266.000000 234300 168657 
22120 0.000803 193996.000000 234469 166148 
22130 0.000796 195043.000000 212348 183297 
22140 0.000809 192026.000000 238924 173490 
22150 0.000794 187535.000000 222333 165119 
22160 0.000798 191373.000000 223880 168743 
22170 0.000798 186088.000000 199854 173311 
22180 0.000805 194331.000000 226984 178066 
22190 0.000794 181995.000000 195062 171932 
22200 0.000793 186461.000000 198276 171496 
22210 0.000805 193119.000000 221914 179321 
22220 0.000808 193552.000000 225601 177326 
22230 0.000804 189727.000000 207267 178296 
22240 0.000805 193940.000000 224318 181749 
22250 0.000802 190350.000000 196545 170730 
22260 0.000795 190851.000000 217131 175347 
22270 0.000800 188453.000000 198316 174110 
22280 0.000806 187179.000000 205528 172891 
22290 0.000805 184272.000000 199344 169759 
22300 0.000808 203040.000000 218221 185479 
22310 0.000803 190771.000000 223040 175445 
22320 0.000800 193286.000000 220356 164170 
22330 0.000800 189571.000000 205578 173194 
22340 0.000809 182476.000000 192277 172028 
22350 0.000804 186212.000000 205587 171308 
22360 0.000814 187340.000000 202991 165256 
22370 0.000807 191860.000000 210322 183713 
22380 0.000815 193375.000000 225416 178793 
22390 0.000811 197076.000000 213685 175653 
22400 0.000818 194201.000000 210644 182778 
22410 0.000813 190626.000000 202831 181193 
22420 0.000813 193143.000000 231374 177022 
22430 0.000816 193476.000000 217649 172076 
22440 0.000809 190302.000000 206760 174728 
22450 0.000814 188115.000000 208126 178867 
22460 0.000812 190693.000000 210619 178400 
22470 0.000816 189854.000000 209473 165553 
22480 0.000814 188538.000000 207744 173555 
22490 0.000818 192160.000000 222975 180898 
22500 0.000812 196698.000000 226453 169569 
22510 0.000812 191604.000000 209528 167503 
22520 0.000817 196128.000000 217451 181943 
22530 0.000811 190360.000000 208358 172356 
22540 0.000819 190348.000000 203284 174675 
22550 0.000821 199855.000000 210118 175632 
22560 0.000817 195072.000000 226081 178868 
22570 0.000810 192378.000000 218559 179002 
22580 0.000815 191215.000000 217374 170420 
22590 0.000821 197343.000000 227154 175534 
22600 0.000821 197120.000000 224905 180445 
22610 0.000815 193496.000000 217860 173500 
22620 0.000824 193695.000000 224402 182332 
22630 0.000828 199263.000000 225202 179915 
22640 0.000816 203066.000000 230777 181674 
22650 0.000820 189535.000000 211781 167055 
22660 0.000816 193639.000000 232174 175737 
22670 0.000824 194331.000000 210793 177926 
22680 0.000818 192255.000000 208312 172637 
22690 0.000820 192966.000000 210385 176716 
22700 0.000821 201518.000000 228545 166417 
22710 0.000827 198765.000000 242876 178400 
22720 0.000823 197328.000000 216877 172134 
22730 0.000830 191735.000000 220144 175646 
22740 0.000823 190465.000000 203198 169769 
22750 0.000827 190004.000000 206618 175138 
22760 0.000827 187426.000000 201979 177182 
22770 0.000823 198042.000000 216289 179999 
22780 0.000825 193663.000000 206390 183316 
22790 0.000831 198689.000000 235638 186515 
22800 0.000833 197746.000000 217252 182749 
22810 0.000819 188203.000000 205995 168996 
22820 0.000826 202483.000000 217933 189382 
22830 0.000828 202161.000000 231869 171471 
22840 0.000826 192576.000000 218827 176796 
22850 0.000828 196764.000000 222764 178520 
22860 0.000831 199041.000000 234332 176618 
22870 0.000832 198099.000000 224248 183931 
22880 0.000819 194092.000000 212330 179644 
22890 0.000833 193005.000000 209790 181689 
22900 0.000831 192208.000000 222433 175490 
22910 0.000830 198148.000000 207305 165729 
22920 0.000835 198844.000000 241979 178006 
22930 0.000828 196208.000000 206669 185532 
22940 0.000836 210041.000000 256070 190596 
22950 0.000837 197851.000000 221568 181416 
22960 0.000835 197152.000000 219530 175437 
22970 0.000830 195281.000000 222769 177864 
22980 0.000837 201961.000000 227359 188180 
22990 0.000832 197561.000000 221563 171544 
23000 0.000826 202978.000000 250958 186809 
23010 0.000836 197199.000000 219472 187744 
23020 0.000835 194086.000000 214274 180292 
23030 0.000840 201027.000000 228389 182893 
23040 0.000837 200836.000000 221349 178629 
23050 0.000836 195100.000000 232757 180717 
23060 0.000838 194006.000000 209686 176470 
23070 0.000837 197905.000000 224159 179143 
23080 0.000839 212203.000000 231714 179588 
23090 0.000834 199346.000000 226830 183367 
23100 0.000842 204703.000000 281522 188481 
23110 0.000840 190742.000000 207584 176040 
23120 0.000843 197071.000000 217364 173886 
23130 0.000833 191668.000000 204200 172029 
23140 0.000839 193397.000000 223412 176198 
23150 0.000843 205208.000000 214012 192100 
23160 0.000844 196193.000000 220455 182192 
23170 0.000850 201134.000000 227618 182904 
23180 0.000841 202124.000000 256258 180872 
23190 0.000847 191845.000000 213559 175270 
23200 0.000843 201333.000000 227198 186568 
23210 0.000844 207319.000000 224501 190841 
23220 0.000844 198381.000000 216499 180718 
23230 0.000850 201519.000000 226568 176278 
23240 0.000849 201811.000000 253581 186285 
23250 0.000842 194129.000000 214789 177911 
23260 0.000847 196628.000000 221767 180638 
23270 0.000849 207092.000000 251024 188564 
23280 0.000853 200665.000000 223295 181591 
23290 0.000850 201221.000000 222430 182048 
23300 0.000846 206681.000000 225665 182918 
23310 0.000845 189704.000000 215661 178574 
23320 0.000848 204143.000000 216866 190408 
23330 0.000853 200206.000000 225198 181556 
23340 0.000840 201128.000000 212701 191537 
23350 0.000849 202165.000000 229167 188416 
23360 0.000856 205521.000000 222936 192762 
23370 0.000853 198925.000000 224942 184027 
23380 0.000844 194373.000000 216001 182563 
23390 0.000856 215178.000000 254587 189213 
23400 0.000844 198192.000000 226902 178455 
23410 0.000851 197656.000000 237538 175807 
23420 0.000851 202770.000000 231365 188700 
23430 0.000849 205731.000000 223862 192878 
23440 0.000860 207071.000000 240804 191814 
23450 0.000847 193265.000000 215869 177727 
23460 0.000857 197492.000000 211204 182773 
23470 0.000841 195098.000000 209650 180939 
23480 0.000851 196569.000000 210211 177636 
23490 0.000859 202954.000000 223340 184334 
23500 0.000856 201272.000000 214652 185457 
23510 0.000857 203541.000000 242041 176376 
23520 0.000861 206353.000000 250398 186475 
23530 0.000854 208776.000000 250102 183525 
23540 0.000864 206168.000000 231977 189417 
23550 0.000855 196384.000000 234594 177407 
23560 0.000859 202265.000000 229198 189746 
23570 0.000862 204182.000000 229658 190619 
23580 0.000866 202740.000000 217770 189229 
23590 0.000865 201557.000000 220281 188264 
23600 0.000864 201792.000000 228039 180583 
23610 0.000865 204645.000000 247623 185306 
23620 0.000860 201988.000000 222251 189486 
23630 0.000862 201560.000000 214738 187614 
23640 0.000854 202212.000000 222081 180867 
23650 0.000856 209743.000000 237967 194718 
23660 0.000867 213377.000000 240580 190194 
23670 0.000865 209472.000000 252506 185630 
23680 0.000872 202305.000000 218875 187630 
23690 0.000861 205383.000000 246610 189140 
23700 0.000870 206194.000000 236107 189026 
23710 0.000865 214811.000000 245710 198519 
23720 0.000868 199070.000000 207526 189806 
23730 0.000864 205518.000000 217531 188811 
23740 0.000863 216924.000000 251945 181658 
23750 0.000864 196595.000000 207096 188203 
23760 0.000862 197588.000000 205293 189449 
23770 0.000867 203160.000000 237095 179213 
23780 0.000867 196644.000000 211179 180907 
23790 0.000862 210815.000000 250557 192446 
23800 0.000870 200603.000000 222125 181707 
23810 0.000862 209858.000000 234615 188876 
23820 0.000874 206607.000000 233398 193420 
23830 0.000859 207595.000000 238141 189191 
23840 0.000870 203413.000000 222409 172049 
23850 0.000869 207517.000000 233380 180877 
23860 0.000874 210534.000000 246960 188377 
23870 0.000874 209942.000000 234770 199287 
23880 0.000877 215375.000000 254757 186023 
23890 0.000885 212880.000000 229418 194851 
23900 0.000878 207451.000000 238570 192939 
23910 0.000873 208064.000000 235227 190747 
23920 0.000882 208881.000000 233731 183712 
23930 0.000870 204235.000000 212460 191619 
23940 0.000881 207234.000000 238577 187776 
23950 0.000871 200738.000000 211771 183692 
23960 0.000869 211774.000000 232518 187095 
23970 0.000875 199032.000000 218532 183903 
23980 0.000872 209027.000000 235797 188429 
23990 0.000887 213310.000000 231395 192665 
24000 0.000874 209937.000000 231635 187498 
24010 0.000880 211366.000000 231688 195492 
24020 0.000877 204315.000000 234707 185669 
24030 0.000880 209695.000000 232819 195513 
24040 0.000880 216600.000000 241744 202229 
24050 0.000870 207808.000000 223384 178964 
24060 0.000882 203062.000000 220041 185271 
24070 0.000882 216333.000000 241731 187853 
24080 0.000879 214107.000000 231248 192907 
24090 0.000885 210439.000000 249727 182055 
24100 0.000879 207304.000000 257148 181337 
24110 0.000880 205349.000000 228810 186316 
24120 0.000881 205917.000000 225317 190279 
24130 0.000886 221812.000000 270017 193857 
24140 0.000879 207822.000000 222986 192441 
24150 0.000888 202501.000000 244982 192390 
24160 0.000886 209941.000000 242097 187736 
24170 0.000882 208253.000000 243614 182298 
24180 0.000878 215442.000000 250638 189628 
24190 0.000885 209492.000000 237201 186203 
24200 0.000883 205586.000000 228169 183233 
24210 0.000890 207205.000000 229576 187454 
24220 0.000890 216839.000000 229339 204987 
24230 0.000888 208160.000000 237111 183603 
24240 0.000891 205813.000000 240619 173682 
24250 0.000889 211790.000000 222088 196578 
24260 0.000884 202733.000000 215296 188023 
24270 0.000889 212483.000000 239234 192785 
24280 0.000894 203536.000000 214874 190127 
24290 0.000886 213621.000000 276510 192523 
24300 0.000877 208270.000000 237526 188290 
24310 0.000886 212583.000000 245859 190659 
24320 0.000887 208592.000000 223266 186241 
24330 0.000888 212438.000000 248121 192642 
24340 0.000890 221246.000000 242880 196319 
24350 0.000893 217678.000000 241060 202425 
24360 0.000897 209523.000000 242171 181839 
24370 0.000889 204940.000000 229998 189905 
24380 0.000895 213801.000000 258845 195010 
24390 0.000886 213777.000000 233210 190031 
24400 0.000888 208648.000000 235812 188854 
24410 0.000892 212087.000000 237437 188002 
24420 0.000894 213593.000000 246839 199854 
24430 0.000891 213523.000000 233104 192629 
24440 0.000897 210141.000000 240784 195122 
24450 0.000891 206600.000000 235738 192016 
24460 0.000902 220054.000000 237089 198417 
24470 0.000891 209260.000000 232682 192462 
24480 0.000902 217377.000000 254116 181836 
24490 0.000900 216333.000000 237202 195716 
24500 0.000896 206846.000000 240483 190880 
24510 0.000892 212069.000000 231946 198933 
24520 0.000900 214713.000000 227409 189862 
24530 0.000903 216190.000000 257586 188052 
24540 0.000898 211023.000000 241465 184830 
24550 0.000910 211964.000000 240351 194105 
24560 0.000910 214477.000000 232923 196008 
24570 0.000906 211127.000000 253301 194827 
24580 0.000908 216149.000000 244032 201060 
24590 0.000906 215034.000000 243650 192100 
24600 0.000898 210711.000000 224592 191611 
24610 0.000906 216689.000000 250309 194114 
24620 0.000905 212006.000000 233768 189233 
24630 0.000906 212662.000000 235250 189274 
24640 0.000904 212576.000000 238567 197084 
24650 0.000906 219811.000000 246740 199501 
24660 0.000901 213471.000000 240836 195385 
24670 0.000903 215290.000000 230988 195668 
24680 0.000913 219727.000000 242983 199829 
24690 0.000909 221983.000000 246208 198170 
24700 0.000907 203175.000000 222501 190112 
24710 0.000908 214833.000000 238074 196923 
24720 0.000906 215998.000000 273579 190658 
24730 0.000911 211350.000000 229728 193526 
24740 0.000910 214124.000000 229787 197549 
24750 0.000905 210945.000000 233997 188690 
24760 0.000905 218985.000000 234133 190410 
24770 0.000909 210158.000000 231672 193909 
24780 0.000908 220251.000000 255022 201221 
24790 0.000909 212717.000000 230801 189188 
24800 0.000908 209326.000000 236455 193699 
24810 0.000906 215252.000000 258317 183510 
24820 0.000910 216323.000000 237677 202088 
24830 0.000904 209572.000000 249009 198717 
24840 0.000902 208431.000000 216672 188994 
24850 0.000912 213248.000000 236383 201589 
24860 0.000912 219748.000000 236610 194554 
24870 0.000911 214295.000000 241391 204950 
24880 0.000912 218671.000000 239542 195941 
24890 0.000916 218099.000000 234964 195851 
24900 0.000915 225343.000000 278793 192846 
24910 0.000914 217101.000000 228857 198655 
24920 0.000910 215143.000000 237754 194914 
24930 0.000918 214547.000000 237584 196560 
24940 0.000920 216300.000000 230242 202137 
24950 0.000917 222010.000000 251793 191071 
24960 0.000919 217584.000000 238708 200093 
24970 0.000910 212465.000000 231463 197443 
24980 0.000913 210316.000000 227251 195151 
24990 0.000917 218263.000000 256324 203274 
25000 0.000914 211789.000000 242711 195213 
25010 0.000922 210971.000000 235164 192556 
25020 0.000915 216149.000000 243494 194085 
25030 0.000921 218500.000000 238869 204242 
25040 0.000916 215169.000000 234161 190119 
25050 0.000921 216045.000000 234067 192279 
25060 0.000916 210308.000000 226847 197005 
25070 0.000927 217980.000000 247631 196885 
25080 0.000916 212233.000000 245861 200628 
25090 0.000916 214694.000000 236441 197757 
25100 0.000923 222861.000000 256871 201244 
25110 0.000927 212898.000000 235879 192486 
25120 0.000919 219531.000000 245793 189823 
25130 0.000928 215311.000000 233164 201934 
25140 0.000925 217604.000000 238723 199121 
25150 0.000930 213032.000000 229769 192418 
25160 0.000926 216681.000000 252643 204572 
25170 0.000924 227193.000000 246148 202988 
25180 0.000924 213808.000000 242040 198886 
25190 0.000930 221351.000000 252286 197306 
25200 0.000923 215342.000000 230916 196581 
25210 0.000923 213966.000000 227712 204448 
25220 0.000930 223219.000000 245177 201037 
25230 0.000919 215584.000000 244313 196434 
25240 0.000924 212186.000000 230691 185080 
25250 0.000928 221931.000000 264377 195282 
25260 0.000926 217504.000000 249123 191677 
25270 0.000932 221160.000000 241560 195650 
25280 0.000930 222989.000000 246103 208532 
25290 0.000930 216193.000000 234826 200430 
25300 0.000927 219177.000000 230126 210992 
25310 0.000935 221482.000000 249741 199053 
25320 0.000930 214431.000000 227478 199967 
25330 0.000936 223015.000000 272516 193939 
25340 0.000934 225216.000000 263587 202259 
25350 0.000929 225854.000000 256552 204962 
25360 0.000932 214939.000000 259015 197217 
25370 0.000924 221343.000000 247520 192702 
25380 0.000931 223181.000000 243418 199141 
25390 0.000937 221998.000000 253057 203329 
25400 0.000934 220379.000000 244307 199639 
25410 0.000928 212019.000000 244429 197387 
25420 0.000932 226262.000000 245258 213098 
25430 0.000936 224232.000000 239469 212108 
25440 0.000931 218846.000000 243785 201535 
25450 0.000928 222459.000000 237860 203422 
25460 0.000933 222035.000000 244392 194888 
25470 0.000935 221153.000000 237988 200490 
25480 0.000939 220050.000000 235751 198398 
25490 0.000943 236533.000000 298499 201857 
25500 0.000934 220370.000000 236447 198809 
25510 0.000937 218875.000000 231131 205523 
25520 0.000936 213256.000000 230623 197829 
25530 0.000936 217219.000000 248957 201502 
25540 0.000940 226226.000000 255774 211772 
25550 0.000927 217656.000000 233426 198415 
25560 0.000936 212812.000000 236422 198080 
25570 0.000948 224542.000000 263050 209370 
25580 0.000941 222064.000000 265449 198705 
25590 0.000945 227573.000000 251629 207858 
25600 0.000951 235662.000000 262283 212253 
25610 0.000947 224476.000000 244085 206909 
25620 0.000940 216880.000000 238704 203327 
25630 0.000943 222269.000000 243465 201297 
25640 0.000942 228585.000000 251266 205789 
25650 0.000940 220363.000000 233949 203569 
25660 0.000945 217997.000000 242480 199485 
25670 0.000949 220733.000000 231184 207731 
25680 0.000950 224361.000000 260322 204067 
25690 0.000942 222876.000000 239559 206885 
25700 0.000951 224910.000000 247606 212316 
25710 0.000947 223563.000000 257247 201768 
25720 0.000950 222734.000000 256849 197516 
25730 0.000954 238138.000000 279888 216838 
25740 0.000942 227837.000000 276703 207692 
25750 0.000945 221442.000000 235656 200536 
25760 0.000954 222264.000000 244695 201594 
25770 0.000950 221867.000000 247574 200824 
25780 0.000944 230492.000000 251358 206345 
25790 0.000950 223347.000000 238899 197955 
25800 0.000949 222705.000000 242464 210557 
25810 0.000948 227184.000000 244829 201056 
25820 0.000952 227799.000000 250596 207739 
25830 0.000954 220482.000000 242469 205850 
25840 0.000952 221313.000000 250216 204105 
25850 0.000959 233107.000000 257099 198154 
25860 0.000955 223253.000000 251970 196664 
25870 0.000955 223844.000000 250254 204346 
25880 0.000958 231132.000000 255481 211641 
25890 0.000957 226877.000000 249539 202622 
25900 0.000956 223926.000000 239969 206120 
25910 0.000959 228523.000000 248130 213441 
25920 0.000950 217049.000000 230088 201944 
25930 0.000962 228262.000000 259694 207576 
25940 0.000956 221639.000000 238323 208393 
25950 0.000956 228419.000000 255274 215852 
25960 0.000966 234934.000000 267693 206041 
25970 0.000948 229915.000000 256408 213183 
25980 0.000958 222012.000000 252887 198521 
25990 0.000957 230091.000000 260586 209761 
26000 0.000957 232119.000000 245441 220026 
26010 0.000964 230506.000000 260819 216023 
26020 0.000964 225935.000000 257598 209000 
26030 0.000946 221841.000000 254423 200453 
26040 0.000966 224450.000000 259213 208215 
26050 0.000959 228148.000000 257274 201945 
26060 0.000966 224478.000000 254644 207945 
26070 0.000960 226702.000000 251910 209022 
26080 0.000970 231900.000000 265388 206758 
26090 0.000958 230055.000000 243383 208864 
26100 0.000968 232665.000000 249017 204263 
26110 0.000968 226886.000000 254590 216124 
26120 0.000961 227715.000000 253826 203185 
26130 0.000965 220153.000000 233405 207061 
26140 0.000968 225109.000000 262506 210379 
26150 0.000973 232798.000000 261917 211701 
26160 0.000966 228905.000000 270467 209324 
26170 0.000964 224887.000000 250579 197087 
26180 0.000969 236984.000000 260089 220796 
26190 0.000965 221767.000000 244587 206535 
26200 0.000971 231389.000000 248717 204424 
26210 0.000972 235177.000000 252004 224916 
26220 0.000973 233047.000000 266510 204762 
26230 0.000975 235355.000000 262846 201686 
26240 0.000968 227931.000000 240320 202754 
26250 0.000971 231924.000000 281269 206688 
26260 0.000969 226964.000000 249153 207722 
26270 0.000967 240340.000000 246197 212275 
26280 0.000969 229797.000000 246478 204276 
26290 0.000976 231368.000000 251658 211774 
26300 0.000973 225466.000000 253147 196896 
26310 0.000978 228270.000000 242619 218192 
26320 0.000978 227136.000000 244734 210099 
26330 0.000974 232972.000000 258061 209299 
26340 0.000984 235456.000000 274392 210797 
26350 0.000978 237895.000000 257762 222209 
26360 0.000976 230371.000000 268028 209720 
26370 0.000972 226786.000000 243610 210369 
26380 0.000975 233773.000000 253669 203196 
26390 0.000976 235482.000000 279695 208224 
26400 0.000976 234955.000000 273778 211459 
26410 0.000972 229089.000000 262276 210051 
26420 0.000976 237302.000000 249779 219628 
26430 0.000977 237256.000000 295197 207989 
26440 0.000979 232138.000000 254332 216130 
26450 0.000977 229698.000000 256903 206161 
26460 0.000976 232415.000000 249828 209178 
26470 0.000984 237754.000000 262430 222689 
26480 0.000985 235896.000000 246557 217616 
26490 0.000984 237867.000000 267411 215157 
26500 0.000981 238781.000000 273898 221577 
26510 0.000980 235657.000000 274049 217528 
26520 0.000981 235750.000000 269765 216133 
26530 0.000975 230325.000000 240255 218260 
26540 0.000987 237445.000000 257541 219107 
26550 0.000975 232543.000000 255355 214114 
26560 0.000985 234185.000000 261837 210385 
26570 0.000980 232473.000000 261121 217215 
26580 0.000988 230704.000000 267073 210337 
26590 0.000990 231284.000000 251843 207100 
26600 0.000981 230163.000000 248562 205494 
26610 0.000978 233111.000000 260725 209338 
26620 0.000983 252582.000000 284073 222982 
26630 0.000985 239606.000000 270518 219779 
26640 0.000979 234557.000000 249751 221491 
26650 0.000986 238600.000000 260626 215848 
26660 0.000988 231554.000000 254847 214128 
26670 0.000992 237078.000000 264534 214102 
26680 0.000991 237013.000000 264194 211652 
26690 0.000986 234305.000000 269182 208275 
26700 0.000989 232205.000000 259509 208527 
26710 0.000994 234249.000000 276911 218257 
26720 0.000985 234323.000000 261712 211952 
26730 0.000986 226061.000000 245238 209843 
26740 0.000990 233073.000000 281748 209157 
26750 0.000984 227651.000000 250030 204126 
26760 0.000984 235338.000000 283261 214753 
26770 0.000996 236847.000000 254190 209824 
26780 0.000991 235192.000000 251123 221623 
26790 0.000993 241923.000000 271052 222264 
26800 0.000997 239606.000000 275603 220933 
26810 0.000999 241056.000000 294407 210386 
26820 0.000995 234168.000000 270035 207365 
26830 0.000990 235212.000000 245220 223886 
26840 0.000995 234435.000000 254117 210066 
26850 0.000992 231596.000000 255583 218134 
26860 0.000995 243981.000000 266182 221384 
26870 0.001001 231494.000000 268525 205094 
26880 0.001006 232597.000000 248785 222802 
26890 0.001002 239359.000000 278462 200327 
26900 0.000994 234861.000000 255324 216095 
26910 0.001003 243966.000000 280811 221159 
26920 0.001000 241217.000000 263786 223551 
26930 0.000999 244344.000000 272170 217102 
26940 0.000998 230521.000000 244778 207908 
26950 0.000997 234396.000000 254419 220136 
26960 0.000999 236416.000000 251214 223243 
26970 0.000996 232769.000000 279822 213990 
26980 0.001006 242474.000000 274539 217979 
26990 0.001000 237013.000000 272126 215934 
27000 0.000996 231890.000000 248522 218535 
27010 0.000995 227428.000000 239907 211756 
27020 0.000997 229379.000000 264175 209951 
27030 0.001001 241755.000000 275126 217703 
27040 0.001008 232594.000000 250465 220216 
27050 0.001008 239838.000000 261181 215550 
27060 0.001007 238518.000000 256734 221757 
27070 0.000996 237726.000000 259209 216659 
27080 0.001011 238954.000000 274081 210780 
27090 0.001006 235017.000000 271129 206515 
27100 0.001009 246807.000000 265027 221619 
27110 0.001007 240491.000000 281148 212409 
27120 0.001005 231668.000000 252499 211702 
27130 0.001008 232190.000000 261749 221233 
27140 0.001011 235439.000000 266075 219081 
27150 0.001006 244082.000000 284774 223833 
27160 0.001007 240939.000000 263811 222969 
27170 0.001011 241086.000000 277988 217740 
27180 0.001004 228718.000000 242396 204745 
27190 0.001007 233813.000000 242652 221117 
27200 0.001002 238238.000000 269349 212609 
27210 0.001007 233478.000000 274741 217182 
27220 0.001007 241951.000000 263105 219383 
27230 0.001003 235311.000000 267939 218226 
27240 0.001004 238547.000000 272685 213766 
27250 0.001012 231094.000000 257664 218808 
27260 0.001017 235998.000000 246721 218838 
27270 0.001010 241162.000000 284986 212708 
27280 0.001007 234683.000000 248345 219348 
27290 0.001016 242240.000000 256105 212473 
27300 0.001007 242428.000000 273660 218853 
27310 0.001016 240600.000000 310230 212893 
27320 0.001022 243825.000000 270814 221974 
27330 0.001018 243368.000000 276389 211776 
27340 0.001023 252777.000000 269510 234385 
27350 0.001015 241225.000000 265879 218972 
27360 0.001009 242059.000000 273307 219471 
27370 0.001017 251294.000000 269567 222475 
27380 0.001020 240858.000000 268169 223012 
27390 0.001015 240582.000000 287847 216561 
27400 0.001020 248547.000000 281526 226093 
27410 0.001011 228186.000000 239313 214576 
27420 0.001020 250675.000000 289313 221727 
27430 0.001021 245036.000000 270601 227157 
27440 0.001024 221555.000000 237997 208556 
27450 0.001025 244718.000000 290783 222249 
27460 0.001025 239080.000000 267440 212149 
27470 0.001016 233860.000000 254947 218816 
27480 0.001019 241339.000000 272061 210079 
27490 0.001021 249917.000000 275500 227370 
27500 0.001028 234056.000000 246565 221669 
27510 0.001028 249100.000000 276174 222645 
27520 0.001019 236140.000000 254161 213633 
27530 0.001018 244571.000000 263174 231083 
27540 0.001027 237885.000000 264325 222556 
27550 0.001023 240908.000000 268459 224195 
27560 0.001025 240691.000000 250176 233005 
27570 0.001026 238369.000000 262761 211549 
27580 0.001024 247276.000000 271991 230679 
27590 0.001016 230992.000000 257981 208445 
27600 0.001025 247184.000000 267921 225233 
27610 0.001026 251858.000000 286292 236058 
27620 0.001027 244426.000000 274298 222813 
27630 0.001028 246744.000000 279019 224459 
27640 0.001028 248248.000000 266270 230937 
27650 0.001025 236959.000000 254444 223749 
27660 0.001027 235639.000000 256392 216515 
27670 0.001034 255748.000000 287149 232731 
27680 0.001028 242423.000000 274809 214445 
27690 0.001030 249520.000000 286514 207383 
27700 0.001033 244560.000000 261090 224300 
27710 0.001036 243279.000000 284154 223111 
27720 0.001034 242394.000000 280382 224016 
27730 0.001042 240399.000000 260218 226737 
27740 0.001035 247422.000000 283000 216970 
27750 0.001035 241899.000000 274307 221869 
27760 0.001036 248520.000000 279147 220208 
27770 0.001030 244556.000000 261713 231740 
27780 0.001034 238986.000000 257565 213693 
27790 0.001035 244992.000000 275412 226237 
27800 0.001031 241628.000000 260582 227228 
27810 0.001036 260158.000000 288199 235005 
27820 0.001030 246038.000000 286227 226232 
27830 0.001037 246536.000000 274544 229706 
27840 0.001033 239242.000000 266531 207972 
27850 0.001045 246194.000000 267628 218580 
27860 0.001033 239208.000000 258536 222020 
27870 0.001032 243325.000000 295974 224141 
27880 0.001040 244649.000000 299695 216815 
27890 0.001043 248519.000000 262553 234740 
27900 0.001039 248355.000000 272946 236350 
27910 0.001049 248054.000000 279793 228721 
27920 0.001033 240431.000000 254752 225847 
27930 0.001034 241817.000000 261106 219744 
27940 0.001043 246614.000000 273106 213710 
27950 0.001045 250455.000000 273372 236736 
27960 0.001045 249557.000000 270617 230501 
27970 0.001038 248326.000000 287363 237334 
27980 0.001043 246013.000000 262989 226765 
27990 0.001035 236700.000000 259956 225266 
28000 0.001033 248729.000000 302881 229352 
28010 0.001040 236525.000000 245883 218723 
28020 0.001040 239532.000000 255177 219648 
28030 0.001051 250581.000000 273315 225349 
28040 0.001034 235575.000000 245514 218311 
28050 0.001040 246340.000000 281967 227171 
28060 0.001042 241566.000000 256510 231773 
28070 0.001034 250042.000000 269898 229819 
28080 0.001045 247240.000000 282459 221574 
28090 0.001050 257685.000000 282941 231848 
28100 0.001047 245808.000000 262868 223648 
28110 0.001060 266041.000000 304525 241968 
28120 0.001049 248126.000000 276315 230446 
28130 0.001046 236915.000000 272190 220240 
28140 0.001054 245784.000000 263634 222947 
28150 0.001055 251187.000000 281095 233543 
28160 0.001058 248054.000000 267896 228911 
28170 0.001054 250833.000000 270458 226504 
28180 0.001051 252684.000000 283495 218783 
28190 0.001050 248739.000000 271212 228529 
28200 0.001044 241850.000000 269757 216177 
28210 0.001059 253247.000000 282635 226246 
28220 0.001060 243324.000000 275055 212003 
28230 0.001058 251346.000000 272834 228854 
28240 0.001056 251668.000000 263750 239520 
28250 0.001052 243455.000000 255351 228132 
28260 0.001053 246305.000000 272278 227917 
28270 0.001064 245372.000000 280780 225160 
28280 0.001056 244543.000000 270404 223385 
28290 0.001055 245978.000000 261368 235957 
28300 0.001057 262117.000000 299882 234117 
28310 0.001049 252657.000000 282410 227717 
28320 0.001062 252674.000000 279720 223634 
28330 0.001056 265133.000000 298818 235580 
28340 0.001050 259785.000000 277050 245648 
28350 0.001055 247976.000000 276431 231692 
28360 0.001057 250420.000000 268608 228968 
28370 0.001056 248323.000000 290918 228437 
28380 0.001060 256250.000000 313526 233353 
28390 0.001067 249417.000000 272554 229873 
28400 0.001059 247553.000000 266595 230810 
28410 0.001063 248370.000000 289579 217722 
28420 0.001062 248176.000000 274676 219741 
28430 0.001061 243182.000000 270548 222510 
28440 0.001073 252860.000000 265090 233706 
28450 0.001062 253761.000000 291698 213325 
28460 0.001065 251489.000000 273040 229572 
28470 0.001054 243942.000000 264515 227087 
28480 0.001056 245337.000000 279900 226646 
28490 0.001066 257647.000000 316230 225592 
28500 0.001073 257382.000000 280592 234474 
28510 0.001056 252814.000000 285929 237053 
28520 0.001061 251202.000000 278429 219280 
28530 0.001064 255150.000000 307748 228039 
28540 0.001062 252677.000000 277510 228124 
28550 0.001066 261440.000000 299899 228054 
28560 0.001066 250792.000000 271874 237139 
28570 0.001072 254355.000000 294825 226990 
28580 0.001068 247928.000000 262476 230013 
28590 0.001073 259242.000000 299146 240979 
28600 0.001065 249561.000000 264536 225107 
28610 0.001068 252332.000000 276554 227884 
28620 0.001069 250216.000000 293143 231433 
28630 0.001071 259901.000000 289262 231250 
28640 0.001072 250588.000000 290139 235471 
28650 0.001078 253288.000000 268433 239829 
28660 0.001075 247055.000000 266525 217448 
28670 0.001079 260049.000000 317987 218922 
28680 0.001076 260962.000000 292000 230997 
28690 0.001065 248320.000000 272172 229309 
28700 0.001068 249642.000000 277691 231628 
28710 0.001076 255371.000000 280690 234021 
28720 0.001072 260112.000000 277495 237601 
28730 0.001075 257309.000000 296061 224007 
28740 0.001075 252426.000000 307460 222856 
28750 0.001072 250759.000000 275627 220900 
28760 0.001071 258895.000000 295993 225088 
28770 0.001078 260051.000000 286523 225600 
28780 0.001076 247165.000000 268923 224305 
28790 0.001069 243506.000000 289833 223806 
28800 0.001074 254118.000000 285694 231954 
28810 0.001071 254841.000000 278027 234367 
28820 0.001077 252592.000000 271083 236146 
28830 0.001078 251244.000000 276950 219637 
28840 0.001077 259883.000000 287475 226303 
28850 0.001071 249618.000000 261973 231928 
28860 0.001079 253917.000000 278267 235848 
28870 0.001088 265446.000000 305747 240946 
28880 0.001078 258022.000000 294007 227953 
28890 0.001081 252337.000000 276833 233409 
28900 0.001077 257501.000000 293813 234304 
28910 0.001083 253246.000000 282182 228254 
28920 0.001084 255339.000000 276556 237931 
28930 0.001081 249087.000000 279448 228125 
28940 0.001082 262737.000000 305718 233550 
28950 0.001086 256990.000000 286119 229351 
28960 0.001089 249909.000000 286937 229990 
28970 0.001078 253831.000000 305564 229305 
28980 0.001085 259462.000000 295360 234650 
28990 0.001076 257425.000000 289278 233964 
29000 0.001092 259248.000000 289265 234568 
29010 0.001089 253324.000000 272191 228788 
29020 0.001094 260697.000000 317661 230744 
29030 0.001090 256500.000000 286986 223976 
29040 0.001080 267629.000000 338190 236422 
29050 0.001081 258659.000000 297430 228161 
29060 0.001088 255864.000000 267204 244978 
29070 0.001091 254241.000000 272306 242118 
29080 0.001083 257626.000000 279199 233991 
29090 0.001088 263498.000000 290691 232714 
29100 0.001086 255824.000000 282192 238308 
29110 0.001089 260763.000000 280044 234520 
29120 0.001092 262996.000000 302808 242114 
29130 0.001091 255999.000000 302955 231352 
29140 0.001088 254208.000000 273429 234637 
29150 0.001080 244770.000000 270765 219984 
29160 0.001099 257397.000000 274531 239310 
29170 0.001091 261608.000000 293487 224978 
29180 0.001094 268491.000000 287214 242255 
29190 0.001092 256551.000000 281622 240610 
29200 0.001093 259037.000000 280794 239599 
29210 0.001098 255632.000000 298486 230977 
29220 0.001095 256665.000000 279086 241653 
29230 0.001100 256416.000000 298710 227891 
29240 0.001089 264943.000000 304703 233289 
29250 0.001092 265432.000000 306727 243914 
29260 0.001099 250574.000000 267642 220785 
29270 0.001095 257038.000000 285491 232870 
29280 0.001094 255538.000000 281564 226268 
29290 0.001093 261228.000000 294803 228232 
29300 0.001087 251727.000000 282081 226358 
29310 0.001097 270185.000000 290990 248084 
29320 0.001106 265728.000000 298034 249674 
29330 0.001102 257634.000000 284700 235652 
29340 0.001104 267587.000000 287365 244951 
29350 0.001101 261828.000000 300576 238551 
29360 0.001097 259061.000000 277030 236824 
29370 0.001098 256403.000000 271676 240287 
29380 0.001105 257520.000000 282775 237830 
29390 0.001099 259554.000000 304369 244684 
29400 0.001105 262627.000000 302157 230285 
29410 0.001101 265378.000000 293712 237232 
29420 0.001105 261846.000000 285558 236282 
29430 0.001105 266991.000000 291958 246929 
29440 0.001096 251593.000000 275256 225945 
29450 0.001100 263183.000000 302101 238165 
29460 0.001101 270581.000000 290836 251666 
29470 0.001101 260904.000000 286518 242764 
29480 0.001104 259535.000000 290586 234182 
29490 0.001102 263494.000000 295832 242994 
29500 0.001100 265259.000000 281476 246598 
29510 0.001114 268600.000000 302747 238149 
29520 0.001107 270588.000000 302803 239881 
29530 0.001105 254547.000000 291418 235732 
29540 0.001106 271462.000000 305298 243578 
29550 0.001109 258929.000000 285237 241981 
29560 0.001109 260893.000000 289913 237781 
29570 0.001116 270273.000000 320615 251819 
29580 0.001114 258409.000000 284170 231781 
29590 0.001117 273443.000000 309949 249293 
29600 0.001116 260299.000000 289089 235095 
29610 0.001116 266789.000000 292884 239599 
29620 0.001117 269879.000000 301031 235651 
29630 0.001112 263644.000000 303017 237941 
29640 0.001114 260632.000000 290738 238407 
29650 0.001111 256642.000000 290274 233386 
29660 0.001110 264735.000000 283207 243723 
29670 0.001122 256357.000000 269139 243555 
29680 0.001112 262825.000000 272794 250129 
29690 0.001108 261548.000000 306947 227946 
29700 0.001112 269893.000000 298126 258140 
29710 0.001113 260141.000000 292228 222616 
29720 0.001118 261161.000000 302089 229240 
29730 0.001109 253010.000000 279487 234254 
29740 0.001111 271129.000000 315730 245434 
29750 0.001118 253738.000000 267071 235474 
29760 0.001116 270342.000000 294323 250087 
29770 0.001114 269957.000000 323441 246996 
29780 0.001123 264682.000000 279384 247274 
29790 0.001127 270038.000000 309100 237934 
29800 0.001120 259058.000000 315842 239967 
29810 0.001120 261409.000000 276514 249624 
29820 0.001125 256815.000000 298561 233184 
29830 0.001136 270896.000000 303493 248946 
29840 0.001121 262327.000000 316154 243672 
29850 0.001116 270393.000000 306861 247838 
29860 0.001121 268313.000000 297146 248518 
29870 0.001131 276046.000000 313833 252091 
29880 0.001119 270943.000000 296442 251397 
29890 0.001116 262392.000000 300303 234159 
29900 0.001118 267026.000000 295224 240599 
29910 0.001123 261690.000000 290934 240840 
29920 0.001133 267367.000000 313083 242292 
29930 0.001131 270628.000000 315371 247483 
29940 0.001121 266080.000000 301341 239792 
29950 0.001128 269621.000000 299085 248818 
29960 0.001127 274289.000000 325904 230969 
29970 0.001129 276017.000000 297459 259099 
29980 0.001120 263743.000000 301067 238759 
29990 0.001129 257401.000000 279939 244882 
30000 0.001127 257972.000000 272700 243330 
30010 0.001131 272219.000000 311870 248612 
30020 0.001134 273732.000000 291851 238887 
30030 0.001133 276841.000000 327523 239256 
30040 0.001133 274730.000000 305244 240097 
30050 0.001125 267616.000000 294278 241833 
30060 0.001207 260603.000000 276947 227060 
30070 0.001226 260601.000000 296187 234780 
30080 0.001146 275652.000000 326373 255107 
30090 0.001142 274962.000000 308436 241271 
30100 0.001138 275610.000000 322847 257921 
30110 0.001137 275051.000000 330664 253214 
30120 0.001132 278913.000000 360403 234476 
30130 0.001133 261167.000000 279008 234571 
30140 0.001138 276204.000000 311003 242287 
30150 0.001136 254122.000000 273173 241016 
30160 0.001142 269029.000000 326476 242649 
30170 0.001147 264300.000000 292127 237312 
30180 0.001139 271179.000000 327079 252464 
30190 0.001134 265825.000000 290468 239275 
30200 0.001141 267088.000000 312928 239828 
30210 0.001147 276438.000000 298076 254816 
30220 0.001146 272504.000000 310983 243736 
30230 0.001134 261554.000000 303186 235143 
30240 0.001143 265978.000000 285880 251569 
30250 0.001139 265875.000000 306394 237704 
30260 0.001147 271726.000000 291835 243889 
30270 0.001146 265458.000000 289319 242606 
30280 0.001146 271108.000000 318524 235091 
30290 0.001140 255548.000000 281089 239341 
30300 0.001145 270665.000000 324594 246092 
30310 0.001143 261943.000000 281938 230924 
30320 0.001147 267570.000000 299006 234093 
30330 0.001135 266080.000000 296496 242142 
30340 0.001142 271290.000000 287431 251499 
30350 0.001148 270936.000000 282274 253781 
30360 0.001142 267056.000000 301756 245360 
30370 0.001140 276576.000000 301362 242239 
30380 0.001146 274906.000000 305673 256546 
30390 0.001146 274120.000000 297573 256369 
30400 0.001151 259040.000000 288650 238636 
30410 0.001139 265055.000000 292269 238741 
30420 0.001144 267204.000000 299347 239224 
30430 0.001148 283809.000000 321773 256496 
30440 0.001140 278766.000000 318000 242040 
30450 0.001142 260465.000000 284583 242925 
30460 0.001144 276512.000000 315235 251331 
30470 0.001142 268739.000000 292610 242463 
30480 0.001146 270039.000000 295497 249957 
30490 0.001150 274113.000000 301566 244064 
30500 0.001148 270073.000000 292182 236506 
30510 0.001155 276243.000000 314965 243118 
30520 0.001153 272450.000000 305462 251258 
30530 0.001151 271541.000000 295607 248249 
30540 0.001148 273747.000000 315819 247748 
30550 0.001151 262051.000000 280319 243441 
30560 0.001161 263617.000000 286298 243542 
30570 0.001157 276641.000000 306603 248232 
30580 0.001164 275926.000000 300436 252664 
30590 0.001154 274293.000000 286294 250734 
30600 0.001150 268353.000000 305172 241919 
30610 0.001161 272383.000000 303201 257453 
30620 0.001143 269041.000000 295098 233120 
30630 0.001164 286804.000000 336724 254889 
30640 0.001163 271906.000000 302877 254495 
30650 0.001161 274789.000000 338235 254542 
30660 0.001161 274824.000000 318457 254365 
30670 0.001153 265517.000000 285028 232464 
30680 0.001165 273280.000000 327875 244560 
30690 0.001160 267763.000000 296469 241983 
30700 0.001167 272485.000000 298655 241454 
30710 0.001167 269098.000000 291631 254235 
30720 0.001158 267408.000000 307815 242655 
30730 0.001163 280658.000000 293088 264020 
30740 0.001166 279039.000000 310623 244703 
30750 0.001161 272635.000000 293236 252077 
30760 0.001155 261080.000000 290802 239048 
30770 0.001160 270088.000000 304930 239820 
30780 0.001161 277448.000000 296204 258431 
30790 0.001166 272802.000000 295716 257898 
30800 0.001160 277440.000000 311575 247580 
30810 0.001158 276413.000000 300283 248413 
30820 0.001165 279150.000000 302821 248327 
30830 0.001160 284359.000000 298869 240912 
30840 0.001152 270384.000000 282857 242606 
30850 0.001161 277805.000000 299369 248874 
30860 0.001170 283190.000000 324108 268192 
30870 0.001166 276306.000000 299324 255382 
30880 0.001169 283674.000000 322903 260784 
30890 0.001166 264130.000000 281745 236841 
30900 0.001161 271205.000000 304106 252225 
30910 0.001171 271812.000000 304475 249471 
30920 0.001162 267778.000000 295854 242281 
30930 0.001168 283354.000000 328419 258373 
30940 0.001177 267444.000000 283287 249134 
30950 0.001162 279736.000000 307367 243865 
30960 0.001170 276218.000000 321419 246025 
30970 0.001172 281101.000000 316941 261287 
30980 0.001163 275325.000000 318509 244287 
30990 0.001172 286115.000000 349308 259459 
31000 0.001172 273733.000000 298212 254883 
31010 0.001178 284542.000000 356455 254827 
31020 0.001183 278475.000000 304230 247723 
31030 0.001179 271566.000000 289905 248870 
31040 0.001175 271637.000000 287454 257465 
31050 0.001180 285725.000000 315273 263274 
31060 0.001177 272831.000000 298536 242800 
31070 0.001174 278744.000000 302063 262897 
31080 0.001172 270350.000000 307980 255896 
31090 0.001178 276469.000000 301303 253265 
31100 0.001181 280559.000000 316977 252910 
31110 0.001173 279747.000000 312216 251821 
31120 0.001179 268351.000000 296968 245688 
31130 0.001186 288645.000000 342141 251759 
31140 0.001181 287862.000000 312925 265032 
31150 0.001185 279063.000000 314025 260321 
31160 0.001177 274290.000000 320661 240891 
31170 0.001174 271613.000000 290998 257816 
31180 0.001176 277074.000000 311445 249844 
31190 0.001182 276180.000000 295933 252573 
31200 0.001190 279952.000000 314737 267451 
31210 0.001182 270476.000000 302247 242220 
31220 0.001185 278523.000000 329425 253117 
31230 0.001185 277428.000000 289310 252283 
31240 0.001184 273781.000000 303704 249408 
31250 0.001193 283847.000000 350354 247754 
31260 0.001190 274451.000000 288979 258236 
31270 0.001191 278968.000000 308591 257784 
31280 0.001187 274182.000000 299958 250856 
31290 0.001189 281495.000000 304367 253216 
31300 0.001184 283896.000000 316138 250462 
31310 0.001191 281424.000000 311245 261811 
31320 0.001192 274311.000000 305114 259597 
31330 0.001192 277256.000000 292986 262570 
31340 0.001188 282727.000000 311839 249264 
31350 0.001196 285742.000000 353770 261188 
31360 0.001184 286786.000000 314288 256040 
31370 0.001187 272799.000000 295687 240369 
31380 0.001190 281337.000000 300911 249876 
31390 0.001192 277291.000000 307499 256388 
31400 0.001189 275284.000000 288638 263890 
31410 0.001189 273462.000000 295886 249700 
31420 0.001193 290470.000000 325101 256503 
31430 0.001194 283400.000000 313957 256568 
31440 0.001190 275116.000000 299251 255237 
31450 0.001196 280974.000000 312938 255297 
31460 0.001185 272051.000000 286632 254850 
31470 0.001203 279951.000000 298172 262816 
31480 0.001194 277417.000000 325538 257838 
31490 0.001195 280590.000000 303274 266775 
31500 0.001197 274122.000000 298204 247611 
31510 0.001195 284678.000000 320273 250280 
31520 0.001200 281598.000000 312167 258131 
31530 0.001198 285555.000000 329240 265017 
31540 0.001200 286377.000000 306897 257570 
31550 0.001194 276349.000000 300343 254363 
31560 0.001193 283984.000000 305612 262088 
31570 0.001197 282825.000000 312287 254550 
31580 0.001189 281256.000000 313578 248706 
31590 0.001273 276342.000000 310437 253224 
31600 0.001203 287737.000000 331986 267030 
31610 0.001250 286783.000000 322203 253354 
31620 0.001184 277844.000000 307772 259508 
31630 0.001182 276282.000000 287000 267090 
31640 0.001285 293753.000000 314382 259756 
31650 0.001172 276846.000000 306911 245366 
31660 0.001186 293898.000000 355685 257540 
31670 0.001163 276148.000000 306309 258386 
31680 0.001189 281392.000000 307414 256782 
31690 0.001216 296691.000000 347169 264251 
31700 0.001221 289659.000000 310370 272945 
31710 0.001215 291817.000000 305450 278125 
31720 0.001228 292315.000000 319240 257936 
31730 0.001222 280182.000000 312573 243681 
31740 0.001225 292686.000000 318842 268882 
31750 0.001224 279896.000000 291574 262384 
31760 0.001232 283385.000000 329879 257633 
31770 0.001239 285647.000000 298714 273590 
31780 0.001246 300790.000000 339820 273147 
31790 0.001225 292992.000000 340207 259401 
31800 0.001229 287757.000000 313894 253208 
31810 0.001226 280400.000000 307746 263141 
31820 0.001236 297688.000000 332913 283168 
31830 0.001239 281409.000000 321167 264532 
31840 0.001223 281781.000000 304594 254829 
31850 0.001226 274880.000000 313232 252833 
31860 0.001234 288352.000000 321014 258425 
31870 0.001225 277711.000000 310624 259625 
31880 0.001234 296695.000000 379388 259015 
31890 0.001234 281173.000000 307564 259510 
31900 0.001226 281860.000000 318569 256187 
31910 0.001230 284608.000000 311274 267309 
31920 0.001230 279038.000000 292691 258007 
31930 0.001228 288229.000000 316275 267581 
31940 0.001239 285454.000000 315050 249135 
31950 0.001291 279825.000000 314917 246879 
31960 0.001175 282734.000000 307319 246587 
31970 0.001180 290305.000000 319925 257948 
31980 0.001181 279337.000000 299256 265454 
31990 0.001180 278467.000000 299670 256741 
32000 0.001185 274000.000000 292573 249199 
32010 0.001193 284125.000000 297021 262149 
32020 0.001189 289475.000000 336629 264445 
32030 0.001204 291866.000000 325266 263657 
32040 0.001211 283819.000000 314084 265466 
32050 0.001204 291971.000000 312810 259755 
32060 0.001206 286622.000000 325468 268212 
32070 0.001205 286811.000000 307364 268052 
32080 0.001202 281258.000000 296776 265290 
32090 0.001220 284193.000000 330885 267896 
32100 0.001211 280238.000000 313175 256983 
32110 0.001214 292479.000000 308393 263302 
32120 0.001203 281491.000000 314453 254344 
32130 0.001215 294885.000000 317265 270886 
32140 0.001217 294593.000000 315322 265934 
32150 0.001214 282539.000000 304707 258836 
32160 0.001211 281206.000000 314342 262325 
32170 0.001218 300795.000000 331927 271102 
32180 0.001216 285520.000000 318391 258660 
32190 0.001216 289683.000000 331662 264992 
32200 0.001216 288326.000000 313085 264680 
32210 0.001221 289268.000000 321694 258534 
32220 0.001215 290074.000000 338838 264349 
32230 0.001223 298271.000000 360855 269927 
32240 0.001221 287871.000000 307326 260955 
32250 0.001216 284153.000000 321354 260830 
32260 0.001223 283841.000000 317584 254728 
32270 0.001222 288664.000000 334704 265506 
32280 0.001218 292219.000000 332233 255429 
32290 0.001217 285592.000000 323114 258225 
32300 0.001223 288746.000000 301450 270013 
32310 0.001212 289598.000000 308638 272259 
32320 0.001220 287408.000000 307686 263901 
32330 0.001225 293767.000000 323645 275804 
32340 0.001222 288426.000000 320108 252366 
32350 0.001221 297861.000000 335407 267543 
32360 0.001224 284093.000000 304073 260057 
32370 0.001227 306362.000000 358558 277690 
32380 0.001232 286882.000000 309948 265198 
32390 0.001232 286579.000000 315053 265409 
32400 0.001230 286265.000000 316034 269330 
32410 0.001234 298170.000000 347595 276838 
32420 0.001233 291503.000000 315518 270829 
32430 0.001216 285923.000000 305023 267158 
32440 0.001223 286101.000000 314482 262730 
32450 0.001231 295454.000000 331340 266127 
32460 0.001229 297160.000000 352874 274678 
32470 0.001229 295402.000000 339105 258039 
32480 0.001229 287982.000000 362297 257640 
32490 0.001231 290520.000000 323468 263872 
32500 0.001232 280013.000000 298537 272329 
32510 0.001220 291128.000000 325180 267089 
32520 0.001233 281228.000000 303766 263603 
32530 0.001230 288197.000000 316542 263378 
32540 0.001227 288136.000000 316179 258471 
32550 0.001228 293659.000000 340694 265362 
32560 0.001234 290142.000000 311702 277315 
32570 0.001234 295502.000000 343664 274507 
32580 0.001235 287466.000000 320732 266926 
32590 0.001239 286245.000000 323112 268098 
32600 0.001235 291094.000000 319609 269122 
32610 0.001245 298175.000000 339341 273842 
32620 0.001235 293938.000000 315283 269273 
32630 0.001235 286399.000000 308433 265538 
32640 0.001234 295826.000000 334627 272586 
32650 0.001241 287257.000000 348193 265497 
32660 0.001229 293658.000000 318736 267365 
32670 0.001239 293731.000000 323300 267441 
32680 0.001240 292504.000000 331779 266449 
32690 0.001236 284756.000000 307155 263597 
32700 0.001241 292560.000000 325850 252192 
32710 0.001244 297335.000000 318598 266567 
32720 0.001249 300285.000000 340564 270015 
32730 0.001246 298699.000000 330810 265269 
32740 0.001238 297616.000000 336275 277954 
32750 0.001246 294626.000000 318437 275087 
32760 0.001246 302802.000000 349067 277038 
32770 0.001238 278142.000000 301410 257566 
32780 0.001241 296635.000000 335249 270509 
32790 0.001236 289356.000000 338092 262887 
32800 0.001248 295073.000000 351995 272246 
32810 0.001245 299904.000000 354545 271304 
32820 0.001247 299151.000000 340311 277884 
32830 0.001250 303571.000000 344145 280463 
32840 0.001245 284220.000000 314179 267581 
32850 0.001237 287729.000000 316072 249234 
32860 0.001245 308909.000000 367935 266224 
32870 0.001245 296040.000000 345033 268427 
32880 0.001240 288068.000000 307133 266908 
32890 0.001242 298889.000000 342819 263621 
32900 0.001244 295900.000000 333089 262802 
32910 0.001250 292653.000000 373633 262847 
32920 0.001244 292463.000000 317643 270632 
32930 0.001249 300643.000000 331478 281632 
32940 0.001253 295955.000000 336671 263057 
32950 0.001255 309028.000000 345576 274478 
32960 0.001251 292380.000000 318538 278118 
32970 0.001244 289745.000000 315855 267215 
32980 0.001257 308841.000000 339007 277491 
32990 0.001249 290678.000000 347222 266909 
33000 0.001260 289431.000000 303762 271910 
33010 0.001254 287889.000000 307980 266354 
33020 0.001258 303394.000000 338086 279427 
33030 0.001252 286231.000000 308021 269992 
33040 0.001254 299449.000000 378444 259424 
33050 0.001259 291755.000000 319394 273483 
33060 0.001253 298193.000000 321828 268722 
33070 0.001268 297996.000000 345360 263995 
33080 0.001257 303744.000000 350844 282968 
33090 0.001256 284123.000000 314041 259841 
33100 0.001261 304534.000000 363403 277808 
33110 0.001260 306195.000000 389201 269317 
33120 0.001258 302767.000000 344929 276349 
33130 0.001255 288844.000000 309286 260008 
33140 0.001257 292362.000000 306193 278949 
33150 0.001251 300659.000000 343992 271192 
33160 0.001265 312000.000000 336880 271728 
33170 0.001258 293054.000000 333359 277634 
33180 0.001256 304327.000000 327883 273571 
33190 0.001255 301882.000000 317672 273649 
33200 0.001255 283596.000000 301440 255403 
33210 0.001254 293715.000000 335282 261017 
33220 0.001271 308717.000000 338430 280689 
33230 0.001261 301348.000000 338990 277558 
33240 0.001270 299441.000000 341916 275541 
33250 0.001260 299222.000000 319232 271122 
33260 0.001267 303861.000000 341215 273984 
33270 0.001266 299200.000000 324472 270599 
33280 0.001265 297758.000000 359245 270642 
33290 0.001264 297784.000000 349828 273274 
33300 0.001260 291572.000000 325505 271984 
33310 0.001261 304600.000000 322864 283767 
33320 0.001267 299837.000000 323454 272467 
33330 0.001267 309627.000000 351889 266396 
33340 0.001261 289841.000000 306191 261170 
33350 0.001280 312906.000000 343251 292568 
33360 0.001262 293618.000000 305651 273659 
33370 0.001265 300627.000000 335014 274046 
33380 0.001269 295031.000000 322542 277662 
33390 0.001266 304976.000000 352592 276000 
33400 0.001267 294480.000000 314029 270473 
33410 0.001269 300151.000000 336724 275162 
33420 0.001268 299603.000000 318649 274064 
33430 0.001268 297405.000000 316332 267898 
33440 0.001266 302128.000000 322535 277543 
33450 0.001270 294118.000000 327162 277246 
33460 0.001276 303449.000000 361291 271229 
33470 0.001269 303506.000000 363256 267755 
33480 0.001265 299380.000000 349118 268110 
33490 0.001269 299780.000000 331409 283059 
33500 0.001266 307907.000000 343311 272406 
33510 0.001276 295122.000000 348613 258867 
33520 0.001274 301715.000000 361961 262756 
33530 0.001280 297899.000000 353293 278389 
33540 0.001277 298242.000000 327808 279177 
33550 0.001285 299892.000000 329928 272875 
33560 0.001275 314609.000000 378206 276550 
33570 0.001272 295451.000000 319403 277846 
33580 0.001276 304475.000000 331196 274779 
33590 0.001285 305764.000000 344718 286921 
33600 0.001278 305852.000000 339895 275153 
33610 0.001278 299744.000000 318287 283331 
33620 0.001284 304446.000000 341513 275693 
33630 0.001270 290497.000000 310230 277748 
33640 0.001276 307905.000000 351445 274916 
33650 0.001285 301850.000000 375370 275071 
33660 0.001282 306407.000000 339592 276356 
33670 0.001289 302519.000000 324325 283026 
33680 0.001284 292407.000000 326307 277186 
33690 0.001275 307002.000000 353426 279614 
33700 0.001281 302972.000000 372557 270820 
33710 0.001277 309046.000000 332238 291797 
33720 0.001286 297688.000000 331260 269682 
33730 0.001286 292286.000000 319435 276936 
33740 0.001272 294851.000000 328806 275394 
33750 0.001280 293145.000000 310213 269585 
33760 0.001290 310143.000000 359322 273127 
33770 0.001288 308332.000000 348461 279580 
33780 0.001283 307048.000000 343292 280400 
33790 0.001294 312855.000000 382260 283016 
33800 0.001294 299147.000000 323590 276793 
33810 0.001290 310465.000000 346716 281613 
33820 0.001293 305111.000000 363303 263255 
33830 0.001293 309530.000000 356856 264192 
33840 0.001285 313245.000000 350366 274744 
33850 0.001284 299245.000000 315659 271188 
33860 0.001294 309299.000000 328997 281960 
33870 0.001291 297279.000000 322390 274878 
33880 0.001291 304794.000000 331454 280856 
33890 0.001289 302181.000000 351623 267047 
33900 0.001285 297790.000000 332042 280811 
33910 0.001287 301291.000000 337263 273586 
33920 0.001281 299165.000000 335734 269912 
33930 0.001295 292856.000000 315329 278016 
33940 0.001296 312053.000000 352100 292094 
33950 0.001289 309401.000000 353703 278720 
33960 0.001289 316443.000000 351675 284704 
33970 0.001281 305389.000000 326696 260464 
33980 0.001291 298595.000000 314406 275729 
33990 0.001297 309957.000000 360907 280980 
34000 0.001299 293035.000000 308492 279628 
34010 0.001296 303801.000000 339825 273947 
34020 0.001289 295252.000000 325674 279982 
34030 0.001297 300820.000000 323829 284477 
34040 0.001294 318706.000000 346820 291808 
34050 0.001300 308698.000000 339720 278415 
34060 0.001297 308725.000000 338374 276618 
34070 0.001295 302650.000000 318833 288162 
34080 0.001291 305232.000000 324783 286594 
34090 0.001298 319502.000000 354514 297039 
34100 0.001293 312064.000000 343772 278575 
34110 0.001296 302526.000000 347584 280330 
34120 0.001300 305958.000000 324182 289124 
34130 0.001292 316012.000000 343220 291052 
34140 0.001299 301551.000000 320161 287261 
34150 0.001298 301950.000000 337287 277359 
34160 0.001319 312902.000000 338927 290501 
34170 0.001290 303319.000000 343894 278820 
34180 0.001305 304380.000000 326927 286134 
34190 0.001296 303695.000000 344702 268947 
34200 0.001306 314874.000000 349728 294059 
34210 0.001305 302610.000000 322779 272850 
34220 0.001302 308246.000000 333652 289719 
34230 0.001300 306887.000000 326338 287162 
34240 0.001302 314175.000000 356891 289010 
34250 0.001304 312893.000000 375804 273187 
34260 0.001299 301731.000000 320600 270746 
34270 0.001313 310570.000000 337501 283622 
34280 0.001309 297387.000000 308891 274510 
34290 0.001307 314890.000000 411274 271614 
34300 0.001307 314768.000000 342051 293495 
34310 0.001305 312585.000000 353162 286400 
34320 0.001312 317137.000000 376517 268761 
34330 0.001310 306916.000000 337223 284315 
34340 0.001303 302598.000000 328186 283702 
34350 0.001308 307513.000000 379964 279491 
34360 0.001316 316663.000000 340920 288198 
34370 0.001304 308339.000000 327501 277765 
34380 0.001324 312256.000000 333926 279259 
34390 0.001313 316367.000000 350479 289983 
34400 0.001307 314237.000000 355005 291732 
34410 0.001309 300878.000000 317321 280722 
34420 0.001307 311404.000000 341114 286566 
34430 0.001313 319186.000000 363833 293444 
34440 0.001318 308135.000000 348378 278346 
34450 0.001311 316667.000000 338967 284814 
34460 0.001313 315980.000000 365180 281603 
34470 0.001306 308079.000000 328689 291999 
34480 0.001320 306757.000000 327305 276083 
34490 0.001312 310708.000000 353595 281476 
34500 0.001314 318173.000000 349798 276916 
34510 0.001319 313161.000000 363180 271746 
34520 0.001310 309667.000000 367972 284987 
34530 0.001311 308530.000000 363519 289859 
34540 0.001313 318401.000000 344591 293915 
34550 0.001315 316290.000000 357278 290979 
34560 0.001327 316426.000000 342052 292575 
34570 0.001313 307311.000000 329258 290796 
34580 0.001308 314488.000000 351845 272850 
34590 0.001320 305887.000000 351963 282480 
34600 0.001314 301040.000000 330851 281601 
34610 0.001325 321002.000000 346936 299798 
34620 0.001319 303718.000000 320460 282395 
34630 0.001320 315357.000000 354480 285607 
34640 0.001326 312304.000000 347724 271831 
34650 0.001323 304966.000000 325670 291917 
34660 0.001315 300207.000000 323521 278172 
34670 0.001330 313001.000000 348084 280307 
34680 0.001317 313940.000000 337333 285352 
34690 0.001323 311062.000000 335217 291262 
34700 0.001327 321222.000000 386423 287220 
34710 0.001326 308780.000000 330558 281948 
34720 0.001331 315353.000000 384121 284963 
34730 0.001335 315739.000000 354000 286869 
34740 0.001327 317954.000000 356765 301949 
34750 0.001330 306338.000000 348785 285878 
34760 0.001327 316603.000000 340159 289341 
34770 0.001326 307092.000000 349263 279443 
34780 0.001325 307595.000000 349304 281608 
34790 0.001323 314272.000000 343652 272293 
34800 0.001333 322101.000000 363355 302063 
34810 0.001331 304758.000000 321365 284165 
34820 0.001335 302193.000000 325306 279086 
34830 0.001333 307103.000000 356596 273067 
34840 0.001341 315244.000000 353110 272631 
34850 0.001329 311309.000000 357110 272023 
34860 0.001336 316454.000000 369461 276668 
34870 0.001329 312636.000000 333897 264757 
34880 0.001331 309702.000000 349156 284933 
34890 0.001326 309176.000000 349901 289279 
34900 0.001341 303760.000000 320264 292218 
34910 0.001339 311131.000000 348704 286942 
34920 0.001335 319713.000000 349819 289883 
34930 0.001339 319869.000000 343537 293668 
34940 0.001338 314558.000000 355416 284288 
34950 0.001339 322353.000000 365904 289408 
34960 0.001341 324690.000000 371769 292052 
34970 0.001344 327778.000000 392878 291577 
34980 0.001338 316574.000000 337476 295252 
34990 0.001352 329353.000000 378558 296457 
35000 0.001337 317685.000000 332918 294022 
35010 0.001341 312735.000000 362338 280315 
35020 0.001333 317896.000000 346266 295233 
35030 0.001337 322801.000000 382897 289658 
35040 0.001338 328549.000000 356382 288728 
35050 0.001334 309072.000000 337607 290061 
35060 0.001329 304083.000000 333144 280379 
35070 0.001346 314783.000000 333837 300379 
35080 0.001340 314463.000000 334787 295442 
35090 0.001343 313419.000000 371415 286997 
35100 0.001334 304984.000000 332663 278672 
35110 0.001339 313052.000000 354165 294922 
35120 0.001344 310359.000000 359198 282543 
35130 0.001347 316402.000000 370136 276627 
35140 0.001336 316999.000000 346489 288815 
35150 0.001349 316350.000000 351001 294097 
35160 0.001339 313111.000000 332980 284553 
35170 0.001337 317825.000000 333710 285744 
35180 0.001361 324791.000000 362500 300733 
35190 0.001352 318064.000000 350367 284329 
35200 0.001344 310815.000000 342046 280501 
35210 0.001352 327710.000000 361664 292278 
35220 0.001351 319934.000000 357667 296241 
35230 0.001345 317386.000000 337122 297588 
35240 0.001349 311270.000000 386265 284819 
35250 0.001349 325313.000000 376838 289076 
35260 0.001353 325951.000000 363605 299959 
35270 0.001347 317887.000000 332902 295619 
35280 0.001349 315647.000000 346968 290924 
35290 0.001350 307391.000000 327363 282254 
35300 0.001353 319795.000000 368680 275636 
35310 0.001356 327112.000000 344719 303213 
35320 0.001358 312826.000000 375217 285922 
35330 0.001379 320569.000000 358941 299043 
35340 0.001349 310310.000000 341834 284631 
35350 0.001356 316245.000000 344246 296469 
35360 0.001355 318154.000000 344382 282146 
35370 0.001360 321933.000000 353670 296380 
35380 0.001350 318572.000000 373663 296669 
35390 0.001350 323360.000000 358623 289392 
35400 0.001349 305501.000000 343008 292343 
35410 0.001359 320261.000000 353545 300494 
35420 0.001361 320962.000000 350969 284671 
35430 0.001355 321371.000000 356030 301743 
35440 0.001356 319048.000000 383716 292969 
35450 0.001366 318720.000000 350024 293122 
35460 0.001351 321189.000000 363812 282610 
35470 0.001365 338157.000000 385980 301109 
35480 0.001359 321794.000000 344510 294183 
35490 0.001353 322271.000000 356393 302206 
35500 0.001357 323601.000000 349010 307266 
35510 0.001368 320373.000000 340312 285451 
35520 0.001347 314363.000000 357355 288260 
35530 0.001361 318743.000000 385127 299630 
35540 0.001361 320279.000000 351999 291411 
35550 0.001359 319220.000000 366194 285351 
35560 0.001365 332634.000000 363571 307713 
35570 0.001357 319215.000000 350920 294518 
35580 0.001365 317139.000000 340372 306942 
35590 0.001369 332740.000000 355655 302761 
35600 0.001362 315431.000000 345935 289097 
35610 0.001358 328425.000000 387969 281420 
35620 0.001374 333537.000000 397065 308532 
35630 0.001371 319848.000000 339431 291992 
35640 0.001366 330971.000000 363563 300847 
35650 0.001354 320949.000000 343277 293682 
35660 0.001363 319684.000000 357889 293184 
35670 0.001368 320873.000000 359218 301943 
35680 0.001368 337367.000000 402482 291344 
35690 0.001368 340974.000000 399143 302728 
35700 0.001362 320016.000000 353891 292170 
35710 0.001376 328173.000000 352229 309135 
35720 0.001369 330254.000000 358654 304091 
35730 0.001373 315344.000000 356397 286470 
35740 0.001365 314879.000000 350118 280897 
35750 0.001370 322766.000000 375733 300686 
35760 0.001373 320882.000000 369323 286172 
35770 0.001370 323058.000000 344088 288671 
35780 0.001375 326458.000000 412338 294319 
35790 0.001381 330818.000000 359342 298922 
35800 0.001381 330647.000000 375678 303911 
35810 0.001389 327432.000000 366579 287906 
35820 0.001376 322367.000000 357698 306013 
35830 0.001382 328967.000000 354875 319329 
35840 0.001377 325588.000000 358448 300926 
35850 0.001376 327989.000000 363915 299689 
35860 0.001378 328072.000000 359465 305190 
35870 0.001376 317155.000000 345125 295773 
35880 0.001376 323390.000000 359738 297870 
35890 0.001388 353815.000000 408634 320380 
35900 0.001381 332174.000000 367074 297409 
35910 0.001372 315077.000000 347311 298114 
35920 0.001374 329010.000000 370000 291182 
35930 0.001374 323560.000000 343614 298457 
35940 0.001386 336728.000000 377852 303921 
35950 0.001375 315817.000000 341967 291217 
35960 0.001377 324795.000000 384415 291439 
35970 0.001381 335626.000000 404933 303724 
35980 0.001389 323924.000000 355323 294728 
35990 0.001381 328545.000000 399304 297019 
36000 0.001374 319508.000000 376527 284754 
36010 0.001388 317503.000000 338073 302468 
36020 0.001381 326884.000000 365730 293701 
36030 0.001377 322669.000000 344825 283803 
36040 0.001383 317068.000000 351248 280077 
36050 0.001380 312597.000000 335916 294737 
36060 0.001378 345553.000000 382921 309763 
36070 0.001389 325345.000000 345106 312474 
36080 0.001387 330247.000000 350761 299257 
36090 0.001376 317345.000000 340561 298230 
36100 0.001377 316783.000000 390649 285063 
36110 0.001389 329191.000000 361777 289862 
36120 0.001378 330598.000000 368516 303842 
36130 0.001391 331308.000000 371170 305079 
36140 0.001383 337219.000000 372189 317637 
36150 0.001389 326337.000000 360731 307265 
36160 0.001386 327500.000000 351983 304538 
36170 0.001399 315326.000000 350769 294417 
36180 0.001391 333599.000000 373330 306641 
36190 0.001387 326909.000000 353784 301500 
36200 0.001392 341409.000000 399779 305275 
36210 0.001387 328148.000000 364590 295904 
36220 0.001392 319187.000000 340253 293741 
36230 0.001399 331270.000000 370911 294498 
36240 0.001391 323460.000000 355470 293104 
36250 0.001399 333134.000000 376635 299513 
36260 0.001404 335487.000000 368168 294272 
36270 0.001383 325110.000000 366240 291326 
36280 0.001398 331098.000000 370898 305367 
36290 0.001398 317830.000000 348433 290104 
36300 0.001400 337893.000000 393069 300524 
36310 0.001396 331987.000000 384737 293106 
36320 0.001394 322574.000000 346204 298012 
36330 0.001394 324509.000000 360604 303353 
36340 0.001387 320580.000000 343858 294523 
36350 0.001394 319509.000000 346631 292832 
36360 0.001406 324303.000000 382564 283942 
36370 0.001407 331739.000000 370270 297712 
36380 0.001397 317909.000000 346888 297555 
36390 0.001405 317357.000000 344504 296387 
36400 0.001405 330413.000000 370368 291230 
36410 0.001399 325599.000000 360365 290829 
36420 0.001404 337724.000000 401904 294630 
36430 0.001404 326264.000000 358972 308238 
36440 0.001411 331005.000000 365726 308204 
36450 0.001616 333647.000000 379184 298071 
36460 0.001414 336607.000000 389060 300284 
36470 0.001406 322150.000000 371179 300631 
36480 0.001401 334649.000000 384659 294881 
36490 0.001399 325416.000000 358995 301480 
36500 0.001400 329784.000000 356477 303565 
36510 0.001408 335609.000000 344847 315242 
36520 0.001418 336121.000000 354030 316912 
36530 0.001410 330011.000000 373145 288241 
36540 0.001400 325948.000000 360619 303326 
36550 0.001410 322224.000000 352613 293549 
36560 0.001407 335131.000000 384019 298798 
36570 0.001406 341409.000000 364727 320529 
36580 0.001411 347971.000000 402578 314351 
36590 0.001403 319722.000000 343382 297451 
36600 0.001417 343864.000000 376434 302499 
36610 0.001408 331188.000000 367958 302689 
36620 0.001414 336600.000000 369012 301479 
36630 0.001405 328853.000000 401806 300449 
36640 0.001419 340761.000000 379076 317994 
36650 0.001423 333543.000000 386641 295808 
36660 0.001418 332306.000000 376370 303653 
36670 0.001404 324550.000000 344985 298317 
36680 0.001413 334587.000000 377325 314757 
36690 0.001411 335262.000000 400622 305817 
36700 0.001412 331941.000000 352747 297125 
36710 0.001412 327789.000000 366842 304575 
36720 0.001422 329331.000000 359071 293669 
36730 0.001412 333299.000000 397814 297187 
36740 0.001408 339840.000000 381320 288101 
36750 0.001417 335322.000000 371822 307357 
36760 0.001407 330797.000000 360728 315890 
36770 0.001423 350354.000000 414610 320262 
36780 0.001413 332984.000000 370624 297357 
36790 0.001414 338025.000000 366939 304706 
36800 0.001432 336214.000000 405498 308461 
36810 0.001422 333750.000000 445717 292596 
36820 0.001421 339446.000000 372650 327198 
36830 0.001414 340282.000000 404457 303506 
36840 0.001413 325007.000000 358196 300935 
36850 0.001416 345556.000000 382657 310409 
36860 0.001413 326616.000000 360110 306316 
36870 0.001416 337984.000000 363571 303671 
36880 0.001415 329406.000000 367640 294840 
36890 0.001415 341650.000000 379428 296080 
36900 0.001413 334226.000000 367203 306552 
36910 0.001435 349115.000000 388513 310794 
36920 0.001426 339291.000000 362243 302139 
36930 0.001429 344617.000000 384661 307981 
36940 0.001424 350040.000000 396918 309189 
36950 0.001421 322257.000000 354338 293549 
36960 0.001421 347366.000000 426293 315473 
36970 0.001417 339146.000000 370028 314479 
36980 0.001434 340828.000000 402533 311975 
36990 0.001424 334788.000000 381832 317252 
37000 0.001428 336128.000000 370132 314693 
37010 0.001422 332595.000000 372522 309598 
37020 0.001428 336289.000000 366302 322124 
37030 0.001419 329422.000000 354504 292050 
37040 0.001432 335638.000000 389628 308264 
37050 0.001427 341891.000000 390594 311969 
37060 0.001431 332642.000000 352188 304328 
37070 0.001428 333182.000000 369403 314113 
37080 0.001432 341707.000000 373318 309920 
37090 0.001427 336318.000000 371515 303876 
37100 0.001423 335803.000000 365542 313233 
37110 0.001429 332123.000000 349123 307893 
37120 0.001435 347039.000000 369183 326594 
37130 0.001434 359169.000000 383720 332602 
37140 0.001430 329892.000000 346847 305781 
37150 0.001428 352549.000000 416235 321493 
37160 0.001435 330422.000000 354800 294684 
37170 0.001432 338399.000000 384149 290555 
37180 0.001406 335929.000000 354037 308396 
37190 0.001390 337178.000000 385768 305479 
37200 0.001399 338491.000000 371451 307464 
37210 0.001403 323438.000000 346406 299478 
37220 0.001424 334047.000000 370287 310712 
37230 0.001421 344204.000000 406409 305029 
37240 0.001431 339201.000000 389681 308329 
37250 0.001417 342201.000000 389072 318148 
37260 0.001414 326233.000000 371900 294771 
37270 0.001432 336114.000000 357423 310686 
37280 0.001441 349827.000000 388037 308576 
37290 0.001434 347331.000000 389332 310088 
37300 0.001438 348179.000000 429796 322524 
37310 0.001438 343679.000000 382886 306356 
37320 0.001434 339250.000000 361984 295652 
37330 0.001436 335097.000000 351117 312461 
37340 0.001430 328238.000000 361433 308660 
37350 0.001434 339542.000000 377830 308520 
37360 0.001434 336750.000000 381061 312292 
37370 0.001437 342666.000000 408024 319295 
37380 0.001433 338010.000000 390961 300308 
37390 0.001428 333150.000000 370812 307658 
37400 0.001440 342945.000000 409558 315472 
37410 0.001442 335017.000000 369912 291389 
37420 0.001436 327527.000000 348966 299246 
37430 0.001438 332681.000000 373734 307735 
37440 0.001448 337267.000000 362442 307032 
37450 0.001445 338628.000000 405502 301988 
37460 0.001442 332382.000000 379727 310319 
37470 0.001449 341342.000000 372902 319182 
37480 0.001454 343738.000000 402586 317222 
37490 0.001452 341711.000000 369236 302971 
37500 0.001459 352759.000000 406533 314974 
37510 0.001442 337591.000000 391423 304576 
37520 0.001444 351764.000000 388750 329179 
37530 0.001442 347791.000000 389444 313506 
37540 0.001463 336568.000000 360065 313360 
37550 0.001448 341943.000000 371815 312532 
37560 0.001448 340939.000000 396250 320444 
37570 0.001460 335372.000000 351548 307373 
37580 0.001448 349017.000000 386678 313656 
37590 0.001454 340140.000000 396883 310137 
37600 0.001458 353393.000000 407119 306702 
37610 0.001443 344397.000000 371638 313627 
37620 0.001446 346671.000000 382671 322213 
37630 0.001453 332660.000000 360658 310894 
37640 0.001450 344242.000000 394396 310680 
37650 0.001453 343168.000000 382162 315353 
37660 0.001435 333582.000000 374626 299085 
37670 0.001458 354267.000000 395647 315364 
37680 0.001445 332364.000000 352909 312385 
37690 0.001459 343640.000000 383722 326199 
37700 0.001448 352027.000000 389153 316412 
37710 0.001460 346105.000000 387369 321551 
37720 0.001465 348905.000000 401529 316014 
37730 0.001454 329985.000000 345669 314798 
37740 0.001459 343022.000000 388919 295585 
37750 0.001465 338891.000000 365061 316664 
37760 0.001454 344844.000000 402247 296416 
37770 0.001452 340063.000000 407826 299317 
37780 0.001456 358432.000000 412086 322907 
37790 0.001456 335904.000000 370001 312771 
37800 0.001453 350948.000000 394012 320987 
37810 0.001459 343011.000000 380146 325370 
37820 0.001463 345046.000000 378220 321812 
37830 0.001462 343972.000000 409362 306228 
37840 0.001455 349622.000000 449895 305673 
37850 0.001453 343167.000000 391607 310367 
37860 0.001455 337847.000000 387972 307714 
37870 0.001453 339375.000000 381215 302787 
37880 0.001467 348221.000000 405787 325670 
37890 0.001476 336062.000000 388721 320560 
37900 0.001456 352490.000000 376222 325509 
37910 0.001459 349298.000000 381802 327940 
37920 0.001460 352457.000000 386216 329074 
37930 0.001470 358955.000000 411685 324594 
37940 0.001474 342712.000000 416518 298740 
37950 0.001456 347955.000000 379199 314259 
37960 0.001463 347017.000000 370591 315339 
37970 0.001460 334198.000000 368655 305960 
37980 0.001450 349365.000000 380978 318584 
37990 0.001461 343424.000000 374815 326036 
38000 0.001473 342730.000000 369569 316303 
38010 0.001467 351948.000000 390588 315853 
38020 0.001464 357283.000000 408928 308608 
38030 0.001463 339866.000000 359632 307651 
38040 0.001466 346666.000000 369933 328271 
38050 0.001463 351532.000000 410664 320859 
38060 0.001464 340436.000000 370351 312588 
38070 0.001471 346972.000000 384543 314152 
38080 0.001475 353220.000000 428943 311151 
38090 0.001463 334584.000000 370500 307171 
38100 0.001472 337778.000000 385267 317050 
38110 0.001476 359719.000000 395003 305053 
38120 0.001479 360595.000000 410581 312228 
38130 0.001468 342413.000000 372076 324310 
38140 0.001465 334791.000000 378574 313241 
38150 0.001465 345092.000000 374951 319909 
38160 0.001470 341900.000000 375538 321858 
38170 0.001465 350484.000000 386271 318893 
38180 0.001465 359253.000000 376478 342510 
38190 0.001485 353047.000000 403661 320276 
38200 0.001489 343286.000000 394251 317045 
38210 0.001496 354240.000000 426415 316152 
38220 0.001488 350014.000000 397257 317313 
38230 0.001483 350266.000000 400863 315464 
38240 0.001473 351251.000000 378064 331983 
38250 0.001478 336198.000000 385276 303278 
38260 0.001478 340544.000000 370726 299879 
38270 0.001480 346487.000000 395183 315057 
38280 0.001481 352209.000000 387588 309381 
38290 0.001481 347732.000000 431166 317788 
38300 0.001483 350921.000000 401483 301949 
38310 0.001473 351969.000000 408378 321753 
38320 0.001485 356575.000000 418334 338160 
38330 0.001483 356038.000000 397029 317693 
38340 0.001463 332541.000000 373104 298698 
38350 0.001481 349306.000000 423512 323261 
38360 0.001476 354755.000000 399911 328548 
38370 0.001489 348595.000000 375271 320679 
38380 0.001486 345062.000000 370119 310214 
38390 0.001482 352234.000000 386427 318398 
38400 0.001478 346064.000000 394479 300347 
38410 0.001490 343331.000000 410053 311779 
38420 0.001489 361666.000000 421540 328794 
38430 0.001478 335092.000000 362531 312328 
38440 0.001479 350131.000000 376903 333944 
38450 0.001492 353177.000000 401305 322791 
38460 0.001483 357707.000000 446761 314275 
38470 0.001488 342058.000000 375123 319877 
38480 0.001488 352276.000000 381163 321813 
38490 0.001489 345332.000000 406363 312418 
38500 0.001493 346748.000000 383033 328053 
38510 0.001480 349688.000000 379216 317484 
38520 0.001493 363894.000000 436208 321637 
38530 0.001482 353259.000000 384616 323952 
38540 0.001486 348207.000000 367840 330254 
38550 0.001487 363418.000000 437234 322683 
38560 0.001484 353641.000000 388155 326877 
38570 0.001497 361924.000000 394360 331302 
38580 0.001489 347021.000000 390106 312766 
38590 0.001484 352188.000000 387280 331883 
38600 0.001489 347581.000000 382553 310264 
38610 0.001492 357813.000000 396869 326762 
38620 0.001500 355609.000000 393275 325755 
38630 0.001489 355802.000000 395742 315462 
38640 0.001485 364113.000000 411156 317952 
38650 0.001498 356747.000000 398868 313845 
38660 0.001492 352444.000000 391019 313064 
38670 0.001487 351914.000000 388493 323991 
38680 0.001499 345091.000000 366562 317527 
38690 0.001492 345598.000000 379165 325594 
38700 0.001502 354177.000000 389560 322927 
38710 0.001495 347854.000000 406855 311490 
38720 0.001502 350849.000000 384161 331683 
38730 0.001499 347384.000000 403034 304948 
38740 0.001489 351674.000000 364111 340712 
38750 0.001500 360487.000000 388499 320227 
38760 0.001499 348793.000000 371629 310850 
38770 0.001493 369434.000000 421013 324460 
38780 0.001493 340600.000000 357895 328016 
38790 0.001499 358205.000000 394072 323733 
38800 0.001506 353308.000000 387324 316613 
38810 0.001508 353155.000000 391563 314255 
38820 0.001505 365073.000000 436336 317557 
38830 0.001504 354510.000000 411676 337319 
38840 0.001497 340631.000000 381676 315001 
38850 0.001504 362381.000000 395030 330727 
38860 0.001512 358577.000000 407463 307604 
38870 0.001501 355274.000000 380906 334481 
38880 0.001497 347633.000000 368206 311006 
38890 0.001507 356208.000000 389796 319496 
38900 0.001509 354535.000000 381468 322581 
38910 0.001501 358060.000000 408813 313001 
38920 0.001507 358661.000000 383965 333902 
38930 0.001512 336447.000000 364385 315679 
38940 0.001514 348262.000000 373622 321005 
38950 0.001499 347957.000000 375307 313845 
38960 0.001510 348803.000000 401727 321167 
38970 0.001511 363032.000000 402063 335365 
38980 0.001504 353299.000000 374882 332148 
38990 0.001509 346406.000000 374282 309088 
39000 0.001504 354656.000000 389408 329628 
39010 0.001507 370355.000000 450620 328995 
39020 0.001510 358003.000000 417635 296762 
39030 0.001525 364228.000000 414902 325676 
39040 0.001518 360925.000000 404527 327571 
39050 0.001511 367754.000000 402049 333465 
39060 0.001516 359613.000000 406079 332148 
39070 0.001503 367475.000000 390008 336977 
39080 0.001527 365233.000000 404642 331500 
39090 0.001505 363713.000000 390022 333723 
39100 0.001515 364544.000000 380113 351730 
39110 0.001522 356550.000000 396573 336798 
39120 0.001508 344971.000000 367929 315124 
39130 0.001519 366670.000000 413107 339123 
39140 0.001514 365199.000000 414110 323384 
39150 0.001521 350669.000000 383501 324493 
39160 0.001509 359728.000000 397317 328764 
39170 0.001515 354542.000000 404254 328049 
39180 0.001517 351516.000000 375010 326433 
39190 0.001506 352611.000000 389457 326931 
39200 0.001504 361310.000000 421234 330093 
39210 0.001506 352896.000000 401263 319056 
39220 0.001515 355965.000000 404235 334653 
39230 0.001513 366487.000000 434785 336120 
39240 0.001519 355170.000000 386398 315191 
39250 0.001523 355716.000000 423779 316743 
39260 0.001516 348545.000000 376986 325898 
39270 0.001520 359742.000000 385115 324007 
39280 0.001510 352582.000000 384959 334176 
39290 0.001519 362655.000000 388763 334918 
39300 0.001518 368989.000000 437427 338273 
39310 0.001539 349660.000000 371643 321330 
39320 0.001537 363474.000000 410873 312460 
39330 0.001524 365786.000000 417689 324360 
39340 0.001525 369449.000000 389785 351857 
39350 0.001526 368667.000000 413442 328720 
39360 0.001515 344090.000000 378099 322875 
39370 0.001529 375623.000000 411831 314840 
39380 0.001532 373213.000000 409331 341963 
39390 0.001514 361945.000000 399010 327284 
39400 0.001518 356611.000000 393867 315383 
39410 0.001523 357268.000000 408386 316333 
39420 0.001526 352381.000000 375180 328042 
39430 0.001529 361698.000000 381866 350120 
39440 0.001530 374888.000000 424118 334580 
39450 0.001518 362184.000000 381970 331074 
39460 0.001524 358162.000000 429394 317581 
39470 0.001524 356913.000000 382926 339641 
39480 0.001535 366098.000000 391222 323405 
39490 0.001521 354676.000000 389785 321342 
39500 0.001532 354071.000000 374762 331892 
39510 0.001521 347242.000000 366213 315438 
39520 0.001528 372004.000000 423050 344041 
39530 0.001512 362295.000000 380379 320173 
39540 0.001543 376547.000000 411169 342833 
39550 0.001534 360939.000000 392023 330844 
39560 0.001541 366114.000000 393596 329252 
39570 0.001535 360039.000000 376141 343233 
39580 0.001524 360662.000000 390783 335497 
39590 0.001530 358234.000000 403109 328650 
39600 0.001537 366355.000000 442951 330057 
39610 0.001525 367540.000000 400005 343520 
39620 0.001537 365542.000000 381845 348945 
39630 0.001537 365080.000000 398077 341001 
39640 0.001533 364084.000000 378593 343270 
39650 0.001535 365546.000000 423208 335843 
39660 0.001537 361416.000000 385448 326329 
39670 0.001547 381188.000000 477066 329934 
39680 0.001536 370298.000000 401969 332630 
39690 0.001531 359693.000000 398920 324074 
39700 0.001538 365210.000000 388321 343990 
39710 0.001541 373336.000000 401442 349460 
39720 0.001533 375788.000000 428418 347345 
39730 0.001535 362858.000000 399435 341030 
39740 0.001540 363826.000000 407155 346953 
39750 0.001543 377688.000000 408380 339634 
39760 0.001537 372781.000000 424330 342253 
39770 0.001548 360576.000000 382005 337350 
39780 0.001535 357303.000000 390547 325855 
39790 0.001538 357263.000000 400860 327566 
39800 0.001539 362358.000000 394065 320868 
39810 0.001530 355866.000000 384919 336465 
39820 0.001543 377016.000000 437726 338698 
39830 0.001527 364240.000000 408095 310359 
39840 0.001534 363697.000000 391932 339795 
39850 0.001549 366685.000000 424501 343671 
39860 0.001544 365955.000000 398976 331760 
39870 0.001555 368648.000000 422690 319643 
39880 0.001545 351851.000000 381939 326537 
39890 0.001539 371306.000000 399037 327861 
39900 0.001541 365265.000000 390872 334139 
39910 0.001550 361730.000000 401486 343447 
39920 0.001554 371021.000000 420880 331666 
39930 0.001542 362641.000000 411829 332255 
39940 0.001539 356515.000000 414623 332510 
39950 0.001547 368696.000000 397080 319575 
39960 0.001548 365978.000000 424524 326825 
39970 0.001550 363647.000000 390159 340593 
39980 0.001555 371463.000000 412445 335689 
39990 0.001557 368237.000000 400664 348054 
40000 0.001543 371395.000000 397027 346563 
40010 0.001550 360575.000000 401798 335330 
40020 0.001545 357789.000000 389263 328888 
40030 0.001553 361689.000000 384083 330338 
40040 0.001545 368152.000000 412236 341480 
40050 0.001555 368420.000000 402697 337429 
40060 0.001553 367443.000000 433842 340248 
40070 0.001552 366011.000000 432827 330783 
40080 0.001546 362559.000000 392908 325571 
40090 0.001546 367301.000000 403701 336532 
40100 0.001560 359680.000000 394127 325040 
40110 0.001555 364786.000000 407760 333864 
40120 0.001562 361105.000000 381480 327653 
40130 0.001549 376714.000000 399783 345308 
40140 0.001555 358292.000000 396168 341018 
40150 0.001549 372233.000000 418475 341824 
40160 0.001562 372461.000000 461728 335738 
40170 0.001555 362018.000000 382780 332969 
40180 0.001563 362808.000000 397261 340306 
40190 0.001562 364870.000000 405758 329745 
40200 0.001560 357073.000000 383658 328594 
40210 0.001558 364176.000000 418645 322340 
40220 0.001561 379025.000000 414329 333917 
40230 0.001561 365234.000000 385873 318450 
40240 0.001558 367207.000000 405938 337362 
40250 0.001569 361599.000000 389555 335562 
40260 0.001563 376271.000000 397252 342385 
40270 0.001563 375196.000000 455609 339446 
40280 0.001569 375132.000000 453900 336857 
40290 0.001556 370906.000000 397192 344539 
40300 0.001567 373974.000000 407010 342239 
40310 0.001568 355682.000000 401744 328395 
40320 0.001571 368373.000000 407297 350452 
40330 0.001571 374632.000000 405345 318698 
40340 0.001571 372905.000000 406468 340281 
40350 0.001563 359702.000000 390608 337575 
40360 0.001565 367208.000000 418108 320614 
40370 0.001574 375333.000000 430080 338196 
40380 0.001575 370330.000000 420518 346397 
40390 0.001573 369683.000000 407234 356603 
40400 0.001571 368266.000000 390768 334566 
40410 0.001565 361405.000000 411858 317079 
40420 0.001570 371882.000000 413818 329694 
40430 0.001567 380369.000000 423816 344275 
40440 0.001570 352968.000000 372826 337492 
40450 0.001580 372047.000000 410201 345419 
40460 0.001578 376168.000000 424474 339600 
40470 0.001574 370384.000000 419056 338390 
40480 0.001576 362126.000000 402446 336564 
40490 0.001567 372119.000000 423821 338303 
40500 0.001568 368620.000000 391289 351818 
40510 0.001578 381167.000000 416587 355880 
40520 0.001573 367973.000000 414976 338783 
40530 0.001570 377200.000000 408525 351140 
40540 0.001577 379987.000000 442257 353108 
40550 0.001572 375824.000000 412926 327841 
40560 0.001588 375996.000000 398845 351288 
40570 0.001579 382234.000000 432288 346892 
40580 0.001570 376331.000000 407116 355109 
40590 0.001582 371085.000000 394927 340194 
40600 0.001575 375463.000000 399229 342766 
40610 0.001589 384227.000000 434220 359839 
40620 0.001578 366159.000000 386433 331967 
40630 0.001585 369258.000000 412903 342037 
40640 0.001582 380183.000000 401462 345161 
40650 0.001589 364607.000000 379501 349394 
40660 0.001580 370940.000000 422646 349044 
40670 0.001571 380502.000000 408164 357166 
40680 0.001579 368538.000000 395896 355356 
40690 0.001574 362686.000000 388599 344121 
40700 0.001578 355110.000000 393046 323875 
40710 0.001584 383611.000000 424817 343278 
40720 0.001572 378590.000000 411240 338576 
40730 0.001585 379602.000000 410849 345477 
40740 0.001587 380834.000000 442529 345630 
40750 0.001587 369668.000000 403255 332955 
40760 0.001595 383593.000000 417079 360154 
40770 0.001581 373452.000000 420472 334480 
40780 0.001587 377829.000000 409994 355853 
40790 0.001595 369758.000000 404007 339392 
40800 0.001591 379457.000000 421049 342370 
40810 0.001577 375833.000000 444886 343733 
40820 0.001582 365025.000000 389085 344860 
40830 0.001584 379923.000000 441788 334991 
40840 0.001588 388620.000000 440723 352660 
40850 0.001587 372030.000000 406646 342811 
40860 0.001598 370691.000000 417443 331995 
40870 0.001581 367417.000000 401494 340407 
40880 0.001584 379401.000000 411930 337345 
40890 0.001595 378681.000000 447218 339369 
40900 0.001590 370247.000000 403952 325402 
40910 0.001592 365350.000000 395831 336507 
40920 0.001575 368384.000000 416872 328277 
40930 0.001598 379956.000000 444969 339474 
40940 0.001588 384559.000000 403166 361102 
40950 0.001594 376013.000000 393599 340431 
40960 0.001591 377425.000000 394397 353554 
40970 0.001591 376222.000000 403276 353014 
40980 0.001590 378030.000000 483461 332106 
40990 0.001594 375686.000000 404843 340393 
41000 0.001592 379777.000000 439265 347669 
41010 0.001584 368010.000000 404043 332666 
41020 0.001596 370747.000000 447371 333933 
41030 0.001587 369859.000000 410146 339737 
41040 0.001597 371434.000000 419813 346566 
41050 0.001596 390708.000000 442834 346936 
41060 0.001597 380007.000000 418407 345800 
41070 0.001586 372952.000000 414833 336190 
41080 0.001598 398283.000000 425560 369132 
41090 0.001602 387371.000000 410996 362111 
41100 0.001594 366425.000000 378322 341487 
41110 0.001604 388345.000000 435640 347730 
41120 0.001584 367267.000000 412691 326100 
41130 0.001599 393538.000000 467816 363935 
41140 0.001597 393118.000000 455416 337309 
41150 0.001607 395948.000000 444935 343568 
41160 0.001600 384294.000000 410546 360030 
41170 0.001599 377867.000000 399155 351275 
41180 0.001605 377815.000000 421983 351081 
41190 0.001606 379596.000000 413863 347634 
41200 0.001594 376156.000000 411231 344319 
41210 0.001594 375533.000000 410643 352718 
41220 0.001600 371266.000000 392457 354496 
41230 0.001608 385387.000000 412673 345827 
41240 0.001606 381393.000000 422104 339827 
41250 0.001608 375276.000000 409924 350556 
41260 0.001599 362697.000000 388509 350444 
41270 0.001608 377818.000000 436174 324820 
41280 0.001601 364117.000000 394148 343454 
41290 0.001603 373692.000000 398902 349447 
41300 0.001602 392047.000000 419156 361041 
41310 0.001618 378606.000000 418603 340406 
41320 0.001602 371023.000000 414433 351256 
41330 0.001619 389153.000000 445812 359803 
41340 0.001600 372941.000000 400093 345306 
41350 0.001602 389768.000000 413486 361457 
41360 0.001607 367144.000000 387810 338934 
41370 0.001614 383054.000000 413363 356794 
41380 0.001611 378965.000000 409763 346062 
41390 0.001618 378182.000000 406738 349715 
41400 0.001610 374504.000000 410818 339596 
41410 0.001605 372463.000000 399823 341345 
41420 0.001607 379106.000000 418202 353081 
41430 0.001614 377667.000000 393846 354689 
41440 0.001619 391720.000000 461436 366232 
41450 0.001614 396426.000000 472757 364289 
41460 0.001610 371897.000000 411895 332749 
41470 0.001614 377160.000000 397111 346772 
41480 0.001609 373180.000000 409911 342869 
41490 0.001613 381408.000000 454570 331210 
41500 0.001602 368309.000000 392177 350874 
41510 0.001608 378333.000000 439373 355009 
41520 0.001610 380883.000000 422059 334626 
41530 0.001613 386816.000000 423722 356395 
41540 0.001607 383360.000000 413766 356537 
41550 0.001622 384323.000000 418140 363069 
41560 0.001623 374052.000000 405391 350062 
41570 0.001620 384240.000000 431264 350062 
41580 0.001623 389890.000000 431822 365569 
41590 0.001624 389836.000000 424784 351742 
41600 0.001622 380412.000000 405405 346214 
41610 0.001631 384491.000000 414854 348256 
41620 0.001621 389491.000000 416190 344389 
41630 0.001625 399080.000000 443836 372248 
41640 0.001617 372157.000000 398985 353425 
41650 0.001626 375032.000000 403296 335178 
41660 0.001617 380007.000000 421332 339169 
41670 0.001615 364185.000000 377939 339575 
41680 0.001623 377397.000000 429523 343120 
41690 0.001625 398841.000000 444467 367173 
41700 0.001617 390713.000000 416515 355521 
41710 0.001625 393200.000000 469252 351495 
41720 0.001620 372464.000000 421702 337355 
41730 0.001624 389281.000000 429563 364527 
41740 0.001624 383907.000000 408097 357660 
41750 0.001633 386701.000000 457497 361678 
41760 0.001621 367440.000000 389570 339693 
41770 0.001630 378802.000000 413697 353403 
41780 0.001617 394658.000000 468694 345825 
41790 0.001639 401861.000000 456339 355228 
41800 0.001632 375703.000000 439554 342796 
41810 0.001630 393637.000000 460512 361450 
41820 0.001630 381084.000000 423153 347900 
41830 0.001624 389238.000000 416716 356926 
41840 0.001640 383444.000000 424859 361326 
41850 0.001637 400956.000000 443526 355935 
41860 0.001633 386322.000000 419533 363038 
41870 0.001632 388189.000000 417925 322800 
41880 0.001642 382416.000000 399934 361928 
41890 0.001638 391324.000000 414831 338448 
41900 0.001633 382553.000000 469593 346601 
41910 0.001634 382409.000000 432668 353637 
41920 0.001638 397357.000000 456305 347592 
41930 0.001635 379498.000000 406943 350930 
41940 0.001639 372918.000000 395501 346045 
41950 0.001641 381917.000000 438885 350304 
41960 0.001651 393685.000000 441419 370850 
41970 0.001643 391210.000000 445291 342159 
41980 0.001642 376139.000000 402286 357001 
41990 0.001630 384364.000000 452097 357081 
42000 0.001640 378424.000000 399229 356815 
42010 0.001648 389625.000000 457089 362484 
42020 0.001649 377808.000000 421428 351601 
42030 0.001640 382476.000000 439014 357092 
42040 0.001645 390431.000000 418893 354782 
42050 0.001633 382978.000000 443923 331907 
42060 0.001654 383822.000000 428750 344436 
42070 0.001646 385297.000000 420342 348224 
42080 0.001642 397034.000000 435964 360508 
42090 0.001726 392649.000000 424825 355900 
42100 0.001616 393289.000000 450653 353958 
42110 0.001640 382480.000000 407398 350485 
42120 0.001670 396559.000000 453932 360327 
42130 0.001669 381794.000000 428737 342584 
42140 0.001677 393685.000000 452162 357052 
42150 0.001679 400085.000000 439033 358185 
42160 0.001670 389418.000000 431535 363186 
42170 0.001687 388644.000000 432057 371908 
42180 0.001676 392527.000000 414715 377224 
42190 0.001669 380457.000000 407179 342772 
42200 0.001685 382094.000000 419467 355405 
42210 0.001675 400849.000000 466688 365732 
42220 0.001685 396584.000000 479809 342554 
42230 0.001687 400154.000000 446908 365729 
42240 0.001685 385304.000000 444357 350980 
42250 0.001688 408001.000000 452696 383057 
42260 0.001689 399154.000000 466849 353686 
42270 0.001686 381519.000000 419610 352109 
42280 0.001689 372920.000000 387982 343854 
42290 0.001691 382381.000000 428215 352238 
42300 0.001690 392534.000000 470064 342285 
42310 0.001683 388453.000000 424334 351053 
42320 0.001684 375439.000000 407585 354323 
42330 0.001693 405531.000000 451071 357634 
42340 0.001692 395678.000000 440402 376122 
42350 0.001687 392656.000000 431858 355000 
42360 0.001695 393384.000000 497127 365003 
42370 0.001731 391733.000000 428063 366771 
42380 0.001697 397589.000000 423011 372210 
42390 0.001697 381289.000000 453819 338618 
42400 0.001694 386472.000000 429223 352136 
42410 0.001696 381911.000000 411254 352361 
42420 0.001705 390901.000000 430813 359091 
42430 0.001690 393690.000000 433072 360049 
42440 0.001689 394163.000000 442572 354647 
42450 0.001696 382657.000000 417914 358126 
42460 0.001696 400665.000000 461325 350787 
42470 0.001688 392956.000000 433509 367897 
42480 0.001697 387854.000000 435181 355423 
42490 0.001694 397418.000000 484705 337216 
42500 0.001690 391707.000000 421293 356684 
42510 0.001710 405498.000000 440886 378173 
42520 0.001702 405575.000000 474548 359456 
42530 0.001696 397458.000000 434583 369788 
42540 0.001700 389284.000000 433313 362837 
42550 0.001713 394556.000000 439478 358286 
42560 0.001704 390138.000000 438985 358368 
42570 0.001705 397080.000000 458679 347585 
42580 0.001704 384122.000000 424278 358251 
42590 0.001701 408053.000000 488511 361067 
42600 0.001693 399714.000000 469164 346539 
42610 0.001709 382065.000000 422925 358583 
42620 0.001712 389190.000000 430194 359987 
42630 0.001709 391794.000000 445645 358194 
42640 0.001700 381931.000000 444998 339409 
42650 0.001705 395801.000000 434479 356481 
42660 0.001707 400249.000000 461580 344660 
42670 0.001700 395334.000000 463895 346492 
42680 0.001696 391301.000000 427345 365641 
42690 0.001701 395456.000000 429737 364863 
42700 0.001704 396811.000000 445883 362763 
42710 0.001703 381227.000000 407009 360200 
42720 0.001710 394481.000000 458097 361940 
42730 0.001716 396472.000000 425327 369622 
42740 0.001699 391670.000000 421153 358234 
42750 0.001709 398649.000000 448991 376291 
42760 0.001726 401043.000000 452992 362008 
42770 0.001705 394656.000000 435286 362035 
42780 0.001704 398970.000000 456907 377381 
42790 0.001695 393912.000000 411211 375829 
42800 0.001709 395164.000000 434003 360048 
42810 0.001705 400051.000000 423359 364021 
42820 0.001705 395175.000000 445662 368808 
42830 0.001713 400110.000000 483999 356654 
42840 0.001713 401975.000000 437224 363984 
42850 0.001711 393798.000000 436060 362657 
42860 0.001709 390067.000000 418783 358001 
42870 0.001707 395215.000000 424800 362901 
42880 0.001713 402800.000000 447896 369336 
42890 0.001718 408073.000000 459715 375784 
42900 0.001711 391910.000000 417548 359576 
42910 0.001728 403637.000000 496083 348913 
42920 0.001703 389626.000000 434552 350254 
42930 0.001719 404784.000000 470093 365469 
42940 0.001728 400272.000000 426427 356851 
42950 0.001713 391366.000000 425930 344881 
42960 0.001714 390879.000000 439455 364854 
42970 0.001724 404310.000000 474707 355941 
42980 0.001719 412263.000000 429092 391060 
42990 0.001711 393847.000000 444624 367745 
43000 0.001716 407442.000000 449188 383409 
43010 0.001713 385521.000000 402302 366552 
43020 0.001724 395879.000000 419854 363061 
43030 0.001715 388499.000000 404481 372509 
43040 0.001728 391920.000000 446115 363537 
43050 0.001736 393763.000000 466457 370730 
43060 0.001724 403225.000000 455643 355775 
43070 0.001720 399029.000000 439159 350211 
43080 0.001717 415235.000000 458345 381747 
43090 0.001714 405115.000000 447199 359259 
43100 0.001728 408196.000000 470370 352057 
43110 0.001726 402032.000000 427792 365839 
43120 0.001717 394410.000000 415159 373554 
43130 0.001725 409539.000000 461367 352226 
43140 0.001730 400686.000000 436010 369427 
43150 0.001723 395255.000000 421048 367113 
43160 0.001678 407021.000000 425751 384790 
43170 0.001665 409297.000000 440188 367606 
43180 0.001686 395598.000000 452046 356015 
43190 0.001687 403913.000000 428223 377217 
43200 0.001681 411843.000000 471218 375738 
43210 0.001684 409612.000000 448372 362675 
43220 0.001690 401361.000000 438612 345580 
43230 0.001693 407289.000000 443457 374176 
43240 0.001678 398861.000000 438706 374798 
43250 0.001687 410443.000000 445804 377960 
43260 0.001686 397301.000000 416288 372409 
43270 0.001702 413250.000000 474830 373361 
43280 0.001696 394228.000000 424672 360552 
43290 0.001699 390603.000000 417777 364894 
43300 0.001691 395402.000000 436074 346239 
43310 0.001687 390256.000000 425669 367899 
43320 0.001697 379498.000000 444306 352401 
43330 0.001699 405072.000000 463020 378651 
43340 0.001698 414022.000000 499593 361131 
43350 0.001699 391737.000000 446965 357099 
43360 0.001703 393726.000000 413816 374584 
43370 0.001702 401082.000000 450299 360057 
43380 0.001705 397463.000000 453540 365625 
43390 0.001700 393588.000000 433494 369896 
43400 0.001700 393062.000000 414979 372998 
43410 0.001709 395534.000000 417698 366606 
43420 0.001704 402746.000000 430715 370328 
43430 0.001706 406598.000000 457159 373426 
43440 0.001696 396568.000000 433911 352553 
43450 0.001711 413393.000000 497322 363511 
43460 0.001713 389469.000000 416681 371269 
43470 0.001711 399172.000000 450194 366020 
43480 0.001700 393891.000000 429206 353285 
43490 0.001694 392537.000000 432263 352306 
43500 0.001716 409211.000000 436373 374779 
43510 0.001706 408417.000000 444715 380347 
43520 0.001712 401419.000000 469650 341643 
43530 0.001708 399144.000000 447977 371147 
43540 0.001698 394417.000000 440746 358734 
43550 0.001709 398353.000000 419682 371182 
43560 0.001700 395406.000000 433007 363964 
43570 0.001723 409735.000000 447745 386247 
43580 0.001701 397015.000000 438948 352525 
43590 0.001701 388799.000000 440213 351883 
43600 0.001707 409774.000000 451254 366367 
43610 0.001710 412754.000000 467350 373166 
43620 0.001711 401320.000000 453972 379652 
43630 0.001704 393775.000000 420852 368527 
43640 0.001711 408541.000000 468594 363999 
43650 0.001712 402566.000000 455550 377689 
43660 0.001715 408088.000000 439251 385352 
43670 0.001706 404055.000000 452648 370715 
43680 0.001724 393277.000000 430963 365719 
43690 0.001732 405555.000000 429629 370353 
43700 0.001718 397445.000000 426251 379176 
43710 0.001721 401823.000000 468253 371761 
43720 0.001728 417987.000000 489523 395644 
43730 0.001709 401481.000000 466878 349956 
43740 0.001714 397065.000000 435831 366622 
43750 0.001733 418034.000000 472943 361945 
43760 0.001715 407801.000000 461685 376002 
43770 0.001725 405364.000000 564046 370929 
43780 0.001721 408659.000000 460380 368865 
43790 0.001737 417841.000000 448702 388140 
43800 0.001731 388125.000000 420256 366952 
43810 0.001722 415061.000000 453564 391835 
43820 0.001723 398122.000000 435442 354113 
43830 0.001736 412838.000000 446558 371380 
43840 0.001728 405067.000000 436222 376365 
43850 0.001723 413919.000000 437387 396021 
43860 0.001718 405443.000000 439992 361314 
43870 0.001731 421422.000000 475631 374187 
43880 0.001726 408622.000000 450284 387440 
43890 0.001728 410406.000000 533518 369521 
43900 0.001728 403706.000000 446994 366728 
43910 0.001723 395353.000000 431778 367990 
43920 0.001725 399932.000000 438588 366635 
43930 0.001726 414731.000000 451586 384060 
43940 0.001736 400855.000000 446099 362280 
43950 0.001732 410437.000000 467136 375031 
43960 0.001719 398953.000000 410833 387545 
43970 0.001731 411863.000000 482980 373202 
43980 0.001725 390976.000000 412697 369416 
43990 0.001734 408980.000000 446255 381322 
44000 0.001741 429485.000000 527550 392510 
44010 0.001738 414205.000000 440639 377967 
44020 0.001729 410205.000000 466518 373510 
44030 0.001740 413778.000000 475582 381811 
44040 0.001727 395854.000000 423233 374412 
44050 0.001736 401493.000000 423441 366849 
44060 0.001748 405047.000000 509436 376915 
44070 0.001732 395935.000000 414898 368891 
44080 0.001731 401754.000000 432258 376662 
44090 0.001739 402899.000000 436151 388129 
44100 0.001725 404016.000000 452184 361907 
44110 0.001741 417603.000000 457840 368958 
44120 0.001737 406775.000000 434235 379562 
44130 0.001737 408975.000000 435300 369278 
44140 0.001745 421883.000000 436984 393958 
44150 0.001737 407648.000000 430184 378055 
44160 0.001734 414639.000000 447882 374413 
44170 0.001750 418979.000000 461448 375208 
44180 0.001740 410489.000000 451271 380722 
44190 0.001746 397050.000000 450274 364471 
44200 0.001746 424312.000000 549495 389305 
44210 0.001729 413947.000000 464497 389958 
44220 0.001745 398428.000000 438492 368490 
44230 0.001739 390211.000000 418000 360554 
44240 0.001758 417627.000000 502740 359813 
44250 0.001734 402813.000000 430197 354131 
44260 0.001733 410205.000000 446401 387459 
44270 0.001751 403650.000000 447761 378300 
44280 0.001744 399010.000000 434125 376382 
44290 0.001736 400344.000000 440152 364035 
44300 0.001747 405972.000000 431703 371383 
44310 0.001741 415714.000000 471590 389728 
44320 0.001740 429229.000000 459551 377735 
44330 0.001750 399683.000000 422840 376380 
44340 0.001749 413734.000000 479690 368394 
44350 0.001760 421779.000000 464069 359178 
44360 0.001743 420091.000000 465893 399352 
44370 0.001750 418713.000000 485948 364703 
44380 0.001747 407879.000000 469920 355520 
44390 0.001737 409118.000000 444813 373734 
44400 0.001751 413067.000000 483919 365561 
44410 0.001731 410277.000000 450158 357309 
44420 0.001744 402845.000000 457791 368003 
44430 0.001755 418752.000000 454786 398025 
44440 0.001751 418334.000000 483245 387166 
44450 0.001747 418935.000000 517377 378346 
44460 0.001757 408603.000000 452219 352235 
44470 0.001760 419703.000000 461496 390198 
44480 0.001748 407815.000000 446153 381490 
44490 0.001770 412019.000000 441465 388764 
44500 0.001755 395889.000000 465424 365015 
44510 0.001756 412385.000000 479905 364025 
44520 0.001757 400299.000000 454746 361269 
44530 0.001759 401896.000000 483635 368176 
44540 0.001762 405956.000000 448136 379254 
44550 0.001754 415251.000000 446734 385338 
44560 0.001760 423069.000000 475951 383216 
44570 0.001762 411833.000000 458408 372231 
44580 0.001765 404499.000000 424451 378767 
44590 0.001764 410335.000000 503211 361565 
44600 0.001761 410263.000000 481203 376626 
44610 0.001775 423482.000000 479908 383587 
44620 0.001762 405936.000000 435792 372129 
44630 0.001759 409365.000000 456092 381711 
44640 0.001769 415824.000000 448481 382533 
44650 0.001769 413031.000000 444030 388095 
44660 0.001772 425444.000000 472390 385015 
44670 0.001777 416035.000000 458827 380676 
44680 0.001769 416887.000000 469499 364745 
44690 0.001765 407799.000000 444383 375485 
44700 0.001758 420544.000000 474787 388496 
44710 0.001763 397708.000000 443342 373706 
44720 0.001766 409767.000000 484628 371101 
44730 0.001758 408261.000000 489681 362104 
44740 0.001762 406834.000000 462878 382662 
44750 0.001773 415204.000000 440185 365852 
44760 0.001772 415377.000000 430330 395345 
44770 0.001768 428933.000000 478624 393499 
44780 0.001768 415309.000000 472343 385440 
44790 0.001767 413481.000000 463770 368889 
44800 0.001766 423435.000000 472329 381452 
44810 0.001771 414764.000000 443719 386428 
44820 0.001775 420878.000000 470116 389547 
44830 0.001765 413444.000000 452384 379358 
44840 0.001773 422958.000000 479015 379754 
44850 0.001772 419838.000000 477106 389356 
44860 0.001778 420930.000000 477846 385166 
44870 0.001768 404580.000000 438952 382173 
44880 0.001768 413930.000000 471673 369100 
44890 0.001775 425121.000000 449820 383369 
44900 0.001769 415974.000000 435843 388398 
44910 0.001780 414073.000000 447063 380817 
44920 0.001784 404012.000000 446362 375641 
44930 0.001776 419805.000000 475135 383609 
44940 0.001778 410849.000000 430347 393014 
44950 0.001770 424914.000000 492141 374139 
44960 0.001763 411753.000000 431020 376762 
44970 0.001775 435242.000000 571625 378615 
44980 0.001769 424564.000000 481101 383373 
44990 0.001779 416673.000000 445235 386339 
45000 0.001782 424059.000000 458253 402006 
45010 0.001780 415031.000000 463074 365282 
45020 0.001781 415115.000000 471125 378117 
45030 0.001786 435632.000000 482560 394394 
45040 0.001774 417593.000000 468348 392054 
45050 0.001786 414601.000000 465304 391011 
45060 0.001781 408447.000000 445564 369808 
45070 0.001789 419118.000000 448098 392228 
45080 0.001765 410215.000000 434145 390152 
45090 0.001779 409755.000000 443656 384707 
45100 0.001775 410489.000000 449783 390914 
45110 0.001781 419582.000000 487332 365690 
45120 0.001777 421574.000000 497222 369622 
45130 0.001783 418554.000000 513866 386105 
45140 0.001785 412205.000000 483761 382906 
45150 0.001784 419420.000000 443559 376638 
45160 0.001777 405461.000000 442432 369904 
45170 0.001769 417224.000000 440967 383526 
45180 0.001784 419899.000000 465487 392673 
45190 0.001775 416610.000000 450106 387135 
45200 0.001780 419500.000000 449354 384381 
45210 0.001779 419434.000000 465440 371838 
45220 0.001772 413420.000000 455240 377946 
45230 0.001797 431502.000000 481691 371493 
45240 0.001782 431707.000000 451788 399536 
45250 0.001784 417326.000000 468724 379478 
45260 0.001781 413449.000000 431915 391449 
45270 0.001780 428600.000000 463942 406354 
45280 0.001782 431532.000000 500172 394100 
45290 0.001786 419506.000000 438243 399194 
45300 0.001779 414237.000000 440866 378728 
45310 0.001789 409227.000000 437931 385743 
45320 0.001791 415997.000000 457780 376784 
45330 0.001794 419378.000000 481392 384011 
45340 0.002174 424990.000000 452457 391705 
45350 0.001953 424923.000000 439948 384397 
45360 0.001927 411335.000000 442049 379723 
45370 0.001870 428299.000000 515719 375951 
45380 0.001922 430350.000000 508042 398943 
45390 0.001940 420812.000000 469400 397292 
45400 0.001883 411545.000000 437693 383650 
45410 0.001805 418664.000000 443111 386275 
45420 0.001749 418384.000000 462057 377223 
45430 0.001780 421316.000000 458996 388889 
45440 0.001725 423525.000000 482492 400503 
45450 0.001818 435224.000000 454607 389595 
45460 0.001805 426261.000000 489917 396159 
45470 0.001766 410179.000000 451911 380416 
45480 0.001831 419415.000000 461620 375252 
45490 0.001816 422085.000000 453634 388269 
45500 0.001811 413654.000000 459717 386321 
45510 0.001824 438440.000000 479257 396408 
45520 0.001811 427333.000000 466836 386482 
45530 0.001803 423435.000000 483891 382083 
45540 0.001806 418509.000000 469255 389370 
45550 0.001816 418583.000000 442959 396112 
45560 0.001823 446763.000000 508135 401621 
45570 0.001814 419301.000000 446149 377126 
45580 0.001818 419586.000000 452282 385508 
45590 0.001821 422239.000000 475429 379454 
45600 0.001813 428132.000000 463385 389878 
45610 0.001817 424956.000000 475723 394857 
45620 0.001806 428335.000000 447432 408768 
45630 0.001814 416815.000000 445207 387541 
45640 0.001818 444066.000000 503162 383559 
45650 0.001819 408764.000000 440720 377478 
45660 0.001817 437505.000000 484485 409615 
45670 0.001807 420544.000000 459521 375560 
45680 0.001820 436397.000000 486090 398769 
45690 0.001808 415969.000000 449567 376201 
45700 0.001814 435570.000000 475441 397772 
45710 0.001810 412445.000000 453069 381127 
45720 0.001796 428663.000000 457551 397629 
45730 0.001808 422138.000000 474792 398836 
45740 0.001806 426447.000000 454365 391719 
45750 0.001822 436130.000000 482839 396130 
45760 0.001813 424605.000000 473071 380146 
45770 0.001822 432104.000000 485213 400780 
45780 0.001811 441431.000000 484254 397998 
45790 0.001820 432502.000000 504539 396000 
45800 0.001820 428525.000000 467465 384452 
45810 0.001819 416724.000000 463383 387837 
45820 0.001824 432577.000000 465365 389027 
45830 0.001814 414704.000000 469240 377965 
45840 0.001830 437186.000000 475080 411219 
45850 0.001810 419531.000000 453733 388560 
45860 0.001831 425562.000000 467347 406372 
45870 0.001811 434532.000000 472193 411559 
45880 0.001807 410196.000000 451351 372809 
45890 0.001826 425970.000000 461311 399850 
45900 0.001826 421070.000000 460241 391194 
45910 0.001822 428811.000000 491377 392225 
45920 0.001830 434248.000000 518177 397392 
45930 0.001829 461659.000000 516086 415845 
45940 0.001828 427530.000000 488522 389392 
45950 0.001822 435769.000000 494959 393918 
45960 0.001819 428660.000000 474513 403245 
45970 0.001818 424984.000000 483963 387163 
45980 0.001830 439968.000000 482324 397288 
45990 0.001828 468817.000000 524080 404321 
46000 0.001816 433269.000000 480521 380867 
46010 0.001811 412974.000000 446613 383429 
46020 0.001826 437915.000000 495140 404045 
46030 0.001827 455638.000000 514449 401330 
46040 0.001827 427598.000000 465705 389528 
46050 0.001824 423203.000000 470808 396934 
46060 0.001830 434948.000000 491021 407034 
46070 0.001843 434122.000000 463508 405342 
46080 0.001826 430300.000000 500918 389814 
46090 0.001829 416352.000000 465046 386964 
46100 0.001825 427347.000000 453229 390878 
46110 0.001820 419839.000000 486424 399435 
46120 0.001820 432312.000000 523096 382523 
46130 0.001834 420467.000000 469418 382905 
46140 0.001827 439903.000000 539995 401202 
46150 0.001835 421315.000000 466434 375256 
46160 0.001837 422488.000000 443317 399359 
46170 0.001836 425766.000000 482952 391492 
46180 0.001832 424393.000000 476080 385471 
46190 0.001835 447838.000000 514085 410323 
46200 0.001839 424668.000000 483859 379364 
46210 0.001835 437799.000000 490344 398944 
46220 0.001824 413876.000000 460733 383629 
46230 0.001836 431731.000000 486098 396870 
46240 0.001829 425348.000000 466854 391666 
46250 0.001833 432655.000000 458854 387249 
46260 0.001822 417491.000000 479805 376504 
46270 0.001836 435193.000000 481967 388984 
46280 0.001832 416004.000000 445918 394316 
46290 0.001832 444201.000000 527507 401737 
46300 0.001845 429181.000000 469445 380019 
46310 0.001831 438070.000000 507643 390116 
46320 0.001831 425822.000000 473685 394707 
46330 0.001834 432393.000000 477139 391528 
46340 0.001839 427677.000000 460228 402531 
46350 0.001836 428379.000000 459141 404743 
46360 0.001838 449944.000000 510686 396136 
46370 0.001842 431507.000000 466191 392571 
46380 0.001843 441436.000000 475722 402702 
46390 0.001842 433911.000000 468083 394351 
46400 0.001844 436295.000000 492370 397534 
46410 0.001849 434527.000000 545360 399484 
46420 0.001842 431093.000000 471917 386029 
46430 0.001844 440382.000000 485190 413545 
46440 0.001827 424833.000000 455458 390478 
46450 0.001843 428020.000000 456627 375556 
46460 0.001837 433539.000000 462286 398143 
46470 0.001847 433788.000000 471237 379922 
46480 0.001839 427437.000000 478599 380555 
46490 0.001829 420196.000000 462323 380187 
46500 0.001835 432955.000000 489932 397123 
46510 0.001837 433426.000000 474065 397224 
46520 0.001832 426715.000000 456525 389841 
46530 0.001846 430804.000000 462696 391973 
46540 0.001840 439682.000000 502323 397246 
46550 0.001840 434940.000000 482992 391152 
46560 0.001850 438462.000000 478166 392442 
46570 0.001843 424592.000000 461242 378830 
46580 0.001850 434188.000000 504360 399036 
46590 0.001847 429836.000000 467675 381359 
46600 0.001847 428414.000000 478454 398880 
46610 0.001848 436889.000000 507092 386871 
46620 0.001842 420254.000000 454869 390105 
46630 0.001856 425867.000000 501961 393057 
46640 0.001849 438820.000000 495477 390451 
46650 0.001849 433624.000000 466586 396099 
46660 0.001862 441962.000000 468525 398491 
46670 0.001846 421844.000000 462576 374837 
46680 0.001854 435489.000000 487405 404818 
46690 0.001864 447400.000000 484016 410882 
46700 0.001852 435118.000000 476021 381598 
46710 0.001854 434281.000000 478601 363823 
46720 0.001849 437667.000000 491537 382778 
46730 0.001854 430516.000000 454471 400662 
46740 0.001855 450739.000000 485301 400596 
46750 0.001846 430432.000000 471174 398851 
46760 0.001852 427147.000000 457620 392324 
46770 0.001868 433267.000000 461592 404206 
46780 0.001850 429500.000000 489408 380775 
46790 0.001860 446967.000000 479530 392332 
46800 0.001855 440406.000000 468005 419605 
46810 0.001859 445045.000000 513478 399849 
46820 0.001846 434810.000000 460851 411490 
46830 0.001857 433109.000000 472931 399281 
46840 0.001849 427925.000000 445152 400002 
46850 0.001861 426273.000000 466002 391713 
46860 0.001854 426230.000000 452641 372258 
46870 0.001852 426637.000000 457639 405467 
46880 0.001860 437513.000000 493507 408706 
46890 0.001867 448355.000000 516774 413496 
46900 0.001852 431510.000000 466528 392302 
46910 0.001857 433733.000000 469566 404442 
46920 0.001871 451741.000000 496494 427748 
46930 0.001860 436203.000000 477239 398765 
46940 0.001870 437359.000000 478026 403479 
46950 0.001863 440102.000000 480212 400937 
46960 0.001858 444509.000000 495650 397225 
46970 0.001865 441178.000000 485100 394399 
46980 0.001865 442519.000000 487695 392695 
46990 0.001867 446820.000000 467665 410688 
47000 0.001855 448652.000000 487090 387846 
47010 0.001874 436327.000000 471656 381866 
47020 0.001865 444010.000000 510579 406381 
47030 0.001865 426266.000000 470268 392265 
47040 0.001872 431641.000000 467884 394666 
47050 0.001860 447606.000000 475777 413955 
47060 0.001864 433688.000000 510422 379193 
47070 0.001873 453254.000000 493670 408014 
47080 0.001872 440925.000000 487105 416212 
47090 0.001871 447465.000000 495837 384874 
47100 0.001876 446192.000000 511911 405324 
47110 0.001884 452082.000000 545207 403706 
47120 0.001868 440977.000000 474044 402255 
47130 0.001856 435715.000000 496648 391828 
47140 0.001879 437471.000000 461386 405623 
47150 0.001872 431376.000000 456818 411780 
47160 0.001872 443750.000000 502957 417265 
47170 0.001871 438744.000000 496226 396793 
47180 0.001885 436325.000000 498785 398138 
47190 0.002017 438204.000000 484086 397180 
47200 0.002042 449863.000000 490969 404718 
47210 0.001910 439085.000000 522716 403111 
47220 0.001886 429956.000000 462895 400013 
47230 0.001885 445822.000000 529721 411194 
47240 0.001827 459303.000000 514206 407303 
47250 0.001878 447396.000000 513936 403983 
47260 0.001925 429981.000000 459610 405488 
47270 0.001921 443687.000000 468859 394629 
47280 0.001915 434183.000000 457941 409212 
47290 0.001922 446684.000000 498065 388716 
47300 0.001930 449675.000000 522690 400349 
47310 0.001918 433540.000000 482579 403764 
47320 0.001922 449689.000000 482432 410271 
47330 0.001927 428053.000000 502480 408116 
47340 0.001919 453651.000000 477661 428865 
47350 0.001913 439074.000000 474880 415604 
47360 0.001932 447892.000000 530581 389174 
47370 0.001907 440551.000000 499601 378150 
47380 0.001928 448054.000000 496967 398381 
47390 0.001919 438271.000000 478932 408222 
47400 0.001935 465879.000000 575289 422926 
47410 0.001924 446461.000000 487875 423418 
47420 0.001934 441858.000000 525828 404419 
47430 0.001925 440006.000000 478604 410916 
47440 0.001920 429930.000000 469586 389464 
47450 0.001928 454073.000000 498438 426784 
47460 0.001923 436148.000000 463562 403393 
47470 0.001905 445122.000000 529619 410257 
47480 0.001918 441919.000000 478814 419727 
47490 0.001928 438781.000000 488529 408710 
47500 0.001937 451583.000000 482610 412549 
47510 0.001934 445595.000000 509759 397910 
47520 0.001929 440884.000000 473591 423029 
47530 0.001925 444167.000000 478566 394158 
47540 0.001931 442029.000000 475659 421302 
47550 0.001922 444448.000000 480808 403781 
47560 0.001933 444152.000000 483994 411501 
47570 0.001921 443916.000000 479766 410418 
47580 0.001922 452159.000000 514753 398772 
47590 0.001916 431143.000000 474507 396718 
47600 0.001929 447248.000000 496689 398668 
47610 0.001945 443847.000000 524276 409721 
47620 0.001936 439674.000000 463613 384017 
47630 0.001939 439640.000000 484715 395788 
47640 0.001936 438860.000000 503185 394938 
47650 0.001925 444040.000000 474741 401807 
47660 0.001935 445227.000000 482450 397222 
47670 0.001925 438630.000000 509650 407912 
47680 0.001941 459532.000000 491270 416854 
47690 0.001934 436333.000000 477557 388962 
47700 0.001921 447018.000000 486651 405177 
47710 0.001927 437166.000000 476566 407344 
47720 0.001928 443987.000000 516469 406584 
47730 0.001934 454169.000000 495417 424147 
47740 0.001938 444187.000000 487520 398669 
47750 0.001935 442389.000000 475968 394665 
47760 0.001932 454912.000000 517781 419189 
47770 0.001941 444911.000000 520817 378419 
47780 0.001942 445979.000000 491161 412433 
47790 0.001939 462279.000000 531951 424238 
47800 0.001940 437602.000000 460045 416127 
47810 0.001940 451065.000000 474299 416623 
47820 0.001941 463058.000000 499778 425156 
47830 0.001938 442913.000000 470348 412233 
47840 0.001930 453420.000000 508695 406710 
47850 0.001942 450442.000000 502962 399744 
47860 0.001941 440847.000000 485262 398809 
47870 0.001943 446921.000000 478666 412651 
47880 0.001932 439074.000000 482923 412424 
47890 0.001939 445334.000000 468223 423435 
47900 0.001954 442781.000000 469888 421110 
47910 0.001951 460226.000000 533870 401887 
47920 0.001946 446091.000000 496513 408078 
47930 0.001948 445239.000000 487569 411712 
47940 0.001940 440376.000000 487183 414783 
47950 0.001944 459133.000000 494835 422814 
47960 0.001942 458570.000000 486014 433276 
47970 0.001952 476670.000000 534710 424156 
47980 0.001944 479832.000000 565359 433206 
47990 0.001937 445050.000000 478086 393993 
48000 0.001946 464928.000000 537227 407861 
48010 0.001951 444419.000000 518433 417991 
48020 0.001942 444656.000000 466903 405664 
48030 0.001943 446527.000000 508396 395968 
48040 0.001941 455587.000000 535684 412412 
48050 0.001954 468660.000000 550200 407578 
48060 0.001942 441316.000000 482848 419790 
48070 0.001932 440037.000000 476986 419410 
48080 0.001940 441543.000000 482964 407998 
48090 0.001945 449853.000000 517557 397101 
48100 0.001943 437675.000000 476438 404791 
48110 0.001940 450492.000000 516610 416060 
48120 0.001953 456589.000000 525751 424650 
48130 0.001950 438068.000000 488700 392002 
48140 0.001950 447505.000000 488747 419575 
48150 0.001955 465357.000000 559852 426618 
48160 0.001964 456203.000000 532654 416553 
48170 0.001936 431126.000000 465251 402553 
48180 0.001953 437700.000000 460229 410627 
48190 0.001948 455293.000000 491007 424771 
48200 0.001945 436716.000000 483048 405276 
48210 0.001953 448419.000000 491117 416428 
48220 0.001958 470811.000000 523008 391701 
48230 0.001955 438535.000000 463924 420171 
48240 0.001958 448414.000000 496353 416096 
48250 0.001959 459481.000000 507928 427248 
48260 0.001945 451516.000000 521832 387745 
48270 0.001951 437679.000000 472678 406571 
48280 0.001941 459503.000000 538303 405809 
48290 0.001935 451144.000000 490300 415246 
48300 0.001946 430407.000000 463029 378921 
48310 0.001949 455756.000000 512217 412816 
48320 0.001951 452072.000000 486244 423923 
48330 0.001964 459555.000000 588789 410848 
48340 0.001944 456893.000000 519031 409568 
48350 0.001951 462775.000000 542157 416464 
48360 0.001960 450340.000000 479255 421150 
48370 0.001947 452527.000000 484854 408461 
48380 0.001961 453321.000000 487726 410805 
48390 0.001966 463045.000000 522745 399109 
48400 0.001954 449129.000000 482181 422363 
48410 0.001955 454854.000000 481202 439046 
48420 0.001956 449083.000000 524091 417660 
48430 0.001961 445861.000000 483317 404993 
48440 0.001966 459106.000000 492015 423006 
48450 0.001959 459569.000000 501473 416833 
48460 0.001967 450642.000000 485490 419722 
48470 0.001956 457712.000000 496723 423721 
48480 0.001961 451739.000000 473733 425141 
48490 0.001965 456665.000000 491725 400799 
48500 0.001973 466029.000000 511702 426902 
48510 0.001953 452698.000000 489957 418058 
48520 0.001960 451639.000000 515104 408001 
48530 0.001965 456289.000000 567834 404290 
48540 0.001944 452388.000000 476268 422859 
48550 0.001962 441796.000000 467053 421468 
48560 0.001964 461707.000000 508230 430092 
48570 0.001961 455260.000000 490719 412088 
48580 0.001955 457257.000000 529003 408440 
48590 0.001961 434218.000000 470725 397478 
48600 0.001969 449650.000000 509245 415399 
48610 0.001976 452004.000000 479974 425540 
48620 0.001963 455398.000000 539244 405108 
48630 0.001981 455977.000000 567662 423729 
48640 0.001964 445435.000000 473667 415393 
48650 0.001973 460875.000000 538097 403771 
48660 0.001975 449274.000000 505062 408968 
48670 0.001977 444005.000000 470954 406067 
48680 0.001968 458491.000000 479580 414317 
48690 0.001977 459986.000000 556412 432674 
48700 0.001967 455018.000000 519976 421837 
48710 0.001971 454035.000000 517048 421534 
48720 0.001965 460158.000000 518875 432319 
48730 0.001970 456023.000000 476170 433637 
48740 0.001983 472843.000000 523890 437878 
48750 0.001979 458334.000000 511358 413189 
48760 0.001972 440784.000000 460032 419801 
48770 0.001986 448547.000000 517175 409989 
48780 0.001979 458291.000000 507100 420307 
48790 0.001978 450909.000000 501604 410123 
48800 0.001984 477678.000000 519799 442697 
48810 0.001982 464095.000000 510449 434422 
48820 0.001978 463524.000000 523562 430024 
48830 0.001972 462076.000000 505031 430258 
48840 0.001981 467339.000000 509347 421266 
48850 0.001979 451970.000000 494517 411632 
48860 0.001983 461635.000000 494767 428246 
48870 0.001980 456703.000000 486804 426931 
48880 0.001970 448494.000000 492886 415045 
48890 0.001978 454050.000000 492651 426007 
48900 0.001988 450614.000000 487559 405519 
48910 0.001994 454072.000000 481690 431751 
48920 0.001982 454398.000000 496258 411682 
48930 0.001985 456127.000000 534892 425591 
48940 0.001975 456683.000000 517078 422359 
48950 0.001978 465653.000000 548792 425913 
48960 0.001990 466575.000000 510919 421952 
48970 0.001984 451581.000000 492634 420617 
48980 0.001986 453116.000000 507432 417026 
48990 0.001980 448324.000000 481249 417899 
49000 0.001995 471846.000000 534381 395200 
49010 0.001991 452735.000000 485502 419174 
49020 0.001990 469061.000000 490445 427753 
49030 0.001984 440474.000000 477335 412961 
49040 0.001995 477043.000000 537281 433704 
49050 0.001994 475989.000000 512841 442361 
49060 0.001988 452971.000000 503136 428612 
49070 0.001979 468877.000000 517952 436777 
49080 0.001979 463612.000000 528841 439543 
49090 0.001987 452972.000000 503910 408386 
49100 0.001992 451933.000000 489169 425026 
49110 0.001997 466586.000000 494948 432985 
49120 0.001987 457190.000000 519874 405641 
49130 0.001977 456400.000000 487867 419872 
49140 0.001991 453824.000000 494908 419649 
49150 0.001993 472332.000000 556858 409663 
49160 0.001995 464448.000000 622176 415639 
49170 0.001991 472721.000000 512564 436019 
49180 0.001992 453379.000000 481445 408942 
49190 0.001986 466564.000000 528629 425917 
49200 0.001999 457732.000000 530670 416697 
49210 0.001996 468627.000000 546590 415055 
49220 0.002002 467199.000000 501076 434951 
49230 0.001993 456967.000000 503376 416149 
49240 0.001989 466216.000000 552475 413985 
49250 0.002001 453267.000000 484570 428185 
49260 0.002000 476688.000000 573618 433394 
49270 0.001988 451005.000000 496947 416927 
49280 0.001993 472988.000000 518779 446194 
49290 0.001994 466956.000000 522858 400647 
49300 0.002007 456591.000000 544033 425728 
49310 0.002001 467513.000000 544924 429879 
49320 0.002001 475825.000000 518109 424289 
49330 0.001996 465991.000000 500119 429232 
49340 0.002000 456437.000000 493460 421257 
49350 0.001993 454986.000000 491335 407767 
49360 0.002005 479858.000000 552119 435385 
49370 0.002010 457215.000000 492492 424249 
49380 0.002003 458505.000000 513317 414364 
49390 0.002025 458066.000000 501947 423097 
49400 0.002010 471107.000000 544922 416346 
49410 0.002008 477354.000000 532217 426874 
49420 0.002015 474286.000000 519530 441934 
49430 0.002006 477472.000000 523738 441057 
49440 0.002007 468278.000000 519597 435455 
49450 0.001998 458985.000000 487978 397526 
49460 0.002004 447804.000000 479282 410964 
49470 0.002018 470582.000000 517765 427759 
49480 0.002003 463796.000000 509003 428947 
49490 0.002002 462015.000000 510688 415065 
49500 0.002030 485645.000000 529351 440591 
49510 0.002008 466141.000000 495411 425702 
49520 0.002010 463302.000000 518895 432981 
49530 0.002012 464790.000000 509917 418799 
49540 0.002014 452318.000000 531989 419422 
49550 0.002011 467854.000000 516880 407445 
49560 0.002019 466607.000000 545604 417630 
49570 0.002018 457942.000000 533147 399800 
49580 0.002015 462459.000000 502593 420549 
49590 0.002015 474392.000000 524168 415117 
49600 0.002014 459944.000000 495905 429541 
49610 0.002009 464153.000000 529016 431229 
49620 0.002024 475935.000000 545678 432738 
49630 0.002014 476791.000000 559645 410880 
49640 0.002009 462924.000000 484474 434370 
49650 0.002014 469591.000000 530494 426531 
49660 0.002004 454603.000000 480116 414749 
49670 0.002031 473282.000000 495872 417839 
49680 0.002013 454348.000000 504633 432695 
49690 0.002017 464661.000000 500446 414233 
49700 0.002017 463619.000000 499632 433083 
49710 0.002022 477225.000000 529282 448071 
49720 0.002014 470263.000000 535811 421282 
49730 0.002034 479316.000000 511701 442058 
49740 0.002023 463460.000000 502656 433888 
49750 0.002019 468183.000000 523825 427449 
49760 0.002023 476814.000000 528548 419411 
49770 0.002022 476681.000000 524356 442349 
49780 0.002025 473428.000000 528656 422312 
49790 0.002014 459871.000000 535020 419341 
49800 0.002025 467790.000000 486993 449928 
49810 0.002021 486282.000000 551262 447116 
49820 0.002024 472973.000000 505571 427972 
49830 0.002018 482273.000000 560370 429662 
49840 0.002024 455653.000000 496851 429467 
49850 0.002029 470457.000000 531293 440471 
49860 0.002031 466334.000000 510195 439568 
49870 0.002015 456526.000000 490813 437599 
49880 0.002025 468919.000000 512461 407326 
49890 0.002025 463073.000000 535633 423634 
49900 0.002040 471830.000000 527635 437895 
49910 0.002040 475756.000000 531617 434392 
49920 0.002014 447186.000000 488292 422533 
49930 0.002014 451516.000000 476888 432479 
49940 0.002023 471779.000000 495265 447502 
49950 0.002030 465365.000000 488413 435312 
49960 0.002026 465574.000000 518724 428904 
49970 0.002037 486373.000000 527853 441407 
49980 0.002019 480751.000000 503544 465418 
49990 0.002018 467028.000000 504269 429264 
50000 0.002030 479510.000000 570629 434188 
50010 0.002041 460544.000000 476922 439409 
50020 0.002032 479176.000000 543692 441368 
50030 0.002039 463761.000000 505121 429369 
50040 0.002040 476767.000000 558528 430281 
50050 0.002034 465973.000000 492065 431905 
50060 0.002035 490689.000000 538064 456327 
50070 0.002022 476090.000000 501337 441559 
50080 0.002027 462611.000000 481022 421425 
50090 0.002037 486806.000000 512132 457691 
50100 0.002036 467501.000000 531943 423403 
50110 0.002044 469082.000000 505277 428859 
50120 0.002020 460433.000000 496337 404224 
50130 0.002033 486206.000000 534129 449810 
50140 0.002036 480715.000000 519157 435168 
50150 0.002038 470642.000000 506786 442761 
50160 0.002022 464202.000000 543314 429089 
50170 0.002020 468562.000000 523660 406567 
50180 0.002046 476342.000000 550605 425830 
50190 0.002036 471215.000000 494209 433873 
50200 0.002037 459373.000000 496371 419142 
50210 0.002026 469588.000000 500403 436771 
50220 0.002038 470777.000000 532494 431105 
50230 0.002039 464866.000000 505250 426341 
50240 0.002050 469747.000000 498072 442150 
50250 0.002048 484090.000000 522894 445791 
50260 0.002045 466867.000000 507517 420217 
50270 0.002040 488823.000000 530773 430909 
50280 0.002035 470800.000000 537869 425699 
50290 0.002038 479777.000000 544397 413837 
50300 0.002038 473936.000000 521542 432384 
50310 0.002055 480646.000000 535650 432904 
50320 0.002039 465444.000000 502046 433499 
50330 0.002041 459481.000000 494348 428712 
50340 0.002057 488295.000000 528248 444846 
50350 0.002029 462966.000000 483122 444052 
50360 0.002046 458406.000000 485160 426128 
50370 0.002047 468198.000000 508734 431611 
50380 0.002044 478574.000000 606209 426629 
50390 0.002056 489497.000000 558304 443748 
50400 0.002039 454586.000000 492557 427486 
50410 0.002031 464988.000000 515799 419598 
50420 0.002043 460523.000000 494985 438582 
50430 0.002053 491095.000000 628844 451927 
50440 0.002053 479059.000000 511430 460452 
50450 0.002048 471598.000000 531954 436282 
50460 0.002055 478708.000000 533843 421449 
50470 0.002053 481670.000000 526691 425858 
50480 0.002055 485352.000000 557609 449845 
50490 0.002050 472765.000000 523840 418168 
50500 0.002055 496154.000000 539361 442651 
50510 0.002046 462394.000000 517779 437492 
50520 0.002037 472939.000000 544526 431678 
50530 0.002041 468615.000000 532843 425634 
50540 0.002050 475658.000000 519144 437660 
50550 0.002066 475112.000000 528041 433758 
50560 0.002054 473095.000000 504944 423294 
50570 0.002063 481122.000000 535989 446113 
50580 0.002054 470969.000000 502204 434486 
50590 0.002071 477622.000000 507085 435170 
50600 0.002074 491200.000000 549842 446740 
50610 0.002066 479883.000000 561803 416904 
50620 0.002064 461198.000000 480733 440206 
50630 0.002056 478933.000000 578438 448991 
50640 0.002082 484369.000000 537573 442413 
50650 0.002065 478344.000000 532066 429935 
50660 0.002075 481488.000000 552675 442958 
50670 0.002065 466811.000000 487746 439736 
50680 0.002066 468137.000000 516971 423624 
50690 0.002060 493207.000000 561831 437589 
50700 0.002062 477418.000000 518736 441520 
50710 0.002073 484739.000000 563617 423347 
50720 0.002063 478839.000000 523352 445382 
50730 0.002057 469562.000000 511079 415019 
50740 0.002068 483286.000000 519422 436241 
50750 0.002069 500110.000000 566225 424346 
50760 0.002063 472288.000000 521559 424582 
50770 0.002054 490994.000000 576338 420436 
50780 0.002061 477099.000000 524563 447441 
50790 0.002065 473953.000000 514138 421384 
50800 0.002072 482344.000000 505927 456068 
50810 0.002072 470642.000000 528205 436479 
50820 0.002067 469029.000000 510602 408884 
50830 0.002072 493833.000000 559339 450616 
50840 0.002063 479135.000000 534427 440494 
50850 0.002067 479491.000000 507893 429457 
50860 0.002084 474386.000000 505577 429507 
50870 0.002058 466318.000000 496279 438718 
50880 0.002083 487311.000000 545753 436490 
50890 0.002077 468988.000000 526859 430861 
50900 0.002072 470394.000000 510529 433541 
50910 0.002075 461002.000000 496397 431235 
50920 0.002083 478892.000000 501292 455886 
50930 0.002075 473579.000000 515883 433345 
50940 0.002068 467166.000000 510350 434921 
50950 0.002067 474646.000000 571235 421781 
50960 0.002072 484734.000000 521693 427399 
50970 0.002072 470200.000000 508245 440105 
50980 0.002070 488683.000000 534692 434737 
50990 0.002074 481781.000000 521785 456788 
51000 0.002071 467849.000000 508266 410906 
51010 0.002080 484925.000000 558472 432798 
51020 0.002085 476629.000000 519076 445596 
51030 0.002081 490973.000000 564169 431169 
51040 0.002078 472443.000000 520334 439920 
51050 0.002066 461054.000000 490053 423264 
51060 0.002074 472345.000000 524684 420252 
51070 0.002070 462634.000000 498836 422129 
51080 0.002084 476189.000000 503839 455997 
51090 0.002086 484890.000000 528379 456869 
51100 0.002080 473795.000000 516189 434991 
51110 0.002082 484808.000000 514944 446654 
51120 0.002080 472203.000000 513175 439627 
51130 0.002076 462185.000000 512759 411313 
51140 0.002079 469825.000000 504859 434186 
51150 0.002085 483336.000000 541143 443444 
51160 0.002085 493089.000000 576382 438163 
51170 0.002092 494660.000000 557118 460395 
51180 0.002081 463064.000000 496128 429582 
51190 0.002090 482426.000000 567977 421424 
51200 0.002100 477987.000000 550723 410610 
51210 0.002087 487865.000000 515246 461144 
51220 0.002079 482543.000000 554593 443160 
51230 0.002087 506114.000000 590719 456090 
51240 0.002091 487882.000000 555295 443546 
51250 0.002085 481105.000000 515119 443058 
51260 0.002099 484382.000000 537501 454544 
51270 0.002078 468050.000000 502048 436671 
51280 0.002082 489379.000000 566330 455634 
51290 0.002089 472475.000000 508841 425176 
51300 0.002101 484690.000000 527655 452348 
51310 0.002098 493418.000000 566549 451391 
51320 0.002089 487794.000000 579130 438298 
51330 0.002085 496645.000000 579251 456544 
51340 0.002088 479059.000000 511740 439555 
51350 0.002099 493798.000000 569321 452218 
51360 0.002098 485588.000000 545115 460497 
51370 0.002094 486697.000000 527867 449643 
51380 0.002095 484058.000000 550141 457199 
51390 0.002092 479755.000000 527983 428531 
51400 0.002100 504337.000000 575408 436620 
51410 0.002110 477544.000000 535346 445551 
51420 0.002087 476414.000000 513203 444507 
51430 0.002094 471718.000000 543159 423109 
51440 0.002095 483649.000000 527581 452296 
51450 0.002101 491281.000000 547863 446863 
51460 0.002099 493064.000000 561249 442454 
51470 0.002090 478584.000000 516132 454682 
51480 0.002095 503046.000000 525511 468282 
51490 0.002107 493343.000000 557940 470102 
51500 0.002106 483757.000000 512844 463694 
51510 0.002099 477471.000000 525239 437341 
51520 0.002105 494468.000000 539957 460557 
51530 0.002117 494547.000000 564555 451987 
51540 0.002093 500430.000000 577666 447770 
51550 0.002100 469648.000000 521253 445564 
51560 0.002101 494070.000000 540389 449300 
51570 0.002102 482724.000000 529402 448300 
51580 0.002124 507657.000000 532854 476810 
51590 0.002115 471802.000000 505111 444193 
51600 0.002106 478552.000000 514496 431038 
51610 0.002116 491233.000000 531543 450899 
51620 0.002125 500350.000000 559658 456447 
51630 0.002109 491395.000000 553348 449427 
51640 0.002096 492800.000000 548017 437014 
51650 0.002131 503857.000000 567722 460527 
51660 0.002096 477621.000000 521601 437963 
51670 0.002110 497772.000000 536814 471356 
51680 0.002095 479394.000000 517753 454417 
51690 0.002120 491330.000000 575595 444316 
51700 0.002093 489421.000000 536839 458000 
51710 0.002101 492744.000000 559730 452924 
51720 0.002116 483938.000000 535121 453605 
51730 0.002113 487419.000000 540685 439721 
51740 0.002132 515795.000000 605507 440326 
51750 0.002105 515036.000000 565407 464772 
51760 0.002108 485732.000000 531154 441331 
51770 0.002105 469020.000000 536871 443006 
51780 0.002106 495213.000000 559337 452063 
51790 0.002109 498230.000000 570124 450890 
51800 0.002104 475557.000000 499522 448843 
51810 0.002110 490123.000000 538196 454464 
51820 0.002110 486975.000000 525474 437647 
51830 0.002099 485029.000000 538510 425795 
51840 0.002104 488755.000000 524077 465524 
51850 0.002118 500045.000000 543702 447160 
51860 0.002108 463539.000000 500711 443245 
51870 0.002130 478714.000000 542639 437339 
51880 0.002121 508403.000000 547074 451156 
51890 0.002092 475875.000000 537724 439059 
51900 0.002129 510105.000000 591082 437018 
51910 0.002113 502592.000000 543090 475600 
51920 0.002110 503530.000000 549443 455014 
51930 0.002113 485259.000000 527088 446211 
51940 0.002109 491003.000000 541826 469504 
51950 0.002123 499612.000000 552744 453961 
51960 0.002115 481016.000000 508633 454096 
51970 0.002111 500002.000000 532626 472678 
51980 0.002124 490140.000000 548689 444947 
51990 0.002107 479008.000000 523208 434242 
52000 0.002125 493733.000000 532169 468900 
52010 0.002125 499608.000000 548242 464369 
52020 0.002119 491424.000000 523479 461236 
52030 0.002108 496151.000000 583800 436704 
52040 0.002113 470935.000000 508244 435702 
52050 0.002120 497437.000000 547976 468272 
52060 0.002120 493145.000000 563966 446502 
52070 0.002115 481049.000000 534081 431039 
52080 0.002138 502948.000000 600410 459354 
52090 0.002137 487006.000000 555531 448596 
52100 0.002111 476455.000000 506334 440861 
52110 0.002122 487467.000000 536216 460616 
52120 0.002136 489340.000000 514010 464186 
52130 0.002110 491283.000000 540753 453088 
52140 0.002128 484813.000000 552430 461832 
52150 0.002126 485739.000000 520458 448859 
52160 0.002122 487338.000000 588835 448399 
52170 0.002127 487901.000000 531488 453570 
52180 0.002115 484772.000000 586471 442538 
52190 0.002134 507151.000000 567911 439776 
52200 0.002167 485707.000000 544432 449000 
52210 0.002168 488585.000000 521705 453687 
52220 0.002146 495027.000000 548159 457542 
52230 0.002143 488874.000000 548783 452074 
52240 0.002138 484198.000000 542324 437713 
52250 0.002148 495307.000000 527530 470900 
52260 0.002130 505765.000000 561222 456484 
52270 0.002143 495555.000000 535278 451493 
52280 0.002137 507747.000000 568013 452708 
52290 0.002136 499901.000000 569933 450041 
52300 0.002146 492162.000000 559795 465492 
52310 0.002146 497237.000000 536827 466903 
52320 0.002134 486260.000000 558163 430420 
52330 0.002142 501567.000000 550933 462944 
52340 0.002143 494590.000000 533748 466558 
52350 0.002126 474338.000000 525252 452484 
52360 0.002138 487572.000000 511631 464741 
52370 0.002149 514155.000000 572103 476075 
52380 0.002133 481479.000000 529139 450346 
52390 0.002143 479978.000000 502118 452550 
52400 0.002123 486673.000000 532840 462059 
52410 0.002132 501858.000000 559388 451742 
52420 0.002148 508550.000000 552267 452941 
52430 0.002146 502739.000000 540888 458069 
52440 0.002128 488095.000000 554430 429967 
52450 0.002149 507093.000000 564202 459106 
52460 0.002134 495727.000000 528850 462702 
52470 0.002146 480532.000000 526953 461138 
52480 0.002156 495285.000000 588513 453032 
52490 0.002152 489416.000000 561339 463266 
52500 0.002146 507486.000000 596214 449183 
52510 0.002140 507775.000000 553740 460005 
52520 0.002145 484360.000000 553447 449601 
52530 0.002142 503556.000000 538369 463341 
52540 0.002135 478234.000000 552180 445100 
52550 0.002144 490787.000000 552487 457016 
52560 0.002158 491646.000000 569775 444904 
52570 0.002151 508020.000000 562686 459342 
52580 0.002158 513755.000000 562351 469523 
52590 0.002148 496711.000000 524737 467745 
52600 0.002164 501194.000000 536552 463783 
52610 0.002146 506305.000000 590530 464380 
52620 0.002151 499859.000000 538901 466572 
52630 0.002151 501576.000000 560981 453212 
52640 0.002136 486082.000000 533726 440934 
52650 0.002151 478426.000000 506504 455467 
52660 0.002144 491144.000000 557108 450734 
52670 0.002164 519341.000000 607154 469201 
52680 0.002145 491804.000000 582276 449983 
52690 0.002153 495850.000000 544202 437064 
52700 0.002157 481001.000000 522897 445263 
52710 0.002156 496607.000000 545824 463191 
52720 0.002167 489484.000000 585700 443860 
52730 0.002173 496241.000000 539294 451655 
52740 0.002161 507864.000000 551726 466626 
52750 0.002148 491721.000000 541161 447642 
52760 0.002164 494870.000000 602233 453832 
52770 0.002165 523690.000000 641309 461861 
52780 0.002159 504477.000000 575302 435707 
52790 0.002145 490271.000000 561769 442333 
52800 0.002156 492522.000000 514328 466374 
52810 0.002176 501168.000000 533508 442171 
52820 0.002158 491433.000000 531702 434463 
52830 0.002159 494432.000000 567153 457037 
52840 0.002173 495201.000000 539689 451513 
52850 0.002177 511411.000000 578306 453678 
52860 0.002157 487925.000000 543378 440400 
52870 0.002173 509732.000000 551052 461670 
52880 0.002174 538061.000000 608762 477376 
52890 0.002179 495361.000000 563813 452702 
52900 0.002163 502981.000000 592320 435237 
52910 0.002160 488658.000000 513437 464237 
52920 0.002166 506939.000000 576395 474960 
52930 0.002151 497143.000000 554112 460334 
52940 0.002161 506643.000000 599450 451639 
52950 0.002171 496036.000000 551362 453017 
52960 0.002173 498088.000000 555394 454326 
52970 0.002172 500582.000000 527407 454439 
52980 0.002161 491358.000000 519794 460947 
52990 0.002171 499042.000000 530853 462534 
53000 0.002176 496599.000000 534158 466596 
53010 0.002149 500429.000000 549604 471923 
53020 0.002155 498492.000000 555799 449852 
53030 0.002159 497250.000000 540297 462913 
53040 0.002158 499701.000000 554322 462773 
53050 0.002161 484317.000000 591560 443518 
53060 0.002157 498214.000000 578867 452483 
53070 0.002158 487592.000000 535077 455357 
53080 0.002185 510531.000000 569830 489659 
53090 0.002168 499972.000000 535615 460341 
53100 0.002192 501964.000000 556346 480208 
53110 0.002189 520388.000000 581051 467530 
53120 0.002168 509216.000000 545428 443958 
53130 0.002163 506632.000000 563700 475862 
53140 0.002176 491867.000000 560072 446593 
53150 0.002167 487228.000000 528077 455876 
53160 0.002169 494622.000000 587379 433263 
53170 0.002180 500530.000000 579790 464570 
53180 0.002194 517083.000000 548114 484258 
53190 0.002164 502986.000000 541322 452226 
53200 0.002191 500651.000000 543379 466223 
53210 0.002180 510144.000000 554304 453867 
53220 0.002168 497314.000000 531588 458109 
53230 0.002188 499598.000000 590233 450051 
53240 0.002164 504330.000000 557187 450918 
53250 0.002176 496520.000000 539373 471015 
53260 0.002179 504665.000000 564446 463001 
53270 0.002187 507252.000000 546102 467524 
53280 0.002171 495332.000000 580835 452224 
53290 0.002190 506872.000000 574949 480242 
53300 0.002172 512010.000000 554888 443928 
53310 0.002194 511444.000000 568255 444282 
53320 0.002174 497377.000000 550895 466763 
53330 0.002181 509624.000000 541839 489827 
53340 0.002191 514433.000000 570584 468644 
53350 0.002183 497303.000000 535980 433239 
53360 0.002192 520743.000000 554205 487537 
53370 0.002191 508215.000000 594907 461366 
53380 0.002192 519100.000000 559490 485805 
53390 0.002201 502963.000000 556223 456895 
53400 0.002182 493972.000000 540080 436228 
53410 0.002190 513867.000000 550805 489571 
53420 0.002201 497047.000000 550784 460979 
53430 0.002195 507253.000000 584773 458337 
53440 0.002185 515307.000000 579961 444777 
53450 0.002188 516783.000000 586485 468892 
53460 0.002197 505547.000000 530435 477140 
53470 0.002196 517627.000000 573784 470164 
53480 0.002190 495520.000000 527024 438989 
53490 0.002199 500857.000000 553200 467095 
53500 0.002194 506040.000000 546132 471562 
53510 0.002207 498398.000000 553520 458118 
53520 0.002185 507301.000000 529006 484950 
53530 0.002189 520602.000000 574320 451451 
53540 0.002191 498676.000000 522923 440184 
53550 0.002197 504860.000000 547059 462661 
53560 0.002185 517709.000000 592587 461019 
53570 0.002186 486695.000000 534536 436614 
53580 0.002201 495655.000000 553170 443218 
53590 0.002188 513034.000000 562718 473984 
53600 0.002187 504785.000000 554075 449848 
53610 0.002195 512544.000000 571133 473276 
53620 0.002187 502111.000000 559825 447673 
53630 0.002197 511677.000000 549100 459641 
53640 0.002194 500560.000000 557261 464028 
53650 0.002190 491771.000000 596554 443800 
53660 0.002187 507641.000000 544655 465588 
53670 0.002184 497456.000000 539488 462176 
53680 0.002184 494915.000000 515662 458563 
53690 0.002200 509558.000000 551194 457914 
53700 0.002206 507174.000000 570082 469108 
53710 0.002206 510836.000000 539350 454415 
53720 0.002208 511652.000000 541596 468106 
53730 0.002226 515748.000000 555473 476995 
53740 0.002204 512497.000000 646704 469567 
53750 0.002208 501257.000000 535121 468516 
53760 0.002200 515752.000000 555104 471606 
53770 0.002190 502029.000000 560723 454319 
53780 0.002208 488534.000000 516314 463714 
53790 0.002202 495551.000000 534748 466486 
53800 0.002205 490379.000000 552759 457427 
53810 0.002219 502782.000000 585988 468878 
53820 0.002218 523897.000000 563022 484867 
53830 0.002184 485161.000000 529794 465959 
53840 0.002216 501810.000000 557901 459637 
53850 0.002211 503838.000000 532200 471198 
53860 0.002220 548290.000000 599346 491722 
53870 0.002201 510851.000000 568589 461795 
53880 0.002205 505502.000000 537915 469825 
53890 0.002206 516288.000000 609291 467631 
53900 0.002211 517159.000000 605003 445800 
53910 0.002198 506352.000000 569307 455209 
53920 0.002218 525340.000000 595911 471512 
53930 0.002213 524732.000000 585848 467124 
53940 0.002212 521237.000000 595086 468543 
53950 0.002208 522726.000000 589999 483969 
53960 0.002212 516264.000000 541905 490774 
53970 0.002211 510565.000000 574053 483606 
53980 0.002217 518555.000000 567882 469610 
53990 0.002202 511531.000000 621439 461866 
54000 0.002204 504415.000000 539487 456959 
54010 0.002213 501699.000000 559842 463582 
54020 0.002212 534423.000000 588614 496754 
54030 0.002205 530483.000000 639141 462768 
54040 0.002204 498758.000000 551868 455463 
54050 0.002196 496109.000000 552626 450124 
54060 0.002208 503272.000000 555206 449041 
54070 0.002224 507742.000000 594624 469600 
54080 0.002224 513523.000000 550204 468896 
54090 0.002216 524651.000000 579952 487643 
54100 0.002220 503616.000000 557228 470798 
54110 0.002216 532950.000000 584301 478714 
54120 0.002219 513339.000000 581514 470415 
54130 0.002246 512375.000000 592621 467740 
54140 0.002215 492420.000000 540597 469838 
54150 0.002209 497279.000000 550807 442297 
54160 0.002223 533109.000000 613018 495805 
54170 0.002203 526756.000000 572319 458066 
54180 0.002219 528595.000000 590658 473331 
54190 0.002238 526106.000000 589727 480790 
54200 0.002331 531626.000000 599796 481062 
54210 0.002208 491399.000000 535312 437818 
54220 0.002181 494293.000000 532247 431390 
54230 0.002200 498208.000000 526875 475676 
54240 0.002215 531735.000000 563990 479295 
54250 0.002217 510625.000000 576551 467435 
54260 0.002208 500438.000000 540082 471146 
54270 0.002212 487358.000000 531583 435254 
54280 0.002210 514114.000000 569371 478104 
54290 0.002235 525308.000000 594681 452491 
54300 0.002226 498979.000000 543552 464723 
54310 0.002227 514936.000000 578048 457921 
54320 0.002233 529051.000000 598684 459815 
54330 0.002219 508589.000000 564440 461336 
54340 0.002206 491533.000000 535237 456351 
54350 0.002211 514448.000000 538942 498931 
54360 0.002220 526098.000000 568561 481208 
54370 0.002222 505554.000000 553644 477771 
54380 0.002230 492193.000000 549431 453013 
54390 0.002218 518938.000000 581615 481208 
54400 0.002231 524006.000000 620841 487221 
54410 0.002224 520957.000000 572467 476790 
54420 0.002232 507185.000000 533496 472357 
54430 0.002228 515434.000000 564768 465700 
54440 0.002234 521527.000000 593126 476931 
54450 0.002236 514556.000000 556277 487938 
54460 0.002237 512639.000000 563242 485262 
54470 0.002230 518237.000000 588887 475259 
54480 0.002238 514799.000000 560797 463735 
54490 0.002241 511172.000000 563853 469085 
54500 0.002444 517335.000000 574598 442435 
54510 0.002172 507751.000000 550309 470448 
54520 0.002151 513723.000000 554094 456184 
54530 0.002105 503459.000000 530606 474964 
54540 0.002154 520308.000000 617820 484454 
54550 0.002182 541463.000000 654925 470315 
54560 0.002187 519487.000000 566196 478939 
54570 0.002181 510528.000000 553894 466787 
54580 0.002186 523921.000000 614230 475027 
54590 0.002197 521332.000000 599421 476994 
54600 0.002179 522258.000000 561821 481223 
54610 0.002168 515610.000000 594885 475526 
54620 0.002200 527034.000000 587070 487679 
54630 0.002179 512837.000000 612668 474494 
54640 0.002196 539072.000000 648270 480737 
54650 0.002180 517238.000000 580839 475932 
54660 0.002176 505870.000000 597882 466803 
54670 0.002192 514979.000000 572736 468637 
54680 0.002191 543856.000000 597987 472357 
54690 0.002200 535138.000000 605968 474263 
54700 0.002187 507774.000000 538195 483854 
54710 0.002201 509405.000000 550123 448180 
54720 0.002200 541543.000000 582075 511324 
54730 0.002204 522691.000000 616455 481652 
54740 0.002207 540136.000000 599559 505096 
54750 0.002182 508804.000000 551320 491105 
54760 0.002203 511134.000000 560066 470437 
54770 0.002190 520592.000000 567220 487036 
54780 0.002195 522116.000000 594440 476764 
54790 0.002189 501687.000000 529209 481279 
54800 0.002195 516898.000000 555844 480321 
54810 0.002204 523815.000000 604169 462463 
54820 0.002197 522049.000000 602128 459294 
54830 0.002192 516547.000000 554159 483288 
54840 0.002208 522456.000000 634470 469686 
54850 0.002197 520066.000000 556586 478314 
54860 0.002215 545059.000000 603293 508155 
54870 0.002201 528130.000000 594208 481984 
54880 0.002199 525192.000000 597631 490271 
54890 0.002204 537634.000000 601780 472354 
54900 0.002189 506760.000000 545468 473757 
54910 0.002212 519695.000000 604614 476405 
54920 0.002215 534779.000000 590952 492872 
54930 0.002198 518796.000000 612924 481416 
54940 0.002201 514052.000000 562891 483909 
54950 0.002203 525684.000000 566716 452501 
54960 0.002217 519675.000000 626980 468529 
54970 0.002195 531394.000000 592881 482908 
54980 0.002200 510548.000000 558836 467142 
54990 0.002204 516531.000000 559001 461993 
55000 0.002205 555755.000000 621873 521039 
55010 0.002212 540398.000000 611719 508411 
55020 0.002205 519328.000000 569407 476421 
55030 0.002217 547549.000000 643388 488855 
55040 0.002211 525864.000000 573676 482978 
55050 0.002214 528676.000000 604913 461448 
55060 0.002224 516412.000000 549862 497667 
55070 0.002210 517258.000000 584879 486768 
55080 0.002210 507980.000000 583086 463943 
55090 0.002212 523952.000000 553820 484424 
55100 0.002203 511215.000000 576975 473007 
55110 0.002209 509839.000000 550669 492061 
55120 0.002220 529062.000000 608420 493007 
55130 0.002198 523626.000000 545029 501926 
55140 0.002216 528167.000000 562111 503206 
55150 0.002217 515110.000000 579070 464953 
55160 0.002208 542078.000000 568698 508492 
55170 0.002210 529727.000000 589328 491066 
55180 0.002225 533197.000000 588051 505177 
55190 0.002226 511899.000000 553982 484807 
55200 0.002228 534009.000000 571845 496142 
55210 0.002224 536617.000000 622599 505895 
55220 0.002209 500865.000000 546656 459168 
55230 0.002227 531960.000000 573860 491048 
55240 0.002213 524587.000000 564767 493102 
55250 0.002233 528557.000000 563829 492910 
55260 0.002215 521410.000000 557007 472828 
55270 0.002221 520764.000000 558084 480778 
55280 0.002233 540352.000000 581035 496446 
55290 0.002224 524305.000000 577720 481070 
55300 0.002217 520383.000000 537113 476606 
55310 0.002233 528584.000000 573565 476521 
55320 0.002224 523127.000000 576416 440910 
55330 0.002230 523549.000000 573362 469614 
55340 0.002231 530334.000000 595359 455771 
55350 0.002223 524236.000000 592896 480524 
55360 0.002239 521392.000000 591308 482060 
55370 0.002234 550983.000000 698450 456509 
55380 0.002221 524183.000000 596598 479072 
55390 0.002225 524735.000000 578267 455792 
55400 0.002232 533632.000000 569668 477225 
55410 0.002241 520172.000000 547683 467294 
55420 0.002226 528014.000000 585776 476547 
55430 0.002235 524508.000000 573423 472840 
55440 0.002241 536851.000000 575532 504671 
55450 0.002234 527701.000000 606891 470301 
55460 0.002231 535371.000000 622521 476281 
55470 0.002236 540824.000000 613446 491109 
55480 0.002237 524606.000000 560091 484235 
55490 0.002226 536245.000000 583463 494182 
55500 0.002237 511178.000000 557751 460381 
55510 0.002235 518336.000000 554589 488886 
55520 0.002243 522184.000000 611865 461100 
55530 0.002248 548156.000000 599010 470493 
55540 0.002231 524766.000000 559180 489244 
55550 0.002231 518414.000000 566539 481961 
55560 0.002250 511267.000000 559685 460692 
55570 0.002245 523808.000000 614082 460474 
55580 0.002252 535240.000000 599527 482040 
55590 0.002249 543664.000000 587737 501102 
55600 0.002242 535341.000000 598164 487801 
55610 0.002242 506519.000000 524025 455957 
55620 0.002263 518681.000000 554966 471336 
55630 0.002250 523205.000000 585368 487595 
55640 0.002241 532784.000000 629624 471448 
55650 0.002247 532208.000000 565078 484907 
55660 0.002238 534356.000000 606796 486733 
55670 0.002247 531301.000000 596708 481753 
55680 0.002250 549845.000000 609864 507554 
55690 0.002239 547207.000000 610799 508199 
55700 0.002239 518492.000000 541837 489758 
55710 0.002236 504351.000000 565206 474435 
55720 0.002255 523002.000000 572634 485721 
55730 0.002250 524879.000000 586804 492818 
55740 0.002244 526945.000000 576994 484542 
55750 0.002260 539890.000000 562379 511447 
55760 0.002249 528448.000000 604885 496674 
55770 0.002235 519689.000000 579652 483485 
55780 0.002241 544714.000000 580266 511127 
55790 0.002251 537098.000000 623276 498091 
55800 0.002242 525611.000000 593640 486187 
55810 0.002253 536025.000000 664186 493037 
55820 0.002263 535977.000000 563865 498305 
55830 0.002265 536702.000000 573894 505291 
55840 0.002382 525399.000000 579523 493214 
55850 0.002433 539604.000000 640203 478672 
55860 0.002298 538845.000000 629669 498946 
55870 0.002238 528987.000000 570365 474774 
55880 0.002256 545609.000000 610868 493237 
55890 0.002247 523582.000000 607041 493673 
55900 0.002221 520238.000000 598153 470678 
55910 0.002231 527963.000000 600072 478175 
55920 0.002244 532966.000000 555548 493006 
55930 0.002233 513901.000000 534208 492141 
55940 0.002243 522712.000000 571173 487125 
55950 0.002266 547962.000000 599197 482013 
55960 0.002263 534336.000000 566187 504521 
55970 0.002240 532224.000000 585773 483685 
55980 0.002263 530199.000000 576054 485306 
55990 0.002260 523391.000000 554465 490743 
56000 0.002261 528727.000000 579954 488458 
56010 0.002261 533772.000000 605888 474315 
56020 0.002252 527419.000000 567046 488824 
56030 0.002265 527530.000000 587286 488578 
56040 0.002270 544722.000000 611031 505539 
56050 0.002275 541483.000000 586730 517275 
56060 0.002261 533217.000000 575277 477844 
56070 0.002261 525535.000000 569910 484057 
56080 0.002256 536327.000000 583708 466049 
56090 0.002263 537034.000000 571351 493191 
56100 0.002266 541368.000000 628948 500835 
56110 0.002266 561190.000000 600376 513029 
56120 0.002265 534846.000000 618123 489254 
56130 0.002262 534461.000000 656171 491227 
56140 0.002266 526416.000000 560550 493246 
56150 0.002262 533933.000000 568460 490588 
56160 0.002282 546420.000000 611653 496708 
56170 0.002264 548973.000000 608152 499280 
56180 0.002259 540686.000000 592550 491108 
56190 0.002277 535359.000000 655186 494355 
56200 0.002292 555883.000000 617932 510507 
56210 0.002262 531869.000000 592012 481229 
56220 0.002280 538878.000000 604566 487134 
56230 0.002274 536346.000000 563338 477470 
56240 0.002272 550535.000000 674667 507665 
56250 0.002261 536970.000000 591449 482273 
56260 0.002266 536947.000000 593545 484956 
56270 0.002262 527506.000000 595388 484349 
56280 0.002265 524103.000000 594538 493106 
56290 0.002267 507701.000000 547600 469028 
56300 0.002276 541736.000000 622268 509478 
56310 0.002282 536879.000000 658724 489512 
56320 0.002280 542072.000000 611675 501561 
56330 0.002286 550469.000000 610689 493629 
56340 0.002279 536701.000000 580953 477581 
56350 0.002272 533844.000000 676035 482609 
56360 0.002283 534174.000000 631104 490974 
56370 0.002283 530556.000000 653221 479554 
56380 0.002268 514817.000000 555866 485458 
56390 0.002281 535662.000000 576528 503322 
56400 0.002281 540003.000000 632744 497367 
56410 0.002285 551271.000000 582417 515020 
56420 0.002262 525510.000000 605007 476399 
56430 0.002274 514532.000000 532139 489014 
56440 0.002280 536317.000000 606859 487298 
56450 0.002268 542703.000000 603006 513579 
56460 0.002277 528947.000000 618702 506076 
56470 0.002279 538743.000000 587923 497693 
56480 0.002273 546242.000000 606081 470850 
56490 0.002280 557951.000000 612568 520972 
56500 0.002285 528121.000000 579436 482468 
56510 0.002280 530611.000000 663339 486233 
56520 0.002285 542774.000000 591976 490896 
56530 0.002290 538805.000000 620938 491642 
56540 0.002285 536187.000000 579411 500263 
56550 0.002291 534163.000000 567184 509638 
56560 0.002278 530329.000000 572104 481039 
56570 0.002292 530535.000000 574690 474987 
56580 0.002280 542083.000000 608335 502018 
56590 0.002293 538844.000000 580593 501340 
56600 0.002281 520633.000000 566449 469394 
56610 0.002291 544804.000000 590528 506926 
56620 0.002286 530072.000000 575287 499163 
56630 0.002292 538272.000000 606800 491822 
56640 0.002281 555016.000000 619642 513267 
56650 0.002283 525250.000000 565451 489755 
56660 0.002286 535984.000000 582578 502095 
56670 0.002311 542049.000000 598467 525276 
56680 0.002295 535238.000000 605894 496179 
56690 0.002306 545332.000000 615445 494889 
56700 0.002285 528053.000000 601188 494142 
56710 0.002295 542223.000000 589665 513602 
56720 0.002296 548499.000000 631083 484531 
56730 0.002280 535172.000000 583771 496939 
56740 0.002300 536041.000000 582548 499510 
56750 0.002294 550092.000000 575866 512521 
56760 0.002296 530143.000000 551823 490629 
56770 0.002292 540841.000000 571512 513034 
56780 0.002293 537358.000000 581863 489128 
56790 0.002298 562225.000000 619309 519756 
56800 0.002286 533709.000000 554797 505086 
56810 0.002291 534063.000000 553682 487426 
56820 0.002308 548553.000000 589806 515577 
56830 0.002297 547706.000000 606695 473257 
56840 0.002307 538088.000000 632666 496462 
56850 0.002296 540784.000000 570761 497929 
56860 0.002300 542490.000000 581543 482002 
56870 0.002289 537970.000000 631241 496312 
56880 0.002297 542020.000000 637267 504732 
56890 0.002298 541779.000000 599339 504220 
56900 0.002299 540694.000000 594740 491499 
56910 0.002302 532985.000000 645572 485885 
56920 0.002294 539112.000000 628754 480657 
56930 0.002297 528066.000000 572076 484069 
56940 0.002303 536441.000000 598621 477230 
56950 0.002311 550824.000000 681501 494015 
56960 0.002294 547571.000000 594401 503748 
56970 0.002291 549731.000000 595673 499189 
56980 0.002299 552015.000000 599831 496817 
56990 0.002293 538852.000000 578575 506266 
57000 0.002295 551131.000000 624997 482502 
57010 0.002305 539548.000000 616250 496686 
57020 0.002300 542937.000000 583742 516580 
57030 0.002302 543285.000000 598147 510041 
57040 0.002304 543943.000000 588326 509320 
57050 0.002300 542140.000000 602298 499792 
57060 0.002305 533683.000000 595453 480572 
57070 0.002310 548280.000000 600038 488985 
57080 0.002319 553425.000000 612176 487766 
57090 0.002323 554054.000000 606534 509113 
57100 0.002292 521095.000000 548445 500779 
57110 0.002321 574901.000000 682188 526859 
57120 0.002308 540337.000000 641730 488422 
57130 0.002311 555358.000000 599188 499882 
57140 0.002314 540491.000000 590565 502373 
57150 0.002303 561603.000000 648742 508827 
57160 0.002318 532871.000000 590184 478285 
57170 0.002299 555540.000000 641275 505401 
57180 0.002305 559366.000000 602249 515018 
57190 0.002311 545312.000000 564206 523567 
57200 0.002316 573678.000000 673514 522072 
57210 0.002321 542062.000000 586521 503170 
57220 0.002312 537447.000000 558978 520365 
57230 0.002325 533839.000000 585682 501377 
57240 0.002323 536853.000000 558264 507201 
57250 0.002322 526901.000000 579684 482650 
57260 0.002321 540607.000000 617711 495420 
57270 0.002315 558207.000000 647055 496159 
57280 0.002315 556356.000000 592827 515375 
57290 0.002306 541275.000000 599420 485287 
57300 0.002319 526708.000000 555135 490319 
57310 0.002319 540058.000000 586907 497040 
57320 0.002325 543848.000000 630566 496166 
57330 0.002305 550755.000000 654717 500162 
57340 0.002322 566548.000000 648788 473013 
57350 0.002305 551529.000000 596326 496959 
57360 0.002329 564281.000000 627031 500224 
57370 0.002324 539055.000000 592230 504420 
57380 0.002329 554902.000000 600485 519401 
57390 0.002327 536159.000000 590416 493146 
57400 0.002329 561536.000000 648330 520817 
57410 0.002317 555914.000000 600648 504880 
57420 0.002305 526405.000000 578185 495969 
57430 0.002321 539614.000000 684288 495029 
57440 0.002317 528912.000000 585591 502502 
57450 0.002318 530657.000000 565136 508757 
57460 0.002317 558592.000000 583207 528878 
57470 0.002328 540396.000000 582260 521941 
57480 0.002322 558075.000000 610795 519649 
57490 0.002314 517538.000000 530996 491358 
57500 0.002315 548494.000000 671482 487370 
57510 0.002320 545317.000000 594417 501660 
57520 0.002333 552580.000000 583559 528180 
57530 0.002319 527835.000000 579741 492506 
57540 0.002344 537711.000000 609528 493467 
57550 0.002327 548579.000000 612726 503097 
57560 0.002326 551200.000000 634354 516398 
57570 0.002339 549305.000000 580794 503260 
57580 0.002322 543434.000000 589097 500319 
57590 0.002339 551000.000000 638350 504934 
57600 0.002341 550254.000000 611688 482156 
57610 0.002317 531585.000000 598468 509925 
57620 0.002331 557926.000000 631880 520035 
57630 0.002337 556984.000000 609625 495266 
57640 0.002328 553304.000000 604714 514931 
57650 0.002321 546734.000000 624009 496796 
57660 0.002341 569429.000000 659620 498644 
57670 0.002338 556627.000000 613370 520155 
57680 0.002342 542256.000000 600220 520263 
57690 0.002322 553478.000000 611044 500475 
57700 0.002337 548917.000000 648544 468439 
57710 0.002346 542565.000000 591188 503462 
57720 0.002351 544455.000000 608000 503303 
57730 0.002347 554585.000000 605594 495257 
57740 0.002334 536500.000000 555358 484007 
57750 0.002339 548798.000000 610462 495283 
57760 0.002338 542579.000000 605964 461105 
57770 0.002336 550230.000000 628735 500974 
57780 0.002340 562382.000000 642489 484971 
57790 0.002347 559636.000000 618063 529411 
57800 0.002334 561373.000000 604610 516428 
57810 0.002337 560334.000000 607743 499354 
57820 0.002340 544427.000000 597934 503292 
57830 0.002356 553995.000000 625123 503084 
57840 0.002328 541107.000000 593478 494558 
57850 0.002343 527985.000000 550403 503766 
57860 0.002347 556572.000000 622569 498511 
57870 0.002348 555407.000000 606898 496551 
57880 0.002334 550651.000000 576678 507437 
57890 0.002352 563240.000000 629467 507545 
57900 0.002344 551016.000000 602087 507198 
57910 0.002341 562880.000000 648309 491135 
57920 0.002340 558612.000000 599978 520683 
57930 0.002354 565179.000000 624823 516209 
57940 0.002348 554045.000000 625963 500225 
57950 0.002352 549814.000000 623223 497623 
57960 0.002357 555669.000000 599886 509692 
57970 0.002345 553202.000000 586726 514942 
57980 0.002337 571357.000000 626414 492980 
57990 0.002344 527811.000000 558864 505985 
58000 0.002349 547622.000000 578825 523188 
58010 0.002345 558819.000000 625053 519875 
58020 0.002347 555840.000000 607019 492752 
58030 0.002356 567719.000000 629490 530025 
58040 0.002350 547407.000000 590294 521399 
58050 0.002342 546681.000000 576442 501373 
58060 0.002357 561331.000000 613740 522813 
58070 0.002354 553325.000000 605949 498286 
58080 0.002360 567964.000000 678826 521293 
58090 0.002336 539361.000000 591701 487196 
58100 0.002361 541648.000000 616140 500193 
58110 0.002359 550959.000000 626871 491171 
58120 0.002361 560891.000000 609991 524348 
58130 0.002366 551431.000000 608752 508017 
58140 0.002349 571952.000000 635531 527260 
58150 0.002341 530415.000000 614464 490763 
58160 0.002355 549088.000000 628913 502214 
58170 0.002363 561928.000000 625334 510467 
58180 0.002342 535216.000000 597297 478562 
58190 0.002367 585964.000000 656447 539331 
58200 0.002355 548027.000000 618593 498350 
58210 0.002356 555351.000000 604729 495676 
58220 0.002354 547176.000000 568597 506865 
58230 0.002364 557258.000000 633679 507861 
58240 0.002361 571632.000000 647229 514222 
58250 0.002348 554348.000000 635334 515929 
58260 0.002364 546429.000000 595248 504138 
58270 0.002361 559161.000000 620034 505559 
58280 0.002363 559650.000000 631447 525874 
58290 0.002359 536239.000000 591076 490270 
58300 0.002365 555095.000000 601932 520065 
58310 0.002360 544041.000000 609288 499250 
58320 0.002375 553657.000000 605896 499991 
58330 0.002364 560191.000000 616739 508862 
58340 0.002366 559637.000000 614194 520132 
58350 0.002358 556866.000000 601788 521047 
58360 0.002355 549157.000000 580893 501199 
58370 0.002376 566971.000000 636658 506389 
58380 0.002378 578620.000000 660913 526063 
58390 0.002355 563320.000000 639950 489680 
58400 0.002373 568368.000000 704512 516206 
58410 0.002359 546946.000000 597127 510861 
58420 0.002379 570706.000000 597835 536428 
58430 0.002385 559169.000000 672420 504391 
58440 0.002364 565708.000000 629291 508837 
58450 0.002367 567920.000000 629178 509221 
58460 0.002373 577916.000000 642035 525148 
58470 0.002379 575873.000000 641399 525476 
58480 0.002384 542791.000000 618105 487509 
58490 0.002382 538187.000000 600781 492631 
58500 0.002355 558582.000000 634539 472278 
58510 0.002369 559131.000000 670945 500934 
58520 0.002363 566541.000000 628851 510072 
58530 0.002347 542217.000000 573853 511909 
58540 0.002364 561300.000000 609109 513500 
58550 0.002366 564433.000000 614262 523100 
58560 0.002375 565666.000000 598055 541172 
58570 0.002382 559216.000000 613330 533232 
58580 0.002370 546695.000000 605367 495965 
58590 0.002370 569668.000000 634865 533896 
58600 0.002373 570888.000000 642260 505240 
58610 0.002392 555630.000000 592777 493143 
58620 0.002379 554960.000000 664144 508255 
58630 0.002372 577479.000000 710541 520752 
58640 0.002380 568477.000000 616297 521043 
58650 0.002402 570735.000000 636406 532157 
58660 0.002369 561804.000000 603070 516221 
58670 0.002381 573044.000000 621633 533859 
58680 0.002385 551120.000000 633458 504010 
58690 0.002385 541685.000000 604821 500905 
58700 0.002374 560371.000000 641328 527612 
58710 0.002392 547677.000000 588871 509479 
58720 0.002375 576563.000000 739111 512030 
58730 0.002389 549352.000000 588462 509103 
58740 0.002377 545753.000000 607066 506651 
58750 0.002381 542879.000000 610383 496575 
58760 0.002384 580714.000000 647232 519495 
58770 0.002376 554204.000000 625831 511379 
58780 0.002376 580785.000000 640874 524703 
58790 0.002404 573693.000000 656848 521413 
58800 0.002399 569581.000000 639976 519612 
58810 0.002375 557520.000000 614268 504893 
58820 0.002386 556239.000000 607299 526961 
58830 0.002389 575221.000000 721016 515328 
58840 0.002374 552164.000000 639847 522922 
58850 0.002387 562713.000000 643617 511830 
58860 0.002380 555369.000000 591420 495334 
58870 0.002384 562778.000000 604074 525848 
58880 0.002400 583375.000000 626459 527231 
58890 0.002388 559500.000000 654153 502822 
58900 0.002401 581922.000000 649116 492715 
58910 0.002388 557122.000000 618481 499732 
58920 0.002383 551060.000000 641151 523007 
58930 0.002385 572098.000000 629183 552631 
58940 0.002384 546403.000000 594355 494092 
58950 0.002383 578953.000000 631057 518193 
58960 0.002384 565677.000000 613191 531669 
58970 0.002387 555762.000000 629881 487105 
58980 0.002392 567442.000000 603626 531775 
58990 0.002401 563417.000000 643377 528624 
59000 0.002404 544913.000000 598530 515201 
59010 0.002400 576344.000000 619288 537317 
59020 0.002403 565036.000000 596756 519866 
59030 0.002408 574773.000000 642157 522675 
59040 0.002400 574423.000000 635135 531563 
59050 0.002391 548549.000000 581343 502141 
59060 0.002400 578815.000000 644657 519078 
59070 0.002386 552815.000000 595246 525367 
59080 0.002403 552359.000000 605589 521745 
59090 0.002397 549381.000000 615215 487305 
59100 0.002404 568819.000000 628923 527865 
59110 0.002401 573116.000000 629784 511767 
59120 0.002395 569850.000000 669564 486766 
59130 0.002421 592309.000000 758329 520398 
59140 0.002408 585560.000000 683490 544827 
59150 0.002405 566950.000000 610478 525736 
59160 0.002407 577130.000000 642610 545274 
59170 0.002396 563017.000000 671635 507546 
59180 0.002424 574201.000000 677809 521615 
59190 0.002419 566311.000000 609654 527361 
59200 0.002395 561845.000000 628814 518473 
59210 0.002396 568104.000000 596714 538420 
59220 0.002395 576729.000000 621445 532342 
59230 0.002408 560413.000000 642740 528253 
59240 0.002392 557329.000000 599005 507513 
59250 0.002411 554558.000000 581135 526607 
59260 0.002396 562396.000000 605195 522909 
59270 0.002415 564941.000000 638655 501862 
59280 0.002406 583830.000000 660801 530342 
59290 0.002410 549383.000000 570568 502997 
59300 0.002426 572433.000000 625719 530837 
59310 0.002407 583032.000000 632750 554564 
59320 0.002403 567039.000000 626015 513137 
59330 0.002415 580195.000000 615756 523683 
59340 0.002409 553252.000000 585690 505960 
59350 0.002416 594256.000000 662870 550323 
59360 0.002404 565159.000000 650227 520604 
59370 0.002410 565347.000000 619976 545618 
59380 0.002417 568002.000000 641735 540771 
59390 0.002423 575741.000000 616008 519660 
59400 0.002422 571607.000000 617418 545769 
59410 0.002429 564284.000000 611904 516396 
59420 0.002413 576991.000000 648049 508256 
59430 0.002401 577758.000000 641594 533889 
59440 0.002426 566831.000000 699420 515859 
59450 0.002412 571596.000000 657728 540271 
59460 0.002413 552636.000000 611324 503405 
59470 0.002417 547752.000000 576456 489291 
59480 0.002422 588711.000000 617262 527909 
59490 0.002420 582050.000000 674844 553125 
59500 0.002432 583886.000000 648028 539161 
59510 0.002417 564937.000000 593221 539825 
59520 0.002406 562901.000000 634901 512859 
59530 0.002412 553835.000000 594078 498410 
59540 0.002426 591855.000000 734689 530134 
59550 0.002420 573390.000000 618345 535506 
59560 0.002415 581324.000000 640401 539427 
59570 0.002419 564092.000000 640853 520136 
59580 0.002424 557729.000000 608665 513452 
59590 0.002428 584830.000000 640287 558697 
59600 0.002418 585218.000000 698308 534566 
59610 0.002431 601051.000000 696816 525942 
59620 0.002427 554409.000000 607986 513171 
59630 0.002439 569709.000000 631847 500824 
59640 0.002421 569618.000000 626789 522767 
59650 0.002416 571283.000000 627846 539863 
59660 0.002419 589646.000000 642253 536697 
59670 0.002416 585610.000000 667815 536908 
59680 0.002428 558653.000000 587479 521523 
59690 0.002425 564429.000000 624116 527257 
59700 0.002424 571065.000000 614043 525528 
59710 0.002423 585684.000000 639830 540795 
59720 0.002434 572081.000000 651833 527228 
59730 0.002430 569755.000000 633784 534977 
59740 0.002419 580372.000000 645262 528750 
59750 0.002440 587191.000000 718381 543050 
59760 0.002430 572485.000000 600144 547063 
59770 0.002430 577670.000000 621348 531908 
59780 0.002460 581856.000000 654186 519872 
59790 0.002676 588215.000000 647940 534771 
59800 0.002450 588660.000000 671324 523766 
59810 0.002455 575750.000000 608677 530637 
59820 0.002451 580354.000000 657369 540596 
59830 0.002472 580606.000000 649542 522301 
59840 0.002468 595328.000000 649236 549317 
59850 0.002432 558457.000000 617352 506682 
59860 0.002442 555013.000000 585770 517202 
59870 0.002442 574293.000000 635993 517410 
59880 0.002450 568757.000000 598953 506802 
59890 0.002430 585813.000000 663071 505526 
59900 0.002435 559964.000000 641662 519813 
59910 0.002441 574053.000000 659391 512999 
59920 0.002453 557600.000000 593338 536059 
59930 0.002443 571679.000000 663044 523680 
59940 0.002449 564066.000000 618066 518755 
59950 0.002435 572290.000000 616315 525464 
59960 0.002437 559027.000000 591942 530021 
59970 0.002459 615307.000000 667050 556845 
59980 0.002448 558963.000000 605229 521164 
59990 0.002460 576345.000000 652896 510561 
60000 0.002428 577997.000000 663322 517901 
60010 0.002436 584102.000000 691103 521657 
60020 0.002464 587858.000000 620415 540900 
60030 0.002459 594888.000000 686938 500943 
60040 0.002466 583633.000000 627253 552421 
60050 0.002462 604589.000000 665158 569408 
60060 0.002450 567907.000000 615838 512421 
60070 0.002455 595163.000000 643388 532234 
60080 0.002450 563789.000000 617554 505488 
60090 0.002449 568782.000000 611987 507984 
60100 0.002455 586747.000000 652378 537420 
60110 0.002452 566631.000000 615398 481703 
60120 0.002462 582617.000000 650469 534494 
60130 0.002457 579212.000000 628364 525920 
60140 0.002442 590134.000000 699720 552515 
60150 0.002442 569051.000000 657327 521935 
60160 0.002457 573530.000000 609275 511401 
60170 0.002449 555824.000000 580804 520434 
60180 0.002633 596658.000000 705280 526616 
60190 0.002454 553048.000000 586934 511968 
60200 0.002459 568155.000000 614720 519384 
60210 0.002471 568458.000000 600280 535168 
60220 0.002464 603714.000000 733865 514563 
60230 0.002465 574285.000000 672778 541182 
60240 0.002470 556453.000000 591229 516364 
60250 0.002481 565667.000000 605973 518832 
60260 0.002452 586659.000000 654109 503671 
60270 0.002462 586938.000000 651060 541903 
60280 0.002468 574372.000000 618123 514048 
60290 0.002464 593171.000000 654164 544542 
60300 0.002456 556907.000000 619576 516401 
60310 0.002471 557769.000000 589878 518993 
60320 0.002461 565213.000000 622830 530856 
60330 0.002469 587358.000000 671285 526468 
60340 0.002445 558255.000000 608802 522548 
60350 0.002472 562792.000000 675001 499880 
60360 0.002465 585493.000000 619508 545414 
60370 0.002471 573742.000000 621880 546643 
60380 0.002474 570192.000000 626986 532785 
60390 0.002455 570796.000000 627769 507314 
60400 0.002466 583732.000000 682400 533123 
60410 0.002476 584365.000000 632907 510601 
60420 0.002470 573744.000000 637345 530670 
60430 0.002462 568830.000000 624558 529073 
60440 0.002486 609826.000000 661592 554793 
60450 0.002474 590086.000000 691727 546776 
60460 0.002484 591275.000000 636900 552535 
60470 0.002475 577737.000000 608144 519856 
60480 0.002466 570158.000000 612766 499375 
60490 0.002469 570799.000000 602603 534262 
60500 0.002461 576644.000000 650464 522882 
60510 0.002479 595012.000000 725536 517345 
60520 0.002471 582596.000000 667417 528503 
60530 0.002448 572709.000000 644594 500579 
60540 0.002477 576989.000000 635340 520177 
60550 0.002482 583699.000000 647951 517617 
60560 0.002479 589982.000000 662711 524096 
60570 0.002486 562086.000000 600832 514710 
60580 0.002466 584440.000000 621244 542258 
60590 0.002469 572805.000000 616688 522837 
60600 0.002482 571455.000000 611581 539343 
60610 0.002491 589052.000000 649551 540900 
60620 0.002473 586658.000000 624912 516373 
60630 0.002477 578832.000000 631852 544326 
60640 0.002483 608212.000000 699583 570934 
60650 0.002479 594287.000000 649519 531864 
60660 0.002489 580658.000000 647138 528887 
60670 0.002482 579574.000000 626775 550340 
60680 0.002505 587293.000000 672011 552404 
60690 0.002527 577589.000000 668270 540513 
60700 0.002494 580206.000000 664689 524725 
60710 0.002476 579130.000000 656879 534853 
60720 0.002480 587545.000000 626896 542778 
60730 0.002495 599953.000000 652597 534631 
60740 0.002480 576955.000000 641223 532489 
60750 0.002477 575460.000000 662886 513436 
60760 0.002475 575372.000000 608294 539809 
60770 0.002509 565781.000000 594288 528635 
60780 0.002499 606376.000000 673850 540931 
60790 0.002493 599352.000000 706912 490503 
60800 0.002467 557827.000000 611201 524648 
60810 0.002484 576322.000000 624260 537500 
60820 0.002488 572755.000000 661787 532182 
60830 0.002486 567796.000000 596244 540857 
60840 0.002492 583232.000000 624948 563641 
60850 0.002489 582767.000000 624296 516424 
60860 0.002490 565097.000000 586549 540879 
60870 0.002492 598915.000000 636891 564079 
60880 0.002492 590185.000000 657670 532343 
60890 0.002487 568365.000000 607759 534565 
60900 0.002494 591118.000000 655508 506814 
60910 0.002521 576061.000000 626616 524297 
60920 0.002511 566839.000000 625689 523998 
60930 0.002506 620926.000000 699291 538537 
60940 0.002486 594496.000000 637637 559758 
60950 0.002493 594146.000000 644337 546271 
60960 0.002486 583099.000000 631445 548484 
60970 0.002485 582820.000000 603060 558703 
60980 0.002508 582688.000000 645398 529586 
60990 0.002509 594961.000000 663096 549166 
61000 0.002483 577341.000000 631605 534029 
61010 0.002499 588941.000000 630750 545524 
61020 0.002501 591360.000000 669087 549100 
61030 0.002496 581246.000000 639254 537424 
61040 0.002488 582118.000000 680879 526579 
61050 0.002489 598920.000000 656676 532065 
61060 0.002496 599730.000000 697603 534826 
61070 0.002495 577973.000000 641780 524626 
61080 0.002479 579345.000000 633015 539363 
61090 0.002492 573961.000000 625552 502166 
61100 0.002508 590751.000000 631494 524439 
61110 0.002494 593367.000000 668305 527094 
61120 0.002499 558800.000000 611473 504971 
61130 0.002514 583053.000000 675220 528781 
61140 0.002471 599693.000000 659678 539043 
61150 0.002409 592417.000000 646680 552905 
61160 0.002466 583384.000000 640290 532009 
61170 0.002474 588563.000000 658900 505378 
61180 0.002482 577632.000000 628764 547920 
61190 0.002493 592345.000000 679994 545235 
61200 0.002459 585267.000000 635249 548789 
61210 0.002497 580854.000000 617054 534267 
61220 0.002524 590354.000000 655814 534766 
61230 0.002495 581717.000000 676957 555437 
61240 0.002485 588223.000000 668355 538112 
61250 0.002485 585957.000000 612616 522375 
61260 0.002510 600118.000000 657295 560009 
61270 0.002494 576058.000000 611861 544565 
61280 0.002504 580388.000000 626325 552280 
61290 0.002494 580317.000000 619245 550367 
61300 0.002498 580020.000000 614458 553831 
61310 0.002487 585478.000000 628391 548523 
61320 0.002511 596603.000000 695199 548661 
61330 0.002486 604079.000000 639990 579685 
61340 0.002507 608431.000000 722244 527144 
61350 0.002502 575547.000000 617600 533898 
61360 0.002511 591111.000000 647756 535321 
61370 0.002498 594619.000000 660108 545618 
61380 0.002508 607408.000000 673027 552176 
61390 0.002502 599140.000000 677940 546424 
61400 0.002498 586615.000000 666134 544178 
61410 0.002498 592438.000000 629340 531620 
61420 0.002498 557061.000000 596470 508649 
61430 0.002519 595638.000000 641447 543991 
61440 0.002506 576528.000000 613595 552360 
61450 0.002494 588499.000000 673797 556357 
61460 0.002520 611280.000000 731203 545463 
61470 0.002514 591480.000000 626775 543661 
61480 0.002520 577189.000000 615028 544720 
61490 0.002493 620512.000000 666204 584514 
61500 0.002516 599687.000000 649351 537579 
61510 0.002499 598448.000000 691618 546788 
61520 0.002516 581125.000000 641182 547301 
61530 0.002516 591688.000000 642085 533475 
61540 0.002504 572274.000000 632003 536083 
61550 0.002523 599742.000000 627504 555221 
61560 0.002506 593182.000000 638128 553194 
61570 0.002506 597487.000000 665216 555064 
61580 0.002499 580915.000000 629227 519919 
61590 0.002514 590160.000000 658475 539923 
61600 0.002518 569930.000000 590897 538306 
61610 0.002511 580727.000000 665453 545266 
61620 0.002517 573071.000000 653758 517747 
61630 0.002516 584236.000000 627098 515789 
61640 0.002528 611702.000000 732113 559445 
61650 0.002520 588376.000000 660573 526150 
61660 0.002507 599902.000000 642589 558830 
61670 0.002514 591754.000000 638429 544892 
61680 0.002526 603090.000000 645439 531758 
61690 0.002513 614837.000000 702040 549077 
61700 0.002527 587770.000000 662570 547170 
61710 0.002516 575762.000000 636765 533517 
61720 0.002508 595614.000000 683808 543206 
61730 0.002525 608645.000000 688093 552252 
61740 0.002507 598861.000000 668635 539353 
61750 0.002503 579798.000000 654383 517415 
61760 0.002499 586980.000000 626006 526723 
61770 0.002523 576262.000000 602474 519112 
61780 0.002515 594553.000000 689303 528760 
61790 0.002520 591703.000000 760135 546911 
61800 0.002521 577163.000000 605853 540866 
61810 0.002523 580537.000000 647615 545895 
61820 0.002542 595521.000000 641445 556406 
61830 0.002526 577019.000000 628148 525752 
61840 0.002547 603771.000000 710735 553812 
61850 0.002540 604468.000000 689006 523145 
61860 0.002533 594849.000000 622012 571940 
61870 0.002539 617170.000000 663081 569658 
61880 0.002522 591103.000000 695852 522549 
61890 0.002513 591230.000000 684673 556965 
61900 0.002521 594386.000000 643942 547319 
61910 0.002529 581189.000000 648275 550613 
61920 0.002537 627979.000000 700310 562622 
61930 0.002508 582637.000000 625818 549220 
61940 0.002526 610326.000000 695883 569086 
61950 0.002534 607918.000000 748537 549465 
61960 0.002530 603315.000000 664728 559788 
61970 0.002518 587998.000000 661877 534973 
61980 0.002523 605388.000000 771021 532096 
61990 0.002528 595872.000000 652742 545228 
62000 0.002534 608543.000000 678987 544061 
62010 0.002530 588513.000000 631826 551952 
62020 0.002531 601602.000000 686074 562769 
62030 0.002522 594311.000000 704458 537633 
62040 0.002531 597298.000000 635405 555249 
62050 0.002523 608860.000000 650547 579081 
62060 0.002538 594018.000000 702541 544672 
62070 0.002539 608302.000000 688118 542738 
62080 0.002535 609655.000000 685319 530560 
62090 0.002535 593327.000000 687688 550175 
62100 0.002535 574732.000000 608231 539230 
62110 0.002532 588079.000000 627653 520325 
62120 0.002544 587442.000000 638996 544596 
62130 0.002545 607689.000000 714948 540323 
62140 0.002547 593873.000000 659121 539649 
62150 0.002545 598293.000000 694032 554623 
62160 0.002550 609738.000000 668525 559419 
62170 0.002553 602296.000000 682949 551316 
62180 0.002529 581155.000000 623969 544565 
62190 0.002550 598490.000000 646549 541710 
62200 0.002531 580413.000000 625172 529549 
62210 0.002541 571016.000000 614931 535500 
62220 0.002545 597279.000000 650637 561310 
62230 0.002554 598780.000000 706202 558563 
62240 0.002548 610681.000000 658171 567104 
62250 0.002542 596437.000000 637154 569097 
62260 0.002545 595559.000000 652226 543611 
62270 0.002533 591002.000000 661791 551918 
62280 0.002549 619212.000000 734144 543980 
62290 0.002559 593877.000000 670918 546945 
62300 0.002564 585284.000000 623878 543534 
62310 0.002561 598572.000000 647694 539325 
62320 0.002551 576681.000000 604857 546143 
62330 0.002550 601097.000000 682421 561002 
62340 0.002535 586756.000000 640054 543651 
62350 0.002554 587706.000000 624010 544736 
62360 0.002539 617592.000000 672210 572573 
62370 0.002528 579305.000000 651686 506359 
62380 0.002533 582411.000000 686080 528257 
62390 0.002551 595513.000000 724467 532598 
62400 0.002559 625167.000000 678151 542660 
62410 0.002552 599763.000000 672705 565974 
62420 0.002542 596529.000000 647432 555074 
62430 0.002555 608556.000000 704869 544520 
62440 0.002567 594703.000000 639513 565630 
62450 0.002558 622531.000000 801361 557832 
62460 0.002549 588538.000000 657270 554866 
62470 0.002549 598673.000000 684057 548294 
62480 0.002562 596197.000000 650199 553335 
62490 0.002560 598905.000000 657600 558450 
62500 0.002573 590292.000000 614136 560101 
62510 0.002570 597469.000000 663040 550620 
62520 0.002570 605496.000000 692112 560331 
62530 0.002566 607842.000000 663200 557018 
62540 0.002555 588262.000000 639055 541229 
62550 0.002544 600509.000000 645361 556817 
62560 0.002565 615955.000000 723837 566888 
62570 0.002555 611534.000000 699551 565729 
62580 0.002551 586061.000000 652088 528642 
62590 0.002562 613421.000000 729989 550873 
62600 0.002562 598265.000000 668379 553643 
62610 0.002566 605428.000000 652005 542055 
62620 0.002568 627385.000000 730181 565650 
62630 0.002559 606402.000000 647469 555439 
62640 0.002552 608371.000000 656593 574399 
62650 0.002567 593882.000000 634936 552048 
62660 0.002567 599064.000000 673738 540931 
62670 0.002559 622874.000000 741840 546048 
62680 0.002569 610602.000000 642372 560424 
62690 0.002574 627560.000000 665832 580751 
62700 0.002575 608378.000000 688505 562703 
62710 0.002579 617255.000000 700958 565490 
62720 0.002567 628345.000000 723106 589332 
62730 0.002565 611745.000000 692689 533047 
62740 0.002578 611113.000000 674413 542354 
62750 0.002572 602699.000000 657015 563877 
62760 0.002574 597889.000000 653406 545216 
62770 0.002564 581037.000000 607326 539575 
62780 0.002586 609958.000000 705128 562913 
62790 0.002576 610786.000000 704286 561133 
62800 0.002568 602346.000000 674003 563278 
62810 0.002579 585443.000000 615060 560478 
62820 0.002580 598217.000000 638293 545983 
62830 0.002558 616259.000000 638840 585123 
62840 0.002573 596760.000000 656270 554066 
62850 0.002573 595804.000000 645573 555639 
62860 0.002578 601463.000000 663491 550058 
62870 0.002572 602721.000000 659101 553673 
62880 0.002581 612927.000000 698413 564520 
62890 0.002571 592147.000000 639227 526971 
62900 0.002556 622982.000000 662986 577150 
62910 0.002587 632864.000000 740489 531344 
62920 0.002565 603899.000000 666136 560009 
62930 0.002577 611155.000000 658323 550956 
62940 0.002606 626936.000000 676937 590297 
62950 0.002624 607208.000000 698224 540797 
62960 0.002569 623059.000000 687762 558501 
62970 0.002577 611365.000000 664533 571468 
62980 0.002586 598233.000000 709622 542273 
62990 0.002586 617305.000000 668221 536931 
63000 0.002595 611651.000000 681259 571379 
63010 0.002588 602994.000000 640411 551241 
63020 0.002585 595839.000000 662514 556099 
63030 0.002571 615962.000000 669612 573761 
63040 0.002581 594961.000000 673870 540679 
63050 0.002589 587433.000000 635279 543749 
63060 0.002561 582282.000000 613725 547685 
63070 0.002569 614930.000000 646567 565233 
63080 0.002597 590179.000000 645028 545452 
63090 0.002571 588635.000000 684904 538780 
63100 0.002586 622696.000000 686849 555645 
63110 0.002590 615105.000000 749116 562829 
63120 0.002590 612578.000000 685584 555513 
63130 0.002602 607871.000000 699053 561307 
63140 0.002588 594171.000000 659280 568145 
63150 0.002577 608752.000000 652097 584145 
63160 0.002599 586787.000000 717770 528192 
63170 0.002603 606099.000000 687828 556742 
63180 0.002641 602487.000000 712345 558511 
63190 0.002548 601040.000000 661469 560247 
63200 0.002594 602939.000000 665944 558886 
63210 0.002607 620144.000000 764241 546426 
63220 0.002635 604278.000000 642308 557124 
63230 0.002661 592686.000000 632228 538092 
63240 0.002666 599761.000000 652809 552996 
63250 0.002613 625896.000000 688919 562762 
63260 0.002622 596757.000000 642410 549518 
63270 0.002621 613942.000000 715777 559330 
63280 0.002647 607613.000000 665264 568845 
63290 0.002666 608578.000000 693833 563843 
63300 0.002623 627632.000000 683044 559229 
63310 0.002616 632883.000000 684140 600787 
63320 0.002618 601926.000000 653722 555897 
63330 0.002598 613818.000000 642073 557750 
63340 0.002628 621324.000000 693000 587370 
63350 0.002612 607552.000000 662771 559590 
63360 0.002619 595747.000000 625491 566962 
63370 0.002607 628034.000000 662593 575319 
63380 0.002597 601162.000000 660080 552773 
63390 0.002612 609542.000000 652185 557800 
63400 0.002592 611086.000000 658189 561399 
63410 0.002600 598181.000000 633033 544490 
63420 0.002599 607569.000000 638328 571369 
63430 0.002607 599305.000000 651672 555407 
63440 0.002609 620321.000000 670708 565777 
63450 0.002611 593093.000000 653995 555939 
63460 0.002616 616836.000000 757664 556607 
63470 0.002601 608435.000000 648343 568652 
63480 0.002604 619388.000000 646891 592680 
63490 0.002616 594437.000000 650159 555314 
63500 0.002621 615592.000000 682437 546886 
63510 0.002646 619491.000000 686722 587529 
63520 0.002616 621063.000000 675936 566455 
63530 0.002618 608145.000000 653316 554382 
63540 0.002620 606659.000000 689757 568970 
63550 0.002598 599198.000000 636842 572116 
63560 0.002621 610887.000000 711283 547783 
63570 0.002610 613912.000000 742683 561095 
63580 0.002630 633376.000000 679467 608801 
63590 0.002622 611978.000000 661750 574073 
63600 0.002612 612802.000000 683093 560237 
63610 0.002625 607014.000000 643575 566219 
63620 0.002618 617689.000000 691417 566921 
63630 0.002616 617184.000000 709653 564012 
63640 0.002623 608894.000000 665026 553675 
63650 0.002617 611313.000000 698802 556854 
63660 0.002591 610513.000000 709459 546812 
63670 0.002623 622335.000000 678727 596354 
63680 0.002620 606219.000000 631800 566907 
63690 0.002617 613599.000000 676480 549598 
63700 0.002615 639230.000000 702558 580647 
63710 0.002626 625577.000000 696348 564554 
63720 0.002624 618979.000000 740738 522307 
63730 0.002612 605488.000000 654475 568725 
63740 0.002630 612714.000000 664015 577369 
63750 0.002643 629093.000000 713498 560020 
63760 0.002625 592752.000000 639181 563373 
63770 0.002643 617900.000000 680643 567249 
63780 0.002632 608056.000000 706056 550366 
63790 0.002625 646828.000000 777954 600944 
63800 0.002634 626107.000000 684565 584093 
63810 0.002639 636924.000000 685275 565654 
63820 0.002641 620579.000000 679573 559977 
63830 0.002619 626992.000000 703479 572702 
63840 0.002632 622174.000000 738467 558488 
63850 0.002625 611993.000000 650028 562413 
63860 0.002623 620367.000000 680924 567139 
63870 0.002628 608959.000000 711880 562747 
63880 0.002622 613378.000000 688359 575434 
63890 0.002626 637801.000000 788506 579967 
63900 0.002636 602679.000000 703620 556309 
63910 0.002637 615384.000000 694878 559530 
63920 0.002631 616366.000000 682481 574208 
63930 0.002629 617336.000000 664445 563688 
63940 0.002647 638328.000000 706221 571819 
63950 0.002613 635439.000000 708961 603739 
63960 0.002625 612955.000000 666581 554834 
63970 0.002633 624185.000000 698579 574191 
63980 0.002623 606155.000000 644857 546721 
63990 0.002649 631301.000000 681146 568267 
64000 0.002641 617158.000000 661219 553988 
64010 0.002633 636900.000000 672873 600601 
64020 0.002641 612150.000000 650449 553713 
64030 0.002625 618086.000000 700797 567321 
64040 0.002642 635753.000000 705273 589421 
64050 0.002631 612317.000000 706024 555858 
64060 0.002628 609589.000000 670458 574214 
64070 0.002621 608464.000000 637235 559110 
64080 0.002627 619409.000000 685131 563736 
64090 0.002645 622457.000000 687266 570531 
64100 0.002626 621000.000000 666235 574355 
64110 0.002619 626952.000000 729509 572115 
64120 0.002637 611505.000000 676281 549214 
64130 0.002627 594223.000000 630154 567640 
64140 0.002639 598926.000000 660083 559764 
64150 0.002639 615407.000000 678491 568082 
64160 0.002633 625947.000000 667994 576266 
64170 0.002641 615930.000000 653698 565916 
64180 0.002642 617516.000000 656134 585728 
64190 0.002638 604883.000000 677136 544754 
64200 0.002645 641506.000000 713934 555713 
64210 0.002636 633572.000000 685171 572812 
64220 0.002644 607034.000000 663717 564192 
64230 0.002650 624033.000000 828236 575161 
64240 0.002641 610334.000000 689820 569928 
64250 0.002641 619933.000000 706939 571910 
64260 0.002649 632835.000000 715021 593966 
64270 0.002634 635527.000000 685552 582852 
64280 0.002666 634021.000000 736639 570046 
64290 0.002632 618010.000000 659613 591109 
64300 0.002653 621995.000000 683476 572790 
64310 0.002655 631576.000000 695678 597932 
64320 0.002638 611590.000000 654680 563008 
64330 0.002632 626663.000000 683598 577088 
64340 0.002651 632089.000000 765826 589818 
64350 0.002639 598803.000000 662440 565333 
64360 0.002648 620123.000000 663304 573388 
64370 0.002655 624819.000000 702129 568227 
64380 0.002657 619619.000000 682104 565696 
64390 0.002652 633215.000000 737566 567818 
64400 0.002657 611970.000000 695970 556519 
64410 0.002645 606940.000000 672242 549519 
64420 0.002667 601288.000000 641212 561092 
64430 0.002661 624255.000000 659646 583795 
64440 0.002635 609241.000000 657741 576346 
64450 0.002651 618962.000000 662205 582534 
64460 0.002639 620707.000000 664730 587092 
64470 0.002656 601943.000000 633449 567147 
64480 0.002643 619197.000000 681157 558967 
64490 0.002655 644124.000000 718161 577283 
64500 0.002630 616316.000000 661385 559772 
64510 0.002655 631293.000000 720552 578725 
64520 0.002658 616700.000000 724103 557859 
64530 0.002645 612109.000000 644263 574746 
64540 0.002655 628059.000000 661421 575515 
64550 0.002659 604642.000000 689225 557492 
64560 0.002655 627450.000000 684227 590493 
64570 0.002659 621003.000000 701433 567834 
64580 0.002639 627114.000000 664305 550883 
64590 0.002647 611622.000000 647057 556273 
64600 0.002665 624747.000000 684027 572896 
64610 0.002671 629770.000000 689198 591901 
64620 0.002648 628636.000000 713557 570861 
64630 0.002666 630397.000000 718549 575485 
64640 0.002640 596474.000000 640656 566911 
64650 0.002664 625714.000000 695337 589107 
64660 0.002664 618119.000000 682165 551656 
64670 0.002665 623427.000000 708743 561470 
64680 0.002652 599875.000000 643815 570442 
64690 0.002651 605918.000000 648701 565210 
64700 0.002663 622489.000000 688911 570109 
64710 0.002680 629520.000000 680724 597104 
64720 0.002662 630705.000000 710214 566585 
64730 0.002674 629786.000000 682303 592661 
64740 0.002674 633463.000000 688195 584171 
64750 0.002663 625858.000000 717381 578054 
64760 0.002679 614367.000000 699334 561846 
64770 0.002671 605980.000000 647548 571247 
64780 0.002681 634645.000000 722454 567402 
64790 0.002665 633932.000000 757323 585511 
64800 0.002664 625898.000000 736377 578060 
64810 0.002661 629871.000000 680658 572971 
64820 0.002662 627432.000000 697308 576549 
64830 0.002668 638579.000000 715446 575708 
64840 0.002669 606880.000000 671235 546597 
64850 0.002673 634043.000000 772148 542588 
64860 0.002662 626912.000000 677236 590355 
64870 0.002678 626242.000000 706034 551678 
64880 0.002670 639168.000000 692696 579880 
64890 0.002664 619455.000000 673813 574767 
64900 0.002667 620784.000000 672314 577906 
64910 0.002649 609073.000000 701185 568941 
64920 0.002674 639067.000000 770769 576993 
64930 0.002665 620683.000000 678722 579837 
64940 0.002674 619323.000000 669826 573069 
64950 0.002674 637129.000000 702503 548603 
64960 0.002673 635180.000000 680601 580742 
64970 0.002669 617651.000000 655935 584272 
64980 0.002680 616471.000000 655265 568591 
64990 0.002681 634766.000000 665846 585748 
65000 0.002677 647237.000000 744777 596798 
65010 0.002681 621475.000000 661999 581599 
65020 0.002688 634793.000000 666470 566650 
65030 0.002694 630031.000000 662763 594222 
65040 0.002674 627499.000000 686020 601521 
65050 0.002698 625242.000000 674957 548907 
65060 0.002681 634867.000000 693946 589391 
65070 0.002690 629984.000000 698213 598144 
65080 0.002703 654615.000000 755109 584304 
65090 0.002694 639487.000000 776305 587185 
65100 0.002672 612679.000000 659789 573840 
65110 0.002701 621283.000000 668665 582139 
65120 0.002705 639255.000000 729710 569834 
65130 0.002676 616707.000000 679763 561409 
65140 0.002692 615026.000000 672428 584093 
65150 0.002681 609385.000000 676902 570301 
65160 0.002683 626688.000000 696189 578364 
65170 0.002696 620155.000000 656069 576800 
65180 0.002704 659065.000000 741163 603291 
65190 0.002671 630034.000000 667102 576480 
65200 0.002690 625296.000000 694526 568351 
65210 0.002691 622226.000000 696562 563723 
65220 0.002698 636367.000000 692551 580583 
65230 0.002680 626742.000000 673687 565603 
65240 0.002686 637898.000000 678462 598887 
65250 0.002709 671159.000000 755659 585450 
65260 0.002695 634111.000000 697284 575590 
65270 0.002701 625953.000000 707705 585274 
65280 0.002694 609928.000000 643430 592719 
65290 0.002700 630217.000000 670750 588903 
65300 0.002689 609298.000000 649675 586930 
65310 0.002670 616535.000000 685090 559328 
65320 0.002676 631381.000000 737991 588564 
65330 0.002692 642961.000000 736737 577676 
65340 0.002591 627289.000000 661673 593123 
65350 0.002641 612708.000000 653445 561038 
65360 0.002645 627899.000000 663982 584442 
65370 0.002671 623115.000000 674947 568117 
65380 0.002684 632976.000000 681743 586353 
65390 0.002673 624279.000000 678942 580821 
65400 0.002687 628487.000000 697361 589850 
65410 0.002700 644858.000000 696092 602661 
65420 0.002677 622373.000000 670871 569655 
65430 0.002686 624433.000000 650137 567298 
65440 0.002693 634078.000000 678537 566960 
65450 0.002690 621694.000000 678226 594162 
65460 0.002685 663519.000000 805134 600683 
65470 0.002703 655042.000000 748783 596362 
65480 0.002694 633842.000000 679916 563348 
65490 0.002701 646615.000000 713917 593910 
65500 0.002680 631568.000000 661865 597287 
65510 0.002691 626736.000000 674795 592012 
65520 0.002693 634896.000000 706890 604728 
65530 0.002685 626667.000000 656691 588752 
65540 0.002677 632116.000000 693576 600910 
65550 0.002684 633503.000000 713722 584012 
65560 0.002710 609073.000000 633978 575803 
65570 0.002703 634963.000000 693060 593973 
65580 0.002705 637081.000000 738750 602614 
65590 0.002697 626203.000000 679577 569304 
65600 0.002701 620071.000000 694199 561315 
65610 0.002681 606935.000000 662829 562904 
65620 0.002700 635977.000000 680642 576585 
65630 0.002716 630829.000000 736003 598261 
65640 0.002700 618725.000000 668176 569451 
65650 0.002690 623408.000000 691499 579030 
65660 0.002684 641716.000000 687938 599529 
65670 0.002694 624265.000000 683842 568924 
65680 0.002696 649969.000000 714154 596345 
65690 0.002694 625609.000000 673891 588245 
65700 0.002706 634760.000000 679580 599303 
65710 0.002698 624627.000000 678308 586998 
65720 0.002709 629493.000000 742056 567990 
65730 0.002693 620057.000000 711001 557601 
65740 0.002712 651454.000000 679935 592417 
65750 0.002707 642337.000000 790189 580916 
65760 0.002702 637535.000000 696674 575847 
65770 0.002687 632678.000000 720389 589323 
65780 0.002709 639330.000000 686318 577049 
65790 0.002709 646376.000000 762505 599669 
65800 0.002698 639017.000000 697793 588137 
65810 0.002696 611204.000000 648579 550939 
65820 0.002703 637253.000000 695074 593473 
65830 0.002710 651421.000000 718955 610371 
65840 0.002716 653722.000000 720986 560980 
65850 0.002726 648621.000000 727174 590498 
65860 0.002708 647351.000000 733089 593436 
65870 0.002729 632850.000000 685375 603349 
65880 0.002720 625754.000000 664914 567100 
65890 0.002697 624624.000000 693197 589548 
65900 0.002696 650036.000000 743943 592294 
65910 0.002712 645807.000000 717909 600655 
65920 0.002709 633399.000000 686143 594122 
65930 0.002721 651622.000000 702065 579430 
65940 0.002698 636552.000000 684610 595244 
65950 0.002707 634421.000000 697898 598021 
65960 0.002726 656572.000000 751724 609183 
65970 0.002704 645430.000000 684324 600011 
65980 0.002714 641384.000000 680770 597523 
65990 0.002716 654738.000000 691761 614738 
66000 0.002711 633336.000000 694293 570875 
66010 0.002714 648590.000000 712861 580756 
66020 0.002714 634379.000000 750004 604432 
66030 0.002724 669619.000000 780725 615430 
66040 0.002712 642028.000000 723358 596873 
66050 0.002723 635227.000000 684029 584776 
66060 0.002705 635429.000000 712360 574562 
66070 0.002709 633765.000000 684226 578679 
66080 0.002729 660245.000000 726852 604113 
66090 0.002701 649954.000000 753628 567958 
66100 0.002717 651155.000000 774296 594638 
66110 0.002716 633000.000000 682507 584419 
66120 0.002715 646657.000000 700553 583443 
66130 0.002725 634041.000000 712589 565862 
66140 0.002735 640882.000000 759021 591487 
66150 0.002725 632185.000000 691229 580898 
66160 0.002709 639224.000000 673426 608209 
66170 0.002694 632244.000000 689697 582873 
66180 0.002710 643347.000000 729015 584441 
66190 0.002723 631724.000000 688120 583978 
66200 0.002709 629674.000000 689211 598089 
66210 0.002718 643896.000000 673807 624129 
66220 0.002716 633486.000000 673444 600156 
66230 0.002727 635262.000000 713983 594143 
66240 0.002712 620215.000000 698444 591884 
66250 0.002715 627703.000000 702742 588181 
66260 0.002703 645765.000000 716324 596135 
66270 0.002708 650309.000000 689836 612604 
66280 0.002723 640670.000000 676572 605295 
66290 0.002726 615890.000000 716910 553688 
66300 0.002723 645222.000000 691877 577545 
66310 0.002723 625775.000000 709679 579512 
66320 0.002736 626626.000000 669119 584699 
66330 0.002740 657660.000000 752722 592760 
66340 0.002722 642107.000000 713992 596151 
66350 0.002729 635013.000000 717911 584237 
66360 0.002726 635868.000000 708820 605508 
66370 0.002727 650697.000000 725904 593661 
66380 0.002726 643931.000000 730994 599469 
66390 0.002725 645061.000000 722061 601380 
66400 0.002730 642586.000000 738419 570140 
66410 0.002719 640739.000000 714281 575577 
66420 0.002715 639352.000000 704663 576457 
66430 0.002726 650041.000000 713918 547751 
66440 0.002734 665297.000000 831337 585485 
66450 0.002746 639647.000000 773869 589139 
66460 0.002736 651270.000000 709896 575411 
66470 0.002728 655123.000000 826936 585648 
66480 0.002720 660230.000000 743744 596292 
66490 0.002731 643389.000000 800364 573551 
66500 0.002721 654229.000000 752239 599040 
66510 0.002746 644323.000000 755484 583110 
66520 0.002723 652588.000000 705630 584885 
66530 0.002748 647872.000000 722529 609940 
66540 0.002734 643894.000000 722762 584092 
66550 0.002758 654425.000000 727012 614255 
66560 0.002750 647927.000000 696311 583905 
66570 0.002770 640802.000000 699899 598801 
66580 0.002759 645439.000000 720550 607895 
66590 0.002732 629262.000000 686547 582061 
66600 0.002739 649111.000000 718852 607652 
66610 0.002735 635922.000000 735319 576871 
66620 0.002736 665665.000000 751290 603291 
66630 0.002721 636195.000000 714855 592626 
66640 0.002743 651326.000000 707626 609092 
66650 0.002724 641559.000000 698491 591297 
66660 0.002742 644966.000000 705029 602452 
66670 0.002744 635903.000000 683549 591770 
66680 0.002736 630062.000000 660380 582849 
66690 0.002736 642924.000000 695117 569693 
66700 0.002747 642564.000000 700076 595049 
66710 0.002762 651813.000000 740810 584929 
66720 0.002733 630311.000000 655209 581917 
66730 0.002751 638452.000000 718671 597322 
66740 0.002739 646880.000000 742792 579984 
66750 0.002745 632982.000000 677746 589768 
66760 0.002745 645412.000000 667880 620282 
66770 0.002749 643592.000000 688222 615220 
66780 0.002755 661175.000000 746742 602585 
66790 0.002761 654717.000000 768666 602535 
66800 0.002745 644996.000000 741953 568908 
66810 0.002752 658891.000000 753076 615109 
66820 0.002752 669322.000000 774776 627118 
66830 0.002734 624449.000000 679824 562845 
66840 0.002754 662849.000000 748312 571152 
66850 0.002759 675534.000000 904666 574050 
66860 0.002747 639368.000000 711906 577347 
66870 0.002750 670672.000000 743869 614581 
66880 0.002771 654634.000000 719139 603441 
66890 0.002989 664673.000000 734704 585891 
66900 0.002736 654606.000000 708365 620013 
66910 0.002750 662089.000000 718484 600982 
66920 0.002772 637919.000000 703970 553486 
66930 0.002755 640022.000000 693883 600826 
66940 0.002768 655207.000000 716955 574414 
66950 0.002761 647563.000000 740966 596595 
66960 0.002769 627942.000000 670913 579749 
66970 0.002748 660955.000000 752437 601666 
66980 0.002768 648412.000000 719517 601941 
66990 0.002769 684976.000000 795842 585473 
67000 0.002780 652601.000000 700575 612440 
67010 0.002779 652562.000000 719468 618833 
67020 0.002761 650084.000000 704988 592075 
67030 0.002756 648721.000000 748117 589956 
67040 0.002782 651952.000000 706086 608522 
67050 0.002761 649759.000000 720327 592222 
67060 0.002785 661694.000000 793627 605119 
67070 0.002776 656096.000000 801057 602358 
67080 0.002768 657093.000000 719613 594121 
67090 0.002776 663815.000000 718440 614184 
67100 0.002762 629392.000000 670758 585484 
67110 0.002779 655495.000000 696283 619449 
67120 0.002761 632545.000000 718834 555428 
67130 0.002777 664006.000000 710553 581892 
67140 0.002770 651465.000000 727488 573216 
67150 0.002775 643552.000000 695381 599917 
67160 0.002777 657072.000000 824049 600125 
67170 0.002786 665325.000000 717257 616462 
67180 0.002783 661491.000000 712342 612209 
67190 0.002767 632567.000000 675303 584190 
67200 0.002771 655072.000000 712176 587262 
67210 0.002769 649312.000000 724291 586533 
67220 0.002779 652502.000000 736651 591045 
67230 0.002778 667989.000000 732440 591851 
67240 0.002775 636743.000000 684875 581346 
67250 0.002786 652893.000000 771943 582845 
67260 0.002783 645198.000000 675997 602966 
67270 0.002775 640579.000000 680569 597518 
67280 0.002774 631886.000000 687762 601179 
67290 0.002768 665479.000000 723413 626451 
67300 0.002774 651584.000000 811063 584608 
67310 0.002780 662739.000000 770563 613307 
67320 0.002768 636947.000000 721394 591807 
67330 0.002766 643903.000000 679289 579736 
67340 0.002772 659877.000000 734594 617288 
67350 0.002789 650702.000000 711185 591582 
67360 0.002777 647812.000000 697199 613285 
67370 0.002797 633348.000000 670306 598242 
67380 0.002791 656903.000000 728704 621915 
67390 0.002773 625493.000000 714322 583137 
67400 0.002791 657255.000000 733374 618003 
67410 0.002769 646909.000000 763973 592459 
67420 0.002770 635016.000000 684002 582700 
67430 0.002777 651992.000000 702957 600754 
67440 0.002782 637271.000000 715219 590700 
67450 0.002783 660407.000000 747681 573528 
67460 0.002788 646550.000000 718898 596034 
67470 0.002793 653808.000000 686359 624463 
67480 0.002786 629869.000000 657996 592424 
67490 0.002773 629137.000000 662419 597662 
67500 0.002796 684788.000000 778109 591731 
67510 0.002771 658873.000000 701897 604633 
67520 0.002776 650323.000000 687792 605404 
67530 0.002776 649578.000000 723783 609226 
67540 0.002801 682206.000000 730350 622665 
67550 0.002792 666732.000000 757675 623580 
67560 0.002777 625755.000000 678346 585290 
67570 0.002802 649265.000000 725584 604801 
67580 0.002786 657019.000000 716910 570291 
67590 0.002785 648993.000000 778712 583332 
67600 0.002786 646632.000000 689786 613210 
67610 0.002780 657604.000000 715473 622992 
67620 0.002801 670791.000000 855013 593760 
67630 0.002778 628105.000000 697642 588250 
67640 0.002787 648794.000000 675995 629165 
67650 0.002789 640423.000000 688833 596945 
67660 0.002782 633180.000000 713558 573615 
67670 0.002788 636118.000000 699017 595780 
67680 0.002800 657733.000000 735862 621593 
67690 0.002802 650615.000000 690783 602283 
67700 0.002783 633934.000000 677501 581170 
67710 0.002812 647042.000000 740307 607967 
67720 0.002791 652371.000000 727678 623686 
67730 0.002792 642268.000000 690594 609898 
67740 0.002791 654607.000000 732523 570008 
67750 0.002828 649980.000000 694718 614681 
67760 0.002801 641556.000000 741930 589812 
67770 0.002808 668641.000000 758517 613011 
67780 0.002782 673779.000000 738610 629692 
67790 0.002811 676590.000000 770267 610055 
67800 0.002810 656422.000000 737513 614714 
67810 0.002807 653356.000000 763655 603869 
67820 0.002805 667930.000000 706640 625271 
67830 0.002791 662996.000000 718289 633914 
67840 0.002816 664084.000000 813389 592999 
67850 0.002802 645185.000000 705177 604099 
67860 0.002803 644100.000000 740406 603274 
67870 0.002785 641716.000000 696142 590985 
67880 0.002811 640312.000000 750547 594888 
67890 0.002815 676753.000000 794007 615705 
67900 0.002802 665830.000000 710172 622949 
67910 0.002834 684005.000000 756188 626340 
67920 0.002849 650915.000000 706004 586865 
67930 0.002869 671983.000000 732924 597192 
67940 0.002872 646670.000000 684964 592989 
67950 0.002875 638798.000000 686959 591414 
67960 0.002859 658758.000000 765875 586114 
67970 0.002867 672423.000000 732970 606829 
67980 0.002861 679835.000000 804286 602856 
67990 0.002872 652182.000000 768873 594553 
68000 0.002864 648149.000000 719237 601714 
68010 0.002884 677587.000000 792700 627591 
68020 0.002857 630510.000000 664536 595295 
68030 0.002873 649711.000000 686035 622693 
68040 0.002852 638883.000000 700524 563634 
68050 0.002864 660076.000000 730932 589450 
68060 0.002875 639988.000000 732906 602354 
68070 0.002879 655426.000000 709463 607183 
68080 0.002868 665969.000000 732699 609617 
68090 0.002850 630584.000000 678074 602745 
68100 0.002882 663252.000000 718568 605080 
68110 0.002876 677760.000000 737972 611026 
68120 0.002876 676283.000000 770026 615406 
68130 0.002878 663200.000000 709576 608102 
68140 0.002880 671854.000000 818452 595922 
68150 0.002871 677012.000000 753862 606036 
68160 0.002853 656198.000000 716076 619319 
68170 0.002861 681553.000000 778666 578955 
68180 0.002867 657690.000000 698123 614285 
68190 0.002851 649172.000000 722779 585167 
68200 0.002866 678401.000000 753450 605872 
68210 0.002857 659959.000000 707736 598078 
68220 0.002862 639156.000000 717594 591978 
68230 0.002889 674310.000000 766875 602666 
68240 0.002861 653622.000000 727012 580372 
68250 0.002869 648831.000000 679994 596214 
68260 0.002853 655635.000000 708225 616030 
68270 0.002874 672463.000000 740257 621844 
68280 0.002865 662719.000000 725805 630175 
68290 0.002881 681395.000000 715667 628775 
68300 0.002879 654978.000000 698919 607014 
68310 0.002880 665360.000000 704443 624955 
68320 0.002877 686858.000000 729659 638497 
68330 0.002885 642955.000000 708260 591583 
68340 0.002887 663859.000000 743221 613228 
68350 0.002865 656000.000000 689268 622886 
68360 0.002903 681652.000000 825723 617661 
68370 0.002870 677862.000000 766936 610496 
68380 0.002862 665099.000000 702242 629673 
68390 0.002865 645972.000000 706889 602382 
68400 0.002857 666155.000000 741722 570900 
68410 0.002876 640610.000000 686300 606403 
68420 0.002874 653991.000000 691198 598218 
68430 0.002881 677487.000000 817049 614874 
68440 0.002895 665906.000000 723174 620115 
68450 0.002894 689387.000000 803621 599657 
68460 0.002876 654485.000000 724191 580984 
68470 0.002864 658793.000000 718110 618141 
68480 0.002881 670043.000000 717179 633446 
68490 0.002872 648623.000000 758109 580821 
68500 0.002891 702247.000000 818584 627190 
68510 0.002889 651585.000000 733712 598336 
68520 0.002876 657479.000000 727160 580683 
68530 0.002890 667156.000000 727240 605693 
68540 0.002890 668936.000000 732686 583400 
68550 0.002887 676525.000000 732658 588851 
68560 0.002863 634938.000000 664943 588453 
68570 0.002868 666579.000000 746627 616772 
68580 0.002864 657804.000000 756845 602997 
68590 0.002891 663631.000000 748336 600447 
68600 0.002881 657214.000000 698191 621246 
68610 0.002900 647339.000000 702118 597426 
68620 0.002899 668578.000000 704472 633071 
68630 0.002885 669006.000000 703538 634363 
68640 0.002882 676707.000000 843276 614091 
68650 0.002883 669558.000000 714613 617346 
68660 0.002890 670137.000000 726774 636270 
68670 0.002900 678043.000000 795296 610740 
68680 0.002896 641942.000000 693336 614177 
68690 0.002884 654603.000000 711317 617233 
68700 0.002903 668563.000000 724824 618332 
68710 0.002885 668358.000000 788122 634990 
68720 0.002899 692357.000000 767190 612014 
68730 0.002878 664646.000000 723735 614079 
68740 0.002889 662696.000000 764808 612941 
68750 0.002895 663003.000000 786537 588099 
68760 0.002884 665303.000000 704137 607757 
68770 0.002893 668480.000000 771510 601745 
68780 0.002893 680464.000000 810654 584047 
68790 0.002889 666366.000000 698942 607493 
68800 0.002885 661717.000000 723462 616856 
68810 0.002894 650031.000000 704310 596484 
68820 0.002887 648926.000000 711404 589169 
68830 0.002891 657862.000000 719109 619451 
68840 0.002900 671438.000000 788331 620932 
68850 0.002900 669036.000000 731623 632422 
68860 0.002894 660610.000000 763378 587289 
68870 0.002909 655157.000000 714436 609192 
68880 0.002895 665391.000000 708680 629341 
68890 0.002890 667594.000000 720010 607956 
68900 0.002901 670353.000000 748478 600158 
68910 0.002897 671353.000000 753180 609206 
68920 0.002917 667698.000000 797666 628819 
68930 0.002902 649153.000000 742777 607500 
68940 0.002921 670783.000000 725713 625900 
68950 0.002907 652993.000000 687227 601056 
68960 0.002895 666660.000000 778517 610518 
68970 0.002894 666159.000000 716947 631771 
68980 0.002896 685911.000000 778560 615596 
68990 0.002903 672839.000000 725749 628090 
69000 0.002938 669389.000000 751994 597829 
69010 0.002889 657909.000000 708080 619858 
69020 0.002888 639578.000000 702153 586554 
69030 0.002902 674311.000000 765083 599916 
69040 0.002909 665850.000000 742966 604439 
69050 0.002921 664341.000000 709366 586088 
69060 0.002909 670723.000000 749727 615085 
69070 0.002908 678481.000000 796945 624755 
69080 0.002913 693405.000000 749371 635965 
69090 0.002893 676365.000000 752420 602350 
69100 0.002928 665090.000000 740276 602027 
69110 0.002900 662945.000000 705085 599021 
69120 0.002895 680300.000000 717870 653462 
69130 0.002890 661938.000000 746087 606980 
69140 0.002912 676952.000000 761415 634301 
69150 0.002913 671093.000000 739280 619698 
69160 0.002906 664367.000000 713156 625854 
69170 0.002904 666207.000000 714664 624515 
69180 0.002927 665005.000000 749408 609330 
69190 0.002932 699590.000000 832231 628459 
69200 0.002915 674965.000000 735588 626497 
69210 0.002904 674059.000000 710368 648853 
69220 0.002898 664398.000000 700584 621290 
69230 0.002925 678952.000000 725005 634133 
69240 0.002903 650364.000000 710706 607737 
69250 0.002920 692537.000000 835152 648033 
69260 0.002925 653643.000000 709747 581649 
69270 0.002909 676241.000000 751208 599258 
69280 0.002914 666617.000000 712236 620941 
69290 0.002928 681158.000000 841844 600346 
69300 0.002903 669326.000000 745435 617480 
69310 0.002913 687544.000000 750602 626718 
69320 0.002928 690790.000000 764127 609030 
69330 0.002910 673675.000000 697387 637430 
69340 0.002915 665436.000000 702316 621875 
69350 0.002926 667125.000000 736938 599186 
69360 0.002919 664355.000000 707221 623626 
69370 0.002920 681770.000000 735116 614719 
69380 0.002921 666238.000000 721320 626237 
69390 0.002933 671230.000000 729255 610322 
69400 0.002917 663757.000000 730592 606579 
69410 0.002927 654370.000000 739055 606669 
69420 0.002899 659673.000000 749679 603893 
69430 0.002933 665095.000000 738808 597626 
69440 0.002932 684174.000000 735682 644634 
69450 0.002932 685415.000000 810777 631968 
69460 0.002938 656803.000000 699278 618067 
69470 0.002923 672696.000000 756761 620467 
69480 0.002921 674159.000000 851466 617740 
69490 0.002926 668976.000000 727928 608475 
69500 0.002902 675041.000000 716428 647906 
69510 0.002926 677203.000000 723870 631095 
69520 0.002919 678106.000000 838019 620181 
69530 0.002907 670483.000000 773591 628918 
69540 0.002924 674472.000000 732688 629928 
69550 0.002957 686543.000000 760092 602365 
69560 0.002954 696482.000000 784905 624239 
69570 0.002933 667278.000000 775822 618376 
69580 0.002924 700176.000000 737675 658325 
69590 0.002942 665236.000000 794069 609063 
69600 0.002927 667995.000000 728491 615909 
69610 0.002925 661948.000000 716244 624748 
69620 0.002921 671862.000000 730753 630418 
69630 0.002920 683872.000000 741921 627471 
69640 0.002930 665543.000000 789256 601668 
69650 0.002943 684794.000000 758634 618655 
69660 0.002923 661645.000000 728249 603994 
69670 0.002933 682952.000000 747224 626372 
69680 0.002919 671608.000000 733131 620829 
69690 0.002933 665912.000000 719781 625055 
69700 0.002941 688116.000000 791683 595192 
69710 0.002938 679218.000000 787827 602407 
69720 0.002919 649635.000000 684728 613844 
69730 0.002943 666024.000000 721440 632869 
69740 0.002948 680403.000000 751355 618304 
69750 0.002933 693176.000000 758715 589381 
69760 0.002946 643451.000000 666487 609416 
69770 0.002952 683629.000000 719783 655694 
69780 0.002938 672763.000000 747220 605162 
69790 0.002920 659961.000000 713517 622041 
69800 0.002918 680548.000000 782475 618355 
69810 0.002938 660774.000000 719728 625033 
69820 0.002931 679247.000000 796607 637877 
69830 0.002935 669590.000000 768299 631855 
69840 0.002926 667689.000000 752186 616464 
69850 0.002920 670336.000000 837737 622513 
69860 0.002931 651175.000000 711637 627131 
69870 0.002950 668295.000000 720502 611116 
69880 0.002943 682071.000000 828022 600475 
69890 0.002939 691626.000000 758969 641145 
69900 0.002947 677155.000000 786759 637377 
69910 0.002933 662618.000000 730026 618256 
69920 0.002945 668159.000000 712682 631362 
69930 0.002933 680185.000000 739277 631584 
69940 0.002950 686237.000000 760225 620835 
69950 0.002952 681410.000000 802273 617304 
69960 0.002940 660155.000000 712671 631437 
69970 0.002956 684895.000000 720041 644852 
69980 0.002930 678163.000000 762057 624498 
69990 0.002937 671160.000000 727227 600958 
70000 0.002953 702517.000000 774666 628987 
70010 0.002946 676492.000000 744108 609883 
70020 0.002951 684368.000000 784561 624168 
70030 0.002946 676303.000000 719495 603596 
70040 0.002951 691668.000000 762615 610960 
70050 0.002949 688748.000000 749062 621536 
70060 0.002922 674080.000000 711889 640516 
70070 0.002960 683171.000000 757939 637226 
70080 0.002954 670712.000000 783193 635914 
70090 0.002933 682537.000000 766486 624167 
70100 0.002939 682072.000000 765675 617020 
70110 0.002950 671985.000000 747143 621829 
70120 0.002932 686291.000000 736798 634700 
70130 0.002955 677859.000000 748317 624202 
70140 0.002955 679853.000000 747804 634270 
70150 0.002961 674921.000000 747635 639093 
70160 0.002957 678225.000000 719472 607067 
70170 0.002969 685990.000000 755337 622005 
70180 0.002968 689609.000000 732090 660092 
70190 0.002948 700706.000000 835718 635503 
70200 0.002957 668241.000000 730776 617888 
70210 0.002969 691281.000000 762224 620529 
70220 0.002941 667255.000000 835084 625050 
70230 0.002976 679432.000000 746043 630570 
70240 0.002959 682209.000000 782535 630266 
70250 0.002976 683405.000000 831413 615875 
70260 0.002971 683811.000000 711385 642622 
70270 0.002977 689653.000000 746012 643534 
70280 0.002946 684062.000000 739505 636419 
70290 0.002938 659217.000000 713619 621017 
70300 0.002963 678564.000000 807088 609377 
70310 0.002950 696831.000000 759514 643742 
70320 0.002960 710705.000000 840427 640792 
70330 0.002950 707538.000000 790244 639251 
70340 0.002950 686662.000000 748434 635629 
70350 0.002956 690289.000000 749192 624806 
70360 0.002955 668007.000000 731021 604327 
70370 0.002971 723339.000000 783802 656346 
70380 0.002963 699312.000000 828907 640892 
70390 0.002978 679921.000000 770892 627090 
70400 0.002969 689916.000000 748498 639440 
70410 0.002970 674749.000000 705900 640849 
70420 0.002965 675057.000000 776737 612359 
70430 0.002949 683958.000000 777381 609770 
70440 0.002957 681344.000000 786411 624979 
70450 0.002969 684836.000000 730403 645714 
70460 0.002968 672775.000000 770351 614432 
70470 0.002971 673891.000000 731785 617780 
70480 0.002985 679474.000000 747123 612478 
70490 0.002968 690062.000000 737265 664644 
70500 0.002968 695646.000000 780400 626021 
70510 0.002980 669840.000000 737337 631504 
70520 0.002967 695741.000000 754984 649823 
70530 0.002964 681768.000000 742038 633354 
70540 0.002981 729104.000000 863862 635643 
70550 0.002979 686569.000000 780951 633633 
70560 0.002986 691875.000000 747415 647045 
70570 0.002972 694560.000000 783320 637840 
70580 0.002974 669261.000000 736679 594931 
70590 0.002965 660270.000000 717428 596730 
70600 0.002973 698214.000000 765882 623669 
70610 0.002974 667491.000000 724064 635669 
70620 0.002975 679479.000000 773715 623996 
70630 0.002959 687003.000000 765450 649905 
70640 0.002966 690628.000000 765943 605123 
70650 0.002957 695850.000000 735231 646009 
70660 0.002978 686804.000000 751477 638386 
70670 0.002974 689734.000000 792488 633646 
70680 0.002969 682067.000000 715888 651255 
70690 0.002989 711517.000000 898433 636866 
70700 0.002978 696430.000000 778431 618069 
70710 0.002987 697967.000000 777793 651113 
70720 0.002968 676167.000000 724496 643514 
70730 0.002986 689659.000000 742327 634131 
70740 0.002966 682062.000000 767214 636583 
70750 0.002989 695996.000000 778402 632958 
70760 0.002997 675678.000000 711843 652886 
70770 0.002960 669476.000000 716035 622374 
70780 0.002974 699685.000000 745973 624556 
70790 0.002961 682293.000000 748817 598955 
70800 0.002982 680932.000000 739665 633624 
70810 0.002978 687468.000000 778048 647427 
70820 0.002973 691111.000000 777465 593861 
70830 0.002973 670297.000000 747101 617864 
70840 0.002970 693162.000000 756824 635794 
70850 0.002977 706237.000000 808365 657358 
70860 0.002979 677613.000000 770179 620155 
70870 0.002969 697416.000000 744256 639746 
70880 0.002986 686074.000000 724369 647502 
70890 0.002988 695074.000000 812020 625582 
70900 0.002988 672833.000000 704400 616743 
70910 0.003001 687372.000000 737767 641357 
70920 0.002997 682794.000000 737938 642677 
70930 0.002994 679209.000000 747222 590858 
70940 0.003001 698468.000000 767291 670558 
70950 0.002982 690976.000000 739293 625906 
70960 0.002962 669986.000000 735453 621608 
70970 0.002968 667715.000000 744907 597298 
70980 0.002989 676795.000000 781209 612751 
70990 0.003000 696061.000000 799598 622297 
71000 0.002982 685045.000000 813759 602538 
71010 0.002993 725362.000000 828967 652499 
71020 0.002983 690294.000000 747825 626160 
71030 0.002974 687468.000000 736483 628835 
71040 0.002984 690172.000000 763438 644927 
71050 0.002983 690075.000000 754496 607762 
71060 0.002997 693232.000000 734816 663320 
71070 0.002992 672022.000000 787617 628567 
71080 0.003008 696275.000000 768581 618277 
71090 0.002981 688985.000000 745303 619225 
71100 0.002992 702019.000000 736248 668619 
71110 0.002995 685854.000000 730545 653172 
71120 0.002996 698416.000000 813503 605876 
71130 0.003001 699305.000000 782119 664421 
71140 0.003018 715936.000000 771848 637749 
71150 0.003007 705926.000000 806936 648789 
71160 0.003004 695283.000000 809477 614387 
71170 0.003005 670932.000000 726785 631014 
71180 0.003006 697840.000000 795298 637752 
71190 0.003010 719446.000000 779194 672830 
71200 0.003003 713144.000000 756518 652094 
71210 0.002996 699697.000000 752412 626664 
71220 0.002977 659680.000000 696639 599551 
71230 0.002984 693679.000000 798069 628804 
71240 0.003010 697151.000000 761179 634178 
71250 0.002992 704238.000000 787981 630431 
71260 0.003023 687602.000000 764351 662294 
71270 0.003003 686139.000000 776183 652275 
71280 0.002993 692209.000000 756278 639416 
71290 0.002988 683752.000000 762206 632611 
71300 0.003022 700073.000000 776247 639685 
71310 0.003012 699646.000000 783502 631461 
71320 0.003005 692540.000000 754123 640357 
71330 0.003004 691666.000000 722675 631550 
71340 0.003009 701684.000000 777750 626900 
71350 0.002996 681357.000000 739915 622045 
71360 0.003023 702237.000000 802996 664970 
71370 0.003005 677369.000000 786447 625454 
71380 0.002994 696287.000000 789858 638804 
71390 0.003011 690524.000000 728019 656275 
71400 0.002992 682587.000000 746767 635872 
71410 0.003007 672757.000000 704934 652160 
71420 0.003008 699869.000000 802886 618446 
71430 0.003008 708237.000000 785167 638347 
71440 0.003016 706103.000000 826262 626463 
71450 0.003023 706698.000000 770334 672584 
71460 0.003007 719586.000000 781908 650200 
71470 0.003017 717173.000000 786417 640721 
71480 0.002998 691534.000000 766075 612706 
71490 0.003015 669812.000000 722794 628647 
71500 0.003016 692217.000000 756315 662148 
71510 0.003008 685858.000000 786575 611776 
71520 0.003015 714964.000000 755192 661292 
71530 0.003017 716597.000000 783506 635618 
71540 0.003011 687216.000000 751649 617491 
71550 0.003028 707108.000000 764398 669119 
71560 0.003034 698863.000000 768850 659317 
71570 0.003020 702801.000000 752749 653947 
71580 0.003028 708927.000000 809964 658685 
71590 0.003016 678271.000000 711215 636570 
71600 0.003005 709685.000000 770610 656434 
71610 0.003023 712810.000000 792624 666690 
71620 0.003033 706085.000000 801045 635781 
71630 0.003031 713282.000000 777633 638697 
71640 0.003018 721351.000000 779222 676701 
71650 0.003030 699089.000000 765140 652049 
71660 0.003021 711456.000000 858861 657328 
71670 0.003039 720809.000000 782723 646778 
71680 0.003017 705943.000000 808037 663845 
71690 0.003023 696436.000000 744267 654040 
71700 0.003020 702197.000000 738370 653902 
71710 0.003030 684912.000000 752462 621049 
71720 0.003038 711364.000000 792832 647248 
71730 0.003018 706093.000000 771357 663945 
71740 0.003039 690193.000000 753209 657034 
71750 0.003023 706408.000000 794415 656246 
71760 0.003042 707800.000000 777626 652091 
71770 0.003051 684834.000000 754833 652692 
71780 0.003014 685143.000000 739842 598676 
71790 0.003029 702342.000000 766798 654380 
71800 0.003020 676403.000000 723187 616811 
71810 0.003025 704402.000000 806157 655496 
71820 0.003016 697943.000000 771035 616240 
71830 0.003030 697213.000000 754203 649921 
71840 0.003035 708077.000000 795889 653150 
71850 0.003025 692055.000000 763682 618516 
71860 0.003031 714226.000000 798888 637622 
71870 0.003020 715546.000000 896542 619885 
71880 0.003021 708963.000000 777259 650963 
71890 0.003047 722275.000000 843868 631342 
71900 0.003030 700457.000000 766572 667126 
71910 0.003026 700147.000000 769651 617660 
71920 0.003034 701286.000000 767401 651735 
71930 0.003038 705998.000000 839385 642238 
71940 0.003044 696011.000000 755032 639592 
71950 0.003049 695532.000000 787567 665151 
71960 0.003038 709410.000000 764134 654059 
71970 0.003038 700305.000000 780872 656686 
71980 0.003040 712158.000000 737071 664031 
71990 0.003030 708465.000000 798354 641315 
72000 0.003040 693699.000000 799891 626385 
72010 0.003010 696728.000000 753538 656261 
72020 0.003052 708680.000000 750758 659368 
72030 0.003037 698416.000000 767082 640320 
72040 0.003030 720513.000000 779553 666930 
72050 0.003042 740258.000000 853044 660364 
72060 0.003048 708416.000000 788742 651716 
72070 0.003034 689763.000000 768568 634602 
72080 0.003036 691479.000000 745383 616636 
72090 0.003046 705513.000000 782258 657209 
72100 0.003045 705722.000000 746465 659468 
72110 0.003047 727175.000000 787119 688258 
72120 0.003049 721446.000000 848429 658250 
72130 0.003054 717216.000000 776726 672553 
72140 0.003031 700454.000000 747739 673410 
72150 0.003034 701955.000000 853936 642964 
72160 0.003063 742934.000000 858442 683683 
72170 0.003048 726852.000000 892331 656965 
72180 0.003037 697955.000000 758022 636371 
72190 0.003031 697381.000000 751004 654688 
72200 0.003047 706667.000000 808403 662781 
72210 0.003038 708727.000000 813389 638859 
72220 0.003067 729378.000000 794802 629788 
72230 0.003044 707778.000000 751571 633934 
72240 0.003032 703106.000000 807013 653964 
72250 0.003040 696561.000000 799801 629194 
72260 0.003055 683669.000000 737094 621625 
72270 0.003049 692735.000000 790526 648617 
72280 0.003056 697645.000000 791499 638443 
72290 0.003056 699224.000000 786531 646893 
72300 0.003047 686662.000000 748395 645484 
72310 0.003063 704155.000000 772672 665588 
72320 0.003045 717990.000000 814530 643800 
72330 0.003034 691757.000000 746813 656858 
72340 0.003062 727828.000000 905246 647879 
72350 0.003051 702462.000000 742260 655866 
72360 0.003033 679896.000000 765196 626650 
72370 0.003047 715563.000000 780672 670734 
72380 0.003050 693195.000000 788020 643697 
72390 0.003058 741584.000000 806725 676231 
72400 0.003076 708012.000000 808004 652245 
72410 0.003055 707117.000000 741924 673311 
72420 0.003056 684599.000000 736041 638578 
72430 0.003042 689767.000000 752384 641799 
72440 0.003076 730097.000000 804866 679469 
72450 0.003041 702396.000000 751729 623255 
72460 0.003041 704787.000000 770067 649611 
72470 0.003039 713559.000000 813570 636180 
72480 0.003062 724708.000000 855517 671036 
72490 0.003064 706501.000000 796649 656505 
72500 0.003054 699312.000000 767916 637466 
72510 0.003066 697258.000000 753052 645595 
72520 0.003054 704551.000000 810523 620095 
72530 0.003084 713702.000000 808028 661218 
72540 0.003059 698031.000000 785880 629777 
72550 0.003063 692408.000000 745252 652784 
72560 0.003057 711756.000000 767710 637008 
72570 0.003071 739028.000000 827510 688016 
72580 0.003079 702397.000000 779009 653559 
72590 0.003067 709974.000000 794638 640524 
72600 0.003059 729597.000000 814848 661513 
72610 0.003063 698115.000000 761663 661323 
72620 0.003063 706396.000000 750296 668781 
72630 0.003057 714881.000000 772215 681236 
72640 0.003060 717177.000000 792362 629069 
72650 0.003060 708969.000000 796816 640404 
72660 0.003063 689749.000000 743216 635464 
72670 0.003073 724302.000000 786562 661523 
72680 0.003052 710438.000000 804063 635932 
72690 0.003075 709137.000000 816595 632366 
72700 0.003066 717409.000000 763470 673127 
72710 0.003056 703503.000000 749569 657126 
72720 0.003057 696724.000000 768947 651870 
72730 0.003074 703235.000000 803019 640840 
72740 0.003092 699898.000000 824264 632197 
72750 0.003074 701994.000000 746951 642900 
72760 0.003084 718497.000000 785017 646066 
72770 0.003054 702293.000000 799620 669750 
72780 0.003090 706548.000000 767105 648736 
72790 0.003075 700815.000000 805799 661298 
72800 0.003076 716635.000000 757247 651557 
72810 0.003084 729747.000000 783763 653979 
72820 0.003087 693925.000000 748992 638136 
72830 0.003071 723954.000000 851813 673049 
72840 0.003080 713109.000000 781523 672334 
72850 0.003066 716277.000000 778406 656129 
72860 0.003068 712282.000000 779106 641251 
72870 0.003065 722397.000000 793114 670022 
72880 0.003062 703310.000000 834688 660385 
72890 0.003107 741657.000000 879538 671667 
72900 0.003066 722577.000000 862381 652716 
72910 0.003082 709658.000000 773032 664601 
72920 0.003075 691435.000000 733303 639737 
72930 0.003091 726860.000000 785209 667770 
72940 0.003081 704272.000000 782154 631984 
72950 0.003071 715546.000000 753379 630157 
72960 0.003080 701741.000000 795299 631768 
72970 0.003084 727918.000000 818518 658251 
72980 0.003089 772634.000000 864010 706550 
72990 0.003055 694131.000000 743066 633400 
73000 0.003086 728651.000000 834589 658157 
73010 0.003083 720078.000000 788977 675228 
73020 0.003073 706644.000000 776353 642952 
73030 0.003074 709360.000000 739538 638763 
73040 0.003096 711973.000000 780350 603676 
73050 0.003092 707306.000000 811746 649095 
73060 0.003082 714163.000000 769629 627859 
73070 0.003092 728221.000000 852065 675812 
73080 0.003092 699134.000000 774338 656451 
73090 0.003059 712592.000000 758664 659568 
73100 0.003102 731226.000000 841829 674082 
73110 0.003096 723927.000000 803335 656639 
73120 0.003066 697997.000000 744106 657202 
73130 0.003080 720628.000000 813706 654758 
73140 0.003104 724694.000000 763419 683368 
73150 0.003072 712966.000000 786951 651109 
73160 0.003080 713694.000000 831320 642694 
73170 0.003091 725234.000000 801494 659900 
73180 0.003093 725053.000000 825629 678109 
73190 0.003084 690106.000000 762148 638860 
73200 0.003079 682306.000000 734839 651040 
73210 0.003095 734157.000000 820342 672060 
73220 0.003107 705387.000000 753013 656787 
73230 0.003102 704697.000000 826325 626937 
73240 0.003093 696983.000000 759130 634460 
73250 0.003095 719279.000000 760924 686210 
73260 0.003097 737156.000000 870077 655402 
73270 0.003091 715057.000000 811617 653197 
73280 0.003079 706000.000000 777986 658345 
73290 0.003108 689174.000000 748038 655826 
73300 0.003099 705465.000000 753226 680764 
73310 0.003104 715830.000000 800031 674525 
73320 0.003092 703080.000000 781142 622388 
73330 0.003101 728071.000000 801434 658610 
73340 0.003093 716098.000000 767532 674873 
73350 0.003092 723272.000000 784811 679233 
73360 0.003113 742960.000000 924614 656135 
73370 0.003098 729876.000000 930699 653207 
73380 0.003112 714525.000000 821405 655002 
73390 0.003094 708283.000000 790318 649104 
73400 0.003109 703238.000000 759458 633649 
73410 0.003103 703784.000000 748136 676441 
73420 0.003092 726460.000000 830375 677413 
73430 0.003094 739160.000000 835082 667753 
73440 0.003097 714025.000000 788704 664142 
73450 0.003101 724093.000000 817542 649257 
73460 0.003087 731571.000000 842053 682568 
73470 0.003086 730538.000000 805864 656761 
73480 0.003108 714706.000000 760951 641483 
73490 0.003118 716724.000000 787284 648309 
73500 0.003105 701387.000000 777951 653908 
73510 0.003115 725621.000000 827716 665760 
73520 0.003119 727850.000000 809985 652933 
73530 0.003097 704519.000000 796555 658163 
73540 0.003089 743094.000000 844532 671793 
73550 0.003087 716866.000000 771872 663727 
73560 0.003114 758375.000000 864636 661516 
73570 0.003103 748416.000000 862487 698495 
73580 0.003101 708424.000000 773624 631656 
73590 0.003123 742854.000000 879893 672012 
73600 0.003117 725383.000000 798275 654056 
73610 0.003095 723314.000000 777455 678506 
73620 0.003104 751862.000000 836043 682009 
73630 0.003119 719154.000000 804221 666338 
73640 0.003093 709319.000000 749349 652766 
73650 0.003103 712537.000000 780442 656743 
73660 0.003110 720306.000000 799323 656265 
73670 0.003127 712193.000000 821745 660265 
73680 0.003095 705760.000000 854440 641669 
73690 0.003117 736434.000000 854467 676482 
73700 0.003091 716273.000000 794018 633983 
73710 0.003116 718856.000000 836594 621823 
73720 0.003112 744812.000000 823778 647968 
73730 0.003097 712368.000000 760853 664140 
73740 0.003120 731941.000000 850998 667354 
73750 0.003109 711646.000000 768489 656081 
73760 0.003106 707039.000000 762831 641232 
73770 0.003102 705234.000000 732281 661087 
73780 0.003114 731695.000000 802551 677703 
73790 0.003122 732612.000000 806967 658073 
73800 0.003133 733182.000000 801262 678319 
73810 0.003119 735938.000000 760162 695774 
73820 0.003118 729689.000000 800544 663372 
73830 0.003117 713073.000000 754107 648296 
73840 0.003113 735149.000000 783793 682709 
73850 0.003117 709533.000000 753096 666376 
73860 0.003122 717423.000000 885305 649269 
73870 0.003120 718327.000000 802557 656510 
73880 0.003118 710682.000000 768735 675968 
73890 0.003127 722907.000000 759254 681109 
73900 0.003134 732943.000000 782163 668232 
73910 0.003130 728121.000000 814898 653158 
73920 0.003134 713284.000000 817804 657290 
73930 0.003112 705390.000000 792827 640103 
73940 0.003115 729786.000000 783662 678359 
73950 0.003132 748902.000000 895064 654156 
73960 0.003120 717687.000000 771272 648432 
73970 0.003120 729539.000000 801480 630515 
73980 0.003137 718543.000000 776873 681959 
73990 0.003121 704780.000000 756980 633062 
74000 0.003117 742560.000000 827959 671163 
74010 0.003136 732664.000000 820495 653990 
74020 0.003143 741653.000000 786495 700335 
74030 0.003120 723746.000000 782638 667811 
74040 0.003137 727212.000000 781238 662479 
74050 0.003152 725486.000000 797606 664677 
74060 0.003132 729920.000000 792600 694715 
74070 0.003115 705352.000000 759615 642801 
74080 0.003123 730045.000000 825693 686902 
74090 0.003128 735058.000000 815023 663812 
74100 0.003125 744633.000000 829588 676913 
74110 0.003124 754807.000000 849649 690581 
74120 0.003135 697441.000000 772369 639124 
74130 0.003123 733368.000000 839362 674637 
74140 0.003132 708197.000000 728535 662414 
74150 0.003139 735501.000000 886466 655996 
74160 0.003138 729859.000000 785555 660833 
74170 0.003136 715368.000000 748629 666533 
74180 0.003111 707633.000000 779002 673254 
74190 0.003165 723179.000000 797875 666722 
74200 0.003148 721038.000000 761923 681356 
74210 0.003131 734275.000000 872012 669812 
74220 0.003139 718383.000000 777872 659793 
74230 0.003148 708246.000000 839411 668183 
74240 0.003167 716750.000000 781022 664297 
74250 0.003145 748807.000000 790873 700772 
74260 0.003131 702072.000000 780506 655894 
74270 0.003134 721637.000000 798871 665655 
74280 0.003143 720877.000000 775906 674515 
74290 0.003125 735938.000000 802902 687369 
74300 0.003136 717379.000000 787356 687514 
74310 0.003135 745664.000000 837203 690261 
74320 0.003153 738557.000000 781759 676290 
74330 0.003149 725002.000000 788702 683436 
74340 0.003154 718051.000000 769748 657781 
74350 0.003149 742248.000000 865690 657072 
74360 0.003159 722054.000000 842291 671271 
74370 0.003140 721784.000000 874941 679938 
74380 0.003148 728473.000000 823875 665859 
74390 0.003152 714025.000000 759999 680066 
74400 0.003146 738979.000000 839596 668445 
74410 0.003137 730398.000000 845000 671605 
74420 0.003148 732748.000000 874349 669390 
74430 0.003167 720651.000000 830811 654772 
74440 0.003139 731029.000000 846309 657476 
74450 0.003158 735758.000000 789048 693828 
74460 0.003139 712212.000000 793517 666314 
74470 0.003142 722388.000000 777081 671580 
74480 0.003150 703151.000000 739279 646653 
74490 0.003144 732474.000000 787230 687373 
74500 0.003170 750172.000000 835212 668465 
74510 0.003131 746559.000000 808871 650043 
74520 0.003165 721359.000000 826067 675595 
74530 0.003139 704839.000000 743272 653243 
74540 0.003159 724813.000000 782285 681361 
74550 0.003151 722967.000000 782060 647396 
74560 0.003161 728222.000000 822985 671985 
74570 0.003150 704588.000000 776244 651900 
74580 0.003154 731899.000000 797148 679331 
74590 0.003155 709629.000000 764990 677365 
74600 0.003161 732611.000000 793155 679535 
74610 0.003159 741184.000000 820312 674517 
74620 0.003158 741373.000000 811804 699171 
74630 0.003157 739678.000000 797310 673947 
74640 0.003155 728535.000000 797148 662524 
74650 0.003155 737503.000000 806147 677502 
74660 0.003168 742550.000000 845486 682323 
74670 0.003145 725790.000000 786076 683698 
74680 0.003147 724755.000000 783755 645452 
74690 0.003171 706084.000000 754698 651011 
74700 0.003170 723674.000000 814099 647152 
74710 0.003163 723473.000000 848922 663876 
74720 0.003193 720705.000000 775149 681890 
74730 0.003168 720000.000000 762611 680094 
74740 0.003152 738031.000000 897450 673748 
74750 0.003181 737236.000000 810648 667158 
74760 0.003166 727213.000000 858277 657026 
74770 0.003150 725797.000000 791836 668488 
74780 0.003108 754835.000000 810277 688189 
74790 0.003119 724573.000000 803858 656568 
74800 0.003109 726183.000000 813670 662960 
74810 0.003119 734234.000000 814973 688519 
74820 0.003115 740074.000000 826177 684322 
74830 0.003098 727229.000000 783793 689121 
74840 0.003116 773644.000000 942153 710199 
74850 0.003404 732275.000000 783021 661281 
74860 0.003193 750305.000000 817722 653825 
74870 0.003202 746362.000000 870752 675925 
74880 0.003161 740510.000000 888188 677820 
74890 0.003047 745857.000000 845535 684941 
74900 0.003133 744590.000000 818971 694546 
74910 0.003122 714403.000000 805556 666853 
74920 0.003125 727538.000000 782248 689331 
74930 0.003125 742899.000000 857281 668456 
74940 0.003133 757368.000000 861350 712626 
74950 0.003140 707857.000000 740416 651367 
74960 0.003138 722527.000000 855286 666926 
74970 0.003128 724875.000000 745158 696310 
74980 0.003122 748259.000000 809690 669702 
74990 0.003129 743016.000000 804859 696819 
75000 0.003127 743890.000000 817536 674521 
75010 0.003121 733695.000000 771828 689287 
75020 0.003151 737155.000000 803309 664636 
75030 0.003130 741405.000000 835628 685369 
75040 0.003147 767698.000000 840448 683685 
75050 0.003133 767841.000000 863598 682200 
75060 0.003126 745443.000000 819155 693649 
75070 0.003143 733578.000000 817734 688476 
75080 0.003136 710131.000000 728813 686447 
75090 0.003127 732453.000000 829912 698555 
75100 0.003132 729894.000000 790399 666598 
75110 0.003102 712094.000000 802124 657206 
75120 0.003114 742253.000000 837450 673701 
75130 0.003115 743941.000000 803250 634079 
75140 0.003142 733585.000000 865231 676255 
75150 0.003155 748583.000000 807265 689138 
75160 0.003137 731992.000000 876751 650999 
75170 0.003128 726428.000000 796214 688216 
75180 0.003139 742613.000000 838744 672111 
75190 0.003116 710505.000000 787921 668376 
75200 0.003148 736149.000000 799260 678278 
75210 0.003129 735527.000000 810284 656483 
75220 0.003127 723582.000000 804099 689175 
75230 0.003125 722942.000000 797325 686720 
75240 0.003142 735631.000000 766757 675581 
75250 0.003132 719825.000000 801414 674682 
75260 0.003112 724151.000000 832350 661255 
75270 0.003136 745112.000000 792538 698841 
75280 0.003139 734731.000000 805031 682614 
75290 0.003120 722304.000000 818787 643960 
75300 0.003144 740887.000000 772928 706129 
75310 0.003126 734740.000000 791550 649526 
75320 0.003129 733329.000000 824874 680934 
75330 0.003130 718600.000000 779853 684488 
75340 0.003152 731251.000000 755773 695662 
75350 0.003143 765119.000000 961340 658421 
75360 0.003129 719171.000000 797143 687704 
75370 0.003148 750743.000000 841418 699029 
75380 0.003126 717137.000000 803424 657901 
75390 0.003137 714019.000000 821995 660666 
75400 0.003137 736215.000000 836968 683949 
75410 0.003134 727268.000000 838134 667177 
75420 0.003156 752635.000000 807246 703914 
75430 0.003148 734066.000000 792334 688914 
75440 0.003147 731319.000000 817226 674903 
75450 0.003142 723154.000000 777991 664607 
75460 0.003144 727032.000000 793021 671080 
75470 0.003125 730691.000000 778476 675627 
75480 0.003173 786186.000000 974641 686194 
75490 0.003138 727021.000000 782352 677836 
75500 0.003156 732343.000000 837472 664766 
75510 0.003153 746429.000000 806427 668638 
75520 0.003147 733584.000000 783113 681030 
75530 0.003164 739567.000000 829986 684913 
75540 0.003159 736119.000000 778607 689469 
75550 0.003148 726257.000000 801878 665255 
75560 0.003152 742249.000000 815259 694877 
75570 0.003173 768929.000000 826726 711129 
75580 0.003149 765411.000000 829943 678132 
75590 0.003152 737911.000000 824655 695053 
75600 0.003157 757287.000000 832654 678576 
75610 0.003158 767594.000000 843990 680260 
75620 0.003146 742068.000000 816025 702122 
75630 0.003149 740708.000000 834112 673120 
75640 0.003161 761976.000000 854689 640562 
75650 0.003166 767706.000000 828834 698635 
75660 0.003163 731836.000000 886518 671930 
75670 0.003144 747728.000000 800128 689099 
75680 0.003166 754002.000000 818503 701022 
75690 0.003151 725025.000000 764810 666020 
75700 0.003146 732195.000000 802690 684496 
75710 0.003152 732758.000000 824147 671578 
75720 0.003158 736255.000000 812259 661776 
75730 0.003161 775394.000000 898036 673149 
75740 0.003171 762146.000000 927473 659037 
75750 0.003165 753705.000000 862331 647911 
75760 0.003159 741951.000000 778363 707197 
75770 0.003151 729601.000000 806369 658994 
75780 0.003136 728747.000000 774788 692205 
75790 0.003152 733878.000000 801582 686237 
75800 0.003175 724650.000000 795972 671933 
75810 0.003185 749371.000000 812401 678839 
75820 0.003174 719562.000000 806761 680455 
75830 0.003154 751530.000000 822849 696032 
75840 0.003168 732321.000000 851075 675922 
75850 0.003155 739576.000000 847627 692574 
75860 0.003138 732748.000000 782369 676388 
75870 0.003175 768447.000000 827733 711996 
75880 0.003143 723269.000000 792767 655214 
75890 0.003169 748548.000000 843225 699439 
75900 0.003163 737936.000000 806498 676332 
75910 0.003182 767313.000000 913505 670767 
75920 0.003162 713758.000000 764341 669155 
75930 0.003168 761737.000000 856078 689509 
75940 0.003172 762181.000000 815445 704603 
75950 0.003170 750689.000000 783101 705899 
75960 0.003167 742825.000000 881769 681709 
75970 0.003167 731734.000000 784006 663996 
75980 0.003181 761605.000000 838386 683845 
75990 0.003163 764663.000000 918684 675322 
76000 0.003172 736345.000000 763131 664407 
76010 0.003166 742190.000000 806448 698302 
76020 0.003174 759152.000000 817106 723218 
76030 0.003179 752136.000000 879575 672435 
76040 0.003170 727657.000000 783625 665000 
76050 0.003171 753467.000000 827485 704857 
76060 0.003178 763910.000000 864831 688102 
76070 0.003170 740563.000000 800236 695480 
76080 0.003192 746202.000000 807599 687850 
76090 0.003186 765098.000000 797857 725692 
76100 0.003185 755493.000000 830596 704991 
76110 0.003184 756978.000000 821629 684790 
76120 0.003170 746125.000000 824358 666368 
76130 0.003188 731804.000000 769107 682667 
76140 0.003194 739718.000000 858155 683409 
76150 0.003184 751213.000000 784925 688714 
76160 0.003190 748581.000000 847405 683579 
76170 0.003185 733676.000000 856358 702762 
76180 0.003179 738419.000000 803297 664999 
76190 0.003166 745628.000000 799852 710734 
76200 0.003184 776337.000000 925520 685368 
76210 0.003186 759299.000000 853152 695011 
76220 0.003173 737033.000000 806416 673527 
76230 0.003177 734729.000000 795854 693392 
76240 0.003198 770678.000000 891888 710822 
76250 0.003194 753679.000000 830704 665373 
76260 0.003190 749132.000000 795011 705112 
76270 0.003181 739273.000000 818338 671485 
76280 0.003201 767608.000000 837623 696695 
76290 0.003184 760099.000000 843038 698033 
76300 0.003205 751154.000000 808117 707513 
76310 0.003167 744867.000000 822386 666684 
76320 0.003196 760420.000000 900971 698789 
76330 0.003181 750653.000000 842643 673283 
76340 0.003191 750536.000000 835217 690432 
76350 0.003195 734535.000000 822008 674300 
76360 0.003191 738221.000000 804748 695494 
76370 0.003191 754480.000000 922591 672830 
76380 0.003182 749498.000000 860261 663094 
76390 0.003183 739956.000000 800190 665079 
76400 0.003206 751794.000000 817698 686812 
76410 0.003172 742730.000000 879109 683054 
76420 0.003162 763351.000000 824653 693417 
76430 0.003196 758334.000000 820209 708779 
76440 0.003186 757071.000000 859773 706808 
76450 0.003193 742541.000000 788460 676391 
76460 0.003203 742427.000000 798391 695824 
76470 0.003184 758124.000000 825240 705037 
76480 0.003180 747842.000000 811840 694924 
76490 0.003206 751317.000000 903615 682890 
76500 0.003187 740845.000000 842037 681186 
76510 0.003195 759396.000000 881163 691476 
76520 0.003192 732328.000000 775576 700248 
76530 0.003212 745841.000000 798752 705794 
76540 0.003189 752232.000000 830308 691161 
76550 0.003192 744485.000000 780053 679793 
76560 0.003196 773488.000000 850329 701496 
76570 0.003185 720727.000000 764552 675180 
76580 0.003217 758960.000000 1003139 692085 
76590 0.003195 742651.000000 912106 663368 
76600 0.003205 771406.000000 824658 728171 
76610 0.003211 741300.000000 811215 704519 
76620 0.003203 737880.000000 838727 674037 
76630 0.003195 765603.000000 845530 717427 
76640 0.003199 732365.000000 805004 683840 
76650 0.003202 782252.000000 845354 696640 
76660 0.003206 744153.000000 795095 685988 
76670 0.003194 729153.000000 788453 688297 
76680 0.003202 741711.000000 824717 684870 
76690 0.003221 736143.000000 857641 693433 
76700 0.003236 734153.000000 812057 667451 
76710 0.003208 763045.000000 903702 683813 
76720 0.003201 770361.000000 852561 671889 
76730 0.003195 771912.000000 866389 693539 
76740 0.003211 733269.000000 772768 694792 
76750 0.003211 770883.000000 816280 722003 
76760 0.003231 805580.000000 877229 696419 
76770 0.003231 775129.000000 955147 705370 
76780 0.003236 777831.000000 881527 714391 
76790 0.003204 746708.000000 789290 686779 
76800 0.003224 790640.000000 878166 679623 
76810 0.003212 765140.000000 829496 714486 
76820 0.003215 718344.000000 824427 669488 
76830 0.003197 752173.000000 830105 666525 
76840 0.003209 759050.000000 845525 692989 
76850 0.003206 764699.000000 887423 652714 
76860 0.003207 740010.000000 815124 684290 
76870 0.003202 753223.000000 809469 708529 
76880 0.003209 765499.000000 803910 742773 
76890 0.003218 759867.000000 841622 720516 
76900 0.003220 757828.000000 826581 687471 
76910 0.003217 745640.000000 778994 704240 
76920 0.003227 769940.000000 849884 672862 
76930 0.003203 754639.000000 814508 673152 
76940 0.003211 735785.000000 800247 697684 
76950 0.003200 758673.000000 836876 682592 
76960 0.003213 770795.000000 866333 698497 
76970 0.003222 745338.000000 823473 698055 
76980 0.003225 738647.000000 769332 704050 
76990 0.003237 762751.000000 861581 699203 
77000 0.003223 776593.000000 868458 709138 
77010 0.003198 745558.000000 786007 712531 
77020 0.003218 752583.000000 840186 694046 
77030 0.003239 765684.000000 881880 689850 
77040 0.003236 779937.000000 930915 714339 
77050 0.003230 743391.000000 786075 717318 
77060 0.003224 776441.000000 878270 685434 
77070 0.003229 768261.000000 836521 702436 
77080 0.003211 763978.000000 821110 693382 
77090 0.003219 739536.000000 823401 683120 
77100 0.003204 776848.000000 847370 719954 
77110 0.003240 752971.000000 885417 687744 
77120 0.003237 762991.000000 801839 721450 
77130 0.003217 752084.000000 814227 680072 
77140 0.003237 755528.000000 852413 720413 
77150 0.003238 752023.000000 812190 716029 
77160 0.003222 754212.000000 835912 681206 
77170 0.003233 759416.000000 890957 700098 
77180 0.003235 751300.000000 821254 716624 
77190 0.003211 750375.000000 780997 679753 
77200 0.003215 763628.000000 840605 700014 
77210 0.003221 760948.000000 803536 702605 
77220 0.003232 769005.000000 825192 718480 
77230 0.003227 763775.000000 866741 711236 
77240 0.003214 727866.000000 768723 695214 
77250 0.003237 747996.000000 832738 709365 
77260 0.003223 756053.000000 859771 691463 
77270 0.003208 742795.000000 807441 667151 
77280 0.003236 743781.000000 797058 708722 
77290 0.003233 802115.000000 897774 735690 
77300 0.003247 798039.000000 934995 692416 
77310 0.003233 778393.000000 843955 705327 
77320 0.003254 777864.000000 859615 693606 
77330 0.003227 762874.000000 835035 706711 
77340 0.003228 765199.000000 839747 703199 
77350 0.003222 762947.000000 836599 679453 
77360 0.003235 772147.000000 830174 706895 
77370 0.003250 795525.000000 860759 709736 
77380 0.003238 747257.000000 799418 699036 
77390 0.003256 739645.000000 794060 681775 
77400 0.003237 759647.000000 798791 711429 
77410 0.003254 770196.000000 927618 698627 
77420 0.003245 759769.000000 805686 696407 
77430 0.003227 736436.000000 777532 688449 
77440 0.003242 772800.000000 843352 722793 
77450 0.003259 763340.000000 884654 692539 
77460 0.003243 767158.000000 825254 684800 
77470 0.003241 766232.000000 827925 732095 
77480 0.003228 748460.000000 784736 708252 
77490 0.003232 757639.000000 837220 701162 
77500 0.003225 754288.000000 807558 717521 
77510 0.003234 768887.000000 891395 705735 
77520 0.003240 760363.000000 833464 716563 
77530 0.003241 762932.000000 841218 718355 
77540 0.003230 757561.000000 839869 673653 
77550 0.003235 762600.000000 827380 721656 
77560 0.003236 762551.000000 837401 685479 
77570 0.003225 747032.000000 805475 677753 
77580 0.003258 791868.000000 858201 741398 
77590 0.003231 763275.000000 847954 705809 
77600 0.003259 806773.000000 949134 726000 
77610 0.003256 773623.000000 834619 739897 
77620 0.003252 757942.000000 803950 715568 
77630 0.003238 758764.000000 846153 700167 
77640 0.003242 761091.000000 837753 698082 
77650 0.003263 780595.000000 868558 699244 
77660 0.003243 763990.000000 827482 702563 
77670 0.003239 766646.000000 819840 695077 
77680 0.003272 774801.000000 811216 728346 
77690 0.003248 759331.000000 893556 676407 
77700 0.003275 783896.000000 849370 702657 
77710 0.003259 747524.000000 871785 683867 
77720 0.003259 768548.000000 832274 730591 
77730 0.003255 742276.000000 779686 716223 
77740 0.003275 788057.000000 898354 748442 
77750 0.003241 759404.000000 818127 726721 
77760 0.003263 760868.000000 838613 702013 
77770 0.003247 756710.000000 827668 682041 
77780 0.003276 737936.000000 825781 687853 
77790 0.003250 772545.000000 844261 700357 
77800 0.003265 757696.000000 822231 682933 
77810 0.003258 755421.000000 824324 672968 
77820 0.003270 755484.000000 809440 715809 
77830 0.003251 761061.000000 836548 678889 
77840 0.003258 763121.000000 869279 691178 
77850 0.003284 788828.000000 868332 712158 
77860 0.003289 772827.000000 906585 723884 
77870 0.003259 762659.000000 883691 675140 
77880 0.003269 756115.000000 827502 680602 
77890 0.003261 750573.000000 815163 693116 
77900 0.003262 767994.000000 825722 689195 
77910 0.003253 762514.000000 840033 691552 
77920 0.003267 798187.000000 899064 710074 
77930 0.003279 788742.000000 963192 704563 
77940 0.003263 762532.000000 895365 702488 
77950 0.003270 778051.000000 873363 709316 
77960 0.003266 754975.000000 810707 687675 
77970 0.003264 778699.000000 882295 712297 
77980 0.003286 751206.000000 914845 670520 
77990 0.003273 778400.000000 864319 697573 
78000 0.003260 738132.000000 808993 688360 
78010 0.003266 749219.000000 852715 701456 
78020 0.003283 773627.000000 851397 716323 
78030 0.003269 771700.000000 850889 695417 
78040 0.003278 763016.000000 834292 689990 
78050 0.003269 772836.000000 829556 669697 
78060 0.003270 772071.000000 819405 703095 
78070 0.003266 775521.000000 842186 727466 
78080 0.003302 775651.000000 836669 720561 
78090 0.003288 777640.000000 848499 717978 
78100 0.003277 772950.000000 839310 699510 
78110 0.003288 781736.000000 854161 692239 
78120 0.003267 783103.000000 862856 723689 
78130 0.003287 770254.000000 837245 715998 
78140 0.003297 789062.000000 873367 704726 
78150 0.003278 778910.000000 894047 692610 
78160 0.003254 758546.000000 832065 708091 
78170 0.003278 769724.000000 825141 700528 
78180 0.003278 774008.000000 809587 744685 
78190 0.003285 779130.000000 853617 713411 
78200 0.003276 761309.000000 847336 690679 
78210 0.003303 756516.000000 810996 705809 
78220 0.003298 767764.000000 913980 703474 
78230 0.003290 758147.000000 802843 717849 
78240 0.003289 777208.000000 862837 721838 
78250 0.003284 762670.000000 810552 727389 
78260 0.003277 773072.000000 875511 727366 
78270 0.003308 781641.000000 907259 726759 
78280 0.003304 749018.000000 772480 721008 
78290 0.003308 761757.000000 855818 700507 
78300 0.003283 773727.000000 862486 708698 
78310 0.003301 769176.000000 812119 732914 
78320 0.003298 780107.000000 902755 720179 
78330 0.003289 765356.000000 914954 708159 
78340 0.003261 767702.000000 842025 668926 
78350 0.003283 759445.000000 812909 692887 
78360 0.003307 759163.000000 799596 704590 
78370 0.003301 781738.000000 821900 712130 
78380 0.003288 762490.000000 830362 702981 
78390 0.003285 770206.000000 803573 724532 
78400 0.003290 755687.000000 866450 722043 
78410 0.003303 768170.000000 846126 722626 
78420 0.003290 763051.000000 828581 704811 
78430 0.003284 759176.000000 815563 677857 
78440 0.003294 781239.000000 851978 710490 
78450 0.003276 774116.000000 854904 731611 
78460 0.003292 791605.000000 865446 694932 
78470 0.003293 745946.000000 800219 690774 
78480 0.003266 759424.000000 799357 722576 
78490 0.003277 764999.000000 803071 733022 
78500 0.003289 750403.000000 810789 713223 
78510 0.003293 771024.000000 886000 699327 
78520 0.003303 787072.000000 876630 723717 
78530 0.003304 783027.000000 859143 723870 
78540 0.003292 764044.000000 864374 707250 
78550 0.003303 807857.000000 977606 729607 
78560 0.003291 744674.000000 812651 698181 
78570 0.003283 752859.000000 814935 682008 
78580 0.003286 758359.000000 826261 693533 
78590 0.003293 775976.000000 905437 707066 
78600 0.003284 785771.000000 870751 713526 
78610 0.003303 771200.000000 884289 712023 
78620 0.003285 748980.000000 801031 693522 
78630 0.003296 787209.000000 906241 726624 
78640 0.003295 779461.000000 853876 706626 
78650 0.003291 762617.000000 796506 715089 
78660 0.003313 784168.000000 898017 723863 
78670 0.003299 763633.000000 852183 698530 
78680 0.003294 760884.000000 822996 700529 
78690 0.003314 778763.000000 828944 696362 
78700 0.003305 797661.000000 847563 753853 
78710 0.003294 775090.000000 887596 715634 
78720 0.003303 795385.000000 960138 716775 
78730 0.003312 764619.000000 798895 714241 
78740 0.003294 749259.000000 844908 680289 
78750 0.003317 778750.000000 823505 725677 
78760 0.003296 781229.000000 856965 713144 
78770 0.003295 779790.000000 832259 753767 
78780 0.003313 788532.000000 964740 719766 
78790 0.003321 782904.000000 852896 722259 
78800 0.003315 758109.000000 809357 710460 
78810 0.003327 772029.000000 856761 705329 
78820 0.003304 788187.000000 882958 697036 
78830 0.003303 764943.000000 847310 712967 
78840 0.003312 778767.000000 842937 738340 
78850 0.003322 774635.000000 848279 721198 
78860 0.003314 782061.000000 869712 703947 
78870 0.003521 782950.000000 865816 704088 
78880 0.003309 775785.000000 849715 682996 
78890 0.003324 752080.000000 851976 709216 
78900 0.003327 803014.000000 976137 729229 
78910 0.003305 760881.000000 841547 707445 
78920 0.003298 789011.000000 832656 728961 
78930 0.003329 777974.000000 880347 711975 
78940 0.003324 808861.000000 886124 732174 
78950 0.003331 767954.000000 899420 678553 
78960 0.003323 791960.000000 859937 730803 
78970 0.003331 784385.000000 916600 702740 
78980 0.003349 775077.000000 827407 724243 
78990 0.003314 775749.000000 848639 714038 
79000 0.003320 802436.000000 861411 730819 
79010 0.003334 767547.000000 881753 718634 
79020 0.003323 756506.000000 809152 701223 
79030 0.003312 777212.000000 833310 722366 
79040 0.003299 780337.000000 829523 729307 
79050 0.003327 779680.000000 872530 693299 
79060 0.003344 782174.000000 840975 727970 
79070 0.003332 780124.000000 876299 723552 
79080 0.003309 776992.000000 844161 726480 
79090 0.003317 788450.000000 855458 722870 
79100 0.003317 784834.000000 848599 746364 
79110 0.003327 768539.000000 851394 729270 
79120 0.003325 778223.000000 832843 728772 
79130 0.003332 795350.000000 873906 728443 
79140 0.003307 772937.000000 828897 721016 
79150 0.003327 772757.000000 832020 726487 
79160 0.003317 793107.000000 932370 677007 
79170 0.003310 772929.000000 831795 735827 
79180 0.003330 792726.000000 852476 743136 
79190 0.003334 790604.000000 882934 738153 
79200 0.003296 761598.000000 852670 711434 
79210 0.003337 770047.000000 867136 718772 
79220 0.003323 798058.000000 867035 749495 
79230 0.003329 793054.000000 882868 724412 
79240 0.003319 784721.000000 896871 713790 
79250 0.003334 774754.000000 816063 748007 
79260 0.003337 766912.000000 838807 720044 
79270 0.003334 777165.000000 901155 730356 
79280 0.003341 780659.000000 858216 729557 
79290 0.003360 779413.000000 845105 726134 
79300 0.003335 790980.000000 997346 699191 
79310 0.003308 773673.000000 851036 723252 
79320 0.003332 796376.000000 877011 722563 
79330 0.003310 780381.000000 828254 732137 
79340 0.003313 755411.000000 838727 716046 
79350 0.003304 795455.000000 855087 746751 
79360 0.003339 780065.000000 942347 714824 
79370 0.003333 782986.000000 870856 726746 
79380 0.003334 767399.000000 861604 689283 
79390 0.003322 758772.000000 817451 701419 
79400 0.003315 770882.000000 840550 692321 
79410 0.003311 781495.000000 835333 741557 
79420 0.003328 775826.000000 856340 705728 
79430 0.003314 772430.000000 814511 712821 
79440 0.003325 769616.000000 835034 713568 
79450 0.003327 785865.000000 838336 727485 
79460 0.003353 799968.000000 872777 737797 
79470 0.003336 788973.000000 852008 714896 
79480 0.003337 750922.000000 817511 671955 
79490 0.003344 802135.000000 919445 718724 
79500 0.003323 780203.000000 849162 722039 
79510 0.003318 787527.000000 856376 717533 
79520 0.003330 799800.000000 863947 748938 
79530 0.003343 767197.000000 814780 703392 
79540 0.003316 761942.000000 822908 689560 
79550 0.003330 812279.000000 866178 753266 
79560 0.003331 775557.000000 810127 733330 
79570 0.003331 766746.000000 846912 709178 
79580 0.003325 784842.000000 849185 734143 
79590 0.003338 771454.000000 832820 712797 
79600 0.003324 766005.000000 848026 691664 
79610 0.003333 772599.000000 822639 721171 
79620 0.003342 791572.000000 889444 727502 
79630 0.003354 782843.000000 888311 723804 
79640 0.003334 778895.000000 841060 717478 
79650 0.003328 765608.000000 874011 690559 
79660 0.003330 789386.000000 862983 708216 
79670 0.003320 808097.000000 898287 734168 
79680 0.003342 809542.000000 982805 746120 
79690 0.003359 790250.000000 865641 731182 
79700 0.003325 803925.000000 845872 708485 
79710 0.003330 776937.000000 850416 714648 
79720 0.003350 792516.000000 905813 739957 
79730 0.003333 757322.000000 855584 704271 
79740 0.003332 780107.000000 826630 720969 
79750 0.003331 785083.000000 835909 712591 
79760 0.003350 781111.000000 870566 711584 
79770 0.003335 784803.000000 832145 709403 
79780 0.003350 778740.000000 819021 731440 
79790 0.003355 806260.000000 864395 735708 
79800 0.003344 756677.000000 804149 684313 
79810 0.003366 797975.000000 860092 755943 
79820 0.003338 781952.000000 852434 726238 
79830 0.003351 776781.000000 901441 712544 
79840 0.003366 788771.000000 851502 732272 
79850 0.003328 765422.000000 829771 698581 
79860 0.003362 806861.000000 963844 725069 
79870 0.003352 778690.000000 837791 721476 
79880 0.003344 743952.000000 785184 710179 
79890 0.003370 787325.000000 873878 707413 
79900 0.003383 800096.000000 876970 738192 
79910 0.003380 806879.000000 899663 749136 
79920 0.003359 784629.000000 890863 704805 
79930 0.003371 806122.000000 899817 699095 
79940 0.003366 780362.000000 829206 738752 
79950 0.003345 767061.000000 871125 698239 
79960 0.003367 784856.000000 925247 688905 
79970 0.003352 786659.000000 870791 735282 
79980 0.003344 803920.000000 908068 736238 
79990 0.003342 786758.000000 848465 740109 
80000 0.003358 780616.000000 857870 736124 
80010 0.003356 768106.000000 818766 723609 
80020 0.003363 767225.000000 890372 713758 
80030 0.003358 801509.000000 868516 740646 
80040 0.003347 799541.000000 882748 741434 
80050 0.003379 820385.000000 875803 743906 
80060 0.003377 790235.000000 845323 727784 
80070 0.003367 790353.000000 827063 745327 
80080 0.003383 826841.000000 925999 764215 
80090 0.003362 777187.000000 855242 713136 
80100 0.003350 797473.000000 848779 742648 
80110 0.003380 782389.000000 925017 728875 
80120 0.003363 787319.000000 914855 727249 
80130 0.003389 781553.000000 849494 739214 
80140 0.003354 757224.000000 809542 707012 
80150 0.003372 773342.000000 841856 698166 
80160 0.003358 778102.000000 830566 722803 
80170 0.003373 798409.000000 852087 747804 
80180 0.003356 788358.000000 886945 694959 
80190 0.003374 812417.000000 859851 752156 
80200 0.003366 782466.000000 843838 735609 
80210 0.003373 805692.000000 873047 708937 
80220 0.003382 822135.000000 988348 768843 
80230 0.003390 806458.000000 957070 750998 
80240 0.003360 773897.000000 873980 684095 
80250 0.003374 797485.000000 859687 755145 
80260 0.003364 800600.000000 949751 736901 
80270 0.003353 776635.000000 894476 707788 
80280 0.003368 783904.000000 874546 705557 
80290 0.003383 784455.000000 844334 728207 
80300 0.003362 768406.000000 888082 711914 
80310 0.003368 795713.000000 941110 729053 
80320 0.003344 770193.000000 826715 720865 
80330 0.003371 795075.000000 935521 718237 
80340 0.003361 774441.000000 836134 720911 
80350 0.003366 776831.000000 923822 711511 
80360 0.003365 770715.000000 838882 705231 
80370 0.003359 788735.000000 831647 731776 
80380 0.003373 788039.000000 855842 717209 
80390 0.003373 784893.000000 820519 755938 
80400 0.003385 789632.000000 871782 741534 
80410 0.003379 775553.000000 855814 706804 
80420 0.003367 800938.000000 1044400 716733 
80430 0.003393 792466.000000 887723 710016 
80440 0.003373 799977.000000 884228 732748 
80450 0.003360 786189.000000 907987 719127 
80460 0.003368 781153.000000 881659 710490 
80470 0.003375 785036.000000 881976 706100 
80480 0.003370 808968.000000 864950 755931 
80490 0.003371 810535.000000 897070 759033 
80500 0.003379 774977.000000 842972 704859 
80510 0.003368 792345.000000 853543 720331 
80520 0.003383 801553.000000 846914 742496 
80530 0.003396 800033.000000 848980 746347 
80540 0.003373 761044.000000 797764 711965 
80550 0.003376 799813.000000 868621 702679 
80560 0.003387 811806.000000 865792 770984 
80570 0.003381 788362.000000 859626 724495 
80580 0.003372 810110.000000 928078 715992 
80590 0.003375 803680.000000 869735 739556 
80600 0.003374 764454.000000 794353 736203 
80610 0.003389 786052.000000 843911 728249 
80620 0.003398 797842.000000 860699 756329 
80630 0.003371 786251.000000 875300 690572 
80640 0.003391 787252.000000 835742 733809 
80650 0.003389 792031.000000 847414 750413 
80660 0.003407 806771.000000 944431 721935 
80670 0.003402 800582.000000 856078 752759 
80680 0.003389 817065.000000 927446 715433 
80690 0.003379 802441.000000 873972 743837 
80700 0.003411 801978.000000 951669 717605 
80710 0.003388 805095.000000 863362 760738 
80720 0.003408 793106.000000 877611 721349 
80730 0.003413 815293.000000 880390 748499 
80740 0.003408 801780.000000 887084 744622 
80750 0.003383 786315.000000 832666 694323 
80760 0.003396 811454.000000 935427 714316 
80770 0.003391 791938.000000 843183 749174 
80780 0.003406 792852.000000 841202 752911 
80790 0.003398 795470.000000 841171 733249 
80800 0.003384 778037.000000 894855 714339 
80810 0.003406 793780.000000 879493 736951 
80820 0.003391 805781.000000 852837 721676 
80830 0.003390 801511.000000 832859 773595 
80840 0.003405 842525.000000 943055 778827 
80850 0.003385 788671.000000 834595 712420 
80860 0.003379 776562.000000 807976 713043 
80870 0.003386 821978.000000 920334 769748 
80880 0.003400 802025.000000 892387 721560 
80890 0.003420 791843.000000 882813 736561 
80900 0.003398 814922.000000 919657 733932 
80910 0.003421 822148.000000 898934 769617 
80920 0.003403 804623.000000 878892 749518 
80930 0.003413 800800.000000 855928 749578 
80940 0.003424 792145.000000 864707 726155 
80950 0.003383 796287.000000 861798 747642 
80960 0.003398 775802.000000 822218 728587 
80970 0.003415 790810.000000 823415 758130 
80980 0.003431 813313.000000 874969 747283 
80990 0.003426 835096.000000 940417 762514 
81000 0.003408 798050.000000 902317 731868 
81010 0.003380 782064.000000 912655 725870 
81020 0.003410 833395.000000 889311 751718 
81030 0.003396 778510.000000 838691 725210 
81040 0.003435 820746.000000 889382 705471 
81050 0.003413 789581.000000 940367 729869 
81060 0.003403 805193.000000 881423 758319 
81070 0.003401 789853.000000 850267 744539 
81080 0.003422 793886.000000 839410 731577 
81090 0.003405 790187.000000 839609 727270 
81100 0.003415 778801.000000 871767 713600 
81110 0.003407 775266.000000 823421 725294 
81120 0.003433 812020.000000 1042461 751790 
81130 0.003425 817228.000000 870891 771107 
81140 0.003422 796167.000000 851729 725033 
81150 0.003413 814943.000000 875278 749539 
81160 0.003420 787333.000000 866624 749656 
81170 0.003404 793540.000000 865791 722992 
81180 0.003404 816399.000000 929030 707524 
81190 0.003417 783979.000000 823531 733505 
81200 0.003388 801954.000000 895412 736618 
81210 0.003402 776856.000000 877198 742957 
81220 0.003446 817059.000000 909799 753660 
81230 0.003413 814125.000000 969271 742435 
81240 0.003428 796681.000000 881908 731549 
81250 0.003405 801734.000000 904126 755171 
81260 0.003426 804380.000000 977194 757420 
81270 0.003414 841070.000000 933750 764905 
81280 0.003419 815098.000000 860660 734765 
81290 0.003413 799442.000000 886079 722380 
81300 0.003413 798439.000000 867971 746897 
81310 0.003395 798875.000000 913644 708480 
81320 0.003402 781611.000000 863906 711822 
81330 0.003436 810364.000000 921785 745909 
81340 0.003421 812501.000000 929693 723534 
81350 0.003445 846205.000000 1025301 769460 
81360 0.003424 843775.000000 976723 714633 
81370 0.003447 799372.000000 889811 758713 
81380 0.003450 818520.000000 917232 747593 
81390 0.003419 793651.000000 835474 746893 
81400 0.003420 807225.000000 866999 750030 
81410 0.003446 809350.000000 853422 751189 
81420 0.003446 810439.000000 895927 731436 
81430 0.003503 802266.000000 872331 755295 
81440 0.003727 819029.000000 889295 739495 
81450 0.003463 808446.000000 883772 743721 
81460 0.003449 801658.000000 952182 747484 
81470 0.003464 821126.000000 939060 753216 
81480 0.003452 802294.000000 865782 749355 
81490 0.003458 796446.000000 827573 754885 
81500 0.003438 800900.000000 897726 743109 
81510 0.003434 797944.000000 871095 714354 
81520 0.003433 800576.000000 857533 723550 
81530 0.003435 805056.000000 867624 753373 
81540 0.003453 806469.000000 896794 731330 
81550 0.003448 795265.000000 879936 756121 
81560 0.003452 799849.000000 855482 738031 
81570 0.003446 820575.000000 904296 730589 
81580 0.003457 816639.000000 876711 728086 
81590 0.003442 802222.000000 918147 719522 
81600 0.003448 809980.000000 871501 746860 
81610 0.003448 801418.000000 935718 740370 
81620 0.003460 844598.000000 914496 794973 
81630 0.003414 813013.000000 937110 744652 
81640 0.003460 817580.000000 969557 751479 
81650 0.003458 805337.000000 852801 767215 
81660 0.003455 828932.000000 929502 740460 
81670 0.003458 798904.000000 897459 734798 
81680 0.003444 791887.000000 827644 773305 
81690 0.003423 790951.000000 895278 717305 
81700 0.003460 830971.000000 937432 748007 
81710 0.003440 780114.000000 856488 712352 
81720 0.003458 820630.000000 914443 773845 
81730 0.003448 793023.000000 847214 740373 
81740 0.003461 840969.000000 905127 763092 
81750 0.003473 803382.000000 909382 756063 
81760 0.003449 825666.000000 959125 750999 
81770 0.003465 800125.000000 881014 759370 
81780 0.003448 804331.000000 908724 733608 
81790 0.003455 799445.000000 855842 754442 
81800 0.003451 836357.000000 914215 765915 
81810 0.003440 810027.000000 900174 716594 
81820 0.003443 806707.000000 890731 760334 
81830 0.003443 790132.000000 863928 704765 
81840 0.003462 808574.000000 881817 738609 
81850 0.003438 787549.000000 856231 726633 
81860 0.003463 827603.000000 870647 742989 
81870 0.003442 812795.000000 860869 766639 
81880 0.003472 828894.000000 891589 760180 
81890 0.003430 797365.000000 894576 744968 
81900 0.003446 804273.000000 852292 760036 
81910 0.003448 804550.000000 921645 736603 
81920 0.003429 797078.000000 911520 722138 
81930 0.003426 784004.000000 874639 690112 
81940 0.003430 779528.000000 875908 724801 
81950 0.003437 814312.000000 865625 726779 
81960 0.003427 790810.000000 829490 746615 
81970 0.003461 831547.000000 908135 780863 
81980 0.003464 799773.000000 868839 752703 
81990 0.003452 795141.000000 871805 738169 
82000 0.003457 791158.000000 902341 703703 
82010 0.003446 831402.000000 922974 757749 
82020 0.003458 836643.000000 915191 774285 
82030 0.003455 796930.000000 834271 739368 
82040 0.003469 816129.000000 923783 736011 
82050 0.003433 789393.000000 831853 749105 
82060 0.003474 822714.000000 886358 737866 
82070 0.003455 815602.000000 887936 731289 
82080 0.003474 811231.000000 935277 735403 
82090 0.003457 814933.000000 893892 756850 
82100 0.003457 807259.000000 924539 758704 
82110 0.003445 793363.000000 856764 717144 
82120 0.003453 811368.000000 883574 761372 
82130 0.003439 810487.000000 866315 747345 
82140 0.003448 821770.000000 898887 754345 
82150 0.003460 802144.000000 885797 754162 
82160 0.003442 824491.000000 953700 726856 
82170 0.003470 801667.000000 867878 744776 
82180 0.003453 821047.000000 864048 780349 
82190 0.003474 832619.000000 1008989 750769 
82200 0.003472 815988.000000 860343 789371 
82210 0.003439 787450.000000 833314 717766 
82220 0.003489 815090.000000 857748 730324 
82230 0.003469 803333.000000 845893 745711 
82240 0.003463 822044.000000 882932 755898 
82250 0.003478 820326.000000 860262 778970 
82260 0.003460 816504.000000 904257 760803 
82270 0.003464 813000.000000 914753 754342 
82280 0.003446 813903.000000 1008780 723794 
82290 0.003461 807072.000000 894399 727768 
82300 0.003465 800708.000000 871207 752426 
82310 0.003466 838323.000000 993927 729741 
82320 0.003471 799053.000000 899398 754419 
82330 0.003465 805734.000000 870655 760042 
82340 0.003467 825900.000000 878490 767009 
82350 0.003485 828551.000000 953665 759330 
82360 0.003465 810933.000000 857188 728605 
82370 0.003455 797565.000000 857554 724798 
82380 0.003472 800439.000000 858150 758242 
82390 0.003500 801765.000000 860523 735428 
82400 0.003471 812060.000000 900982 703322 
82410 0.003449 802920.000000 878899 757960 
82420 0.003468 831532.000000 940949 740214 
82430 0.003471 782376.000000 817346 732831 
82440 0.003488 813936.000000 881140 738347 
82450 0.003463 800118.000000 941583 737916 
82460 0.003449 803125.000000 842457 755380 
82470 0.003469 807469.000000 903669 748721 
82480 0.003476 812412.000000 895636 742477 
82490 0.003479 829106.000000 909460 765663 
82500 0.003460 830498.000000 903856 745184 
82510 0.003488 819399.000000 877073 783799 
82520 0.003462 818183.000000 931199 772019 
82530 0.003474 812095.000000 900265 764587 
82540 0.003474 811211.000000 865856 740903 
82550 0.003479 844267.000000 940276 777616 
82560 0.003453 799420.000000 882013 733136 
82570 0.003463 822338.000000 921764 747855 
82580 0.003464 808585.000000 963412 737461 
82590 0.003479 827804.000000 927450 775062 
82600 0.003464 807869.000000 892315 740572 
82610 0.003468 832490.000000 1028897 764493 
82620 0.003479 844482.000000 993636 761151 
82630 0.003463 834704.000000 959420 740694 
82640 0.003520 841353.000000 995412 741681 
82650 0.003488 828623.000000 923236 759469 
82660 0.003500 827433.000000 916649 740784 
82670 0.003509 811939.000000 868956 756942 
82680 0.003486 835510.000000 989113 757635 
82690 0.003500 814281.000000 892486 752458 
82700 0.003484 830545.000000 886333 745848 
82710 0.003483 808587.000000 868131 751140 
82720 0.003497 839131.000000 910604 772039 
82730 0.003491 806634.000000 861823 758146 
82740 0.003488 856598.000000 953730 773466 
82750 0.003484 827672.000000 1034168 760496 
82760 0.003512 803441.000000 845546 757224 
82770 0.003499 842467.000000 907589 779428 
82780 0.003485 805221.000000 857091 764323 
82790 0.003491 806969.000000 837679 755770 
82800 0.003475 801420.000000 891797 759781 
82810 0.003511 823607.000000 903947 767584 
82820 0.003511 847695.000000 910929 801145 
82830 0.003514 832025.000000 902460 758904 
82840 0.003504 830040.000000 925740 772776 
82850 0.003508 823166.000000 973011 731035 
82860 0.003517 863835.000000 988286 775512 
82870 0.003486 830005.000000 921130 777817 
82880 0.003508 834750.000000 933449 762849 
82890 0.003500 810686.000000 894161 756594 
82900 0.003502 812258.000000 895460 727797 
82910 0.003497 801088.000000 924722 734733 
82920 0.003495 847705.000000 942408 783249 
82930 0.003494 838077.000000 902678 749337 
82940 0.003498 811177.000000 870182 763854 
82950 0.003500 817720.000000 898729 754616 
82960 0.003504 835618.000000 914848 764749 
82970 0.003494 797076.000000 848717 759619 
82980 0.003516 831434.000000 932163 737797 
82990 0.003505 826671.000000 917376 747089 
83000 0.003518 834292.000000 908920 773765 
83010 0.003508 829919.000000 923929 744156 
83020 0.003536 828130.000000 963519 768954 
83030 0.003518 825874.000000 896055 748156 
83040 0.003542 822990.000000 853588 780576 
83050 0.003510 814864.000000 925908 752017 
83060 0.003505 819678.000000 888855 739636 
83070 0.003525 833298.000000 917599 796762 
83080 0.003516 816400.000000 932052 754089 
83090 0.003519 828426.000000 939845 777413 
83100 0.003514 843104.000000 922770 808787 
83110 0.003485 806882.000000 862862 762449 
83120 0.003504 824549.000000 888018 710288 
83130 0.003517 827012.000000 936185 732346 
83140 0.003533 816165.000000 916326 761852 
83150 0.003526 830423.000000 923170 729400 
83160 0.003544 856051.000000 1026350 755715 
83170 0.003512 830500.000000 914649 777445 
83180 0.003512 809049.000000 889809 713407 
83190 0.003537 839250.000000 976954 743034 
83200 0.003542 824387.000000 890173 767832 
83210 0.003521 822566.000000 909248 764708 
83220 0.003537 827634.000000 874874 757803 
83230 0.003519 839067.000000 916925 739082 
83240 0.003512 823910.000000 892863 742470 
83250 0.003518 815506.000000 888638 757461 
83260 0.003518 840774.000000 943887 770722 
83270 0.003516 819262.000000 896167 765315 
83280 0.003547 846112.000000 967581 734985 
83290 0.003528 832861.000000 900011 786436 
83300 0.003503 809961.000000 883561 737082 
83310 0.003537 825237.000000 966764 733965 
83320 0.003532 853685.000000 968162 794156 
83330 0.003538 802302.000000 925786 739664 
83340 0.003523 830556.000000 902160 785048 
83350 0.003532 841716.000000 908091 764140 
83360 0.003524 827310.000000 896637 772638 
83370 0.003523 813314.000000 853700 772778 
83380 0.003517 827128.000000 919658 741661 
83390 0.003522 811014.000000 889866 728832 
83400 0.003535 830771.000000 956022 771736 
83410 0.003525 817379.000000 878743 795267 
83420 0.003514 811583.000000 890206 755638 
83430 0.003532 865604.000000 967797 803738 
83440 0.003525 820193.000000 897665 747886 
83450 0.003518 829172.000000 883250 775002 
83460 0.003517 840235.000000 922920 765305 
83470 0.003515 822161.000000 889622 778161 
83480 0.003556 826975.000000 913450 738089 
83490 0.003515 846767.000000 927852 760103 
83500 0.003524 809717.000000 885133 759517 
83510 0.003539 813610.000000 969487 752531 
83520 0.003531 834345.000000 863433 773214 
83530 0.003543 828265.000000 896861 757972 
83540 0.003518 810873.000000 882299 740489 
83550 0.003549 808581.000000 922714 713013 
83560 0.003544 831576.000000 961623 790304 
83570 0.003513 823213.000000 955403 741699 
83580 0.003529 819334.000000 855829 760230 
83590 0.003525 829809.000000 884834 760911 
83600 0.003550 833469.000000 933678 772722 
83610 0.003521 820321.000000 876648 776054 
83620 0.003535 825850.000000 909425 774842 
83630 0.003539 835018.000000 1023750 777950 
83640 0.003528 816017.000000 883236 772670 
83650 0.003564 830000.000000 874919 776780 
83660 0.003550 823903.000000 874626 759932 
83670 0.003550 826720.000000 928952 751500 
83680 0.003536 829232.000000 899066 764087 
83690 0.003538 813613.000000 914849 761406 
83700 0.003536 833037.000000 934606 739732 
83710 0.003554 855847.000000 930992 787214 
83720 0.003528 820821.000000 899246 756140 
83730 0.003573 823022.000000 886289 745142 
83740 0.003546 811369.000000 887358 772177 
83750 0.003513 796364.000000 847288 736744 
83760 0.003544 819074.000000 888645 723277 
83770 0.003556 841070.000000 908505 769438 
83780 0.003529 830361.000000 887952 773856 
83790 0.003534 816220.000000 846428 776131 
83800 0.003565 838872.000000 933703 768802 
83810 0.003541 810982.000000 865872 756949 
83820 0.003559 848624.000000 998296 761293 
83830 0.003551 859945.000000 946980 793463 
83840 0.003572 837628.000000 944098 766102 
83850 0.003548 849995.000000 1028952 775514 
83860 0.003536 834984.000000 898893 766833 
83870 0.003531 800113.000000 845664 762444 
83880 0.003523 809639.000000 874341 721329 
83890 0.003545 810374.000000 899690 773923 
83900 0.003543 833451.000000 889534 776589 
83910 0.003552 843205.000000 911803 740397 
83920 0.003566 833306.000000 893464 746135 
83930 0.003550 834262.000000 884769 766207 
83940 0.003549 856444.000000 924563 779277 
83950 0.003564 822704.000000 891231 754297 
83960 0.003556 834357.000000 1048438 773737 
83970 0.003564 831971.000000 896009 784761 
83980 0.003541 826612.000000 901410 726526 
83990 0.003541 841294.000000 951176 736353 
84000 0.003541 829885.000000 917299 767433 
84010 0.003565 836217.000000 911922 777972 
84020 0.003556 819956.000000 884840 726817 
84030 0.003551 852542.000000 921431 742576 
84040 0.003568 831542.000000 933055 762262 
84050 0.003570 842402.000000 885590 790244 
84060 0.003541 815702.000000 897121 724570 
84070 0.003582 833520.000000 904183 758123 
84080 0.003583 873730.000000 924664 804668 
84090 0.003547 805288.000000 916638 751773 
84100 0.003543 866726.000000 906403 826290 
84110 0.003582 877077.000000 1036558 799705 
84120 0.003563 819994.000000 881140 771398 
84130 0.003554 835125.000000 932764 745743 
84140 0.003556 847674.000000 926292 791167 
84150 0.003545 820670.000000 888902 748381 
84160 0.003540 833776.000000 903326 747186 
84170 0.003568 818067.000000 892428 761890 
84180 0.003556 843045.000000 972732 780301 
84190 0.003536 856253.000000 938109 763802 
84200 0.003531 825295.000000 931255 739309 
84210 0.003562 842882.000000 968341 766391 
84220 0.003566 851520.000000 885826 814501 
84230 0.003535 828193.000000 899214 759320 
84240 0.003550 849576.000000 969054 746055 
84250 0.003559 834713.000000 915483 770195 
84260 0.003556 839458.000000 991346 771819 
84270 0.003564 854553.000000 924214 754470 
84280 0.003546 815007.000000 939115 751711 
84290 0.003539 840668.000000 893675 774950 
84300 0.003564 841396.000000 1013278 782202 
84310 0.003569 832399.000000 941746 791446 
84320 0.003590 834249.000000 898518 776848 
84330 0.003552 805760.000000 871475 746297 
84340 0.003572 810336.000000 849293 765326 
84350 0.003580 854780.000000 956079 765532 
84360 0.003582 858114.000000 912115 779096 
84370 0.003562 810200.000000 856142 770883 
84380 0.003569 816442.000000 856555 782019 
84390 0.003557 808626.000000 856079 740665 
84400 0.003564 857613.000000 931112 780178 
84410 0.003572 856685.000000 927739 818775 
84420 0.003565 840799.000000 867463 811459 
84430 0.003557 842924.000000 911774 770822 
84440 0.003573 817065.000000 903171 758115 
84450 0.003560 841255.000000 921619 793729 
84460 0.003547 877338.000000 944972 748388 
84470 0.003540 831152.000000 887297 782675 
84480 0.003557 822398.000000 944158 749450 
84490 0.003556 837636.000000 918900 792832 
84500 0.003559 833399.000000 895163 763839 
84510 0.003574 843920.000000 913545 819026 
84520 0.003575 841920.000000 941715 800016 
84530 0.003581 830973.000000 907247 775025 
84540 0.003582 816585.000000 878408 760613 
84550 0.003560 843089.000000 987215 784716 
84560 0.003572 828422.000000 876815 758310 
84570 0.003589 847863.000000 914431 761611 
84580 0.003551 812903.000000 884540 775771 
84590 0.003592 834169.000000 941307 741012 
84600 0.003565 827522.000000 878088 791198 
84610 0.003575 841044.000000 933927 763992 
84620 0.003548 824988.000000 890620 778292 
84630 0.003580 852569.000000 957846 801286 
84640 0.003618 829640.000000 876130 783117 
84650 0.003590 828988.000000 883065 784165 
84660 0.003584 856536.000000 928678 782057 
84670 0.003585 825684.000000 980183 763638 
84680 0.003590 843768.000000 940020 795875 
84690 0.003587 834738.000000 886512 796939 
84700 0.003566 819417.000000 873945 778724 
84710 0.003562 848784.000000 918960 753003 
84720 0.003562 827553.000000 883152 769141 
84730 0.003584 840303.000000 932018 756608 
84740 0.003563 840634.000000 947319 779173 
84750 0.003583 845066.000000 913843 791705 
84760 0.003585 856303.000000 929426 770538 
84770 0.003592 833959.000000 931185 785455 
84780 0.003574 835094.000000 923248 782670 
84790 0.003580 826099.000000 883338 763658 
84800 0.003571 821797.000000 905416 770197 
84810 0.003586 831990.000000 929408 780474 
84820 0.003563 824725.000000 897473 739793 
84830 0.003595 836508.000000 955821 783133 
84840 0.003570 851033.000000 928403 783895 
84850 0.003577 856123.000000 1000416 810033 
84860 0.003592 857808.000000 932204 795185 
84870 0.003571 828428.000000 889721 773926 
84880 0.003569 824332.000000 879655 775847 
84890 0.003601 859972.000000 960030 797899 
84900 0.003577 821350.000000 862036 765104 
84910 0.003580 832412.000000 916246 779726 
84920 0.003610 877048.000000 965440 792304 
84930 0.003609 819369.000000 878312 769471 
84940 0.003570 820732.000000 894065 748470 
84950 0.003605 868707.000000 990390 813733 
84960 0.003594 851906.000000 886987 803505 
84970 0.003590 844849.000000 1003938 784677 
84980 0.003569 847511.000000 923212 778455 
84990 0.003633 874436.000000 994150 815636 
85000 0.003589 822494.000000 940041 747241 
85010 0.003576 842413.000000 912268 796835 
85020 0.003586 862218.000000 943463 797561 
85030 0.003602 850596.000000 960171 749343 
85040 0.003589 856362.000000 966682 777584 
85050 0.003585 868308.000000 955399 814736 
85060 0.003575 826526.000000 904239 768957 
85070 0.003593 845057.000000 941300 791181 
85080 0.003589 848421.000000 914447 803940 
85090 0.003597 844948.000000 894880 764401 
85100 0.003601 843987.000000 940619 765456 
85110 0.003601 845726.000000 916594 733222 
85120 0.003579 863006.000000 969831 738528 
85130 0.003601 857442.000000 999181 767033 
85140 0.003600 830988.000000 890035 789717 
85150 0.003625 853598.000000 890305 801108 
85160 0.003611 823180.000000 877210 752963 
85170 0.003599 865343.000000 999969 793011 
85180 0.003592 859814.000000 926505 805847 
85190 0.003591 848284.000000 911431 760884 
85200 0.003594 874314.000000 959092 807783 
85210 0.003623 833518.000000 916092 763827 
85220 0.003577 838379.000000 933513 742075 
85230 0.003591 831650.000000 890857 782429 
85240 0.003600 837202.000000 883556 758260 
85250 0.003602 843115.000000 899294 772054 
85260 0.003593 859191.000000 879869 843206 
85270 0.003598 839086.000000 963946 757564 
85280 0.003628 859674.000000 980733 761839 
85290 0.003582 838965.000000 872911 787824 
85300 0.003600 842044.000000 912421 768341 
85310 0.003619 837622.000000 894431 771291 
85320 0.003631 866954.000000 914906 804049 
85330 0.003596 849433.000000 951558 786539 
85340 0.003604 829681.000000 915962 780880 
85350 0.003598 865265.000000 936620 807748 
85360 0.003612 835209.000000 874775 803370 
85370 0.003591 851072.000000 978520 777250 
85380 0.003596 892131.000000 988906 841709 
85390 0.003609 846341.000000 944862 809251 
85400 0.003590 863289.000000 930776 805523 
85410 0.003610 850280.000000 932818 765586 
85420 0.003627 850241.000000 982207 787714 
85430 0.003630 852187.000000 914090 740145 
85440 0.003623 868292.000000 987478 793814 
85450 0.003602 839340.000000 892238 788215 
85460 0.003608 826651.000000 866664 787451 
85470 0.003636 851374.000000 912891 780095 
85480 0.003613 851494.000000 1012911 778869 
85490 0.003606 852946.000000 916987 762791 
85500 0.003602 839996.000000 880693 785010 
85510 0.003622 859737.000000 979287 805812 
85520 0.003603 839867.000000 911565 775507 
85530 0.003632 865254.000000 964199 794451 
85540 0.003596 804207.000000 840374 744232 
85550 0.003620 849049.000000 935580 773577 
85560 0.003615 851418.000000 1001301 771515 
85570 0.003619 852671.000000 942006 777167 
85580 0.003619 859129.000000 1015518 788405 
85590 0.003607 849989.000000 910471 798107 
85600 0.003614 847375.000000 917418 762004 
85610 0.003601 867212.000000 965673 773594 
85620 0.003612 855369.000000 923115 796999 
85630 0.003628 819920.000000 864516 764710 
85640 0.003620 833516.000000 901510 778443 
85650 0.003628 853360.000000 920941 791180 
85660 0.003641 845059.000000 988575 738653 
85670 0.003656 861318.000000 937149 783993 
85680 0.003636 825862.000000 869693 787104 
85690 0.003647 825249.000000 874928 766298 
85700 0.003622 847159.000000 922600 774087 
85710 0.003616 822525.000000 859330 793757 
85720 0.003645 847397.000000 872408 794619 
85730 0.003613 836069.000000 934362 753476 
85740 0.003626 886144.000000 1019876 801307 
85750 0.003652 856005.000000 882949 819875 
85760 0.003651 879911.000000 958327 814860 
85770 0.003615 820488.000000 980427 727383 
85780 0.003640 843567.000000 917420 754496 
85790 0.003688 879286.000000 946110 798460 
85800 0.003708 866227.000000 941133 768270 
85810 0.003680 838828.000000 924035 777165 
85820 0.003723 861335.000000 920265 776354 
85830 0.003711 888410.000000 1031014 808146 
85840 0.003705 833550.000000 913160 777639 
85850 0.003726 893917.000000 1032536 801251 
85860 0.003700 868511.000000 1035628 805738 
85870 0.003688 856973.000000 993373 793929 
85880 0.003692 840641.000000 966505 794722 
85890 0.003685 858782.000000 928568 822955 
85900 0.003693 826672.000000 913917 758910 
85910 0.003697 863204.000000 980276 807060 
85920 0.003689 824129.000000 884491 769405 
85930 0.003684 859619.000000 964125 755924 
85940 0.003705 855953.000000 916001 783096 
85950 0.003691 861417.000000 1004021 767974 
85960 0.003698 840035.000000 901286 780942 
85970 0.003704 839804.000000 918675 764946 
85980 0.003688 887927.000000 1004211 797446 
85990 0.003732 865268.000000 964441 809132 
86000 0.003697 860053.000000 951788 795548 
86010 0.003697 880923.000000 904789 836646 
86020 0.003718 849029.000000 927274 796613 
86030 0.003707 841596.000000 947288 770755 
86040 0.003713 852489.000000 884561 803007 
86050 0.003712 862114.000000 1018531 803898 
86060 0.003699 834592.000000 916805 773989 
86070 0.003723 871327.000000 1007128 805614 
86080 0.003713 867661.000000 944591 778650 
86090 0.003705 835762.000000 912832 800646 
86100 0.003703 890731.000000 986927 772531 
86110 0.003699 851970.000000 990709 771216 
86120 0.003684 845583.000000 908598 798565 
86130 0.003710 873914.000000 1028321 822382 
86140 0.003711 853570.000000 930987 780059 
86150 0.003726 843094.000000 978513 775083 
86160 0.003730 882369.000000 997136 812138 
86170 0.003716 841701.000000 915696 782103 
86180 0.003698 853634.000000 895229 778718 
86190 0.003728 870005.000000 986140 803798 
86200 0.003705 868085.000000 938508 784980 
86210 0.003719 853277.000000 920210 789021 
86220 0.003726 884497.000000 959033 829981 
86230 0.003712 868551.000000 1000673 772970 
86240 0.003709 853218.000000 924988 774925 
86250 0.003734 880218.000000 953053 786210 
86260 0.003688 852760.000000 916286 768275 
86270 0.003687 831448.000000 904646 764393 
86280 0.003716 845486.000000 877591 807028 
86290 0.003725 843342.000000 910351 788873 
86300 0.003726 847908.000000 912471 786244 
86310 0.003699 832945.000000 885025 766880 
86320 0.003718 850179.000000 908171 749957 
86330 0.003732 878932.000000 966597 824808 
86340 0.003733 874753.000000 925723 816125 
86350 0.003712 874119.000000 945402 808881 
86360 0.003720 834931.000000 866232 786082 
86370 0.003709 830551.000000 926049 792078 
86380 0.003713 885580.000000 1011744 786785 
86390 0.003711 837963.000000 904989 768033 
86400 0.003737 867395.000000 953348 801917 
86410 0.003738 870382.000000 917366 822117 
86420 0.003693 832093.000000 902054 784969 
86430 0.003731 834980.000000 887331 759487 
86440 0.003706 834354.000000 935695 767893 
86450 0.003688 849901.000000 929993 785939 
86460 0.003751 863896.000000 1012376 793894 
86470 0.003714 833945.000000 885840 752685 
86480 0.003723 861043.000000 917194 804060 
86490 0.003716 866333.000000 980834 779682 
86500 0.003706 863176.000000 957915 781138 
86510 0.003725 896737.000000 1018467 820382 
86520 0.003707 875495.000000 982253 787306 
86530 0.003722 860349.000000 1023536 803482 
86540 0.003718 886916.000000 998391 824434 
86550 0.003695 851702.000000 963878 797485 
86560 0.003703 840925.000000 926047 783185 
86570 0.003702 848551.000000 915903 794431 
86580 0.003710 869825.000000 921333 824747 
86590 0.003735 882714.000000 960093 804379 
86600 0.003733 857279.000000 1005546 797385 
86610 0.003727 854745.000000 917349 752959 
86620 0.003746 865281.000000 1011508 772963 
86630 0.003737 852427.000000 952868 801865 
86640 0.003718 846555.000000 905925 770564 
86650 0.003718 869764.000000 1002308 829182 
86660 0.003717 858319.000000 946143 778272 
86670 0.003741 872246.000000 948406 794254 
86680 0.003710 857323.000000 925785 783300 
86690 0.003722 859090.000000 942334 760724 
86700 0.003725 845332.000000 903861 794733 
86710 0.003736 847708.000000 960879 794666 
86720 0.003716 855994.000000 938998 782116 
86730 0.003709 862524.000000 919219 794551 
86740 0.003709 847277.000000 928686 767701 
86750 0.003738 862776.000000 982388 765946 
86760 0.003702 858248.000000 985614 767546 
86770 0.003716 862744.000000 941897 764614 
86780 0.003724 872991.000000 947404 811562 
86790 0.003725 845491.000000 919408 768541 
86800 0.003733 853836.000000 950129 784918 
86810 0.003730 822158.000000 854035 794927 
86820 0.003733 869023.000000 956596 818178 
86830 0.003715 862885.000000 961931 788044 
86840 0.003728 879265.000000 925697 838101 
86850 0.003756 855340.000000 923285 812555 
86860 0.003742 852387.000000 908511 807024 
86870 0.003753 919713.000000 1071066 835452 
86880 0.003733 868084.000000 928507 801185 
86890 0.003708 867461.000000 935501 798420 
86900 0.003747 902062.000000 1015274 831786 
86910 0.003749 880318.000000 993880 750840 
86920 0.003739 865267.000000 934340 783127 
86930 0.003723 817980.000000 889327 762206 
86940 0.003736 867095.000000 913760 835352 
86950 0.003767 865588.000000 987431 800752 
86960 0.003753 865665.000000 973106 801508 
86970 0.003717 838218.000000 948021 778963 
86980 0.003750 853707.000000 908632 798228 
86990 0.003740 870196.000000 1039667 794852 
87000 0.003723 899935.000000 970727 795950 
87010 0.003760 862442.000000 996723 774140 
87020 0.003753 862783.000000 960921 799807 
87030 0.003739 844422.000000 915883 793184 
87040 0.003735 886650.000000 947341 821043 
87050 0.003753 826920.000000 859916 783556 
87060 0.003708 876434.000000 985895 811249 
87070 0.003724 833038.000000 909233 775585 
87080 0.003746 860686.000000 964564 806398 
87090 0.003758 868988.000000 991809 778059 
87100 0.003766 857944.000000 971814 790752 
87110 0.003752 882821.000000 940480 792902 
87120 0.003743 854449.000000 943920 795579 
87130 0.003754 857766.000000 956099 786435 
87140 0.003757 864409.000000 896178 830729 
87150 0.003744 877893.000000 1000903 810468 
87160 0.003736 848600.000000 905006 799868 
87170 0.003740 869678.000000 957971 822609 
87180 0.003726 870293.000000 945728 806376 
87190 0.003756 859975.000000 991732 805877 
87200 0.003748 846081.000000 928667 791854 
87210 0.003736 866388.000000 994381 798011 
87220 0.003732 834583.000000 918499 761664 
87230 0.003751 857490.000000 946527 778463 
87240 0.003736 881558.000000 958956 809057 
87250 0.003768 871578.000000 920535 820892 
87260 0.003747 916142.000000 1012817 810639 
87270 0.003747 866914.000000 947161 822217 
87280 0.003735 878918.000000 1014866 788001 
87290 0.003766 874985.000000 1040437 789216 
87300 0.003760 867678.000000 933548 797900 
87310 0.003746 878513.000000 983989 804267 
87320 0.003755 865484.000000 1022746 764185 
87330 0.003753 877557.000000 990145 802934 
87340 0.003748 827956.000000 894876 778934 
87350 0.003768 880270.000000 939309 801605 
87360 0.003756 876355.000000 995933 762862 
87370 0.003749 859991.000000 910097 821122 
87380 0.003735 865409.000000 988641 782189 
87390 0.003759 841630.000000 910132 799470 
87400 0.003750 870060.000000 1022875 799808 
87410 0.003752 861406.000000 931523 802793 
87420 0.003749 893913.000000 997218 783119 
87430 0.003748 872716.000000 914868 819014 
87440 0.003773 871327.000000 984953 823925 
87450 0.003770 881023.000000 997803 817616 
87460 0.003763 890579.000000 957295 801958 
87470 0.003752 870184.000000 935485 817390 
87480 0.003762 891314.000000 978947 818898 
87490 0.003767 878002.000000 997897 809230 
87500 0.003783 901845.000000 1065562 809289 
87510 0.003752 865438.000000 951624 800759 
87520 0.003779 877112.000000 978557 791072 
87530 0.003764 886840.000000 1012844 806076 
87540 0.003772 877814.000000 950744 797449 
87550 0.003738 883186.000000 1014150 810506 
87560 0.003773 844589.000000 888801 803508 
87570 0.003745 871232.000000 992062 770961 
87580 0.003749 870448.000000 1006876 805438 
87590 0.003781 864899.000000 926039 796591 
87600 0.003770 885606.000000 973102 794327 
87610 0.003758 849774.000000 936138 785783 
87620 0.003760 862569.000000 940726 820632 
87630 0.003760 872742.000000 938877 788198 
87640 0.003763 912434.000000 949816 862638 
87650 0.003782 859183.000000 907030 801739 
87660 0.003778 864017.000000 941065 810934 
87670 0.003749 873386.000000 937607 799128 
87680 0.003763 898927.000000 979103 816095 
87690 0.003772 861455.000000 904737 790543 
87700 0.003763 848352.000000 916447 802472 
87710 0.003764 908906.000000 991989 808928 
87720 0.003766 876800.000000 936618 808196 
87730 0.003796 885845.000000 999617 807166 
87740 0.003775 850947.000000 920579 790648 
87750 0.003783 876156.000000 930529 788389 
87760 0.003762 882607.000000 939378 780542 
87770 0.003781 867066.000000 916242 783643 
87780 0.003785 885364.000000 983616 803404 
87790 0.003760 880026.000000 970746 768891 
87800 0.003771 873421.000000 987878 785028 
87810 0.003778 876667.000000 985251 807262 
87820 0.003757 858677.000000 920760 804541 
87830 0.003767 870572.000000 913436 816350 
87840 0.003754 866090.000000 930919 810743 
87850 0.003759 861208.000000 914395 808743 
87860 0.003762 879695.000000 970508 826961 
87870 0.003786 878664.000000 936553 819640 
87880 0.003790 867357.000000 966355 791350 
87890 0.003768 864526.000000 923416 828704 
87900 0.003765 880761.000000 938686 830314 
87910 0.003768 901772.000000 1008722 798864 
87920 0.003740 876660.000000 943625 810290 
87930 0.003796 901105.000000 946254 844097 
87940 0.003776 877660.000000 985125 795204 
87950 0.003778 894119.000000 975014 832238 
87960 0.003798 882450.000000 951017 799488 
87970 0.003757 858098.000000 920920 784736 
87980 0.003758 863231.000000 1012611 794410 
87990 0.003813 875674.000000 932678 826223 
88000 0.003790 904298.000000 1058149 850636 
88010 0.003803 899236.000000 983361 809539 
88020 0.003792 859108.000000 889036 811053 
88030 0.003768 884297.000000 956397 812229 
88040 0.003779 854436.000000 963319 779631 
88050 0.003784 876465.000000 971545 787831 
88060 0.003793 895942.000000 1034659 802850 
88070 0.003792 862485.000000 917594 806722 
88080 0.003781 861330.000000 946028 755972 
88090 0.003790 872267.000000 988998 806456 
88100 0.003792 854784.000000 895302 769524 
88110 0.003806 882880.000000 1009843 816098 
88120 0.003781 851401.000000 912148 789946 
88130 0.003785 857076.000000 908611 804944 
88140 0.003771 867589.000000 945686 752354 
88150 0.003807 904081.000000 1027323 800228 
88160 0.003807 882518.000000 929995 799680 
88170 0.003790 881782.000000 936760 821286 
88180 0.003776 879070.000000 952690 824138 
88190 0.003792 870605.000000 998096 798782 
88200 0.003792 856495.000000 908782 795034 
88210 0.003804 883656.000000 958084 824997 
88220 0.003798 917599.000000 1006891 848142 
88230 0.003766 866972.000000 955738 808306 
88240 0.003800 882116.000000 943856 812776 
88250 0.003798 886568.000000 937640 809942 
88260 0.003817 933008.000000 1031996 869135 
88270 0.003783 879248.000000 985662 805701 
88280 0.003792 882282.000000 966396 786351 
88290 0.003814 867857.000000 938007 799560 
88300 0.003825 875557.000000 1041277 795011 
88310 0.003792 852229.000000 940412 796465 
88320 0.003819 874970.000000 1005551 821288 
88330 0.003823 882939.000000 997528 808037 
88340 0.003806 917277.000000 1042603 779920 
88350 0.003794 863881.000000 967991 808903 
88360 0.003795 877038.000000 926403 824029 
88370 0.003777 864560.000000 913622 804457 
88380 0.003796 878317.000000 1071187 787211 
88390 0.003810 893877.000000 954534 816118 
88400 0.003810 875445.000000 962963 795496 
88410 0.003817 872039.000000 1001626 798431 
88420 0.003805 868713.000000 948785 791913 
88430 0.003825 890145.000000 990717 778033 
88440 0.003788 894659.000000 1059600 818457 
88450 0.003793 867696.000000 996136 780887 
88460 0.003809 894934.000000 1015377 858507 
88470 0.003824 883534.000000 929518 831338 
88480 0.003834 877715.000000 936724 781919 
88490 0.003811 878511.000000 995365 788667 
88500 0.003808 865902.000000 985768 818788 
88510 0.003802 875396.000000 931744 823027 
88520 0.003843 922422.000000 1098192 838806 
88530 0.003824 875004.000000 971397 808686 
88540 0.003806 851130.000000 928357 790753 
88550 0.003798 869878.000000 950296 839279 
88560 0.003799 844779.000000 901702 810204 
88570 0.003819 892483.000000 987205 851903 
88580 0.003814 878889.000000 954916 816378 
88590 0.003821 864815.000000 933598 766371 
88600 0.003801 858454.000000 925561 786557 
88610 0.003809 870325.000000 938432 803927 
88620 0.003831 885828.000000 975870 813872 
88630 0.003834 874963.000000 940040 809572 
88640 0.003809 911930.000000 1022084 853771 
88650 0.003805 881038.000000 974764 816387 
88660 0.003799 880373.000000 957838 814232 
88670 0.003791 890167.000000 990449 805902 
88680 0.003818 850778.000000 917224 773449 
88690 0.003820 884706.000000 992273 825799 
88700 0.003824 857138.000000 911879 825802 
88710 0.003825 903522.000000 1057047 847242 
88720 0.003814 858614.000000 911513 781695 
88730 0.003815 865695.000000 907270 822794 
88740 0.003813 885553.000000 976194 821087 
88750 0.003823 887067.000000 955031 816843 
88760 0.003813 880362.000000 978067 807164 
88770 0.003825 883080.000000 995827 825381 
88780 0.003814 898945.000000 986085 769226 
88790 0.003825 915416.000000 1024445 838306 
88800 0.003817 878694.000000 946604 800788 
88810 0.003819 884152.000000 960080 823350 
88820 0.003822 879715.000000 943619 819523 
88830 0.003822 881538.000000 917675 838449 
88840 0.003835 865623.000000 981542 787335 
88850 0.003836 892928.000000 961571 815679 
88860 0.003829 884751.000000 947252 803986 
88870 0.003851 871714.000000 955419 804032 
88880 0.003834 897164.000000 1003755 814613 
88890 0.003810 854015.000000 886497 817423 
88900 0.003830 892474.000000 1013967 817905 
88910 0.003826 887201.000000 928692 842830 
88920 0.003800 892566.000000 1049175 817791 
88930 0.003831 910109.000000 989669 814536 
88940 0.003834 898091.000000 950601 797329 
88950 0.003840 859882.000000 920122 758881 
88960 0.003830 860712.000000 950409 824367 
88970 0.003830 869936.000000 994120 797064 
88980 0.003838 865453.000000 988606 797146 
88990 0.003845 890163.000000 955813 825406 
89000 0.003799 870654.000000 949050 798517 
89010 0.003846 891585.000000 1051218 808351 
89020 0.003857 890913.000000 1006194 835813 
89030 0.003857 893432.000000 993209 783572 
89040 0.003836 858969.000000 923117 835146 
89050 0.003834 864755.000000 968022 790003 
89060 0.003847 900436.000000 1050334 797265 
89070 0.003807 870704.000000 1024172 774642 
89080 0.003836 889516.000000 1004925 798896 
89090 0.003840 906085.000000 1004480 833652 
89100 0.003848 848443.000000 916008 797783 
89110 0.003848 860021.000000 945858 796541 
89120 0.003845 867941.000000 956237 783757 
89130 0.003856 878163.000000 993144 825490 
89140 0.003838 889780.000000 972950 790099 
89150 0.003830 908163.000000 964151 861496 
89160 0.003830 880128.000000 918784 824174 
89170 0.003845 851867.000000 906278 805648 
89180 0.003837 855696.000000 897074 816425 
89190 0.003846 902091.000000 1114156 827122 
89200 0.003847 885831.000000 1001402 796297 
89210 0.003840 884933.000000 952614 855464 
89220 0.003865 903575.000000 1014503 818690 
89230 0.003876 875334.000000 964648 812314 
89240 0.003844 868905.000000 948105 785412 
89250 0.003831 877639.000000 948810 782464 
89260 0.003855 914729.000000 1000899 835684 
89270 0.003828 877829.000000 924957 810099 
89280 0.003842 893320.000000 1034907 798080 
89290 0.003862 896157.000000 981860 791734 
89300 0.003861 917562.000000 1034025 848762 
89310 0.003842 864156.000000 932799 797512 
89320 0.003839 864713.000000 900123 804961 
89330 0.003854 885649.000000 949189 830912 
89340 0.003850 887184.000000 1047791 827249 
89350 0.003845 884662.000000 929494 811957 
89360 0.003863 895967.000000 1028617 820090 
89370 0.003857 893935.000000 992845 851327 
89380 0.003850 878460.000000 933193 797424 
89390 0.003846 897630.000000 947590 841228 
89400 0.003862 876881.000000 952361 832538 
89410 0.003853 874831.000000 928347 832342 
89420 0.003838 871856.000000 941919 795675 
89430 0.003873 876211.000000 949438 806420 
89440 0.003863 867610.000000 922108 794771 
89450 0.003876 912814.000000 1047503 815672 
89460 0.003871 868122.000000 932130 813074 
89470 0.003864 888297.000000 933641 844132 
89480 0.003836 899922.000000 984219 801184 
89490 0.003861 862763.000000 1011945 801540 
89500 0.003838 898942.000000 980530 837062 
89510 0.003881 867882.000000 918718 821650 
89520 0.003883 896130.000000 1022264 811899 
89530 0.003892 875179.000000 965087 835631 
89540 0.004083 869727.000000 975505 809402 
89550 0.003870 889740.000000 979472 847313 
89560 0.003851 863020.000000 922364 805460 
89570 0.003888 888370.000000 933756 818278 
89580 0.003870 862053.000000 913919 765170 
89590 0.003865 898007.000000 1006123 829822 
89600 0.003884 905198.000000 1065926 832099 
89610 0.003878 929705.000000 1025945 812928 
89620 0.003880 900557.000000 953989 823389 
89630 0.003902 923266.000000 996253 840812 
89640 0.003884 929920.000000 1089311 833530 
89650 0.003871 894558.000000 992817 824515 
89660 0.003863 879268.000000 942317 821680 
89670 0.003878 892900.000000 965709 824094 
89680 0.003871 900714.000000 1081352 826592 
89690 0.003873 898631.000000 1012099 817450 
89700 0.003872 868747.000000 936354 806773 
89710 0.003883 909996.000000 1057334 840257 
89720 0.003926 910777.000000 1025357 808288 
89730 0.003870 908044.000000 985994 835346 
89740 0.003878 915671.000000 1009325 839795 
89750 0.003896 897520.000000 974880 822807 
89760 0.003906 888083.000000 931787 855675 
89770 0.003881 908858.000000 1018882 798548 
89780 0.003876 934505.000000 1021214 859426 
89790 0.003882 878335.000000 983612 795279 
89800 0.003890 874609.000000 922182 829170 
89810 0.003890 887010.000000 997860 820931 
89820 0.003889 884301.000000 931545 820331 
89830 0.003876 868210.000000 957901 800673 
89840 0.003913 885929.000000 975466 818176 
89850 0.003880 867330.000000 905129 815288 
89860 0.003881 869883.000000 927884 812377 
89870 0.003875 885717.000000 932883 818345 
89880 0.003890 885448.000000 1076372 816162 
89890 0.003889 900396.000000 1040527 815882 
89900 0.003894 896336.000000 963063 808483 
89910 0.003902 909552.000000 1023777 821367 
89920 0.003879 856766.000000 910173 816701 
89930 0.003867 880311.000000 926206 826918 
89940 0.003889 897182.000000 950114 852303 
89950 0.003884 900931.000000 1003213 801478 
89960 0.003892 861765.000000 941869 778811 
89970 0.003870 903369.000000 986680 829864 
89980 0.003882 896985.000000 972220 846212 
89990 0.003883 906817.000000 1006795 813114 
90000 0.003888 903433.000000 970299 791078 
90010 0.003861 887711.000000 938845 845097 
90020 0.003854 874338.000000 919187 833560 
90030 0.003875 891128.000000 961267 827698 
90040 0.003905 921984.000000 1013290 834243 
90050 0.003867 890880.000000 989680 836352 
90060 0.003899 909241.000000 974171 827995 
90070 0.003875 909342.000000 979789 824602 
90080 0.003894 889854.000000 939037 854701 
90090 0.003915 920466.000000 1024976 873278 
90100 0.004100 906386.000000 1011867 851842 
90110 0.003841 910656.000000 1035418 833469 
90120 0.003813 853733.000000 921440 791498 
90130 0.003815 890367.000000 979729 820493 
90140 0.003866 929723.000000 1024571 862120 
90150 0.003820 914308.000000 1006479 822364 
90160 0.003808 894716.000000 976076 828025 
90170 0.003854 952826.000000 1010170 862642 
90180 0.003842 910810.000000 1130919 822423 
90190 0.003825 895257.000000 988526 831749 
90200 0.003836 938968.000000 1017341 864833 
90210 0.003807 890971.000000 996591 814369 
90220 0.003837 916413.000000 1034752 806284 
90230 0.003819 885206.000000 1005810 830011 
90240 0.003816 900683.000000 1016456 836235 
90250 0.003824 895944.000000 992512 803919 
90260 0.003855 904843.000000 961864 824904 
90270 0.003876 917634.000000 975463 817822 
90280 0.003845 859596.000000 939271 786391 
90290 0.003867 895977.000000 1099246 827518 
90300 0.003831 893384.000000 981060 796182 
90310 0.003834 897895.000000 1036167 817572 
90320 0.003837 893983.000000 983810 830186 
90330 0.003841 925077.000000 1033147 832091 
90340 0.003844 908234.000000 1018972 785064 
90350 0.003843 907508.000000 986829 838338 
90360 0.003811 900649.000000 972180 844469 
90370 0.003838 893301.000000 955453 842007 
90380 0.003811 888012.000000 966397 818868 
90390 0.003837 879741.000000 935653 827876 
90400 0.003850 936456.000000 1020184 853226 
90410 0.003820 894308.000000 969638 827639 
90420 0.003870 932625.000000 1037192 839485 
90430 0.003832 889732.000000 948512 841560 
90440 0.003858 900543.000000 1011673 840205 
90450 0.003859 916093.000000 998967 830014 
90460 0.003837 878570.000000 926031 827269 
90470 0.003864 896881.000000 1041911 851338 
90480 0.003842 877270.000000 981794 809780 
90490 0.003852 922423.000000 995750 872856 
90500 0.003841 902923.000000 978490 839412 
90510 0.003859 900554.000000 960239 815541 
90520 0.003850 899898.000000 1036466 845356 
90530 0.003837 913882.000000 956668 869807 
90540 0.003841 889765.000000 934751 857625 
90550 0.003852 901894.000000 964072 828710 
90560 0.003859 895794.000000 984819 837805 
90570 0.003847 916119.000000 1026133 846003 
90580 0.003836 881279.000000 949869 831569 
90590 0.003854 913973.000000 983798 861426 
90600 0.003837 911259.000000 1022530 830912 
90610 0.003861 899679.000000 985740 836681 
90620 0.003865 899292.000000 999374 828428 
90630 0.003845 894331.000000 954356 834798 
90640 0.003856 888563.000000 960402 830606 
90650 0.003871 929600.000000 994749 840422 
90660 0.003882 916523.000000 986479 813859 
90670 0.003869 929543.000000 979604 830469 
90680 0.003880 920533.000000 1061933 814053 
90690 0.003842 909872.000000 1007605 823567 
90700 0.003858 903027.000000 973809 838007 
90710 0.003861 879813.000000 962868 804092 
90720 0.003843 920581.000000 1012403 874204 
90730 0.003883 933671.000000 1146958 844909 
90740 0.003877 893549.000000 958047 849587 
90750 0.003855 898997.000000 945463 866463 
90760 0.003867 904708.000000 988534 854872 
90770 0.003866 900312.000000 959251 850495 
90780 0.003872 907432.000000 996179 866268 
90790 0.003860 909549.000000 984499 818910 
90800 0.003859 908861.000000 993613 834252 
90810 0.003867 907609.000000 1022310 837004 
90820 0.003876 899948.000000 1012613 847031 
90830 0.003875 915691.000000 1040796 827498 
90840 0.003856 911651.000000 986748 823158 
90850 0.003859 889104.000000 950996 831175 
90860 0.003870 884735.000000 950619 823029 
90870 0.003871 937647.000000 1039639 869260 
90880 0.003875 921386.000000 1044257 817235 
90890 0.003862 923370.000000 1051071 848469 
90900 0.003861 884403.000000 965833 811147 
90910 0.003860 906012.000000 982585 821993 
90920 0.003855 882233.000000 933340 834457 
90930 0.003843 913528.000000 992532 835851 
90940 0.003850 907688.000000 1107068 835400 
90950 0.003870 949675.000000 1038114 845984 
90960 0.003840 922791.000000 978547 842717 
90970 0.003828 937205.000000 1102935 863055 
90980 0.003868 949305.000000 1085644 860338 
90990 0.003851 902160.000000 944515 847773 
91000 0.003867 919682.000000 1034131 831370 
91010 0.003870 892279.000000 945321 848872 
91020 0.003882 931799.000000 1074899 832534 
91030 0.003900 905065.000000 1012380 819306 
91040 0.003884 889086.000000 1030768 844983 
91050 0.003855 896346.000000 982285 828802 
91060 0.003899 938502.000000 1079530 819442 
91070 0.003877 916074.000000 1084347 806631 
91080 0.003851 899793.000000 968141 812224 
91090 0.003875 925304.000000 1096733 856775 
91100 0.003878 902948.000000 1000178 840572 
91110 0.003869 902975.000000 963823 831680 
91120 0.003882 913986.000000 978059 846419 
91130 0.003876 912897.000000 965097 881174 
91140 0.003882 906665.000000 1030311 830953 
91150 0.003874 894991.000000 948115 837005 
91160 0.003883 910887.000000 993747 843009 
91170 0.003898 920100.000000 1004329 842143 
91180 0.003878 918881.000000 959018 857630 
91190 0.003871 891346.000000 931605 842394 
91200 0.003874 922518.000000 1041710 858089 
91210 0.003901 923163.000000 1015906 846465 
91220 0.003885 913133.000000 966548 835492 
91230 0.003875 922871.000000 975531 847560 
91240 0.003871 887367.000000 950769 795198 
91250 0.003869 914308.000000 1025988 876534 
91260 0.003898 920191.000000 983221 851254 
91270 0.003873 910583.000000 986185 857625 
91280 0.003878 902498.000000 980500 811641 
91290 0.003907 908720.000000 969943 838942 
91300 0.003866 884406.000000 953737 814357 
91310 0.003888 932064.000000 998211 848891 
91320 0.003874 913648.000000 957931 861555 
91330 0.003869 902385.000000 1079951 838658 
91340 0.003879 930249.000000 1067457 883565 
91350 0.003890 912683.000000 1039552 838631 
91360 0.003893 942192.000000 1067714 850220 
91370 0.003886 916967.000000 986731 872204 
91380 0.003883 900273.000000 968712 858539 
91390 0.003880 921240.000000 1003587 841918 
91400 0.003894 915186.000000 1097493 855183 
91410 0.003900 890618.000000 963218 827441 
91420 0.003856 907673.000000 1028369 850054 
91430 0.003906 900501.000000 949301 832753 
91440 0.003876 907299.000000 987427 822571 
91450 0.003881 925406.000000 987458 864509 
91460 0.003900 930714.000000 1137912 823201 
91470 0.003900 939794.000000 1077157 839832 
91480 0.003934 920214.000000 1082143 825606 
91490 0.003877 904187.000000 971570 799428 
91500 0.003890 925829.000000 990147 866088 
91510 0.003877 913987.000000 981589 830785 
91520 0.003917 983902.000000 1067878 875091 
91530 0.003897 927311.000000 1025170 861687 
91540 0.003900 898106.000000 1081411 791884 
91550 0.003900 904906.000000 966341 846683 
91560 0.003905 913122.000000 994281 842275 
91570 0.003930 904171.000000 988698 855004 
91580 0.003881 942495.000000 1001737 884057 
91590 0.003943 913432.000000 981554 822220 
91600 0.003923 942813.000000 1026468 877152 
91610 0.003908 911450.000000 1076209 817286 
91620 0.003930 947394.000000 1122092 856004 
91630 0.003873 920105.000000 991884 850366 
91640 0.003907 908038.000000 1020769 816195 
91650 0.003898 900334.000000 968900 852740 
91660 0.003908 931590.000000 1001548 852157 
91670 0.003899 923917.000000 1025464 831963 
91680 0.003908 889407.000000 963137 825301 
91690 0.003899 913010.000000 997517 840333 
91700 0.003933 928444.000000 1021715 878605 
91710 0.003909 909672.000000 965129 864747 
91720 0.003876 909057.000000 975743 838541 
91730 0.003905 909868.000000 972872 852051 
91740 0.003926 953751.000000 1049129 876291 
91750 0.003906 916375.000000 957581 870831 
91760 0.003919 952414.000000 1024081 856021 
91770 0.003913 923133.000000 1104536 850377 
91780 0.003896 904583.000000 1016677 853684 
91790 0.003907 918274.000000 1017684 806038 
91800 0.003900 897215.000000 1002145 851718 
91810 0.003933 914989.000000 1069752 846592 
91820 0.004477 919117.000000 989760 819679 
91830 0.003986 902907.000000 974153 865489 
91840 0.003974 920824.000000 1082234 818034 
91850 0.003984 915405.000000 991213 861426 
91860 0.003956 892906.000000 936553 843859 
91870 0.003980 926754.000000 1068566 854279 
91880 0.003971 929157.000000 1007617 839245 
91890 0.003983 947177.000000 1021413 849153 
91900 0.003964 924343.000000 1029511 857766 
91910 0.003980 930452.000000 1045024 838588 
91920 0.003963 907659.000000 952830 828097 
91930 0.003979 915337.000000 1009531 815553 
91940 0.003987 926212.000000 1033182 815221 
91950 0.004007 934823.000000 1078889 847893 
91960 0.003995 902694.000000 987449 853829 
91970 0.003999 926538.000000 1012370 817391 
91980 0.003984 918324.000000 1002987 822824 
91990 0.003997 927338.000000 1004493 843724 
92000 0.003963 928811.000000 984089 836423 
92010 0.003985 927933.000000 992949 873675 
92020 0.003967 923465.000000 989519 849747 
92030 0.003981 916339.000000 983933 864478 
92040 0.003983 931211.000000 987216 831053 
92050 0.003960 910113.000000 958482 883448 
92060 0.003966 904922.000000 1003301 861645 
92070 0.003956 926349.000000 968349 859123 
92080 0.003978 914625.000000 957262 864137 
92090 0.003952 935080.000000 999039 845918 
92100 0.003987 929538.000000 986154 862860 
92110 0.003980 914175.000000 974841 871716 
92120 0.003970 920260.000000 983970 862441 
92130 0.003989 913183.000000 974773 840425 
92140 0.003977 945489.000000 1086830 876825 
92150 0.003982 911517.000000 996276 819094 
92160 0.003972 922684.000000 1060219 837342 
92170 0.003997 948908.000000 1083153 858492 
92180 0.003972 907611.000000 1001506 844582 
92190 0.003958 897937.000000 949125 833293 
92200 0.003964 889112.000000 943723 834720 
92210 0.004002 948917.000000 1047006 873072 
92220 0.003986 939064.000000 1055406 890925 
92230 0.003965 897397.000000 940301 856772 
92240 0.003984 936291.000000 1016813 834716 
92250 0.003982 922012.000000 967261 868020 
92260 0.003992 903607.000000 981957 813545 
92270 0.003998 940658.000000 1062714 865675 
92280 0.003962 947444.000000 999894 914680 
92290 0.003970 911521.000000 977124 831478 
92300 0.003981 924239.000000 1007804 881169 
92310 0.003993 911155.000000 942056 890139 
92320 0.003966 914574.000000 980185 844907 
92330 0.003986 932026.000000 1060306 851346 
92340 0.003988 945427.000000 1068306 860530 
92350 0.003980 899557.000000 990008 848387 
92360 0.003985 928304.000000 992189 844947 
92370 0.003993 960404.000000 1021557 920887 
92380 0.004014 920678.000000 999240 850578 
92390 0.003976 910207.000000 1045590 839576 
92400 0.003972 915364.000000 1039448 819699 
92410 0.003973 889501.000000 928403 846815 
92420 0.003988 909929.000000 991921 845551 
92430 0.004027 907792.000000 935549 869997 
92440 0.004008 926253.000000 990096 881439 
92450 0.003982 910411.000000 960245 827375 
92460 0.004000 915196.000000 1084148 854442 
92470 0.003992 941065.000000 1040879 858285 
92480 0.003993 928126.000000 1005195 864899 
92490 0.003991 920178.000000 948916 871474 
92500 0.003972 922975.000000 998058 831223 
92510 0.003974 917104.000000 1040572 832135 
92520 0.003990 930210.000000 986288 846820 
92530 0.004001 934570.000000 1033468 838614 
92540 0.003987 932117.000000 998176 851873 
92550 0.004007 915665.000000 999612 843375 
92560 0.003985 914439.000000 981373 848393 
92570 0.004012 917472.000000 970684 866271 
92580 0.004001 931161.000000 991107 843338 
92590 0.003975 917732.000000 999972 861212 
92600 0.003985 908438.000000 991161 821901 
92610 0.003999 893579.000000 965709 812347 
92620 0.004001 941679.000000 1020344 888800 
92630 0.004015 917047.000000 977723 844511 
92640 0.004002 906608.000000 1028697 850839 
92650 0.004001 934198.000000 1021404 868457 
92660 0.004007 915345.000000 981795 873912 
92670 0.004022 915203.000000 981924 851748 
92680 0.004030 927905.000000 991327 882153 
92690 0.004003 908108.000000 1059123 818570 
92700 0.004002 897893.000000 982446 838882 
92710 0.004002 952215.000000 1055760 874109 
92720 0.004010 914436.000000 1005128 818591 
92730 0.004002 924767.000000 1049664 854638 
92740 0.004018 929900.000000 978294 843453 
92750 0.003994 916378.000000 999934 825711 
92760 0.003994 945151.000000 1067664 857606 
92770 0.003994 930204.000000 997079 857314 
92780 0.004001 934647.000000 1019385 863335 
92790 0.003985 905194.000000 969623 837616 
92800 0.004017 941012.000000 1034833 854320 
92810 0.004008 932602.000000 1010821 864837 
92820 0.004002 968355.000000 1135455 854450 
92830 0.004014 952614.000000 1086742 860686 
92840 0.003999 936877.000000 1052230 850567 
92850 0.004013 928160.000000 1018572 838399 
92860 0.004042 948119.000000 1086602 871881 
92870 0.004037 924966.000000 988142 869440 
92880 0.004038 964054.000000 1064451 872052 
92890 0.004009 936260.000000 1013593 871312 
92900 0.004017 927760.000000 1012055 841180 
92910 0.004012 923845.000000 987418 851443 
92920 0.004029 980346.000000 1163849 919470 
92930 0.004046 977977.000000 1073760 872853 
92940 0.004037 918945.000000 976892 813630 
92950 0.004015 939195.000000 1013472 821070 
92960 0.004043 968007.000000 1071870 880855 
92970 0.004025 924443.000000 1042260 833071 
92980 0.004036 942211.000000 1060600 867118 
92990 0.004061 918030.000000 995280 841788 
93000 0.004050 919817.000000 1054358 813454 
93010 0.004020 970302.000000 1232161 876157 
93020 0.004044 938383.000000 1018906 879761 
93030 0.004026 887501.000000 942514 824673 
93040 0.004003 918703.000000 997120 872262 
93050 0.004008 910823.000000 1033806 816278 
93060 0.003990 920470.000000 1017145 850631 
93070 0.004010 938537.000000 1043508 872377 
93080 0.004045 953149.000000 1055477 898194 
93090 0.004032 959276.000000 1030568 886328 
93100 0.004024 917171.000000 980880 869889 
93110 0.004039 983834.000000 1074547 893721 
93120 0.004018 950961.000000 1081335 854561 
93130 0.004037 926616.000000 1050616 849297 
93140 0.004041 952335.000000 1089396 859806 
93150 0.004024 913319.000000 960806 807354 
93160 0.004033 939578.000000 1041932 868298 
93170 0.004041 915576.000000 993487 845003 
93180 0.004033 942790.000000 1097726 865958 
93190 0.004018 896998.000000 959999 825679 
93200 0.004040 945007.000000 1066671 855404 
93210 0.004047 919787.000000 1007640 851380 
93220 0.004048 909221.000000 978878 838148 
93230 0.004089 934048.000000 997142 847368 
93240 0.004047 950287.000000 1112504 854939 
93250 0.004023 938961.000000 1053963 820025 
93260 0.004064 933713.000000 1060571 843885 
93270 0.004035 942278.000000 1010066 896138 
93280 0.004021 883676.000000 975515 830846 
93290 0.004042 941839.000000 1011959 880695 
93300 0.004036 957880.000000 1075253 877447 
93310 0.004040 961188.000000 1064125 902716 
93320 0.004030 947313.000000 1068247 880630 
93330 0.004038 916805.000000 1006121 839090 
93340 0.004066 944804.000000 1013660 888133 
93350 0.004045 957316.000000 1094878 880332 
93360 0.004054 939595.000000 1016458 856010 
93370 0.004064 937418.000000 1034362 894451 
93380 0.004050 942123.000000 1017376 833497 
93390 0.004054 910205.000000 1011689 840115 
93400 0.004016 905197.000000 963989 842751 
93410 0.004039 956349.000000 1088072 877854 
93420 0.004043 948589.000000 1013323 900182 
93430 0.004043 952617.000000 1066253 847311 
93440 0.004011 921908.000000 954193 832439 
93450 0.004044 944079.000000 1014596 895698 
93460 0.004039 922461.000000 1044480 839109 
93470 0.004065 937048.000000 998100 877384 
93480 0.004044 946456.000000 1043816 849832 
93490 0.004054 930840.000000 1058410 847775 
93500 0.004018 924310.000000 1053636 867769 
93510 0.004043 940736.000000 1020542 891188 
93520 0.004022 941633.000000 1045721 842966 
93530 0.004051 928815.000000 989061 853447 
93540 0.004055 969227.000000 1182708 886001 
93550 0.004050 930284.000000 967034 886979 
93560 0.004028 926861.000000 1017244 847090 
93570 0.004044 917435.000000 971702 865051 
93580 0.004041 940980.000000 1002732 877399 
93590 0.004060 948618.000000 1040679 873835 
93600 0.004027 928663.000000 973470 863461 
93610 0.004241 964366.000000 1053269 839076 
93620 0.004062 964216.000000 1104815 865663 
93630 0.004039 914833.000000 962613 842788 
93640 0.004066 986265.000000 1076387 917425 
93650 0.004065 925343.000000 997994 838340 
93660 0.004054 966357.000000 1051779 883359 
93670 0.004061 932992.000000 1062790 852816 
93680 0.004059 944390.000000 1019464 854625 
93690 0.004074 932226.000000 1116198 850936 
93700 0.004034 913556.000000 971559 855465 
93710 0.004041 945239.000000 1072579 898821 
93720 0.004046 946647.000000 1018163 879972 
93730 0.004042 909923.000000 1001227 824112 
93740 0.004046 922450.000000 966292 876076 
93750 0.004081 966810.000000 1056976 893241 
93760 0.004047 925736.000000 977355 864393 
93770 0.004070 938183.000000 1112371 886240 
93780 0.004054 945202.000000 1039280 855708 
93790 0.004086 962473.000000 1040650 885091 
93800 0.004071 914863.000000 962607 857662 
93810 0.004064 956477.000000 1042117 905361 
93820 0.004042 914818.000000 1041067 846929 
93830 0.004061 914527.000000 1076087 841830 
93840 0.004054 942464.000000 1034294 860621 
93850 0.004072 960507.000000 1013140 894032 
93860 0.004087 955458.000000 1052137 872169 
93870 0.004058 898693.000000 930597 870650 
93880 0.004064 967378.000000 1071657 886528 
93890 0.004050 952765.000000 1021643 859658 
93900 0.004087 938577.000000 1055696 846971 
93910 0.004066 968121.000000 1142975 883826 
93920 0.004075 937427.000000 1012553 900301 
93930 0.004087 967211.000000 1070771 910766 
93940 0.004078 944226.000000 1043853 867725 
93950 0.004063 917707.000000 1061531 863671 
93960 0.004068 935230.000000 1030000 851732 
93970 0.004065 932684.000000 1021144 873738 
93980 0.004085 933668.000000 1024222 875374 
93990 0.004087 945251.000000 1079235 838825 
94000 0.004097 950254.000000 1086851 865572 
94010 0.004071 959340.000000 1080123 895163 
94020 0.004083 950618.000000 1003982 874782 
94030 0.004089 945607.000000 1052638 852828 
94040 0.004078 921971.000000 994999 842688 
94050 0.004096 937824.000000 1002960 874485 
94060 0.004084 924613.000000 995148 871697 
94070 0.004085 978343.000000 1039474 895345 
94080 0.004074 944118.000000 1053429 863431 
94090 0.004047 921732.000000 1045523 819782 
94100 0.004050 945808.000000 1034888 885730 
94110 0.004071 913327.000000 959389 865927 
94120 0.004079 935730.000000 1034154 874245 
94130 0.004053 949039.000000 1055041 830371 
94140 0.004057 932368.000000 995148 864356 
94150 0.004062 933410.000000 1025074 867592 
94160 0.004065 975054.000000 1096288 873309 
94170 0.004053 954290.000000 1028298 876846 
94180 0.004071 941186.000000 1005289 852298 
94190 0.004068 936061.000000 1019291 860055 
94200 0.004058 951462.000000 1029319 893190 
94210 0.004085 934544.000000 973342 913306 
94220 0.004078 945087.000000 1057762 871732 
94230 0.004069 929645.000000 1018277 846797 
94240 0.004078 930278.000000 1045336 870000 
94250 0.004092 949390.000000 1073832 860349 
94260 0.004098 966013.000000 1090238 894538 
94270 0.004081 934491.000000 995422 862348 
94280 0.004112 956053.000000 1018441 906520 
94290 0.004098 926744.000000 960858 883384 
94300 0.004093 945241.000000 1080818 879263 
94310 0.004067 966124.000000 1067531 891069 
94320 0.004085 963216.000000 1068338 886901 
94330 0.004070 930147.000000 1002889 887323 
94340 0.004098 929951.000000 1053739 850625 
94350 0.004101 967674.000000 1110633 885950 
94360 0.004077 959760.000000 1135516 871496 
94370 0.004086 918451.000000 985109 879059 
94380 0.004078 924666.000000 1023723 860833 
94390 0.004075 950208.000000 1106169 868056 
94400 0.004105 939515.000000 1011670 841746 
94410 0.004113 951847.000000 1082263 891778 
94420 0.004099 941302.000000 1077702 865887 
94430 0.004098 945892.000000 1090653 861268 
94440 0.004128 919782.000000 1027952 843965 
94450 0.004103 951761.000000 1042044 870084 
94460 0.004094 953187.000000 1083401 875060 
94470 0.004078 946525.000000 1083825 878796 
94480 0.004109 919768.000000 982979 854604 
94490 0.004089 981525.000000 1030604 919419 
94500 0.004096 959792.000000 1001617 888108 
94510 0.004086 933946.000000 1016705 885073 
94520 0.004106 955385.000000 1072120 888531 
94530 0.004107 1006813.000000 1142732 853695 
94540 0.004100 961156.000000 1046376 885556 
94550 0.004085 942932.000000 1035625 890899 
94560 0.004091 968855.000000 1076148 883000 
94570 0.004104 938387.000000 1030913 869242 
94580 0.004096 912413.000000 1039446 876085 
94590 0.004101 958695.000000 1044467 910774 
94600 0.004113 965005.000000 1101858 879322 
94610 0.004080 944993.000000 1014987 882272 
94620 0.004089 912266.000000 952362 847180 
94630 0.004096 939124.000000 1014177 853226 
94640 0.004123 954661.000000 1028380 894092 
94650 0.004099 944278.000000 1056905 866939 
94660 0.004102 934617.000000 1012171 882148 
94670 0.004108 980635.000000 1130532 862960 
94680 0.004122 963979.000000 1023472 901449 
94690 0.004106 941648.000000 998343 875028 
94700 0.004087 940127.000000 1008773 839437 
94710 0.004106 926905.000000 1003892 885872 
94720 0.004084 934302.000000 1013004 859353 
94730 0.004105 969672.000000 1095561 852579 
94740 0.004097 938810.000000 1088667 881775 
94750 0.004110 936642.000000 982363 899191 
94760 0.004103 972486.000000 1114447 887311 
94770 0.004083 932098.000000 1028848 839118 
94780 0.004076 939876.000000 1073248 845801 
94790 0.004112 940606.000000 1087425 858300 
94800 0.004113 946538.000000 1043518 852907 
94810 0.004077 925331.000000 987668 860919 
94820 0.004089 958431.000000 1010325 839970 
94830 0.004092 955400.000000 1029848 871613 
94840 0.004090 947505.000000 1022570 892362 
94850 0.004124 973817.000000 1115713 879329 
94860 0.004091 933294.000000 1042323 871849 
94870 0.004101 917257.000000 972079 839398 
94880 0.004128 962720.000000 1073527 846634 
94890 0.004105 946811.000000 1071648 872254 
94900 0.004120 967787.000000 1080975 907565 
94910 0.004117 988579.000000 1146053 918275 
94920 0.004107 939397.000000 1056440 872825 
94930 0.004111 924466.000000 1034801 853889 
94940 0.004078 914172.000000 1003275 861367 
94950 0.004090 973531.000000 1105913 909190 
94960 0.004119 957872.000000 1061364 890090 
94970 0.004097 941641.000000 1062688 872620 
94980 0.004115 979330.000000 1077338 883894 
94990 0.004108 949710.000000 1040093 877712 
95000 0.004127 997852.000000 1060726 943642 
95010 0.004104 955886.000000 1078935 889345 
95020 0.004113 962016.000000 1040643 886671 
95030 0.004118 958658.000000 1065775 896968 
95040 0.004099 955673.000000 1034273 885809 
95050 0.004091 946268.000000 1061035 910190 
95060 0.004113 951607.000000 1022818 883971 
95070 0.004108 949367.000000 1040534 876127 
95080 0.004126 964136.000000 1074758 880493 
95090 0.004108 926533.000000 972117 879635 
95100 0.004105 962230.000000 1037728 880591 
95110 0.004138 977888.000000 1096881 878589 
95120 0.004129 941553.000000 1044927 882338 
95130 0.004104 947508.000000 1030798 841520 
95140 0.004123 942791.000000 993476 866853 
95150 0.004114 950981.000000 1051753 880335 
95160 0.004158 974135.000000 1051482 934900 
95170 0.004128 942869.000000 998412 898359 
95180 0.004109 968110.000000 1117477 893739 
95190 0.004122 940443.000000 1004184 872778 
95200 0.004128 995656.000000 1092397 908103 
95210 0.004122 936178.000000 959980 875012 
95220 0.004125 943563.000000 1019563 911433 
95230 0.004139 959164.000000 1085452 907509 
95240 0.004141 965694.000000 1114403 904153 
95250 0.004118 969983.000000 1074279 901796 
95260 0.004143 968066.000000 1102019 884809 
95270 0.004120 956805.000000 1004403 907239 
95280 0.004118 986410.000000 1207983 890075 
95290 0.004120 929422.000000 1002145 866508 
95300 0.004142 935819.000000 1031837 839275 
95310 0.004130 934016.000000 1073772 853769 
95320 0.004116 964772.000000 1052039 851986 
95330 0.004163 974626.000000 1059166 884413 
95340 0.004132 947708.000000 1082235 898471 
95350 0.004139 904290.000000 985083 842024 
95360 0.004126 965418.000000 1127061 823131 
95370 0.004102 923978.000000 1036269 819816 
95380 0.004116 948632.000000 1073030 880056 
95390 0.004155 992188.000000 1045184 918868 
95400 0.004134 980950.000000 1078999 900015 
95410 0.004129 960412.000000 1027235 904541 
95420 0.004115 926897.000000 977989 892025 
95430 0.004161 980751.000000 1061142 890604 
95440 0.004131 974272.000000 1073845 884360 
95450 0.004147 995224.000000 1099763 888456 
95460 0.004131 951409.000000 1012627 893572 
95470 0.004157 954952.000000 1070758 903730 
95480 0.004170 964440.000000 1046510 909355 
95490 0.004154 985685.000000 1072617 909013 
95500 0.004139 975119.000000 1091108 852656 
95510 0.004148 972069.000000 1161132 885885 
95520 0.004143 939490.000000 983675 864356 
95530 0.004136 959885.000000 1116767 862794 
95540 0.004131 979802.000000 1072251 892805 
95550 0.004126 992181.000000 1100249 890562 
95560 0.004143 927823.000000 975484 868696 
95570 0.004145 957768.000000 1101729 865139 
95580 0.004127 952126.000000 1043574 859672 
95590 0.004132 988730.000000 1058577 899025 
95600 0.004140 957234.000000 1014693 869223 
95610 0.004142 942929.000000 984092 899588 
95620 0.004146 968651.000000 1059563 896074 
95630 0.004134 979032.000000 1273649 822976 
95640 0.004144 963470.000000 1069013 887867 
95650 0.004148 952698.000000 1057771 885437 
95660 0.004121 960159.000000 1054108 860233 
95670 0.004150 944796.000000 1033235 900477 
95680 0.004162 950709.000000 1039340 877352 
95690 0.004134 951508.000000 1031077 871864 
95700 0.004173 959000.000000 1057782 894710 
95710 0.004140 953085.000000 1042517 871742 
95720 0.004150 950244.000000 1001827 889412 
95730 0.004128 977850.000000 1041058 930286 
95740 0.004165 954395.000000 1005236 891642 
95750 0.004140 952817.000000 1036474 888312 
95760 0.004153 997188.000000 1178293 894806 
95770 0.004126 957439.000000 1147216 845905 
95780 0.004153 977516.000000 1120617 883659 
95790 0.004145 938649.000000 1028506 871181 
95800 0.004151 980643.000000 1080970 887332 
95810 0.004164 947257.000000 998719 888414 
95820 0.004149 933589.000000 974105 866846 
95830 0.004153 963937.000000 1057361 895203 
95840 0.004178 974646.000000 1033647 909690 
95850 0.004151 998905.000000 1109507 923229 
95860 0.004143 945251.000000 1018999 865690 
95870 0.004163 966934.000000 1039558 899764 
95880 0.004147 950176.000000 1036218 895401 
95890 0.004138 982496.000000 1070868 911267 
95900 0.004154 957026.000000 1089014 879239 
95910 0.004176 982968.000000 1090672 878828 
95920 0.004165 950266.000000 1020620 893165 
95930 0.004167 976607.000000 1081629 914956 
95940 0.004163 954998.000000 1083782 814483 
95950 0.004160 965143.000000 1066435 900775 
95960 0.004142 957580.000000 1069335 857786 
95970 0.004163 963256.000000 1065815 917259 
95980 0.004172 973461.000000 1060916 880615 
95990 0.004149 950984.000000 1059388 883011 
96000 0.004171 965758.000000 1069114 891623 
96010 0.004170 970129.000000 1087845 900283 
96020 0.004174 942952.000000 1058639 869242 
96030 0.004145 938351.000000 981476 900508 
96040 0.004180 993687.000000 1133504 908219 
96050 0.004145 968058.000000 1115833 837185 
96060 0.004135 987557.000000 1124898 926213 
96070 0.004183 981809.000000 1061318 943682 
96080 0.004147 986837.000000 1128529 907747 
96090 0.004179 982486.000000 1070978 901411 
96100 0.004164 981570.000000 1113448 897271 
96110 0.004210 973509.000000 1066415 907424 
96120 0.004243 951822.000000 1004147 887776 
96130 0.004136 960790.000000 1039167 866204 
96140 0.004121 959902.000000 1057342 861603 
96150 0.004017 991986.000000 1083218 928584 
96160 0.004078 972199.000000 1107170 924607 
96170 0.004074 946024.000000 1013691 895762 
96180 0.004073 965816.000000 1039822 861528 
96190 0.004096 940630.000000 1016241 844369 
96200 0.004109 994111.000000 1145897 913425 
96210 0.004084 966524.000000 1049828 887927 
96220 0.004094 943929.000000 1002264 880045 
96230 0.004082 937186.000000 1013109 863507 
96240 0.004110 956460.000000 1013874 889727 
96250 0.004084 951055.000000 1058796 905969 
96260 0.004102 973158.000000 1041705 919243 
96270 0.004096 993544.000000 1250271 849179 
96280 0.004097 953671.000000 1024915 854451 
96290 0.004103 943304.000000 985600 904829 
96300 0.004083 957904.000000 1037045 861292 
96310 0.004089 942082.000000 1031128 884568 
96320 0.004102 970257.000000 1178267 873235 
96330 0.004109 954175.000000 1041595 875867 
96340 0.004102 978087.000000 1039527 914563 
96350 0.004117 958637.000000 1078689 872346 
96360 0.004125 960246.000000 1043753 892221 
96370 0.004098 978171.000000 1029139 927868 
96380 0.004101 990565.000000 1079997 912797 
96390 0.004135 986544.000000 1116227 911216 
96400 0.004115 961879.000000 1069276 879499 
96410 0.004133 991020.000000 1103664 938948 
96420 0.004119 1000994.000000 1165947 879248 
96430 0.004118 976874.000000 1050087 888989 
96440 0.004079 965378.000000 1164842 891178 
96450 0.004086 962172.000000 1019614 905477 
96460 0.004135 956670.000000 1021272 883862 
96470 0.004078 950804.000000 1011017 901949 
96480 0.004092 968425.000000 1039923 857777 
96490 0.004134 990809.000000 1141674 929232 
96500 0.004100 945549.000000 1014431 889649 
96510 0.004085 942794.000000 1009445 863410 
96520 0.004087 975730.000000 1104509 835082 
96530 0.004121 972887.000000 1119687 895335 
96540 0.004111 986897.000000 1081811 886913 
96550 0.004126 1013842.000000 1081389 945649 
96560 0.004135 988196.000000 1064059 905085 
96570 0.004101 959194.000000 1132440 884353 
96580 0.004100 961490.000000 1068352 876873 
96590 0.004116 978667.000000 1204290 890281 
96600 0.004093 959473.000000 1029579 857137 
96610 0.004122 976867.000000 1071687 924380 
96620 0.004108 973538.000000 1123137 901405 
96630 0.004123 991735.000000 1070478 911627 
96640 0.004114 967476.000000 1056665 862721 
96650 0.004126 975248.000000 1083673 901687 
96660 0.004103 965440.000000 1059410 877270 
96670 0.004138 986703.000000 1159190 923888 
96680 0.004105 933211.000000 1090744 840169 
96690 0.004144 1000525.000000 1151282 936892 
96700 0.004104 930755.000000 1029371 878670 
96710 0.004147 953466.000000 1036971 915923 
96720 0.004109 977372.000000 1079713 896610 
96730 0.004126 958333.000000 1000595 874048 
96740 0.004140 1012792.000000 1188729 919177 
96750 0.004111 967016.000000 1080906 906223 
96760 0.004131 996572.000000 1073709 909645 
96770 0.004121 980810.000000 1090465 926655 
96780 0.004109 987001.000000 1103418 924622 
96790 0.004127 956629.000000 1090727 873110 
96800 0.004116 996735.000000 1070722 898630 
96810 0.004138 957945.000000 989511 882575 
96820 0.004135 980037.000000 1113000 900474 
96830 0.004156 971699.000000 1038983 913833 
96840 0.004135 967558.000000 1032183 925237 
96850 0.004105 1000443.000000 1126009 917318 
96860 0.004150 982927.000000 1045184 914755 
96870 0.004110 974227.000000 1094006 892103 
96880 0.004106 976601.000000 1073662 861954 
96890 0.004126 967121.000000 1081207 920090 
96900 0.004124 958579.000000 1031150 890111 
96910 0.004142 998326.000000 1066170 924267 
96920 0.004120 1016799.000000 1067269 930916 
96930 0.004150 999250.000000 1157391 867915 
96940 0.004118 970012.000000 1044191 898397 
96950 0.004153 974685.000000 1088122 889683 
96960 0.004134 969966.000000 1040224 886914 
96970 0.004134 985645.000000 1129776 911678 
96980 0.004137 997925.000000 1043677 939529 
96990 0.004132 943781.000000 998063 878309 
97000 0.004111 937925.000000 1008858 869378 
97010 0.004105 977737.000000 1058400 889228 
97020 0.004135 962787.000000 1091452 877448 
97030 0.004144 970183.000000 1100097 908079 
97040 0.004116 956718.000000 1120919 900700 
97050 0.004140 988514.000000 1047522 925778 
97060 0.004125 976824.000000 1047683 928502 
97070 0.004139 942283.000000 983117 906668 
97080 0.004120 956964.000000 1037063 905749 
97090 0.004127 974901.000000 1058717 888637 
97100 0.004135 960252.000000 1038102 902856 
97110 0.004138 982383.000000 1163777 897021 
97120 0.004149 961169.000000 1039651 886705 
97130 0.004115 971324.000000 1014419 930351 
97140 0.004156 979175.000000 1095494 899106 
97150 0.004137 991298.000000 1085892 894181 
97160 0.004115 950905.000000 1073668 908014 
97170 0.004142 978788.000000 1080494 894394 
97180 0.004144 1005609.000000 1093992 935600 
97190 0.004142 986134.000000 1060266 905314 
97200 0.004141 963006.000000 1036259 864177 
97210 0.004162 955491.000000 1017986 905253 
97220 0.004131 980387.000000 1109370 927284 
97230 0.004143 968786.000000 1079765 887707 
97240 0.004155 1022409.000000 1262955 893451 
97250 0.004161 976982.000000 1085845 915870 
97260 0.004150 981443.000000 1138468 886935 
97270 0.004148 970626.000000 1017692 883828 
97280 0.004149 979331.000000 1127502 906722 
97290 0.004140 978505.000000 1086318 930601 
97300 0.004162 973123.000000 1014293 926483 
97310 0.004139 986747.000000 1102454 915980 
97320 0.004147 974615.000000 1100927 884175 
97330 0.004168 970673.000000 1100832 890613 
97340 0.004167 985220.000000 1088757 899027 
97350 0.004135 954197.000000 1034704 883760 
97360 0.004156 981107.000000 1132252 876340 
97370 0.004160 962160.000000 1085860 878214 
97380 0.004149 966784.000000 1047211 878709 
97390 0.004184 987272.000000 1047029 910419 
97400 0.004163 979608.000000 1080069 920859 
97410 0.004137 973487.000000 1063507 924003 
97420 0.004162 962591.000000 1038237 907726 
97430 0.004167 1010301.000000 1095748 946183 
97440 0.004163 993937.000000 1119663 912395 
97450 0.004167 1028567.000000 1203938 884326 
97460 0.004159 995976.000000 1146240 885454 
97470 0.004148 950886.000000 1061560 886406 
97480 0.004162 991973.000000 1168005 911388 
97490 0.004189 986601.000000 1138143 913150 
97500 0.004172 959224.000000 1038376 871508 
97510 0.004158 1015307.000000 1228930 914800 
97520 0.004158 975871.000000 1043827 913727 
97530 0.004163 997182.000000 1185602 915837 
97540 0.004160 981042.000000 1104037 920463 
97550 0.004169 990746.000000 1214748 915222 
97560 0.004123 946703.000000 1077898 865149 
97570 0.004166 1008116.000000 1108978 943759 
97580 0.004165 1013228.000000 1124186 888639 
97590 0.004154 968862.000000 1011741 909116 
97600 0.004172 1000893.000000 1133551 917183 
97610 0.004147 971232.000000 1065183 892971 
97620 0.004177 1007095.000000 1081166 951760 
97630 0.004157 988920.000000 1134602 861560 
97640 0.004161 983657.000000 1078341 885314 
97650 0.004168 982715.000000 1080646 910519 
97660 0.004181 996452.000000 1086016 926233 
97670 0.004210 983585.000000 1056085 909781 
97680 0.004155 973164.000000 1059066 890681 
97690 0.004163 968621.000000 1039452 890374 
97700 0.004180 999589.000000 1154863 921972 
97710 0.004187 1005373.000000 1085310 925238 
97720 0.004170 982456.000000 1078382 854214 
97730 0.004173 1004643.000000 1115140 860096 
97740 0.004173 956890.000000 1023017 869773 
97750 0.004186 1007627.000000 1136400 901005 
97760 0.004169 992109.000000 1095402 932314 
97770 0.004194 992962.000000 1034906 907157 
97780 0.004150 984093.000000 1115817 865276 
97790 0.004172 990058.000000 1103536 922082 
97800 0.004172 980905.000000 1092600 897534 
97810 0.004184 1002751.000000 1161693 916166 
97820 0.004174 1015006.000000 1155958 945962 
97830 0.004192 973679.000000 1097047 838044 
97840 0.004176 977267.000000 1041270 929012 
97850 0.004160 968663.000000 1068813 862322 
97860 0.004186 994929.000000 1084781 929447 
97870 0.004156 983831.000000 1044672 903331 
97880 0.004181 976881.000000 1052663 912859 
97890 0.004167 976158.000000 1060651 901808 
97900 0.004181 1033301.000000 1115054 928562 
97910 0.004182 1025552.000000 1140340 915386 
97920 0.004165 988091.000000 1093046 919699 
97930 0.004177 1008442.000000 1295728 876766 
97940 0.004164 966377.000000 1046703 877638 
97950 0.004203 983832.000000 1064215 907031 
97960 0.004189 980925.000000 1135638 899754 
97970 0.004198 955413.000000 1056973 903670 
97980 0.004182 981070.000000 1037799 925848 
97990 0.004156 976401.000000 1129204 895699 
98000 0.004185 986351.000000 1079686 925869 
98010 0.004190 1003745.000000 1120342 915414 
98020 0.004139 963207.000000 1120497 893801 
98030 0.004190 992612.000000 1070420 913365 
98040 0.004211 966926.000000 1036570 888166 
98050 0.004195 1006868.000000 1156739 881852 
98060 0.004188 1019577.000000 1102133 937268 
98070 0.004180 978477.000000 1079473 903128 
98080 0.004194 992601.000000 1139339 919890 
98090 0.004200 975970.000000 1048906 900850 
98100 0.004190 1007633.000000 1104531 903193 
98110 0.004195 979453.000000 1099709 916747 
98120 0.004166 988809.000000 1053788 899770 
98130 0.004195 955408.000000 1030580 864264 
98140 0.004175 982886.000000 1071168 919876 
98150 0.004196 1026355.000000 1152488 933837 
98160 0.004183 961701.000000 1059036 897606 
98170 0.004204 1010305.000000 1081929 958968 
98180 0.004186 972406.000000 1037439 906789 
98190 0.004219 1002939.000000 1061007 940609 
98200 0.004211 1008168.000000 1121695 922625 
98210 0.004177 987732.000000 1063647 917301 
98220 0.004214 989033.000000 1110318 903317 
98230 0.004199 1002999.000000 1073879 911987 
98240 0.004227 980078.000000 1109847 869836 
98250 0.004204 964513.000000 1021761 920669 
98260 0.004213 987260.000000 1088073 903729 
98270 0.004221 977133.000000 1191946 866848 
98280 0.004194 998701.000000 1098582 880361 
98290 0.004206 988234.000000 1068566 913198 
98300 0.004201 986742.000000 1061878 915043 
98310 0.004206 1009707.000000 1139560 931679 
98320 0.004218 996657.000000 1076940 923281 
98330 0.004215 1034867.000000 1142233 900841 
98340 0.004182 973530.000000 1143823 869631 
98350 0.004213 1002586.000000 1106452 913511 
98360 0.004214 985901.000000 1134939 915037 
98370 0.004204 1016635.000000 1146350 944293 
98380 0.004215 994544.000000 1079238 905985 
98390 0.004199 989728.000000 1073596 924185 
98400 0.004185 983010.000000 1079470 918607 
98410 0.004176 995347.000000 1067114 903387 
98420 0.004202 1015615.000000 1117585 903540 
98430 0.004201 980198.000000 1095064 902452 
98440 0.004194 964405.000000 1032401 911619 
98450 0.004215 991818.000000 1072208 942755 
98460 0.004219 1001419.000000 1121620 939105 
98470 0.004221 1028523.000000 1104120 947568 
98480 0.004198 976075.000000 1023516 921486 
98490 0.004239 996362.000000 1115955 915900 
98500 0.004213 1005558.000000 1085705 936285 
98510 0.004224 999597.000000 1059572 957385 
98520 0.004221 971273.000000 1042016 910794 
98530 0.004210 997025.000000 1129539 907854 
98540 0.004227 984889.000000 1060555 905747 
98550 0.004230 1005424.000000 1123690 888197 
98560 0.004232 979002.000000 1117640 899631 
98570 0.004240 1016585.000000 1140752 935314 
98580 0.004213 980713.000000 1037339 933844 
98590 0.004228 1020268.000000 1140964 914349 
98600 0.004216 968429.000000 1007493 909246 
98610 0.004227 1011638.000000 1126327 930316 
98620 0.004205 1005715.000000 1122008 951373 
98630 0.004213 984150.000000 1031034 935202 
98640 0.004236 1010389.000000 1077920 942642 
98650 0.004235 994229.000000 1072847 929135 
98660 0.004230 994011.000000 1094597 898710 
98670 0.004218 981017.000000 1052874 926798 
98680 0.004240 1024534.000000 1156781 916881 
98690 0.004237 986899.000000 1164388 862309 
98700 0.004249 970313.000000 1016479 937796 
98710 0.004236 961470.000000 1072932 914016 
98720 0.004242 995935.000000 1091635 937751 
98730 0.004230 975382.000000 1041226 884721 
98740 0.004231 996425.000000 1088090 915504 
98750 0.004252 1020894.000000 1153643 970757 
98760 0.004250 982583.000000 1048775 894419 
98770 0.004240 968567.000000 1026891 899488 
98780 0.004258 997676.000000 1028604 959676 
98790 0.004263 1034865.000000 1113727 929440 
98800 0.004235 972698.000000 1022848 899936 
98810 0.004253 993385.000000 1063407 916580 
98820 0.004254 993118.000000 1088951 907994 
98830 0.004240 990143.000000 1058931 928063 
98840 0.004248 1029376.000000 1079093 952453 
98850 0.004248 991472.000000 1093075 945905 
98860 0.004235 991317.000000 1076366 909781 
98870 0.004236 991443.000000 1083860 942827 
98880 0.004227 968558.000000 1029050 906622 
98890 0.004251 985766.000000 1026000 925921 
98900 0.004245 1005655.000000 1077995 894154 
98910 0.004237 960640.000000 1015411 899962 
98920 0.004239 995468.000000 1054662 918778 
98930 0.004278 1027667.000000 1285954 919625 
98940 0.004231 993339.000000 1044459 883252 
98950 0.004280 980905.000000 1085404 927392 
98960 0.004265 999136.000000 1109688 898019 
98970 0.004241 985831.000000 1043104 893785 
98980 0.004266 1017229.000000 1163506 895128 
98990 0.004277 993203.000000 1087487 912236 
99000 0.004293 1027564.000000 1159497 912385 
99010 0.004260 1025020.000000 1220917 889869 
99020 0.004239 980513.000000 1036205 914868 
99030 0.004279 1003781.000000 1155044 915051 
99040 0.004232 1001392.000000 1100337 931440 
99050 0.004245 1002691.000000 1065056 929804 
99060 0.004253 1007636.000000 1090528 925998 
99070 0.004259 971297.000000 1054110 916729 
99080 0.004263 986934.000000 1086462 894780 
99090 0.004253 991995.000000 1102876 887849 
99100 0.004266 1003955.000000 1092853 963009 
99110 0.004249 990133.000000 1045515 913500 
99120 0.004287 1012808.000000 1103344 917427 
99130 0.004261 1019412.000000 1158157 908949 
99140 0.004259 960208.000000 1026981 886467 
99150 0.004278 987680.000000 1047524 887824 
99160 0.004309 1047938.000000 1198918 988627 
99170 0.004274 1011497.000000 1097574 926352 
99180 0.004266 1020511.000000 1094331 897455 
99190 0.004272 998369.000000 1058402 928078 
99200 0.004303 1011637.000000 1113426 942113 
99210 0.004254 946306.000000 990864 894783 
99220 0.004313 1013093.000000 1114329 920390 
99230 0.004271 984639.000000 1104176 916634 
99240 0.004257 1008959.000000 1073593 943894 
99250 0.004254 991679.000000 1039260 925287 
99260 0.004287 990301.000000 1100468 937161 
99270 0.004282 973561.000000 1136870 894277 
99280 0.004282 1018646.000000 1112202 900073 
99290 0.004307 997608.000000 1114903 904417 
99300 0.004274 991933.000000 1075233 898529 
99310 0.004278 993127.000000 1064657 924896 
99320 0.004250 989238.000000 1060038 906714 
99330 0.004287 1009868.000000 1082651 929432 
99340 0.004287 1010362.000000 1178399 913417 
99350 0.004272 1011206.000000 1161973 932873 
99360 0.004299 1039002.000000 1162511 895715 
99370 0.004284 1046198.000000 1163107 953713 
99380 0.004305 1003662.000000 1096729 942305 
99390 0.004306 1024081.000000 1142313 954973 
99400 0.004291 1002558.000000 1134506 913373 
99410 0.004271 988203.000000 1067916 927048 
99420 0.004312 1034105.000000 1140411 979714 
99430 0.004243 972772.000000 1092438 912424 
99440 0.004303 1000516.000000 1066796 920580 
99450 0.004289 1005325.000000 1098847 898706 
99460 0.004275 1017880.000000 1194952 945418 
99470 0.004274 1020578.000000 1152050 964311 
99480 0.004283 1014268.000000 1165264 961460 
99490 0.004300 1013575.000000 1104526 938393 
99500 0.004283 988610.000000 1052755 933946 
99510 0.004288 1006278.000000 1110199 947178 
99520 0.004303 975370.000000 1033632 906272 
99530 0.004313 1020947.000000 1102844 910750 
99540 0.004308 973364.000000 1089127 907391 
99550 0.004316 1008919.000000 1067817 890502 
99560 0.004304 1015427.000000 1112051 954862 
99570 0.004261 1010830.000000 1055103 913176 
99580 0.004285 1014869.000000 1103601 923799 
99590 0.004265 1002400.000000 1060573 897684 
99600 0.004282 1020700.000000 1134979 898052 
99610 0.004282 1012151.000000 1067532 912512 
99620 0.004279 1001664.000000 1060486 924705 
99630 0.004291 976915.000000 1032808 927460 
99640 0.004305 1020818.000000 1099419 930631 
99650 0.004281 1024719.000000 1083438 939176 
99660 0.004269 1000359.000000 1048551 935646 
99670 0.004268 994280.000000 1122590 913542 
99680 0.004275 997070.000000 1136155 900057 
99690 0.004308 997733.000000 1088778 915371 
99700 0.004281 994382.000000 1062735 926181 
99710 0.004297 1011133.000000 1070978 916226 
99720 0.004318 1018906.000000 1110505 972495 
99730 0.004331 998268.000000 1073564 881322 
99740 0.004312 984953.000000 1085163 910382 
99750 0.004327 1004523.000000 1093631 923439 
99760 0.004307 1008912.000000 1118521 937366 
99770 0.004301 976929.000000 1054479 883819 
99780 0.004322 1028850.000000 1219920 932488 
99790 0.004295 1003931.000000 1093897 903970 
99800 0.004303 1001475.000000 1074775 960886 
99810 0.004301 1017282.000000 1070122 959432 
99820 0.004299 1006498.000000 1129418 928017 
99830 0.004315 1042388.000000 1214325 935525 
99840 0.004305 1017329.000000 1151441 914791 
99850 0.004325 1039185.000000 1092168 977601 
99860 0.004310 1019285.000000 1118706 921907 
99870 0.004281 1010912.000000 1075581 933046 
99880 0.004306 1001546.000000 1229104 942547 
99890 0.004304 1007353.000000 1093270 915555 
99900 0.004297 1006351.000000 1170215 900163 
99910 0.004290 1031559.000000 1167139 942151 
99920 0.004324 1043462.000000 1150198 956795 
99930 0.004309 1002401.000000 1078405 902407 
99940 0.004338 1042941.000000 1232288 903793 
99950 0.004301 1013264.000000 1218143 917734 
99960 0.004300 977840.000000 1043182 908634 
99970 0.004337 999073.000000 1083136 932686 
99980 0.004310 1036597.000000 1188749 894982 
99990 0.004280 1027480.000000 1141004 917642 
100000 0.004290 974030.000000 1036688 913680 
