N  Time  average_ob  max_ob  min_ob 
10 0.000001 24.000000 31 20 
20 0.000001 67.000000 79 57 
30 0.000005 125.000000 162 111 
40 0.000002 186.000000 215 158 
50 0.000003 250.000000 299 221 
60 0.000004 311.000000 375 275 
70 0.000004 396.000000 432 363 
80 0.000004 484.000000 570 429 
90 0.000005 572.000000 650 514 
100 0.000005 614.000000 710 563 
110 0.000006 749.000000 818 675 
120 0.000007 798.000000 913 696 
130 0.000007 913.000000 991 856 
140 0.000008 1002.000000 1153 882 
150 0.000010 1116.000000 1226 1024 
160 0.000009 1171.000000 1432 1067 
170 0.000008 1278.000000 1463 1079 
180 0.000008 1362.000000 1747 1213 
190 0.000010 1501.000000 1743 1320 
200 0.000010 1566.000000 1746 1393 
210 0.000010 1622.000000 1764 1518 
220 0.000011 1749.000000 1922 1560 
230 0.000011 1895.000000 2132 1698 
240 0.000014 1950.000000 2343 1743 
250 0.000013 2049.000000 2304 1889 
260 0.000017 2153.000000 2553 1914 
270 0.000029 2217.000000 2370 1974 
280 0.000015 2344.000000 2638 2182 
290 0.000015 2494.000000 3586 2109 
300 0.000018 2553.000000 3035 2363 
310 0.000019 2665.000000 3096 2457 
320 0.000027 2796.000000 3237 2497 
330 0.000035 2912.000000 3208 2665 
340 0.000047 3027.000000 3515 2707 
350 0.000020 3098.000000 3235 2894 
360 0.000026 3217.000000 3763 2887 
370 0.000020 3347.000000 3752 3086 
380 0.000017 3494.000000 3734 3246 
390 0.000018 3570.000000 4132 3307 
400 0.000015 3598.000000 3837 3321 
410 0.000021 3773.000000 4064 3595 
420 0.000019 3826.000000 4066 3580 
430 0.000020 4037.000000 4611 3620 
440 0.000021 4090.000000 4436 3683 
450 0.000021 4290.000000 4926 3924 
460 0.000022 4322.000000 4848 3885 
470 0.000022 4532.000000 4899 3990 
480 0.000022 4490.000000 4771 4314 
490 0.000020 4743.000000 5284 4120 
500 0.000023 4782.000000 5449 4359 
510 0.000023 4874.000000 5601 4424 
520 0.000025 5193.000000 6290 4787 
530 0.000029 5208.000000 6061 4704 
540 0.000026 5532.000000 6210 4686 
550 0.000025 5588.000000 6277 4809 
560 0.000024 5408.000000 6234 5048 
570 0.000027 5420.000000 5978 5204 
580 0.000027 5757.000000 6238 5317 
590 0.000025 5767.000000 6286 5318 
600 0.000035 5838.000000 6229 5488 
610 0.000024 6258.000000 7192 5630 
620 0.000024 6435.000000 6955 5531 
630 0.000024 6326.000000 6745 5730 
640 0.000027 6441.000000 7065 5844 
650 0.000025 6490.000000 7370 6066 
660 0.000026 6674.000000 6996 6222 
670 0.000027 7081.000000 7786 6478 
680 0.000026 7024.000000 8103 6575 
690 0.000033 7299.000000 7872 6631 
700 0.000028 7059.000000 7634 6682 
710 0.000036 7210.000000 8204 6552 
720 0.000047 7674.000000 8247 7119 
730 0.000054 7650.000000 8518 6976 
740 0.000052 7763.000000 8556 6860 
750 0.000059 7703.000000 8423 7282 
760 0.000054 8260.000000 9294 7386 
770 0.000061 8038.000000 8776 7450 
780 0.000053 8161.000000 8697 7441 
790 0.000047 8913.000000 10557 7807 
800 0.000050 8593.000000 9291 8055 
810 0.000049 8510.000000 9534 7886 
820 0.000060 8803.000000 9448 8228 
830 0.000061 8921.000000 9397 8200 
840 0.000056 9092.000000 9926 8282 
850 0.000052 8875.000000 9492 8415 
860 0.000054 9302.000000 9883 8893 
870 0.000053 9059.000000 9894 8401 
880 0.000054 9385.000000 10248 8749 
890 0.000056 9173.000000 10357 8749 
900 0.000052 9739.000000 10683 9239 
910 0.000048 9843.000000 10618 9148 
920 0.000049 10212.000000 11001 9244 
930 0.000050 10016.000000 10704 9687 
940 0.000051 10238.000000 11101 9331 
950 0.000051 10361.000000 11589 9421 
960 0.000050 10557.000000 11157 9944 
970 0.000051 10676.000000 13043 9543 
980 0.000053 10894.000000 11532 9844 
990 0.000052 10824.000000 11568 10149 
1000 0.000057 11043.000000 12294 10278 
1010 0.000060 11116.000000 12540 10456 
1020 0.000056 11137.000000 11833 10264 
1030 0.000053 11159.000000 12386 10426 
1040 0.000051 11115.000000 11709 10716 
1050 0.000048 11697.000000 12989 10543 
1060 0.000053 12507.000000 13313 11839 
1070 0.000050 11712.000000 12957 10955 
1080 0.000051 12144.000000 14975 10755 
1090 0.000052 12244.000000 13728 11174 
1100 0.000052 12039.000000 13494 11225 
1110 0.000053 12510.000000 13971 11366 
1120 0.000056 12590.000000 14007 11495 
1130 0.000053 12558.000000 14325 11401 
1140 0.000055 13023.000000 14076 12087 
1150 0.000055 12869.000000 13802 11900 
1160 0.000055 13383.000000 14761 12364 
1170 0.000050 13806.000000 14982 12228 
1180 0.000051 13307.000000 14455 12130 
1190 0.000051 13913.000000 17925 12249 
1200 0.000051 13799.000000 15990 12777 
1210 0.000052 13797.000000 14809 12671 
1220 0.000052 14225.000000 15829 13380 
1230 0.000050 14418.000000 16166 12899 
1240 0.000049 13893.000000 15259 12932 
1250 0.000049 14538.000000 17074 13376 
1260 0.000051 14168.000000 14675 13771 
1270 0.000050 15013.000000 17247 13705 
1280 0.000050 14369.000000 15084 13724 
1290 0.000052 14706.000000 15950 13891 
1300 0.000052 14943.000000 16486 13381 
1310 0.000052 15374.000000 19485 14296 
1320 0.000052 14665.000000 16406 14036 
1330 0.000054 15309.000000 16491 14089 
1340 0.000053 15045.000000 15665 14190 
1350 0.000053 15724.000000 17438 14927 
1360 0.000054 15906.000000 16752 14954 
1370 0.000050 16055.000000 17931 14835 
1380 0.000051 15803.000000 17312 15107 
1390 0.000052 15837.000000 17485 14891 
1400 0.000053 16494.000000 18624 15579 
1410 0.000052 16249.000000 17028 14810 
1420 0.000053 16518.000000 17820 15702 
1430 0.000056 16763.000000 20254 15506 
1440 0.000051 17156.000000 18840 15356 
1450 0.000051 16799.000000 18111 15558 
1460 0.000052 17723.000000 19768 15927 
1470 0.000051 17021.000000 18219 15909 
1480 0.000052 17297.000000 18415 16327 
1490 0.000052 17116.000000 18599 15990 
1500 0.000051 17279.000000 18133 16433 
1510 0.000051 18054.000000 20685 16947 
1520 0.000050 18038.000000 21455 16458 
1530 0.000051 18276.000000 20737 17162 
1540 0.000051 18109.000000 19072 16631 
1550 0.000051 18187.000000 19896 17397 
1560 0.000052 18655.000000 21733 17193 
1570 0.000049 18987.000000 21609 17912 
1580 0.000051 18647.000000 19401 17750 
1590 0.000051 18753.000000 20533 17022 
1600 0.000052 18845.000000 21204 17616 
1610 0.000052 18899.000000 20287 17659 
1620 0.000052 19145.000000 20487 17683 
1630 0.000053 19644.000000 21840 18581 
1640 0.000050 19754.000000 21050 17805 
1650 0.000052 19806.000000 21511 17392 
1660 0.000052 19473.000000 20725 18443 
1670 0.000052 19333.000000 21112 17935 
1680 0.000055 20567.000000 21939 19004 
1690 0.000056 19989.000000 21593 18667 
1700 0.000052 20285.000000 21537 19492 
1710 0.000051 21260.000000 24050 20013 
1720 0.000051 20548.000000 22268 19344 
1730 0.000052 21539.000000 23315 19927 
1740 0.000052 20770.000000 22806 19497 
1750 0.000052 21253.000000 22407 20017 
1760 0.000052 21089.000000 24124 19281 
1770 0.000051 21793.000000 25396 19355 
1780 0.000052 21618.000000 22903 20358 
1790 0.000051 21927.000000 23090 20494 
1800 0.000052 21312.000000 22942 20088 
1810 0.000052 21340.000000 22028 20350 
1820 0.000052 22495.000000 25761 20780 
1830 0.000052 22801.000000 24130 21261 
1840 0.000049 23071.000000 26410 20867 
1850 0.000050 22200.000000 23724 21194 
1860 0.000050 21979.000000 23511 20938 
1870 0.000052 23402.000000 26423 21530 
1880 0.000050 23008.000000 25766 21474 
1890 0.000051 23128.000000 24006 21867 
1900 0.000053 24102.000000 26801 22006 
1910 0.000051 23149.000000 24114 22374 
1920 0.000052 23294.000000 24517 22217 
1930 0.000052 23445.000000 25670 22383 
1940 0.000053 23706.000000 25039 22475 
1950 0.000053 24193.000000 27060 22389 
1960 0.000055 23655.000000 25427 22696 
1970 0.000053 24373.000000 25414 23072 
1980 0.000053 23907.000000 25211 22414 
1990 0.000054 24316.000000 26169 22764 
2000 0.000054 24776.000000 25791 23673 
2010 0.000054 24224.000000 27052 22565 
2020 0.000055 25208.000000 27541 24027 
2030 0.000055 25048.000000 27529 23722 
2040 0.000055 25927.000000 28315 23995 
2050 0.000058 25354.000000 27934 23464 
2060 0.000056 26211.000000 28004 24378 
2070 0.000057 25441.000000 27977 23982 
2080 0.000057 26001.000000 28150 24374 
2090 0.000056 26433.000000 28623 24145 
2100 0.000057 26459.000000 29684 24581 
2110 0.000059 27322.000000 30759 25141 
2120 0.000057 26197.000000 28478 24275 
2130 0.000060 26197.000000 28479 25169 
2140 0.000059 26572.000000 27899 25322 
2150 0.000058 26952.000000 29190 24731 
2160 0.000060 26965.000000 28882 25144 
2170 0.000059 27094.000000 31576 25380 
2180 0.000059 27938.000000 29253 26921 
2190 0.000060 27825.000000 29827 25752 
2200 0.000060 28882.000000 32612 27096 
2210 0.000062 27936.000000 30431 26163 
2220 0.000061 27378.000000 28298 26401 
2230 0.000061 28157.000000 30597 26370 
2240 0.000061 28181.000000 30616 26184 
2250 0.000062 27958.000000 31023 26195 
2260 0.000063 29063.000000 30513 27692 
2270 0.000063 29115.000000 33065 25821 
2280 0.000062 28147.000000 30400 26073 
2290 0.000065 29230.000000 31216 27049 
2300 0.000064 29126.000000 31649 26539 
2310 0.000063 29165.000000 31790 27417 
2320 0.000064 29643.000000 33857 27043 
2330 0.000064 29867.000000 32706 27607 
2340 0.000065 29593.000000 32290 27528 
2350 0.000064 30486.000000 33231 28903 
2360 0.000067 29675.000000 33748 27642 
2370 0.000066 29735.000000 31220 28382 
2380 0.000066 30656.000000 33849 29206 
2390 0.000066 30222.000000 32136 27218 
2400 0.000067 31207.000000 33255 29932 
2410 0.000066 30529.000000 35342 28171 
2420 0.000067 30433.000000 32048 28351 
2430 0.000068 30911.000000 33883 29680 
2440 0.000068 30703.000000 33408 28981 
2450 0.000068 30773.000000 32638 28730 
2460 0.000075 30992.000000 32360 29076 
2470 0.000069 32482.000000 35365 30376 
2480 0.000068 30732.000000 32331 29487 
2490 0.000070 31371.000000 32659 28364 
2500 0.000071 31703.000000 34199 29917 
2510 0.000070 31654.000000 33848 29823 
2520 0.000069 32717.000000 36293 30347 
2530 0.000071 32385.000000 34857 31012 
2540 0.000071 32606.000000 35910 30740 
2550 0.000071 32327.000000 33933 30442 
2560 0.000071 32945.000000 36404 31161 
2570 0.000073 33667.000000 37025 29807 
2580 0.000073 33008.000000 35329 31533 
2590 0.000073 32981.000000 36018 31384 
2600 0.000072 34402.000000 37525 32104 
2610 0.000073 33517.000000 35516 31341 
2620 0.000072 33568.000000 35554 30802 
2630 0.000076 34624.000000 38446 32598 
2640 0.000074 34109.000000 35555 32110 
2650 0.000075 34576.000000 36733 32356 
2660 0.000078 35196.000000 38487 33290 
2670 0.000075 34178.000000 37463 31818 
2680 0.000076 35190.000000 40190 32921 
2690 0.000076 34564.000000 38423 32487 
2700 0.000076 35877.000000 40180 34102 
2710 0.000076 35281.000000 37652 32410 
2720 0.000077 35273.000000 38487 32233 
2730 0.000077 35959.000000 39286 32176 
2740 0.000078 35889.000000 39097 33612 
2750 0.000079 35655.000000 37466 33184 
2760 0.000078 34932.000000 35400 33737 
2770 0.000081 34849.000000 36291 32386 
2780 0.000078 35701.000000 37856 33584 
2790 0.000079 35903.000000 37592 33637 
2800 0.000080 35936.000000 38928 34160 
2810 0.000079 36737.000000 38280 34300 
2820 0.000079 36002.000000 37442 34011 
2830 0.000081 35935.000000 39568 34207 
2840 0.000080 37820.000000 42456 34901 
2850 0.000080 36316.000000 38358 34844 
2860 0.000081 37026.000000 39813 34456 
2870 0.000084 37462.000000 40182 35259 
2880 0.000083 37413.000000 39418 34729 
2890 0.000081 38335.000000 40666 36452 
2900 0.000082 38181.000000 42704 35635 
2910 0.000083 38544.000000 41669 35800 
2920 0.000083 37456.000000 41495 35357 
2930 0.000085 39244.000000 44669 36396 
2940 0.000083 38486.000000 40960 36428 
2950 0.000085 39250.000000 41830 37744 
2960 0.000083 39289.000000 41949 36374 
2970 0.000084 38248.000000 41028 35215 
2980 0.000085 38862.000000 41908 36200 
2990 0.000086 39637.000000 41506 38106 
3000 0.000086 39152.000000 42594 36308 
3010 0.000088 39669.000000 42090 36790 
3020 0.000090 40885.000000 44425 38617 
3030 0.000086 41002.000000 43774 38493 
3040 0.000089 40133.000000 42173 39199 
3050 0.000087 40364.000000 44401 36858 
3060 0.000087 40387.000000 43112 37112 
3070 0.000088 40729.000000 42837 38731 
3080 0.000087 40638.000000 43512 37354 
3090 0.000088 41276.000000 43670 38152 
3100 0.000089 42402.000000 46342 39750 
3110 0.000089 40470.000000 42731 38242 
3120 0.000091 41122.000000 46602 38157 
3130 0.000089 42530.000000 45177 39864 
3140 0.000090 41656.000000 43555 38782 
3150 0.000091 43153.000000 50561 39486 
3160 0.000090 42800.000000 47382 39704 
3170 0.000090 42287.000000 46371 39759 
3180 0.000091 41401.000000 45671 39791 
3190 0.000092 42504.000000 45538 40058 
3200 0.000094 43434.000000 48148 40075 
3210 0.000092 43486.000000 46746 40510 
3220 0.000093 43517.000000 50212 39945 
3230 0.000091 43758.000000 49266 41264 
3240 0.000094 43378.000000 46858 39931 
3250 0.000095 43516.000000 48663 41151 
3260 0.000093 43111.000000 47253 41308 
3270 0.000093 43048.000000 45147 41373 
3280 0.000094 44322.000000 47264 42759 
3290 0.000095 45528.000000 54691 41598 
3300 0.000098 44181.000000 47817 41311 
3310 0.000096 44128.000000 51563 41025 
3320 0.000096 44176.000000 47324 40263 
3330 0.000095 45171.000000 47954 42738 
3340 0.000096 45290.000000 49824 42736 
3350 0.000097 44586.000000 48870 42150 
3360 0.000098 44108.000000 46183 41141 
3370 0.000099 45036.000000 53098 41930 
3380 0.000099 44240.000000 45739 42344 
3390 0.000098 45763.000000 47738 44214 
3400 0.000100 44837.000000 47536 42829 
3410 0.000098 45573.000000 47870 43560 
3420 0.000100 47052.000000 53264 42689 
3430 0.000098 47350.000000 58620 44390 
3440 0.000101 47035.000000 53937 43700 
3450 0.000101 45660.000000 47817 42963 
3460 0.000101 46115.000000 49920 43407 
3470 0.000102 46800.000000 52108 43847 
3480 0.000101 46938.000000 52094 43654 
3490 0.000102 48067.000000 54169 44258 
3500 0.000107 46925.000000 51010 42401 
3510 0.000102 46679.000000 48987 43449 
3520 0.000102 47337.000000 54548 44539 
3530 0.000103 48733.000000 52153 46958 
3540 0.000104 47781.000000 52337 45514 
3550 0.000104 48438.000000 51460 45718 
3560 0.000104 48232.000000 51279 44428 
3570 0.000105 48030.000000 52250 44163 
3580 0.000106 49329.000000 53998 46325 
3590 0.000104 47155.000000 49095 45798 
3600 0.000105 47822.000000 52022 45355 
3610 0.000105 48457.000000 51270 46026 
3620 0.000106 48583.000000 52045 45381 
3630 0.000108 49352.000000 51834 46818 
3640 0.000105 49976.000000 52297 47637 
3650 0.000107 48177.000000 52049 46119 
3660 0.000106 49645.000000 52563 45412 
3670 0.000111 48595.000000 51356 46291 
3680 0.000107 49795.000000 53310 47681 
3690 0.000109 50163.000000 54022 47520 
3700 0.000107 49562.000000 53206 46117 
3710 0.000109 49506.000000 52290 47995 
3720 0.000109 50205.000000 53611 46804 
3730 0.000109 51572.000000 54295 47746 
3740 0.000111 50217.000000 53021 47391 
3750 0.000109 50326.000000 53807 46782 
3760 0.000111 50553.000000 56918 47117 
3770 0.000112 51309.000000 55607 47262 
3780 0.000111 51203.000000 53379 48322 
3790 0.000111 51491.000000 54042 48208 
3800 0.000114 51556.000000 55120 47710 
3810 0.000112 51745.000000 56165 48397 
3820 0.000113 51297.000000 56242 47516 
3830 0.000112 52038.000000 54553 48876 
3840 0.000116 52293.000000 56454 48760 
3850 0.000113 51271.000000 54928 49445 
3860 0.000115 52824.000000 57686 48833 
3870 0.000113 51470.000000 53668 48522 
3880 0.000113 52255.000000 54908 48537 
3890 0.000116 52727.000000 54443 50673 
3900 0.000114 53506.000000 58472 49675 
3910 0.000115 53821.000000 57448 51292 
3920 0.000114 53612.000000 56826 50153 
3930 0.000117 52905.000000 56493 50375 
3940 0.000115 53814.000000 57404 51392 
3950 0.000116 53881.000000 58391 50810 
3960 0.000116 54760.000000 59121 51272 
3970 0.000118 54878.000000 59503 51892 
3980 0.000117 55464.000000 60498 51250 
3990 0.000120 54176.000000 57494 50753 
4000 0.000118 55395.000000 59637 52328 
4010 0.000120 54373.000000 58294 52260 
4020 0.000118 54868.000000 57871 52241 
4030 0.000117 55398.000000 59573 51860 
4040 0.000118 57101.000000 63184 52912 
4050 0.000121 55721.000000 59417 52868 
4060 0.000120 56988.000000 64288 53673 
4070 0.000120 55319.000000 62024 50444 
4080 0.000121 55527.000000 60850 52769 
4090 0.000122 56604.000000 62019 52258 
4100 0.000121 56808.000000 61813 53488 
4110 0.000122 57497.000000 63284 54240 
4120 0.000123 56986.000000 61205 53936 
4130 0.000124 56472.000000 61268 53958 
4140 0.000123 55634.000000 59244 51891 
4150 0.000123 57952.000000 64842 53194 
4160 0.000124 58952.000000 64056 54842 
4170 0.000124 58087.000000 60729 55880 
4180 0.000123 58435.000000 62251 55727 
4190 0.000125 57976.000000 61182 56139 
4200 0.000127 58230.000000 61083 55261 
4210 0.000124 57476.000000 60177 55084 
4220 0.000125 58539.000000 61466 54271 
4230 0.000128 58655.000000 62716 56128 
4240 0.000127 58612.000000 61271 55532 
4250 0.000126 58700.000000 61455 54734 
4260 0.000125 58318.000000 64682 54138 
4270 0.000126 59803.000000 66329 55163 
4280 0.000130 58823.000000 62478 56763 
4290 0.000126 58640.000000 62932 53925 
4300 0.000128 60749.000000 65391 57285 
4310 0.000131 58795.000000 64365 55340 
4320 0.000128 59165.000000 60775 56550 
4330 0.000129 61714.000000 66371 57338 
4340 0.000130 60653.000000 66038 56020 
4350 0.000129 60901.000000 69951 56947 
4360 0.000128 60373.000000 62820 58185 
4370 0.000130 61944.000000 67200 58317 
4380 0.000130 61215.000000 66864 57711 
4390 0.000135 62793.000000 67276 57938 
4400 0.000131 60991.000000 63441 57923 
4410 0.000131 62374.000000 69739 57692 
4420 0.000134 60412.000000 67068 58340 
4430 0.000131 62477.000000 68414 58908 
4440 0.000133 62109.000000 69580 58435 
4450 0.000133 63224.000000 70328 59154 
4460 0.000134 62522.000000 67206 58239 
4470 0.000136 63744.000000 72956 59075 
4480 0.000133 61748.000000 65022 58938 
4490 0.000133 62366.000000 69141 59670 
4500 0.000133 62358.000000 65377 59338 
4510 0.000134 64167.000000 72959 60976 
4520 0.000133 63002.000000 67772 58957 
4530 0.000138 62624.000000 65409 58336 
4540 0.000135 63015.000000 70264 58720 
4550 0.000136 63369.000000 66295 59467 
4560 0.000136 64488.000000 70635 59680 
4570 0.000137 64133.000000 67394 61680 
4580 0.000138 64267.000000 68355 60446 
4590 0.000136 63980.000000 67513 60662 
4600 0.000141 65681.000000 69558 62063 
4610 0.000137 64848.000000 67944 62835 
4620 0.000138 65257.000000 73831 60089 
4630 0.000140 65894.000000 73445 61793 
4640 0.000141 66438.000000 68670 63463 
4650 0.000139 65568.000000 72852 61909 
4660 0.000138 65392.000000 69326 61294 
4670 0.000141 67143.000000 75484 64190 
4680 0.000139 67348.000000 73599 63209 
4690 0.000140 65977.000000 69684 63348 
4700 0.000142 65474.000000 68789 62353 
4710 0.000143 66176.000000 75500 61070 
4720 0.000140 65724.000000 70537 62473 
4730 0.000144 65994.000000 74543 62067 
4740 0.000142 66621.000000 71271 62012 
4750 0.000144 66648.000000 72925 62280 
4760 0.000144 68122.000000 71142 62481 
4770 0.000144 65861.000000 68512 63064 
4780 0.000143 65441.000000 69193 63571 
4790 0.000148 68427.000000 72531 65077 
4800 0.000146 68657.000000 77820 63613 
4810 0.000144 67297.000000 71598 63022 
4820 0.000144 70090.000000 78023 65728 
4830 0.000147 67230.000000 72849 63562 
4840 0.000144 67491.000000 69905 64426 
4850 0.000148 69025.000000 73992 63404 
4860 0.000148 70473.000000 80734 65856 
4870 0.000146 68602.000000 74180 65546 
4880 0.000148 69736.000000 73527 64641 
4890 0.000146 69091.000000 73103 66340 
4900 0.000150 67887.000000 74143 63936 
4910 0.000148 71948.000000 76496 64872 
4920 0.000150 69313.000000 73761 63256 
4930 0.000153 67529.000000 71056 65348 
4940 0.000148 70584.000000 75493 66262 
4950 0.000148 70502.000000 76950 66339 
4960 0.000152 69147.000000 74951 65284 
4970 0.000151 69524.000000 72929 66180 
4980 0.000150 70922.000000 79745 66192 
4990 0.000152 71120.000000 75278 68002 
5000 0.000153 72230.000000 81145 68545 
5010 0.000151 69666.000000 73805 65239 
5020 0.000154 72190.000000 75649 68401 
5030 0.000152 71707.000000 82958 67640 
5040 0.000154 70619.000000 74823 65994 
5050 0.000152 70085.000000 71933 67521 
5060 0.000152 71636.000000 76859 68252 
5070 0.000156 71562.000000 80076 64669 
5080 0.000155 71966.000000 77522 67587 
5090 0.000154 72662.000000 75147 71020 
5100 0.000153 72765.000000 79464 69395 
5110 0.000153 73074.000000 77390 68903 
5120 0.000157 73023.000000 77989 70932 
5130 0.000156 74105.000000 83719 67756 
5140 0.000157 71884.000000 77936 69225 
5150 0.000160 74515.000000 78757 67921 
5160 0.000157 73879.000000 78869 69405 
5170 0.000155 72033.000000 74411 70193 
5180 0.000160 74439.000000 82022 69213 
5190 0.000157 74316.000000 80577 68417 
5200 0.000160 72877.000000 76096 71230 
5210 0.000161 74602.000000 84940 71476 
5220 0.000157 74089.000000 84649 70948 
5230 0.000159 74086.000000 78527 69779 
5240 0.000160 73754.000000 76363 71278 
5250 0.000159 73915.000000 83680 69746 
5260 0.000159 74947.000000 82690 69461 
5270 0.000161 76372.000000 83198 71763 
5280 0.000161 74313.000000 79321 69392 
5290 0.000160 77549.000000 85936 71250 
5300 0.000160 79141.000000 85880 76284 
5310 0.000163 74424.000000 82588 70018 
5320 0.000162 75703.000000 78897 70039 
5330 0.000161 76990.000000 80311 73510 
5340 0.000163 76213.000000 79415 70208 
5350 0.000170 78078.000000 83444 73576 
5360 0.000162 76505.000000 86411 72438 
5370 0.000163 76717.000000 83194 74926 
5380 0.000165 79431.000000 88174 73922 
5390 0.000164 79523.000000 84338 73884 
5400 0.000165 77834.000000 83885 74601 
5410 0.000170 79667.000000 98522 73256 
5420 0.000164 76996.000000 83417 72405 
5430 0.000164 78831.000000 84465 74204 
5440 0.000169 77175.000000 83649 72075 
5450 0.000166 79599.000000 94942 71337 
5460 0.000170 78592.000000 87295 74329 
5470 0.000168 77024.000000 84305 73494 
5480 0.000169 78556.000000 83330 75037 
5490 0.000171 78484.000000 82383 74101 
5500 0.000169 78801.000000 82420 74923 
5510 0.000168 79410.000000 90150 74199 
5520 0.000170 79087.000000 80704 76462 
5530 0.000169 79475.000000 87814 74704 
5540 0.000171 79633.000000 88098 75283 
5550 0.000171 78574.000000 83696 75394 
5560 0.000170 79908.000000 84268 75120 
5570 0.000171 78497.000000 83465 73512 
5580 0.000174 78588.000000 82807 74523 
5590 0.000171 82348.000000 87126 78369 
5600 0.000176 79085.000000 84119 74665 
5610 0.000172 80168.000000 87055 76445 
5620 0.000174 78927.000000 87021 74370 
5630 0.000175 81090.000000 84555 76760 
5640 0.000172 80595.000000 86415 75349 
5650 0.000173 81095.000000 88704 76933 
5660 0.000176 80935.000000 87213 77345 
5670 0.000174 82534.000000 89281 78426 
5680 0.000174 83127.000000 89758 77366 
5690 0.000175 81579.000000 85860 77668 
5700 0.000175 83336.000000 93426 78717 
5710 0.000177 82854.000000 89158 77082 
5720 0.000176 82636.000000 89251 79367 
5730 0.000176 81221.000000 87204 77225 
5740 0.000180 84947.000000 95518 79415 
5750 0.000173 82589.000000 86333 78453 
5760 0.000176 84040.000000 89122 79317 
5770 0.000179 81679.000000 88634 78611 
5780 0.000181 83449.000000 87457 78489 
5790 0.000181 82800.000000 89174 79266 
5800 0.000177 83574.000000 89385 77527 
5810 0.000179 83640.000000 90293 80846 
5820 0.000181 83053.000000 86917 81098 
5830 0.000179 84444.000000 94417 78620 
5840 0.000180 83078.000000 87739 79292 
5850 0.000181 84653.000000 90990 78816 
5860 0.000181 86220.000000 89135 80720 
5870 0.000184 88126.000000 97763 81037 
5880 0.000182 85780.000000 90033 80403 
5890 0.000181 84051.000000 87354 81371 
5900 0.000185 84977.000000 92932 80778 
5910 0.000185 84936.000000 89927 77341 
5920 0.000184 85666.000000 91875 80707 
5930 0.000183 86831.000000 95915 83174 
5940 0.000182 87638.000000 92466 83089 
5950 0.000186 86254.000000 88852 83157 
5960 0.000184 89499.000000 97897 81416 
5970 0.000187 84218.000000 88887 79668 
5980 0.000185 85626.000000 90731 81433 
5990 0.000185 87083.000000 96868 83185 
6000 0.000186 89304.000000 96370 82946 
6010 0.000186 87660.000000 94220 84038 
6020 0.000188 87447.000000 91991 83095 
6030 0.000185 87087.000000 92945 83965 
6040 0.000186 87710.000000 91321 84407 
6050 0.000188 87997.000000 94206 80249 
6060 0.000188 88776.000000 95985 83795 
6070 0.000187 89351.000000 92719 83751 
6080 0.000192 91191.000000 98739 85571 
6090 0.000192 88355.000000 98241 81830 
6100 0.000193 89573.000000 99048 85550 
6110 0.000188 89170.000000 98070 83628 
6120 0.000189 87209.000000 92831 81486 
6130 0.000192 88228.000000 97632 84486 
6140 0.000190 87226.000000 93602 81694 
6150 0.000191 89816.000000 96842 85119 
6160 0.000190 88135.000000 91990 83843 
6170 0.000192 89509.000000 95867 84440 
6180 0.000192 91217.000000 101494 82840 
6190 0.000193 91785.000000 103633 85212 
6200 0.000196 92961.000000 99157 87970 
6210 0.000193 91613.000000 100171 87189 
6220 0.000194 89274.000000 97863 85032 
6230 0.000195 90284.000000 91736 87665 
6240 0.000194 89503.000000 95634 84738 
6250 0.000196 90171.000000 97349 87185 
6260 0.000196 91290.000000 98376 85208 
6270 0.000194 92290.000000 105124 85627 
6280 0.000194 92299.000000 99876 88417 
6290 0.000194 93476.000000 98807 87885 
6300 0.000197 91640.000000 103576 86478 
6310 0.000198 92031.000000 97646 86496 
6320 0.000196 93194.000000 103000 86821 
6330 0.000198 93695.000000 101059 88112 
6340 0.000198 94790.000000 102415 91431 
6350 0.000199 92002.000000 96830 85634 
6360 0.000198 94238.000000 101307 88369 
6370 0.000200 92832.000000 99447 87121 
6380 0.000197 94790.000000 104955 88809 
6390 0.000199 94242.000000 100038 87999 
6400 0.000198 92230.000000 95660 90305 
6410 0.000200 96053.000000 103786 89681 
6420 0.000203 94209.000000 100735 87692 
6430 0.000201 92496.000000 96589 88293 
6440 0.000204 94121.000000 101468 88379 
6450 0.000199 96741.000000 103911 89533 
6460 0.000203 93318.000000 97003 90679 
6470 0.000204 97211.000000 105952 90736 
6480 0.000201 96947.000000 101297 89599 
6490 0.000204 97662.000000 109553 91424 
6500 0.000200 95473.000000 104219 91692 
6510 0.000204 99586.000000 110254 92206 
6520 0.000204 95383.000000 100942 91459 
6530 0.000204 97129.000000 106569 92110 
6540 0.000207 96110.000000 104224 88029 
6550 0.000205 98348.000000 108881 89869 
6560 0.000206 96151.000000 101506 91489 
6570 0.000206 98911.000000 110444 90262 
6580 0.000209 97734.000000 102800 92174 
6590 0.000204 99222.000000 104653 95155 
6600 0.000207 96449.000000 107054 90986 
6610 0.000207 97007.000000 103042 90701 
6620 0.000206 99079.000000 108213 92355 
6630 0.000211 98692.000000 106762 88918 
6640 0.000209 98250.000000 105104 93684 
6650 0.000212 95560.000000 99648 90831 
6660 0.000208 99659.000000 112354 92449 
6670 0.000213 98782.000000 103625 94258 
6680 0.000213 96859.000000 105806 90457 
6690 0.000209 98150.000000 105219 93637 
6700 0.000211 100705.000000 109605 93009 
6710 0.000208 101944.000000 111386 95372 
6720 0.000210 101921.000000 111552 94620 
6730 0.000211 98922.000000 109151 95622 
6740 0.000214 97740.000000 104537 94402 
6750 0.000210 99840.000000 110884 94337 
6760 0.000213 98453.000000 100965 93445 
6770 0.000213 100092.000000 105409 95923 
6780 0.000214 100045.000000 105136 92605 
6790 0.000214 99706.000000 110178 93773 
6800 0.000212 102585.000000 113589 93710 
6810 0.000216 99088.000000 104987 92454 
6820 0.000215 102591.000000 107414 96206 
6830 0.000219 99855.000000 105350 93885 
6840 0.000216 100216.000000 107246 93252 
6850 0.000217 101968.000000 110113 96139 
6860 0.000215 99779.000000 104655 93424 
6870 0.000215 101560.000000 113109 97044 
6880 0.000217 103871.000000 111707 97576 
6890 0.000216 101731.000000 106286 98292 
6900 0.000219 100204.000000 110640 94591 
6910 0.000217 105426.000000 117047 99006 
6920 0.000217 101643.000000 107955 99721 
6930 0.000219 102480.000000 110536 95891 
6940 0.000222 105319.000000 121272 96677 
6950 0.000218 101327.000000 109879 95171 
6960 0.000224 100759.000000 103030 98110 
6970 0.000223 100921.000000 103915 95877 
6980 0.000224 102542.000000 106701 97426 
6990 0.000221 103863.000000 118258 97740 
7000 0.000226 102107.000000 107561 97703 
7010 0.000220 105755.000000 115457 99384 
7020 0.000224 103304.000000 110899 96104 
7030 0.000225 105272.000000 113866 98407 
7040 0.000223 106339.000000 116171 98171 
7050 0.000225 104853.000000 112415 98590 
7060 0.000222 105565.000000 112697 99415 
7070 0.000227 106069.000000 111713 99675 
7080 0.000225 105676.000000 109348 101931 
7090 0.000224 105321.000000 111473 98671 
7100 0.000223 106604.000000 114247 99449 
7110 0.000229 103749.000000 110510 97751 
7120 0.000227 107992.000000 124515 98338 
7130 0.000226 103060.000000 110322 97645 
7140 0.000222 108443.000000 115966 99512 
7150 0.000229 105915.000000 111738 98165 
7160 0.000227 106635.000000 118710 101906 
7170 0.000231 105843.000000 111665 99281 
7180 0.000225 107999.000000 113401 101661 
7190 0.000226 106578.000000 113853 101794 
7200 0.000228 105633.000000 110940 99709 
7210 0.000228 104761.000000 107376 99528 
7220 0.000232 108532.000000 121162 102071 
7230 0.000230 109429.000000 119554 103710 
7240 0.000231 106448.000000 111511 99476 
7250 0.000230 108042.000000 112551 99476 
7260 0.000233 110443.000000 130162 103943 
7270 0.000230 107089.000000 119108 103291 
7280 0.000232 108267.000000 114752 100497 
7290 0.000232 108851.000000 114263 103064 
7300 0.000233 110247.000000 119514 104223 
7310 0.000230 107601.000000 120773 103114 
7320 0.000233 107775.000000 112993 103794 
7330 0.000236 108871.000000 114419 102183 
7340 0.000238 107695.000000 111902 102311 
7350 0.000233 108369.000000 113397 103072 
7360 0.000236 112862.000000 122949 106237 
7370 0.000235 111374.000000 118715 104001 
7380 0.000239 110218.000000 113577 105973 
7390 0.000233 112668.000000 122724 102587 
7400 0.000237 110047.000000 116663 103022 
7410 0.000235 108452.000000 111896 103857 
7420 0.000236 114589.000000 128828 106960 
7430 0.000235 108583.000000 117063 104408 
7440 0.000237 110343.000000 119743 104406 
7450 0.000238 111373.000000 116332 105649 
7460 0.000239 110390.000000 114700 105798 
7470 0.000236 113717.000000 120244 105426 
7480 0.000240 111781.000000 115260 107794 
7490 0.000236 109697.000000 116739 104068 
7500 0.000241 113023.000000 123159 106816 
7510 0.000240 111810.000000 119274 104637 
7520 0.000240 112801.000000 121069 106783 
7530 0.000242 113113.000000 120054 104382 
7540 0.000242 112143.000000 118187 108204 
7550 0.000243 114339.000000 118530 106330 
7560 0.000244 113834.000000 122220 108793 
7570 0.000241 112089.000000 119646 108580 
7580 0.000243 112667.000000 119236 107449 
7590 0.000239 115585.000000 125339 109441 
7600 0.000243 115027.000000 124096 109099 
7610 0.000239 114446.000000 124047 108823 
7620 0.000243 114444.000000 119609 109544 
7630 0.000245 114382.000000 129360 108878 
7640 0.000243 116795.000000 122620 110370 
7650 0.000244 114053.000000 123881 108559 
7660 0.000248 115213.000000 127204 109393 
7670 0.000246 111545.000000 120365 105795 
7680 0.000245 118446.000000 124908 111553 
7690 0.000247 116241.000000 125016 108427 
7700 0.000247 116134.000000 126112 108121 
7710 0.000247 117239.000000 134913 110782 
7720 0.000247 117247.000000 128620 112864 
7730 0.000250 113554.000000 120558 106559 
7740 0.000246 117178.000000 125725 110061 
7750 0.000250 114492.000000 119424 107901 
7760 0.000249 114981.000000 127317 108927 
7770 0.000250 115437.000000 130294 109779 
7780 0.000249 118916.000000 125649 110418 
7790 0.000251 115560.000000 120585 111514 
7800 0.000248 118558.000000 124334 113391 
7810 0.000250 118748.000000 125709 110398 
7820 0.000248 118841.000000 134742 113845 
7830 0.000252 117071.000000 125210 111941 
7840 0.000248 117365.000000 125710 110004 
7850 0.000253 116675.000000 124800 110437 
7860 0.000251 118284.000000 127279 111976 
7870 0.000250 118462.000000 125033 113822 
7880 0.000249 118708.000000 126567 112353 
7890 0.000252 120433.000000 126360 114597 
7900 0.000252 119557.000000 127912 113257 
7910 0.000255 119181.000000 132572 115190 
7920 0.000254 122833.000000 143071 112484 
7930 0.000253 120425.000000 126372 118415 
7940 0.000259 121433.000000 131327 110936 
7950 0.000252 118914.000000 121552 113601 
7960 0.000258 121985.000000 130540 113343 
7970 0.000255 120098.000000 127260 112974 
7980 0.000258 120454.000000 128895 114659 
7990 0.000253 121296.000000 128876 113808 
8000 0.000254 126034.000000 142061 117596 
8010 0.000256 122132.000000 138112 115817 
8020 0.000258 124110.000000 136520 116939 
8030 0.000257 121339.000000 131036 114760 
8040 0.000259 124767.000000 133762 117792 
8050 0.000262 122986.000000 132579 118779 
8060 0.000258 121801.000000 138251 114112 
8070 0.000261 119343.000000 125636 113634 
8080 0.000259 120261.000000 125958 116413 
8090 0.000259 122518.000000 132735 115026 
8100 0.000259 121163.000000 127798 116538 
8110 0.000262 121606.000000 127404 113404 
8120 0.000260 122785.000000 134482 116841 
8130 0.000263 121008.000000 130419 113115 
8140 0.000262 123092.000000 127300 116977 
8150 0.000264 124022.000000 137227 118431 
8160 0.000264 121903.000000 131020 115072 
8170 0.000261 123807.000000 130821 118948 
8180 0.000265 123272.000000 126846 119962 
8190 0.000263 125630.000000 132831 119538 
8200 0.000267 123877.000000 132764 113549 
8210 0.000263 122542.000000 130722 114583 
8220 0.000265 125940.000000 137822 117430 
8230 0.000266 125869.000000 135627 116077 
8240 0.000266 127517.000000 138022 118958 
8250 0.000267 123175.000000 133675 118903 
8260 0.000263 124084.000000 132250 120077 
8270 0.000268 124172.000000 130445 118313 
8280 0.000263 124269.000000 136505 119187 
8290 0.000267 125624.000000 135843 118381 
8300 0.000266 126416.000000 136167 120711 
8310 0.000269 122455.000000 127840 118295 
8320 0.000267 126666.000000 134528 118335 
8330 0.000269 126739.000000 140329 120564 
8340 0.000271 127576.000000 135545 115795 
8350 0.000269 127562.000000 131707 122139 
8360 0.000268 127231.000000 133111 122398 
8370 0.000267 130204.000000 143439 118518 
8380 0.000269 130305.000000 139662 119094 
8390 0.000271 131311.000000 145839 120210 
8400 0.000271 128016.000000 136588 121299 
8410 0.000271 130686.000000 138646 118386 
8420 0.000269 127050.000000 133645 120414 
8430 0.000278 125698.000000 134074 118368 
8440 0.000273 128651.000000 139104 122931 
8450 0.000274 130102.000000 137248 122800 
8460 0.000274 128587.000000 136061 125678 
8470 0.000274 131549.000000 139382 122031 
8480 0.000276 128536.000000 139457 122056 
8490 0.000269 129195.000000 137750 120109 
8500 0.000273 131101.000000 140087 124488 
8510 0.000275 129913.000000 141334 124097 
8520 0.000273 131853.000000 142859 123515 
8530 0.000275 128315.000000 139351 122474 
8540 0.000277 130241.000000 138826 123163 
8550 0.000277 131589.000000 140384 124737 
8560 0.000275 132092.000000 138539 127074 
8570 0.000279 132317.000000 146590 125757 
8580 0.000276 128741.000000 136049 123024 
8590 0.000283 131474.000000 138376 122006 
8600 0.000273 128707.000000 135553 125215 
8610 0.000274 132843.000000 136675 125379 
8620 0.000276 131888.000000 142855 125979 
8630 0.000278 134109.000000 144381 126608 
8640 0.000279 133244.000000 145960 125099 
8650 0.000280 130117.000000 137988 124879 
8660 0.000281 131198.000000 145447 125091 
8670 0.000281 131264.000000 135611 124627 
8680 0.000283 132273.000000 140633 124247 
8690 0.000280 133492.000000 147180 122148 
8700 0.000279 135285.000000 144685 124768 
8710 0.000284 132566.000000 142536 124862 
8720 0.000282 134813.000000 143300 127514 
8730 0.000280 138025.000000 163744 127263 
8740 0.000283 132926.000000 138800 126505 
8750 0.000284 136247.000000 151419 127703 
8760 0.000283 135861.000000 142656 131287 
8770 0.000282 132815.000000 141513 124176 
8780 0.000282 135683.000000 144715 128281 
8790 0.000288 131946.000000 138854 127473 
8800 0.000287 134178.000000 143594 126778 
8810 0.000288 130609.000000 137077 125092 
8820 0.000284 134792.000000 138959 127222 
8830 0.000284 137465.000000 146172 129356 
8840 0.000284 134915.000000 140140 131164 
8850 0.000290 132851.000000 143788 126135 
8860 0.000290 136214.000000 150735 129373 
8870 0.000285 136842.000000 148048 131216 
8880 0.000286 135453.000000 153742 128192 
8890 0.000289 135497.000000 142110 127358 
8900 0.000293 137324.000000 154010 129122 
8910 0.000289 135633.000000 142288 127030 
8920 0.000287 136922.000000 151941 129549 
8930 0.000289 134587.000000 148382 129346 
8940 0.000291 139683.000000 148595 131486 
8950 0.000287 136859.000000 142846 130137 
8960 0.000292 141209.000000 150117 131276 
8970 0.000291 138023.000000 153599 128902 
8980 0.000289 137476.000000 151453 132316 
8990 0.000291 137586.000000 141187 129883 
9000 0.000292 137359.000000 142443 127411 
9010 0.000293 140747.000000 157675 131308 
9020 0.000296 137208.000000 142293 131743 
9030 0.000292 138031.000000 141714 132964 
9040 0.000295 138319.000000 147842 127338 
9050 0.000295 142429.000000 159909 130494 
9060 0.000293 138604.000000 148969 132019 
9070 0.000296 139344.000000 146692 134191 
9080 0.000296 140876.000000 151271 133784 
9090 0.000296 143652.000000 155417 134864 
9100 0.000293 140807.000000 146833 134291 
9110 0.000294 141690.000000 160466 134132 
9120 0.000296 139330.000000 149164 132231 
9130 0.000294 141091.000000 152293 134721 
9140 0.000298 141619.000000 151399 135707 
9150 0.000298 143826.000000 151554 134485 
9160 0.000298 141047.000000 148106 135500 
9170 0.000301 140575.000000 156518 131219 
9180 0.000300 142543.000000 154145 134923 
9190 0.000297 142602.000000 153222 135177 
9200 0.000304 139433.000000 148775 129775 
9210 0.000299 141399.000000 146520 134461 
9220 0.000299 140630.000000 145047 135544 
9230 0.000304 144670.000000 156953 135473 
9240 0.000301 140886.000000 153554 132676 
9250 0.000301 141941.000000 148177 138140 
9260 0.000300 141618.000000 150889 135436 
9270 0.000301 143373.000000 149996 135433 
9280 0.000307 141569.000000 145232 137375 
9290 0.000304 142935.000000 154601 135219 
9300 0.000300 144044.000000 153141 132734 
9310 0.000304 142591.000000 151385 135488 
9320 0.000306 146518.000000 155526 139083 
9330 0.000306 144576.000000 161132 134136 
9340 0.000308 145393.000000 159645 133501 
9350 0.000305 144431.000000 157450 134953 
9360 0.000305 152236.000000 177484 139694 
9370 0.000308 147184.000000 153798 139934 
9380 0.000308 144532.000000 159741 136184 
9390 0.000307 145254.000000 161410 136726 
9400 0.000310 145151.000000 154633 137150 
9410 0.000309 144886.000000 164403 137442 
9420 0.000308 146133.000000 153702 140217 
9430 0.000308 145756.000000 157560 136855 
9440 0.000305 144592.000000 154929 139453 
9450 0.000313 148980.000000 157349 141678 
9460 0.000306 145188.000000 152186 139449 
9470 0.000307 145969.000000 159307 137684 
9480 0.000314 146429.000000 154942 138026 
9490 0.000307 146500.000000 158905 140076 
9500 0.000314 146922.000000 155538 136751 
9510 0.000316 144589.000000 150384 140003 
9520 0.000311 146331.000000 156683 138101 
9530 0.000316 148995.000000 164324 137951 
9540 0.000311 145231.000000 156277 139613 
9550 0.000316 145220.000000 150824 139166 
9560 0.000311 148317.000000 157796 137353 
9570 0.000311 153269.000000 165016 142950 
9580 0.000315 148222.000000 159687 137991 
9590 0.000317 151893.000000 165413 140955 
9600 0.000313 149197.000000 158936 143242 
9610 0.000312 151697.000000 161426 143090 
9620 0.000314 151354.000000 173652 138833 
9630 0.000316 154703.000000 168513 144104 
9640 0.000314 150141.000000 158635 142632 
9650 0.000318 147993.000000 155261 142224 
9660 0.000314 147364.000000 156037 143110 
9670 0.000316 150814.000000 167517 139374 
9680 0.000318 148391.000000 160785 142212 
9690 0.000321 151267.000000 162143 142420 
9700 0.000317 155765.000000 173294 144968 
9710 0.000323 147932.000000 157115 135662 
9720 0.000319 154946.000000 160517 149047 
9730 0.000316 145823.000000 155443 139317 
9740 0.000321 153414.000000 167311 143449 
9750 0.000319 153347.000000 166627 144664 
9760 0.000318 149272.000000 160877 143929 
9770 0.000323 149831.000000 159122 139600 
9780 0.000325 152344.000000 161852 144565 
9790 0.000321 155349.000000 168142 143949 
9800 0.000322 149165.000000 160350 142022 
9810 0.000322 157920.000000 170087 146537 
9820 0.000322 148845.000000 154805 140061 
9830 0.000324 154112.000000 174644 144344 
9840 0.000322 154724.000000 162456 146605 
9850 0.000323 152486.000000 157304 143677 
9860 0.000327 154717.000000 168302 146076 
9870 0.000325 154652.000000 166290 144532 
9880 0.000320 151511.000000 162047 142408 
9890 0.000326 155420.000000 172892 144947 
9900 0.000323 155710.000000 169125 146432 
9910 0.000329 149460.000000 157388 143958 
9920 0.000329 151748.000000 160656 143491 
9930 0.000322 154132.000000 167397 148175 
9940 0.000327 153372.000000 169603 145794 
9950 0.000329 154158.000000 165565 143883 
9960 0.000330 155909.000000 178558 147745 
9970 0.000328 152047.000000 165789 142147 
9980 0.000325 154868.000000 163769 149556 
9990 0.000330 154191.000000 166857 146377 
10000 0.000329 155874.000000 159586 147612 
10010 0.000330 156135.000000 168968 145430 
10020 0.000332 154055.000000 172240 145262 
10030 0.000333 154430.000000 159547 148880 
10040 0.000331 154410.000000 168507 147480 
10050 0.000330 160090.000000 174922 152613 
10060 0.000338 159949.000000 171723 149603 
10070 0.000328 159296.000000 176815 149474 
10080 0.000334 153255.000000 156902 146674 
10090 0.000334 157252.000000 170660 149068 
10100 0.000333 160895.000000 171900 151458 
10110 0.000333 158300.000000 166739 151907 
10120 0.000335 158226.000000 167221 149264 
10130 0.000339 161586.000000 178059 147636 
10140 0.000334 157472.000000 160161 154188 
10150 0.000338 156475.000000 170964 149457 
10160 0.000339 158851.000000 172018 146794 
10170 0.000338 156694.000000 159968 152268 
10180 0.000341 162269.000000 179073 152486 
10190 0.000333 160916.000000 178597 150282 
10200 0.000336 158492.000000 171437 150626 
10210 0.000334 157968.000000 166599 151806 
10220 0.000343 161582.000000 171622 154948 
10230 0.000339 159512.000000 167740 151070 
10240 0.000338 160668.000000 170271 153410 
10250 0.000338 161355.000000 173650 153834 
10260 0.000337 161397.000000 174656 153629 
10270 0.000344 162812.000000 182412 150337 
10280 0.000340 159485.000000 166336 154209 
10290 0.000341 162734.000000 186746 149710 
10300 0.000340 160317.000000 172218 153844 
10310 0.000337 160299.000000 171177 151591 
10320 0.000337 165707.000000 171530 158046 
10330 0.000340 165934.000000 179055 156348 
10340 0.000342 162871.000000 179115 154776 
10350 0.000345 159564.000000 172030 149534 
10360 0.000340 160421.000000 174603 151307 
10370 0.000350 160996.000000 169809 151885 
10380 0.000344 164787.000000 173261 155173 
10390 0.000341 163354.000000 181840 152326 
10400 0.000347 167708.000000 194512 157449 
10410 0.000348 165897.000000 177830 152561 
10420 0.000344 164864.000000 176734 157052 
10430 0.000346 162143.000000 173028 154333 
10440 0.000350 162021.000000 172582 152901 
10450 0.000349 162778.000000 175816 154566 
10460 0.000344 163954.000000 173989 158045 
10470 0.000348 159615.000000 174015 152272 
10480 0.000346 161034.000000 174627 154686 
10490 0.000346 164372.000000 168430 160190 
10500 0.000347 167270.000000 174656 158593 
10510 0.000350 163756.000000 173620 156422 
10520 0.000347 165688.000000 180098 156861 
10530 0.000350 168418.000000 179195 155328 
10540 0.000352 162545.000000 173302 156195 
10550 0.000351 167723.000000 177414 158695 
10560 0.000353 163454.000000 187197 156653 
10570 0.000348 166023.000000 177239 153199 
10580 0.000350 167137.000000 179475 157980 
10590 0.000357 169623.000000 199029 160265 
10600 0.000353 165841.000000 184149 155407 
10610 0.000351 168907.000000 180102 155239 
10620 0.000354 169179.000000 181763 160397 
10630 0.000354 169178.000000 180760 160759 
10640 0.000354 164254.000000 177622 157594 
10650 0.000351 168261.000000 179735 156114 
10660 0.000353 167378.000000 185852 156966 
10670 0.000356 167210.000000 175367 157106 
10680 0.000357 167071.000000 178932 158122 
10690 0.000354 167732.000000 175938 158391 
10700 0.000355 166056.000000 176818 157267 
10710 0.000359 170288.000000 178540 161742 
10720 0.000356 168100.000000 183836 162399 
10730 0.000350 169708.000000 181446 160724 
10740 0.000356 168372.000000 177676 159281 
10750 0.000358 172192.000000 179758 157612 
10760 0.000355 173133.000000 182403 158537 
10770 0.000358 170600.000000 182112 162293 
10780 0.000365 165681.000000 184760 158760 
10790 0.000359 167566.000000 175515 158267 
10800 0.000359 168494.000000 176762 162687 
10810 0.000357 167181.000000 173313 155014 
10820 0.000361 171915.000000 189239 165189 
10830 0.000360 169539.000000 177245 161506 
10840 0.000360 169929.000000 178119 163718 
10850 0.000370 169829.000000 179804 162207 
10860 0.000362 169814.000000 187049 158348 
10870 0.000363 170632.000000 189431 160654 
10880 0.000362 173077.000000 181574 161904 
10890 0.000364 168566.000000 175224 158290 
10900 0.000364 170486.000000 183054 160524 
10910 0.000362 172276.000000 189568 161641 
10920 0.000363 172659.000000 186265 161701 
10930 0.000363 172384.000000 184332 162834 
10940 0.000363 171807.000000 177163 164648 
10950 0.000366 170235.000000 192228 162615 
10960 0.000363 175525.000000 206833 166880 
10970 0.000363 171016.000000 181525 161191 
10980 0.000368 170897.000000 182334 163630 
10990 0.000366 173839.000000 186769 163302 
11000 0.000362 174534.000000 191984 166027 
11010 0.000366 175041.000000 186486 163466 
11020 0.000366 175194.000000 195637 162358 
11030 0.000367 171814.000000 180734 163112 
11040 0.000370 178118.000000 185356 167241 
11050 0.000365 174138.000000 183914 165574 
11060 0.000367 175550.000000 186229 166220 
11070 0.000366 170640.000000 183065 159778 
11080 0.000372 172604.000000 180983 167622 
11090 0.000374 177220.000000 182143 173075 
11100 0.000366 173146.000000 178215 164821 
11110 0.000369 179978.000000 196546 164764 
11120 0.000368 178786.000000 191880 167396 
11130 0.000373 177278.000000 186790 171486 
11140 0.000367 177758.000000 194446 170759 
11150 0.000368 176242.000000 186543 168696 
11160 0.000374 171641.000000 187017 163640 
11170 0.000369 176993.000000 186363 167271 
11180 0.000371 176578.000000 187587 164448 
11190 0.000372 175609.000000 189076 167158 
11200 0.000376 176689.000000 186552 170562 
11210 0.000378 178211.000000 198457 171250 
11220 0.000379 179539.000000 192573 171725 
11230 0.000373 177396.000000 187244 164631 
11240 0.000373 173355.000000 178872 166899 
11250 0.000377 181286.000000 198729 173592 
11260 0.000374 180038.000000 193287 172668 
11270 0.000379 178099.000000 192061 165367 
11280 0.000375 175620.000000 185036 168274 
11290 0.000373 176608.000000 192397 169813 
11300 0.000381 177986.000000 187589 165749 
11310 0.000378 179241.000000 193891 172278 
11320 0.000382 175547.000000 183698 167604 
11330 0.000371 182302.000000 191102 175007 
11340 0.000379 181063.000000 193183 174201 
11350 0.000381 179408.000000 200569 166809 
11360 0.000382 176601.000000 185337 170965 
11370 0.000383 183014.000000 205938 169036 
11380 0.000378 177567.000000 189741 163524 
11390 0.000376 179715.000000 197464 171048 
11400 0.000380 181625.000000 188990 173231 
11410 0.000381 179153.000000 187721 169858 
11420 0.000381 181709.000000 191520 171983 
11430 0.000385 176076.000000 185123 165862 
11440 0.000381 182593.000000 192659 175093 
11450 0.000383 180867.000000 189643 170114 
11460 0.000384 180633.000000 190985 170684 
11470 0.000379 185585.000000 199372 176404 
11480 0.000384 183408.000000 197818 169871 
11490 0.000379 181591.000000 196548 172941 
11500 0.000386 180715.000000 191106 173291 
11510 0.000384 182070.000000 190161 175297 
11520 0.000385 182907.000000 199264 172743 
11530 0.000384 184504.000000 198542 178368 
11540 0.000385 184802.000000 212678 174038 
11550 0.000387 181315.000000 189921 173374 
11560 0.000389 184000.000000 202329 171010 
11570 0.000385 184846.000000 194778 176480 
11580 0.000387 181719.000000 199388 175414 
11590 0.000386 181834.000000 190284 172750 
11600 0.000389 184812.000000 199804 177512 
11610 0.000385 183796.000000 191730 171540 
11620 0.000383 188477.000000 197409 179201 
11630 0.000390 181210.000000 190978 174151 
11640 0.000388 186830.000000 204104 174983 
11650 0.000388 183925.000000 202172 176029 
11660 0.000391 186173.000000 201116 176501 
11670 0.000396 183734.000000 189616 176712 
11680 0.000392 187515.000000 199632 176113 
11690 0.000390 183362.000000 189883 177045 
11700 0.000390 184828.000000 196487 173371 
11710 0.000394 188316.000000 197862 182806 
11720 0.000396 184870.000000 195957 178035 
11730 0.000391 192326.000000 211544 175962 
11740 0.000391 187840.000000 195281 178701 
11750 0.000394 189517.000000 209500 181033 
11760 0.000401 183664.000000 191809 171052 
11770 0.000399 187120.000000 196854 179894 
11780 0.000394 189960.000000 203379 179766 
11790 0.000399 184743.000000 195203 178563 
11800 0.000391 188017.000000 201964 179877 
11810 0.000392 189034.000000 193856 180913 
11820 0.000397 186144.000000 197251 174606 
11830 0.000400 188797.000000 195489 181142 
11840 0.000398 188494.000000 203136 181670 
11850 0.000394 192619.000000 201639 182420 
11860 0.000396 186354.000000 194231 178538 
11870 0.000395 190143.000000 205105 179343 
11880 0.000396 193393.000000 209355 182534 
11890 0.000405 191247.000000 199877 183709 
11900 0.000401 187679.000000 203130 177570 
11910 0.000403 191822.000000 201979 180996 
11920 0.000403 188045.000000 193054 184264 
11930 0.000397 186871.000000 195192 177733 
11940 0.000404 190127.000000 200087 180734 
11950 0.000404 191766.000000 207193 182733 
11960 0.000406 192166.000000 207293 183017 
11970 0.000404 194829.000000 209214 181361 
11980 0.000405 191620.000000 203005 184137 
11990 0.000403 186525.000000 194804 181769 
12000 0.000405 187287.000000 196082 182064 
12010 0.000403 189887.000000 203734 183029 
12020 0.000400 199087.000000 207803 187646 
12030 0.000410 187842.000000 195113 178730 
12040 0.000406 192230.000000 209657 184720 
12050 0.000405 195247.000000 210472 183998 
12060 0.000405 189873.000000 200382 182037 
12070 0.000408 193707.000000 211897 182268 
12080 0.000407 192995.000000 203321 182364 
12090 0.000404 192561.000000 201200 183004 
12100 0.000406 190524.000000 199270 182083 
12110 0.000404 197905.000000 217911 190038 
12120 0.000406 186842.000000 194520 177869 
12130 0.000409 190882.000000 200956 181716 
12140 0.000410 195288.000000 204245 185343 
12150 0.000409 192426.000000 198726 184403 
12160 0.000412 189509.000000 193407 184098 
12170 0.000413 192545.000000 215267 184099 
12180 0.000409 195137.000000 208790 184937 
12190 0.000411 193423.000000 204829 181957 
12200 0.000410 191163.000000 202431 185474 
12210 0.000409 195096.000000 202946 184096 
12220 0.000416 198080.000000 209429 188632 
12230 0.000411 191904.000000 201060 187093 
12240 0.000411 195000.000000 207634 182465 
12250 0.000411 194616.000000 201699 185356 
12260 0.000412 196093.000000 208461 182024 
12270 0.000414 193734.000000 207148 184601 
12280 0.000410 194565.000000 208102 184341 
12290 0.000413 197821.000000 221016 188804 
12300 0.000415 197642.000000 210900 189392 
12310 0.000412 196834.000000 205215 187642 
12320 0.000412 197546.000000 212267 188978 
12330 0.000415 195707.000000 207400 184491 
12340 0.000412 202492.000000 219403 187306 
12350 0.000419 197574.000000 218017 186885 
12360 0.000415 198339.000000 215183 185723 
12370 0.000422 198689.000000 210931 183521 
12380 0.000417 198259.000000 204918 188590 
12390 0.000420 197107.000000 208100 190648 
12400 0.000424 194582.000000 205922 186685 
12410 0.000418 199343.000000 214499 185827 
12420 0.000418 199165.000000 209830 182255 
12430 0.000421 195235.000000 204964 185163 
12440 0.000415 201257.000000 212317 191363 
12450 0.000423 203208.000000 213369 193982 
12460 0.000421 201716.000000 210707 193204 
12470 0.000423 202217.000000 214657 189090 
12480 0.000424 205060.000000 232537 191059 
12490 0.000420 201889.000000 211857 184987 
12500 0.000422 203083.000000 217891 188175 
12510 0.000421 205134.000000 219326 191710 
12520 0.000417 204363.000000 224349 190691 
12530 0.000423 202592.000000 220282 192474 
12540 0.000422 202712.000000 220541 192777 
12550 0.000424 199579.000000 209397 192949 
12560 0.000424 198324.000000 210968 189488 
12570 0.000424 200941.000000 213128 190904 
12580 0.000422 201769.000000 220548 190802 
12590 0.000423 202694.000000 218034 194621 
12600 0.000423 207704.000000 233627 192208 
12610 0.000424 203915.000000 215524 193111 
12620 0.000425 203285.000000 219195 191391 
12630 0.000427 203833.000000 212774 189298 
12640 0.000427 207433.000000 230500 191466 
12650 0.000423 208805.000000 222904 198220 
12660 0.000432 203641.000000 219565 191423 
12670 0.000424 205362.000000 214706 190794 
12680 0.000426 202094.000000 213351 187779 
12690 0.000427 203089.000000 211696 192238 
12700 0.000432 202640.000000 211716 191097 
12710 0.000432 206185.000000 237709 193218 
12720 0.000429 202892.000000 213002 192257 
12730 0.000427 205240.000000 219198 197786 
12740 0.000432 208180.000000 219132 197201 
12750 0.000431 204089.000000 214466 190295 
12760 0.000432 202807.000000 218413 193595 
12770 0.000428 201375.000000 207412 196300 
12780 0.000433 201497.000000 214070 194542 
12790 0.000426 206846.000000 217146 197564 
12800 0.000433 204705.000000 225452 194016 
12810 0.000433 206855.000000 224659 196212 
12820 0.000433 203979.000000 219625 189097 
12830 0.000433 202903.000000 212447 194153 
12840 0.000432 205071.000000 220652 192940 
12850 0.000432 204961.000000 215998 194273 
12860 0.000437 206528.000000 227791 195081 
12870 0.000432 207756.000000 223611 198448 
12880 0.000434 208918.000000 235066 194655 
12890 0.000439 206589.000000 217706 195375 
12900 0.000434 211315.000000 223786 198919 
12910 0.000434 210734.000000 221954 201612 
12920 0.000431 210786.000000 223655 197813 
12930 0.000438 210555.000000 224320 199752 
12940 0.000440 209978.000000 217274 202815 
12950 0.000437 206228.000000 211383 199728 
12960 0.000443 207753.000000 226765 194516 
12970 0.000439 211764.000000 228670 201132 
12980 0.000440 208108.000000 226973 193131 
12990 0.000438 208174.000000 215684 197660 
13000 0.000437 209706.000000 222186 198062 
13010 0.000445 211707.000000 248322 201830 
13020 0.000437 215263.000000 229870 200849 
13030 0.000437 211916.000000 223222 200395 
13040 0.000440 210642.000000 226432 200912 
13050 0.000445 219393.000000 251327 201080 
13060 0.000447 211767.000000 230435 200650 
13070 0.000443 213126.000000 238663 196852 
13080 0.000448 207813.000000 215046 202956 
13090 0.000447 218718.000000 229574 208659 
13100 0.000445 209252.000000 220017 200222 
13110 0.000452 210043.000000 223827 199380 
13120 0.000445 209846.000000 229930 197407 
13130 0.000448 217069.000000 237038 205795 
13140 0.000450 209879.000000 224952 197231 
13150 0.000457 213743.000000 225806 202478 
13160 0.000448 211610.000000 227597 195791 
13170 0.000449 210133.000000 226720 203996 
13180 0.000451 212344.000000 229098 204412 
13190 0.000454 212081.000000 222066 204474 
13200 0.000445 213649.000000 235255 198477 
13210 0.000453 211590.000000 220159 201826 
13220 0.000448 209731.000000 219531 201783 
13230 0.000453 215295.000000 227898 203043 
13240 0.000449 207820.000000 219529 196780 
13250 0.000445 214690.000000 226774 205583 
13260 0.000450 215757.000000 225155 208198 
13270 0.000449 210103.000000 220357 203399 
13280 0.000450 213217.000000 231969 205742 
13290 0.000450 215893.000000 232238 208244 
13300 0.000453 209555.000000 230279 200748 
13310 0.000446 216314.000000 235110 204873 
13320 0.000453 219558.000000 245262 205421 
13330 0.000453 214883.000000 223573 205485 
13340 0.000448 217323.000000 232721 204997 
13350 0.000455 215887.000000 248776 204568 
13360 0.000451 216156.000000 225395 205440 
13370 0.000452 214723.000000 224622 204550 
13380 0.000451 218999.000000 227733 212117 
13390 0.000456 214834.000000 231674 201358 
13400 0.000456 217886.000000 224068 210008 
13410 0.000459 220362.000000 235083 208815 
13420 0.000453 219504.000000 229108 211577 
13430 0.000454 212089.000000 229867 199685 
13440 0.000453 218492.000000 228272 204409 
13450 0.000452 219849.000000 241634 207900 
13460 0.000460 216527.000000 232063 207001 
13470 0.000463 220511.000000 244625 206635 
13480 0.000460 215860.000000 231107 208450 
13490 0.000462 215298.000000 223222 207390 
13500 0.000457 219805.000000 249302 209502 
13510 0.000459 215261.000000 230614 207951 
13520 0.000463 217092.000000 224652 207359 
13530 0.000461 217662.000000 231789 206282 
13540 0.000459 223954.000000 240403 209152 
13550 0.000456 220746.000000 245858 213049 
13560 0.000459 220657.000000 233983 208343 
13570 0.000460 222107.000000 244523 207730 
13580 0.000462 217611.000000 228218 206639 
13590 0.000458 219547.000000 250139 206095 
13600 0.000460 222269.000000 233384 211691 
13610 0.000466 222036.000000 238992 207255 
13620 0.000458 222485.000000 237774 211713 
13630 0.000463 217220.000000 237257 209525 
13640 0.000462 220003.000000 247968 207008 
13650 0.000464 224736.000000 255462 211035 
13660 0.000465 219695.000000 227053 210166 
13670 0.000462 219877.000000 233158 208848 
13680 0.000469 225820.000000 238918 217449 
13690 0.000466 219168.000000 236654 210472 
13700 0.000468 228731.000000 242931 211969 
13710 0.000465 225463.000000 243890 214313 
13720 0.000466 223979.000000 230468 215583 
13730 0.000465 224138.000000 246762 211478 
13740 0.000468 218200.000000 227512 205571 
13750 0.000473 226431.000000 240112 218357 
13760 0.000465 225895.000000 258345 213992 
13770 0.000474 219952.000000 238159 209780 
13780 0.000466 224411.000000 234916 210197 
13790 0.000470 229318.000000 249938 214757 
13800 0.000468 221501.000000 236713 212272 
13810 0.000472 229674.000000 251197 215850 
13820 0.000476 228082.000000 260100 217674 
13830 0.000472 227535.000000 244538 219776 
13840 0.000468 223899.000000 233668 212943 
13850 0.000474 227893.000000 241006 214967 
13860 0.000467 228707.000000 241978 213749 
13870 0.000477 228860.000000 237944 219629 
13880 0.000473 228539.000000 259044 210973 
13890 0.000475 227603.000000 243443 216548 
13900 0.000473 221349.000000 228857 216737 
13910 0.000478 221676.000000 230443 216226 
13920 0.000472 224082.000000 234099 217154 
13930 0.000476 227259.000000 241935 209760 
13940 0.000473 228353.000000 240390 210954 
13950 0.000474 225499.000000 239868 215485 
13960 0.000473 228316.000000 242514 212229 
13970 0.000476 224095.000000 243952 214593 
13980 0.000483 224719.000000 243178 214032 
13990 0.000478 227089.000000 236537 217667 
14000 0.000484 229149.000000 250718 214446 
14010 0.000478 230450.000000 248742 216015 
14020 0.000484 224927.000000 242377 215645 
14030 0.000479 225290.000000 235926 215351 
14040 0.000477 228499.000000 245471 219648 
14050 0.000481 224764.000000 232603 214664 
14060 0.000477 232752.000000 250816 222309 
14070 0.000494 229138.000000 238175 221531 
14080 0.000481 228931.000000 254423 211859 
14090 0.000478 233708.000000 259351 217093 
14100 0.000479 224745.000000 236709 213690 
14110 0.000479 231982.000000 243393 217143 
14120 0.000481 230030.000000 237453 214279 
14130 0.000484 228730.000000 233222 222806 
14140 0.000484 227517.000000 238090 219037 
14150 0.000484 230777.000000 244603 217669 
14160 0.000484 227821.000000 238626 215155 
14170 0.000479 232877.000000 243496 223969 
14180 0.000485 230327.000000 252782 218007 
14190 0.000479 228207.000000 248471 220340 
14200 0.000480 227825.000000 237407 214663 
14210 0.000480 237632.000000 250306 223379 
14220 0.000481 226606.000000 243769 216612 
14230 0.000483 233272.000000 242051 223491 
14240 0.000481 229673.000000 249525 219350 
14250 0.000484 229326.000000 238384 217662 
14260 0.000492 236526.000000 251205 222689 
14270 0.000484 237386.000000 255199 227923 
14280 0.000490 236765.000000 256049 219192 
14290 0.000494 232589.000000 246034 222108 
14300 0.000487 232537.000000 247543 221340 
14310 0.000486 238043.000000 251345 220263 
14320 0.000490 235448.000000 245675 225027 
14330 0.000492 229415.000000 235806 220815 
14340 0.000491 231711.000000 241240 219976 
14350 0.000490 228278.000000 242606 221651 
14360 0.000498 235922.000000 248408 221228 
14370 0.000492 232678.000000 244299 218528 
14380 0.000496 233019.000000 240827 221935 
14390 0.000494 230949.000000 239574 224005 
14400 0.000491 231308.000000 247825 215868 
14410 0.000490 239149.000000 247744 228802 
14420 0.000492 242558.000000 259649 224818 
14430 0.000492 235334.000000 244318 223275 
14440 0.000492 231931.000000 243728 223487 
14450 0.000498 238959.000000 258644 227234 
14460 0.000490 233160.000000 249160 221870 
14470 0.000495 238686.000000 256668 227859 
14480 0.000491 236332.000000 261691 223459 
14490 0.000497 237257.000000 255162 224222 
14500 0.000495 231388.000000 241249 222189 
14510 0.000493 235759.000000 257275 226069 
14520 0.000496 233140.000000 243258 222196 
14530 0.000494 235193.000000 249495 226257 
14540 0.000496 231523.000000 239837 222391 
14550 0.000490 240879.000000 258895 230393 
14560 0.000496 236505.000000 248572 229143 
14570 0.000493 234407.000000 248992 223994 
14580 0.000498 238309.000000 246944 225523 
14590 0.000498 242591.000000 266194 227108 
14600 0.000498 233967.000000 241607 226062 
14610 0.000499 240029.000000 259070 224740 
14620 0.000500 240321.000000 262162 226233 
14630 0.000501 243033.000000 267816 228078 
14640 0.000498 235497.000000 245579 230085 
14650 0.000503 238202.000000 252556 224767 
14660 0.000500 234812.000000 245884 225642 
14670 0.000501 234412.000000 248028 222200 
14680 0.000504 244441.000000 265201 231540 
14690 0.000498 245497.000000 280333 227850 
14700 0.000501 242407.000000 254495 233693 
14710 0.000507 239515.000000 245220 232779 
14720 0.000502 241037.000000 253188 233813 
14730 0.000503 240677.000000 267556 228763 
14740 0.000503 241839.000000 262071 222269 
14750 0.000502 237762.000000 247642 228480 
14760 0.000501 236953.000000 245374 229906 
14770 0.000507 246317.000000 274990 231192 
14780 0.000510 240990.000000 250564 229946 
14790 0.000507 241543.000000 252720 228845 
14800 0.000503 241601.000000 250276 229154 
14810 0.000505 246044.000000 274982 234465 
14820 0.000506 237517.000000 245701 225183 
14830 0.000504 244957.000000 257190 233153 
14840 0.000509 244229.000000 259957 233423 
14850 0.000508 243693.000000 264774 233611 
14860 0.000510 239794.000000 250721 231706 
14870 0.000504 247970.000000 267369 233156 
14880 0.000510 236666.000000 250845 226063 
14890 0.000508 240857.000000 253960 229692 
14900 0.000510 244101.000000 259851 228207 
14910 0.000510 246164.000000 265534 232614 
14920 0.000514 243051.000000 273272 232441 
14930 0.000510 243327.000000 268550 229720 
14940 0.000513 245254.000000 257914 231987 
14950 0.000513 246025.000000 271849 229535 
14960 0.000514 247072.000000 283606 235407 
14970 0.000510 241541.000000 252164 231252 
14980 0.000509 249788.000000 260987 234549 
14990 0.000512 245175.000000 254214 234768 
15000 0.000508 245375.000000 255864 235832 
15010 0.000513 247531.000000 265121 236514 
15020 0.000511 248048.000000 264513 238937 
15030 0.000516 241307.000000 251332 233420 
15040 0.000511 245799.000000 251212 238064 
15050 0.000517 245921.000000 253005 236202 
15060 0.000517 240934.000000 258215 228326 
15070 0.000521 246741.000000 259321 234540 
15080 0.000514 248025.000000 275483 236218 
15090 0.000517 248881.000000 265080 236967 
15100 0.000518 249327.000000 274441 233258 
15110 0.000513 253927.000000 275826 243985 
15120 0.000525 246868.000000 255392 235268 
15130 0.000522 249465.000000 265235 240766 
15140 0.000514 250326.000000 269020 240321 
15150 0.000519 246157.000000 260315 236647 
15160 0.000517 246742.000000 260376 233812 
15170 0.000519 252110.000000 263646 238559 
15180 0.000522 249644.000000 277510 237135 
15190 0.000523 245727.000000 259431 232123 
15200 0.000524 247278.000000 257645 233357 
15210 0.000528 250939.000000 267774 235562 
15220 0.000522 244590.000000 255552 234882 
15230 0.000524 250551.000000 264303 238232 
15240 0.000523 249751.000000 260015 241978 
15250 0.000526 251165.000000 263287 235263 
15260 0.000523 252455.000000 270802 239940 
15270 0.000526 251826.000000 267880 236514 
15280 0.000531 251156.000000 263625 237000 
15290 0.000527 250301.000000 270632 229864 
15300 0.000526 246843.000000 262977 237361 
15310 0.000526 249665.000000 274087 235314 
15320 0.000532 253030.000000 265294 238198 
15330 0.000525 251336.000000 268918 238179 
15340 0.000527 250983.000000 260689 239007 
15350 0.000525 253192.000000 272779 240302 
15360 0.000529 252418.000000 265192 239804 
15370 0.000532 252701.000000 274055 237844 
15380 0.000531 245417.000000 253861 234700 
15390 0.000528 253638.000000 283840 240102 
15400 0.000533 252147.000000 271045 243943 
15410 0.000525 253060.000000 263152 239330 
15420 0.000528 246520.000000 256780 241264 
15430 0.000526 251647.000000 262448 239053 
15440 0.000529 254406.000000 283266 241463 
15450 0.000532 254406.000000 277300 242737 
15460 0.000531 254042.000000 273108 238356 
15470 0.000536 251508.000000 270663 234725 
15480 0.000532 260901.000000 284673 246570 
15490 0.000536 252658.000000 269438 242262 
15500 0.000532 256637.000000 276895 232567 
15510 0.000529 257544.000000 300962 244668 
15520 0.000536 250555.000000 268309 234556 
15530 0.000533 255903.000000 283516 245709 
15540 0.000530 256279.000000 281555 243939 
15550 0.000536 255550.000000 269364 244955 
15560 0.000532 252399.000000 261294 245707 
15570 0.000536 255246.000000 276286 242446 
15580 0.000539 259066.000000 281437 247962 
15590 0.000536 254706.000000 268503 242530 
15600 0.000536 259885.000000 282738 245604 
15610 0.000537 257279.000000 287909 246463 
15620 0.000540 255784.000000 259980 248662 
15630 0.000542 257268.000000 281799 240551 
15640 0.000543 257335.000000 276245 247005 
15650 0.000541 258945.000000 277256 250015 
15660 0.000540 256584.000000 274846 242143 
15670 0.000539 259775.000000 297962 245130 
15680 0.000537 260950.000000 273909 245708 
15690 0.000541 256929.000000 270011 245670 
15700 0.000541 256965.000000 270452 247275 
15710 0.000543 259166.000000 273917 249161 
15720 0.000539 256525.000000 275409 243858 
15730 0.000543 261440.000000 288375 243583 
15740 0.000543 264374.000000 284298 248995 
15750 0.000542 259778.000000 278446 245170 
15760 0.000540 261661.000000 277018 246601 
15770 0.000549 257787.000000 272850 249528 
15780 0.000545 257472.000000 273427 242695 
15790 0.000543 260530.000000 272552 249582 
15800 0.000543 266092.000000 285508 250411 
15810 0.000550 260924.000000 278659 244611 
15820 0.000546 263098.000000 289603 256132 
15830 0.000548 264528.000000 276054 251512 
15840 0.000545 266162.000000 277966 252680 
15850 0.000549 262032.000000 275600 250004 
15860 0.000544 260055.000000 274920 251204 
15870 0.000546 260995.000000 286898 242188 
15880 0.000545 262341.000000 281832 246490 
15890 0.000548 266667.000000 293727 248643 
15900 0.000546 265455.000000 279043 253640 
15910 0.000552 268660.000000 285083 260144 
15920 0.000546 262896.000000 278396 255027 
15930 0.000546 262879.000000 290267 246904 
15940 0.000550 261304.000000 277446 246027 
15950 0.000548 264562.000000 276770 252906 
15960 0.000553 259291.000000 269140 250547 
15970 0.000550 264352.000000 277822 251336 
15980 0.000549 259006.000000 269722 245153 
15990 0.000553 265730.000000 282297 254924 
16000 0.000547 262602.000000 276688 247067 
16010 0.000551 265972.000000 277938 250114 
16020 0.000553 264385.000000 276606 248448 
16030 0.000550 268988.000000 295816 256520 
16040 0.000556 262077.000000 277266 252168 
16050 0.000554 271323.000000 290861 255394 
16060 0.000561 264685.000000 279835 255241 
16070 0.000556 263878.000000 280785 250579 
16080 0.000555 263307.000000 279979 245059 
16090 0.000568 270248.000000 281821 259636 
16100 0.000561 266286.000000 281539 255052 
16110 0.000560 268570.000000 291669 257760 
16120 0.000558 264115.000000 287320 246264 
16130 0.000553 273716.000000 302746 261182 
16140 0.000558 266448.000000 279368 254640 
16150 0.000557 266836.000000 294110 252308 
16160 0.000559 267057.000000 272726 261875 
16170 0.000555 273025.000000 284493 255461 
16180 0.000559 271247.000000 288387 255725 
16190 0.000564 264168.000000 293450 252272 
16200 0.000564 267051.000000 281547 254283 
16210 0.000562 264826.000000 278911 256616 
16220 0.000564 271162.000000 296517 262980 
16230 0.000561 266524.000000 281886 259547 
16240 0.000557 269307.000000 280367 253727 
16250 0.000561 263843.000000 283833 255192 
16260 0.000564 273954.000000 291919 259801 
16270 0.000565 266183.000000 282474 249236 
16280 0.000564 272570.000000 293866 262104 
16290 0.000562 269361.000000 291858 255310 
16300 0.000566 266333.000000 294512 255284 
16310 0.000562 270494.000000 281462 256239 
16320 0.000567 271004.000000 322817 260067 
16330 0.000563 272597.000000 304600 255467 
16340 0.000568 273789.000000 308070 257054 
16350 0.000563 271346.000000 281001 266380 
16360 0.000565 275998.000000 300029 261377 
16370 0.000569 275443.000000 297158 256344 
16380 0.000568 271949.000000 300719 259993 
16390 0.000565 278577.000000 299083 262252 
16400 0.000565 271061.000000 303213 260125 
16410 0.000565 272452.000000 295599 257210 
16420 0.000568 270797.000000 284341 255549 
16430 0.000569 273233.000000 292214 259953 
16440 0.000564 275500.000000 297563 264262 
16450 0.000572 272342.000000 287526 254777 
16460 0.000569 272240.000000 288503 261858 
16470 0.000571 277363.000000 290907 267448 
16480 0.000568 272034.000000 287802 261200 
16490 0.000571 274818.000000 287168 261558 
16500 0.000567 280168.000000 307161 263043 
16510 0.000570 276137.000000 291830 267298 
16520 0.000570 273150.000000 284597 267131 
16530 0.000571 277357.000000 290121 257920 
16540 0.000568 275114.000000 293480 262694 
16550 0.000569 277821.000000 302419 258233 
16560 0.000570 280679.000000 305153 263617 
16570 0.000577 277019.000000 297655 254714 
16580 0.000576 276826.000000 308999 256967 
16590 0.000577 274389.000000 302721 261995 
16600 0.000577 271799.000000 295583 258169 
16610 0.000587 276155.000000 291101 262918 
16620 0.000578 272531.000000 278868 264629 
16630 0.000576 273861.000000 297060 259740 
16640 0.000576 276936.000000 293353 264431 
16650 0.000572 276501.000000 290950 259841 
16660 0.000582 283170.000000 309991 268905 
16670 0.000581 274699.000000 289365 263172 
16680 0.000580 274264.000000 287049 260517 
16690 0.000578 277454.000000 295677 266879 
16700 0.000575 275021.000000 291055 257688 
16710 0.000578 274706.000000 304385 265279 
16720 0.000586 275125.000000 291767 258834 
16730 0.000574 281203.000000 299730 263815 
16740 0.000575 277311.000000 294592 260976 
16750 0.000584 275323.000000 292065 259726 
16760 0.000585 279038.000000 300639 263758 
16770 0.000582 280669.000000 299012 267813 
16780 0.000577 281325.000000 307602 265023 
16790 0.000583 273763.000000 288205 261264 
16800 0.000580 280775.000000 305562 269807 
16810 0.000583 283481.000000 299416 272903 
16820 0.000582 279454.000000 294661 264568 
16830 0.000585 275520.000000 295203 258043 
16840 0.000584 271922.000000 285970 260067 
16850 0.000580 281732.000000 305312 269869 
16860 0.000580 282400.000000 293873 270990 
16870 0.000578 278196.000000 286856 266020 
16880 0.000586 277112.000000 300179 260472 
16890 0.000582 276668.000000 295657 267188 
16900 0.000580 280549.000000 300505 266644 
16910 0.000588 289505.000000 316715 265887 
16920 0.000590 281835.000000 297766 266552 
16930 0.000585 280953.000000 293120 265165 
16940 0.000589 282159.000000 299623 266226 
16950 0.000586 279384.000000 293502 266555 
16960 0.000592 283209.000000 298877 272858 
16970 0.000587 277039.000000 290217 263556 
16980 0.000593 278909.000000 305109 266299 
16990 0.000588 277003.000000 287518 257896 
17000 0.000595 285945.000000 296930 270109 
17010 0.000593 286525.000000 299111 273705 
17020 0.000593 282642.000000 293920 267012 
17030 0.000589 290195.000000 305497 268502 
17040 0.000589 282860.000000 318755 270816 
17050 0.000590 282114.000000 299097 269762 
17060 0.000592 283657.000000 297932 272363 
17070 0.000596 279370.000000 294820 270223 
17080 0.000595 279370.000000 292922 269291 
17090 0.000587 279208.000000 301698 269546 
17100 0.000594 280351.000000 288343 270231 
17110 0.000598 283182.000000 292971 271244 
17120 0.000602 283840.000000 311260 265037 
17130 0.000589 291174.000000 310881 276968 
17140 0.000594 286330.000000 309253 277145 
17150 0.000598 283175.000000 301565 268559 
17160 0.000598 286029.000000 311206 273585 
17170 0.000598 283814.000000 309987 270169 
17180 0.000594 289799.000000 305241 275677 
17190 0.000599 286370.000000 300076 272862 
17200 0.000595 281176.000000 292866 273218 
17210 0.000597 288800.000000 313064 274418 
17220 0.000595 285382.000000 300279 272932 
17230 0.000604 288773.000000 308500 276803 
17240 0.000599 286103.000000 310132 275312 
17250 0.000603 287345.000000 326619 269307 
17260 0.000595 283947.000000 294174 273594 
17270 0.000595 291459.000000 308302 273502 
17280 0.000602 289775.000000 301114 281884 
17290 0.000604 286843.000000 302696 271360 
17300 0.000596 287872.000000 307212 273858 
17310 0.000601 294124.000000 324494 273368 
17320 0.000601 292583.000000 317480 278238 
17330 0.000598 293090.000000 315185 279662 
17340 0.000601 287766.000000 309026 273568 
17350 0.000603 287879.000000 306643 276507 
17360 0.000603 286539.000000 303496 272247 
17370 0.000600 291483.000000 312454 281392 
17380 0.000603 290664.000000 302812 278678 
17390 0.000604 287796.000000 305056 273741 
17400 0.000610 290053.000000 302522 269697 
17410 0.000607 287352.000000 308737 271579 
17420 0.000603 291273.000000 299885 282277 
17430 0.000606 286300.000000 338634 268721 
17440 0.000603 289716.000000 301261 278647 
17450 0.000603 293055.000000 325473 275265 
17460 0.000607 288002.000000 300625 279493 
17470 0.000610 295697.000000 314551 283309 
17480 0.000606 290464.000000 303024 281362 
17490 0.000606 294656.000000 308621 282875 
17500 0.000611 292163.000000 302744 281024 
17510 0.000607 289887.000000 305751 278402 
17520 0.000615 289725.000000 312080 274370 
17530 0.000608 292473.000000 314534 278069 
17540 0.000608 289480.000000 327248 275596 
17550 0.000610 295996.000000 309563 279456 
17560 0.000612 294622.000000 325008 282757 
17570 0.000611 293481.000000 306578 275677 
17580 0.000610 292990.000000 308668 277061 
17590 0.000616 289473.000000 304477 278073 
17600 0.000613 299965.000000 325752 287172 
17610 0.000615 291662.000000 303236 276555 
17620 0.000624 296805.000000 336682 273997 
17630 0.000614 296310.000000 315987 274711 
17640 0.000615 291145.000000 341008 274672 
17650 0.000614 292780.000000 305522 280948 
17660 0.000614 288269.000000 303418 275230 
17670 0.000612 289280.000000 306190 278105 
17680 0.000616 302307.000000 318312 280210 
17690 0.000609 298160.000000 307095 283877 
17700 0.000613 305405.000000 337040 287980 
17710 0.000616 294262.000000 303077 287406 
17720 0.000615 292694.000000 314265 281333 
17730 0.000621 299205.000000 313442 284085 
17740 0.000615 298404.000000 325278 287216 
17750 0.000619 293721.000000 323561 281674 
17760 0.000618 292600.000000 322618 276673 
17770 0.000625 300292.000000 325289 283117 
17780 0.000620 294560.000000 307385 281273 
17790 0.000619 294568.000000 308799 278193 
17800 0.000622 292534.000000 308337 284440 
17810 0.000617 297403.000000 317168 283979 
17820 0.000622 295034.000000 310095 284735 
17830 0.000621 299323.000000 321532 283122 
17840 0.000629 301724.000000 321103 281100 
17850 0.000619 299473.000000 308009 282340 
17860 0.000619 307804.000000 328799 289736 
17870 0.000621 299806.000000 326038 284016 
17880 0.000618 302553.000000 323930 288081 
17890 0.000622 299963.000000 330206 282335 
17900 0.000620 301039.000000 318387 282842 
17910 0.000622 308164.000000 326515 283278 
17920 0.000619 298266.000000 321041 281715 
17930 0.000620 297697.000000 315189 285967 
17940 0.000626 299186.000000 313667 281549 
17950 0.000625 297731.000000 305472 289715 
17960 0.000634 299052.000000 324937 282300 
17970 0.000625 294618.000000 304550 282001 
17980 0.000625 301827.000000 354956 281948 
17990 0.000623 303369.000000 316487 286914 
18000 0.000629 306939.000000 325316 292245 
18010 0.000630 300653.000000 328122 286257 
18020 0.000628 304258.000000 319786 290580 
18030 0.000627 305136.000000 330556 288979 
18040 0.000626 301227.000000 327529 285276 
18050 0.000634 303166.000000 316658 293576 
18060 0.000634 309179.000000 327728 290129 
18070 0.000629 305726.000000 323148 286296 
18080 0.000629 302806.000000 312934 294836 
18090 0.000635 310378.000000 363272 288017 
18100 0.000630 303973.000000 321109 285907 
18110 0.000634 307496.000000 323996 298219 
18120 0.000635 304537.000000 327918 293840 
18130 0.000638 308090.000000 329279 297456 
18140 0.000632 301230.000000 310656 289543 
18150 0.000635 302658.000000 338519 291356 
18160 0.000634 308420.000000 357702 287899 
18170 0.000627 313810.000000 336668 299895 
18180 0.000637 313012.000000 371953 284884 
18190 0.000630 305692.000000 326678 292732 
18200 0.000636 301767.000000 320257 288919 
18210 0.000637 300063.000000 315936 289845 
18220 0.000633 307862.000000 330098 287765 
18230 0.000636 303507.000000 334038 286989 
18240 0.000632 304379.000000 325974 289604 
18250 0.000638 306024.000000 321859 291934 
18260 0.000638 305038.000000 323591 292869 
18270 0.000639 308403.000000 334004 288593 
18280 0.000634 319215.000000 358297 295836 
18290 0.000638 312731.000000 337242 284772 
18300 0.000640 305551.000000 327003 285784 
18310 0.000637 304055.000000 317823 290867 
18320 0.000641 312255.000000 340121 293322 
18330 0.000639 306538.000000 328819 294264 
18340 0.000642 315127.000000 351441 294073 
18350 0.000642 308269.000000 320929 295011 
18360 0.000644 306726.000000 323527 294518 
18370 0.000648 313890.000000 338279 290576 
18380 0.000639 310522.000000 339692 295151 
18390 0.000639 312157.000000 331307 301106 
18400 0.000643 305060.000000 320274 292501 
18410 0.000645 307885.000000 335942 291954 
18420 0.000644 305396.000000 325828 296187 
18430 0.000643 314690.000000 345582 294594 
18440 0.000641 304964.000000 318386 292331 
18450 0.000645 305769.000000 323576 291641 
18460 0.000640 310058.000000 344098 292969 
18470 0.000648 305915.000000 319448 289138 
18480 0.000644 314936.000000 360889 292210 
18490 0.000648 309977.000000 334015 289710 
18500 0.000647 307068.000000 321891 291462 
18510 0.000643 310605.000000 324543 297651 
18520 0.000649 316008.000000 327365 297138 
18530 0.000653 314141.000000 361306 298350 
18540 0.000649 305843.000000 324898 295836 
18550 0.000652 314667.000000 357287 300095 
18560 0.000651 310809.000000 329634 296124 
18570 0.000651 314658.000000 342521 292391 
18580 0.000651 314261.000000 328545 292312 
18590 0.000652 315522.000000 329994 296911 
18600 0.000646 317325.000000 338750 300643 
18610 0.000651 311841.000000 330537 296948 
18620 0.000657 315499.000000 337149 292767 
18630 0.000650 305702.000000 320493 290832 
18640 0.000653 310728.000000 329076 295614 
18650 0.000660 315638.000000 367600 296521 
18660 0.000653 315010.000000 333437 304465 
18670 0.000652 313483.000000 331583 299851 
18680 0.000651 314518.000000 336119 292819 
18690 0.000654 308390.000000 322916 295169 
18700 0.000653 312522.000000 335917 297245 
18710 0.000653 310522.000000 338246 294115 
18720 0.000654 315230.000000 334842 298524 
18730 0.000660 320485.000000 353674 311414 
18740 0.000659 313905.000000 333175 298928 
18750 0.000654 319024.000000 346494 301052 
18760 0.000658 324189.000000 344562 305759 
18770 0.000658 316369.000000 344937 294743 
18780 0.000658 318009.000000 342234 307860 
18790 0.000660 318949.000000 333125 304860 
18800 0.000664 315173.000000 346223 297522 
18810 0.000650 317027.000000 326012 306729 
18820 0.000653 323456.000000 342140 309807 
18830 0.000659 315557.000000 330890 300159 
18840 0.000661 321421.000000 337027 311515 
18850 0.000661 310918.000000 331853 296276 
18860 0.000656 313726.000000 329928 301629 
18870 0.000661 314716.000000 332159 303621 
18880 0.000664 314593.000000 350133 300991 
18890 0.000660 323151.000000 337532 309177 
18900 0.000664 313854.000000 325130 306629 
18910 0.000659 319973.000000 331264 308383 
18920 0.000665 322593.000000 338501 307036 
18930 0.000668 322359.000000 355784 307613 
18940 0.000661 318713.000000 335455 305670 
18950 0.000663 317196.000000 327013 306960 
18960 0.000663 319457.000000 345732 309412 
18970 0.000662 319567.000000 334895 304544 
18980 0.000669 319106.000000 349518 304372 
18990 0.000668 321615.000000 339787 310158 
19000 0.000670 319246.000000 357713 306379 
19010 0.000669 320541.000000 341980 303617 
19020 0.000672 322497.000000 345612 295486 
19030 0.000672 322407.000000 354160 297354 
19040 0.000668 322623.000000 341474 299352 
19050 0.000675 322171.000000 361790 306602 
19060 0.000668 316092.000000 333894 303430 
19070 0.000675 328791.000000 349344 309829 
19080 0.000672 316826.000000 336343 302714 
19090 0.000669 322193.000000 345074 311265 
19100 0.000674 317548.000000 327190 306946 
19110 0.000667 321617.000000 339632 304571 
19120 0.000674 321976.000000 342408 307693 
19130 0.000670 325156.000000 344542 304164 
19140 0.000667 323160.000000 332293 310511 
19150 0.000678 325119.000000 374628 307756 
19160 0.000675 320799.000000 336376 309919 
19170 0.000672 329402.000000 351208 312595 
19180 0.000676 326001.000000 346203 305943 
19190 0.000675 321992.000000 341258 313654 
19200 0.000672 325687.000000 358633 306669 
19210 0.000673 325035.000000 341439 308615 
19220 0.000671 319925.000000 351679 299663 
19230 0.000682 322462.000000 343161 298222 
19240 0.000676 327220.000000 340711 316145 
19250 0.000677 321903.000000 343552 308344 
19260 0.000676 318178.000000 332645 310038 
19270 0.000682 324570.000000 346530 311884 
19280 0.000678 329883.000000 354619 310541 
19290 0.000675 324527.000000 348512 311487 
19300 0.000676 319647.000000 339580 308354 
19310 0.000681 334900.000000 358296 315076 
19320 0.000674 332002.000000 341833 322287 
19330 0.000679 335231.000000 355717 315214 
19340 0.000681 329519.000000 346064 318811 
19350 0.000678 327125.000000 342389 313854 
19360 0.000679 323194.000000 347594 304826 
19370 0.000676 330294.000000 356141 317369 
19380 0.000681 321855.000000 353576 312772 
19390 0.000684 330370.000000 355763 311398 
19400 0.000683 330251.000000 359930 306293 
19410 0.000685 323599.000000 335926 311404 
19420 0.000684 320931.000000 340588 308053 
19430 0.000682 324127.000000 333674 316092 
19440 0.000691 330970.000000 346265 314159 
19450 0.000682 328668.000000 354903 314218 
19460 0.000688 332101.000000 350864 314095 
19470 0.000687 331545.000000 342747 318824 
19480 0.000685 331989.000000 347266 320283 
19490 0.000686 327073.000000 343961 315235 
19500 0.000689 330078.000000 353364 319292 
19510 0.000679 327541.000000 353350 314323 
19520 0.000688 333322.000000 366781 321949 
19530 0.000684 334907.000000 348260 316194 
19540 0.000693 335079.000000 354204 318717 
19550 0.000684 327328.000000 346256 312367 
19560 0.000690 329312.000000 355442 314929 
19570 0.000693 331029.000000 349018 314068 
19580 0.000690 324584.000000 348925 307446 
19590 0.000687 329484.000000 357076 321220 
19600 0.000690 323233.000000 340422 307150 
19610 0.000692 331139.000000 343928 314442 
19620 0.000691 332719.000000 358624 314979 
19630 0.000704 335246.000000 354543 325122 
19640 0.000691 334478.000000 358009 311483 
19650 0.000689 338341.000000 353761 318675 
19660 0.000692 333658.000000 346489 322978 
19670 0.000693 332469.000000 342938 316156 
19680 0.000694 333030.000000 344792 323695 
19690 0.000693 335387.000000 345406 321570 
19700 0.000691 335294.000000 353371 317913 
19710 0.000690 335554.000000 354219 323904 
19720 0.000703 331545.000000 354631 317385 
19730 0.000700 336237.000000 355190 315875 
19740 0.000694 330666.000000 346264 320000 
19750 0.000700 331791.000000 353111 317565 
19760 0.000695 330244.000000 345573 320558 
19770 0.000701 334464.000000 358839 312994 
19780 0.000696 341082.000000 367404 328466 
19790 0.000693 339649.000000 352420 323253 
19800 0.000704 332553.000000 359612 318547 
19810 0.000697 334981.000000 350815 316855 
19820 0.000697 326948.000000 341150 311332 
19830 0.000702 338711.000000 359794 321279 
19840 0.000699 334825.000000 352520 323175 
19850 0.000699 339268.000000 372319 320257 
19860 0.000700 336737.000000 356683 316509 
19870 0.000698 340454.000000 373222 323453 
19880 0.000698 337297.000000 363415 323713 
19890 0.000699 335189.000000 354523 320252 
19900 0.000701 337350.000000 354535 323660 
19910 0.000705 333829.000000 356083 316731 
19920 0.000705 335215.000000 349185 317611 
19930 0.000702 343691.000000 373284 322521 
19940 0.000700 347482.000000 377267 317154 
19950 0.000702 334961.000000 351721 325508 
19960 0.000702 331124.000000 346637 321677 
19970 0.000705 336958.000000 366106 319064 
19980 0.000707 334125.000000 350224 318821 
19990 0.000700 337951.000000 355544 322421 
20000 0.000703 338416.000000 357054 320963 
20010 0.000710 334498.000000 359881 319468 
20020 0.000703 338646.000000 359434 328648 
20030 0.000705 338959.000000 355051 324701 
20040 0.000709 340416.000000 355750 321172 
20050 0.000706 339386.000000 360424 325409 
20060 0.000707 339865.000000 352207 316830 
20070 0.000712 333716.000000 359694 321101 
20080 0.000711 345846.000000 390660 324766 
20090 0.000709 333081.000000 356233 323375 
20100 0.000710 339663.000000 364300 328122 
20110 0.000705 344556.000000 373036 328414 
20120 0.000709 341365.000000 353951 323193 
20130 0.000711 338983.000000 364692 323842 
20140 0.000708 342772.000000 356475 327707 
20150 0.000715 341607.000000 362938 325222 
20160 0.000713 345967.000000 365626 325931 
20170 0.000717 339392.000000 354095 330410 
20180 0.000721 338504.000000 373091 318078 
20190 0.000710 345602.000000 390081 333440 
20200 0.000717 342379.000000 354385 323326 
20210 0.000711 342939.000000 360181 330895 
20220 0.000712 344528.000000 361508 326671 
20230 0.000719 345059.000000 354332 331680 
20240 0.000719 342440.000000 369754 326563 
20250 0.000711 345893.000000 361848 332915 
20260 0.000716 342729.000000 366763 325111 
20270 0.000712 342612.000000 372168 324519 
20280 0.000716 345070.000000 374523 321249 
20290 0.000721 340596.000000 359811 325874 
20300 0.000719 342883.000000 355204 333459 
20310 0.000710 347123.000000 368926 327385 
20320 0.000718 339158.000000 366117 326641 
20330 0.000712 343015.000000 359892 327966 
20340 0.000718 341746.000000 365106 325125 
20350 0.000721 342132.000000 359226 331578 
20360 0.000713 351163.000000 369958 327511 
20370 0.000724 349261.000000 373715 322695 
20380 0.000717 349129.000000 367770 320930 
20390 0.000721 347852.000000 366192 337574 
20400 0.000716 346417.000000 364378 333355 
20410 0.000722 341426.000000 358152 332835 
20420 0.000718 348382.000000 368980 327640 
20430 0.000722 349231.000000 376419 332844 
20440 0.000722 341215.000000 355037 331741 
20450 0.000718 357128.000000 380895 336124 
20460 0.000723 348016.000000 378501 330403 
20470 0.000725 346171.000000 373928 330459 
20480 0.000722 342924.000000 367869 328346 
20490 0.000725 352301.000000 373158 328245 
20500 0.000727 362405.000000 379550 335387 
20510 0.000721 351572.000000 368851 331601 
20520 0.000724 341788.000000 360628 336141 
20530 0.000727 348721.000000 366977 334363 
20540 0.000730 349612.000000 371531 337777 
20550 0.000725 347792.000000 358010 340668 
20560 0.000731 346937.000000 358256 331927 
20570 0.000727 348372.000000 365596 332079 
20580 0.000728 350428.000000 369293 337173 
20590 0.000729 344427.000000 355105 325613 
20600 0.000732 346478.000000 357784 333641 
20610 0.000732 343753.000000 357876 334489 
20620 0.000727 350226.000000 364831 329618 
20630 0.000730 356726.000000 378166 340234 
20640 0.000735 358529.000000 401410 340946 
20650 0.000730 348300.000000 360077 340437 
20660 0.000728 351066.000000 378536 339374 
20670 0.000733 352451.000000 381725 339603 
20680 0.000736 350850.000000 368553 338679 
20690 0.000728 347531.000000 357814 326639 
20700 0.000736 351272.000000 375416 335178 
20710 0.000729 349589.000000 365027 336370 
20720 0.000737 351282.000000 371776 332806 
20730 0.000736 352054.000000 375710 337364 
20740 0.000734 347777.000000 371868 334638 
20750 0.000740 350219.000000 361494 328294 
20760 0.000735 353809.000000 376433 340560 
20770 0.000737 350310.000000 369126 337032 
20780 0.000734 353864.000000 382688 332797 
20790 0.000737 351169.000000 362601 334629 
20800 0.000741 356574.000000 386776 343848 
20810 0.000741 351219.000000 369072 338500 
20820 0.000744 359308.000000 399313 331940 
20830 0.000739 354472.000000 383019 335229 
20840 0.000748 354092.000000 407563 327398 
20850 0.000736 358030.000000 380719 343034 
20860 0.000737 360906.000000 381006 336774 
20870 0.000741 349082.000000 369480 332547 
20880 0.000746 354424.000000 369841 340427 
20890 0.000745 352980.000000 377629 333747 
20900 0.000742 352837.000000 376533 341786 
20910 0.000740 359819.000000 374712 344386 
20920 0.000739 355685.000000 380724 340260 
20930 0.000745 354009.000000 386162 342451 
20940 0.000739 355028.000000 377160 342949 
20950 0.000740 351486.000000 375106 341850 
20960 0.000740 358186.000000 373257 345979 
20970 0.000751 354387.000000 373623 340896 
20980 0.000749 355818.000000 374728 331737 
20990 0.000749 349525.000000 370918 333707 
21000 0.000745 360058.000000 374988 346525 
21010 0.000754 359565.000000 385985 343246 
21020 0.000751 354705.000000 369366 341543 
21030 0.000745 359591.000000 380447 340413 
21040 0.000740 356848.000000 366096 347446 
21050 0.000745 356617.000000 371997 342909 
21060 0.000746 359040.000000 398715 346663 
21070 0.000748 355751.000000 374321 341572 
21080 0.000749 367943.000000 389277 350007 
21090 0.000754 356130.000000 366676 347164 
21100 0.000751 356720.000000 382916 336196 
21110 0.000746 358303.000000 381440 340680 
21120 0.000754 353331.000000 367255 345575 
21130 0.000751 354747.000000 379618 336236 
21140 0.000757 368042.000000 395813 350154 
21150 0.000752 362221.000000 377143 345952 
21160 0.000754 364969.000000 386974 353748 
21170 0.000754 365810.000000 414985 349957 
21180 0.000753 361222.000000 387173 338649 
21190 0.000749 359505.000000 374876 342745 
21200 0.000753 356726.000000 365327 346937 
21210 0.000755 360896.000000 375818 350758 
21220 0.000755 364042.000000 411800 345476 
21230 0.000758 360116.000000 378772 336408 
21240 0.000756 362685.000000 399138 341192 
21250 0.000759 354846.000000 376296 341583 
21260 0.000758 366802.000000 395659 341029 
21270 0.000755 356380.000000 381740 338124 
21280 0.000762 358172.000000 379789 342373 
21290 0.000757 361821.000000 381102 343522 
21300 0.000758 365457.000000 379702 350545 
21310 0.000761 369462.000000 386164 352315 
21320 0.000754 371054.000000 407344 350041 
21330 0.000761 361004.000000 379072 348347 
21340 0.000759 368620.000000 387353 348033 
21350 0.000764 368658.000000 383268 344808 
21360 0.000759 362868.000000 381533 347307 
21370 0.000760 357236.000000 368207 344403 
21380 0.000762 365696.000000 376524 344229 
21390 0.000763 367387.000000 398379 354379 
21400 0.000759 363767.000000 372744 356372 
21410 0.000770 371419.000000 403128 354699 
21420 0.000776 363026.000000 381191 340793 
21430 0.000767 367057.000000 407504 348841 
21440 0.000767 352048.000000 371154 339969 
21450 0.000782 364025.000000 378722 351565 
21460 0.000760 368964.000000 382014 358352 
21470 0.000755 367061.000000 377020 351791 
21480 0.000762 369354.000000 390796 354562 
21490 0.000765 361719.000000 378027 348522 
21500 0.000770 370031.000000 388327 350534 
21510 0.000770 367287.000000 401553 345219 
21520 0.000775 367328.000000 395892 353830 
21530 0.000770 368353.000000 384651 346868 
21540 0.000771 365646.000000 374812 356727 
21550 0.000764 360058.000000 380329 347056 
21560 0.000767 365582.000000 399107 350482 
21570 0.000768 368407.000000 375745 356611 
21580 0.000770 372061.000000 397349 354574 
21590 0.000767 363057.000000 387963 351065 
21600 0.000761 380946.000000 416868 350846 
21610 0.000770 369990.000000 384445 346747 
21620 0.000769 372886.000000 409682 352008 
21630 0.000778 368476.000000 387961 350814 
21640 0.000766 367803.000000 387027 345650 
21650 0.000771 371522.000000 390420 347110 
21660 0.000775 366731.000000 399404 349351 
21670 0.000769 369973.000000 395190 351074 
21680 0.000772 373187.000000 394160 360549 
21690 0.000785 371452.000000 401092 348515 
21700 0.000775 365004.000000 388713 352892 
21710 0.000777 373039.000000 400040 360288 
21720 0.000777 367582.000000 382131 348931 
21730 0.000773 374225.000000 409273 352694 
21740 0.000773 368513.000000 378996 355068 
21750 0.000777 373230.000000 398177 353234 
21760 0.000767 367056.000000 388939 354481 
21770 0.000776 376176.000000 406033 353659 
21780 0.000771 374005.000000 386513 360807 
21790 0.000780 374054.000000 409249 357102 
21800 0.000777 374965.000000 391474 360444 
21810 0.000779 378039.000000 390763 363033 
21820 0.000776 374425.000000 402060 358273 
21830 0.000779 369973.000000 391931 348458 
21840 0.000781 381377.000000 409091 365801 
21850 0.000776 376092.000000 408581 356033 
21860 0.000773 369560.000000 379080 358317 
21870 0.000785 375243.000000 386100 355966 
21880 0.000779 375836.000000 418974 357373 
21890 0.000775 372156.000000 389324 351306 
21900 0.000781 375817.000000 389514 354786 
21910 0.000783 375650.000000 399275 355625 
21920 0.000778 373742.000000 388937 353667 
21930 0.000780 376381.000000 394541 358347 
21940 0.000789 371219.000000 389161 356192 
21950 0.000786 372216.000000 399153 360362 
21960 0.000788 371238.000000 384318 352601 
21970 0.000784 375013.000000 405869 356734 
21980 0.000791 374361.000000 388208 365398 
21990 0.000799 375208.000000 390610 356161 
22000 0.000789 376051.000000 396198 360930 
22010 0.000794 386945.000000 424478 362340 
22020 0.000794 376980.000000 393922 356816 
22030 0.000784 369966.000000 392806 353825 
22040 0.000793 376406.000000 394095 361437 
22050 0.000789 385287.000000 457196 355340 
22060 0.000789 382173.000000 397050 354907 
22070 0.000791 377241.000000 388095 356860 
22080 0.000781 386922.000000 407202 371286 
22090 0.000789 384227.000000 405024 362724 
22100 0.000790 380627.000000 403340 361310 
22110 0.000801 380828.000000 403480 358937 
22120 0.000826 382506.000000 405265 366537 
22130 0.000815 387231.000000 429042 367304 
22140 0.000811 375018.000000 402772 353305 
22150 0.000802 386144.000000 411649 366562 
22160 0.000807 381232.000000 394150 363831 
22170 0.000798 387357.000000 460007 360994 
22180 0.000796 377918.000000 394199 355807 
22190 0.000798 384120.000000 412444 364986 
22200 0.000802 378003.000000 391217 365298 
22210 0.000793 384383.000000 422094 361377 
22220 0.000795 386917.000000 412123 369675 
22230 0.000795 382330.000000 418034 367062 
22240 0.000798 382927.000000 403789 363160 
22250 0.000796 379326.000000 400640 367552 
22260 0.000796 386958.000000 427422 359491 
22270 0.000793 378791.000000 394025 366030 
22280 0.000800 379235.000000 388853 362792 
22290 0.000799 385338.000000 415555 366747 
22300 0.000800 383719.000000 403088 371293 
22310 0.000808 393108.000000 438915 359010 
22320 0.000805 377019.000000 393738 364191 
22330 0.000799 386791.000000 402962 369003 
22340 0.000797 378068.000000 395748 366194 
22350 0.000804 390557.000000 426072 374966 
22360 0.000809 382781.000000 404522 363445 
22370 0.000804 385243.000000 421186 368151 
22380 0.000804 383288.000000 397502 367396 
22390 0.000808 388858.000000 420876 367555 
22400 0.000805 382725.000000 406158 363729 
22410 0.000805 381590.000000 395600 358690 
22420 0.000803 392837.000000 420831 382309 
22430 0.000814 384754.000000 432766 364551 
22440 0.000803 384852.000000 403187 369900 
22450 0.000809 386923.000000 407354 368558 
22460 0.000803 386553.000000 417677 370992 
22470 0.000806 384739.000000 402871 370146 
22480 0.000806 380674.000000 396851 366257 
22490 0.000811 397285.000000 439638 368522 
22500 0.000810 383815.000000 413397 370489 
22510 0.000808 383512.000000 404025 366717 
22520 0.000816 387437.000000 435319 369658 
22530 0.000805 385935.000000 400054 367422 
22540 0.000816 389557.000000 412540 369586 
22550 0.000807 384762.000000 405465 374855 
22560 0.000807 385257.000000 402438 373222 
22570 0.000818 381344.000000 411181 365281 
22580 0.000807 389809.000000 411578 375109 
22590 0.000817 390127.000000 427863 363975 
22600 0.000806 392400.000000 422809 370641 
22610 0.000811 386759.000000 417335 370619 
22620 0.000811 392879.000000 428553 378777 
22630 0.000813 391401.000000 413753 367586 
22640 0.000813 389995.000000 417196 378992 
22650 0.000821 385137.000000 398232 371378 
22660 0.000816 393887.000000 443612 373904 
22670 0.000814 391711.000000 422070 372165 
22680 0.000811 388751.000000 417459 373267 
22690 0.000818 396729.000000 418016 377847 
22700 0.000817 399165.000000 418849 382360 
22710 0.000815 387155.000000 408468 371697 
22720 0.000816 390466.000000 418847 380781 
22730 0.000821 397849.000000 418384 360167 
22740 0.000824 388621.000000 406910 368168 
22750 0.000826 388442.000000 407396 371309 
22760 0.000815 390735.000000 420789 373392 
22770 0.000822 390317.000000 409973 376898 
22780 0.000812 384111.000000 395160 371905 
22790 0.000826 396359.000000 417368 375592 
22800 0.000817 391852.000000 412334 364456 
22810 0.000820 390496.000000 432615 372283 
22820 0.000815 393535.000000 424732 376784 
22830 0.000824 394359.000000 408057 374181 
22840 0.000818 398762.000000 416940 378013 
22850 0.000820 391060.000000 415865 376210 
22860 0.000827 408304.000000 435750 389043 
22870 0.000824 393551.000000 417241 371208 
22880 0.000821 402099.000000 420803 384764 
22890 0.000825 387892.000000 399890 371300 
22900 0.000821 389466.000000 404402 374038 
22910 0.000824 398851.000000 433717 373577 
22920 0.000822 399187.000000 423076 382054 
22930 0.000826 392376.000000 406419 374817 
22940 0.000825 408207.000000 437189 384463 
22950 0.000827 385904.000000 399194 371140 
22960 0.000826 396669.000000 430076 369463 
22970 0.000820 395861.000000 405593 383519 
22980 0.000827 397151.000000 422647 371280 
22990 0.000824 406088.000000 440304 386235 
23000 0.000834 393807.000000 422761 375514 
23010 0.000832 403729.000000 431938 370186 
23020 0.000826 399770.000000 425361 385309 
23030 0.000830 398643.000000 427563 375286 
23040 0.000830 398351.000000 430241 380375 
23050 0.000833 405815.000000 431997 391275 
23060 0.000829 407428.000000 474324 384669 
23070 0.000830 404012.000000 442619 381295 
23080 0.000838 396427.000000 427565 374385 
23090 0.000832 400539.000000 437325 371935 
23100 0.000830 398025.000000 417770 378438 
23110 0.000833 390810.000000 404560 379639 
23120 0.000834 404139.000000 424412 380386 
23130 0.000833 402663.000000 427532 381740 
23140 0.000833 393848.000000 408129 373545 
23150 0.000827 400636.000000 411987 394115 
23160 0.000834 391134.000000 408614 379218 
23170 0.000839 399429.000000 445175 376836 
23180 0.000836 395997.000000 417138 378507 
23190 0.000837 396600.000000 417749 378844 
23200 0.000834 396999.000000 416845 383612 
23210 0.000836 400311.000000 429597 380547 
23220 0.000834 391498.000000 408012 374306 
23230 0.000835 395947.000000 435087 377607 
23240 0.000831 406630.000000 444331 385376 
23250 0.000830 396585.000000 413612 374030 
23260 0.000837 401816.000000 426271 379998 
23270 0.000841 402628.000000 422910 387021 
23280 0.000839 389565.000000 397847 380606 
23290 0.000837 394775.000000 422731 380953 
23300 0.000845 408558.000000 442503 387031 
23310 0.000846 399829.000000 419461 390065 
23320 0.000847 400177.000000 421088 382757 
23330 0.000834 401869.000000 418995 389661 
23340 0.000840 406163.000000 424716 385559 
23350 0.000846 394411.000000 409380 379352 
23360 0.000846 409291.000000 421754 393279 
23370 0.000846 407450.000000 450056 374172 
23380 0.000838 401151.000000 430971 382875 
23390 0.000839 405441.000000 439170 383448 
23400 0.000842 402098.000000 416670 381443 
23410 0.000847 401877.000000 428763 385465 
23420 0.000845 411797.000000 446103 383772 
23430 0.000845 404690.000000 434464 384614 
23440 0.000838 406645.000000 436297 390554 
23450 0.000849 413949.000000 441600 384483 
23460 0.000840 408454.000000 448124 389199 
23470 0.000850 407153.000000 453641 381428 
23480 0.000846 408811.000000 424739 389383 
23490 0.000851 407384.000000 425599 387008 
23500 0.000849 414912.000000 455257 397102 
23510 0.000848 395120.000000 409421 376322 
23520 0.000852 403801.000000 447998 386403 
23530 0.000847 405197.000000 430736 393097 
23540 0.000852 415226.000000 435194 393367 
23550 0.000850 403063.000000 424812 383338 
23560 0.000850 402756.000000 424002 382303 
23570 0.000855 412576.000000 438637 398274 
23580 0.000858 407071.000000 435225 382900 
23590 0.000851 417906.000000 437204 379760 
23600 0.000853 404285.000000 448028 386159 
23610 0.000852 405511.000000 435800 381762 
23620 0.000854 423142.000000 476337 392171 
23630 0.000848 413307.000000 432611 392339 
23640 0.000862 417497.000000 466466 401520 
23650 0.000852 407916.000000 445262 377798 
23660 0.000855 409968.000000 430902 390276 
23670 0.000856 411935.000000 440350 391212 
23680 0.000863 408516.000000 428915 389968 
23690 0.000850 413184.000000 436730 389711 
23700 0.000853 409697.000000 431332 395610 
23710 0.000850 407680.000000 435120 380448 
23720 0.000860 408316.000000 450027 392158 
23730 0.000860 420481.000000 461169 389563 
23740 0.000857 411809.000000 436341 397077 
23750 0.000849 412791.000000 438614 395518 
23760 0.000851 419812.000000 446620 393592 
23770 0.000858 408537.000000 438004 384735 
23780 0.000866 415833.000000 453820 386298 
23790 0.000864 409072.000000 437420 390010 
23800 0.000858 409490.000000 439703 389826 
23810 0.000861 412617.000000 427585 400887 
23820 0.000859 412306.000000 452279 389464 
23830 0.000865 411953.000000 426927 394352 
23840 0.000864 414138.000000 449176 404020 
23850 0.000858 408830.000000 453652 392462 
23860 0.000862 412409.000000 453381 395663 
23870 0.000869 419708.000000 462814 393843 
23880 0.000866 410421.000000 426366 402620 
23890 0.000866 410724.000000 434914 392084 
23900 0.000867 408632.000000 454628 389414 
23910 0.000861 416694.000000 430384 402890 
23920 0.000864 419191.000000 461996 389993 
23930 0.000873 409047.000000 432971 392048 
23940 0.000875 415927.000000 465260 399766 
23950 0.000872 414280.000000 438368 388883 
23960 0.000879 416506.000000 454087 393957 
23970 0.000950 421916.000000 450139 402347 
23980 0.001034 415208.000000 423943 396846 
23990 0.000860 424514.000000 448079 383196 
24000 0.000868 413061.000000 443587 398245 
24010 0.000868 409355.000000 433856 396265 
24020 0.000873 416266.000000 431644 401070 
24030 0.000861 408864.000000 431803 399438 
24040 0.000858 409745.000000 428857 384092 
24050 0.000862 423222.000000 452127 390572 
24060 0.000872 411050.000000 431625 398277 
24070 0.000868 419381.000000 443505 400559 
24080 0.000875 414540.000000 447046 388042 
24090 0.000875 409668.000000 422803 395416 
24100 0.000880 410933.000000 448365 393639 
24110 0.000870 420138.000000 456755 382310 
24120 0.000873 414027.000000 452012 391693 
24130 0.000878 412960.000000 444442 401101 
24140 0.000877 413697.000000 445036 397516 
24150 0.000869 422347.000000 446148 399546 
24160 0.000879 411188.000000 426660 395667 
24170 0.000872 423399.000000 448188 409383 
24180 0.000878 415776.000000 428799 400332 
24190 0.000879 422356.000000 445814 402244 
24200 0.000882 417024.000000 439081 398524 
24210 0.000888 411097.000000 435679 391253 
24220 0.000877 431465.000000 463009 405447 
24230 0.000879 421226.000000 452041 404105 
24240 0.000877 424632.000000 439998 412702 
24250 0.000879 418632.000000 449854 392486 
24260 0.000879 419890.000000 442704 401687 
24270 0.000881 426529.000000 448208 403889 
24280 0.000892 423741.000000 449242 411441 
24290 0.000881 427412.000000 454692 406813 
24300 0.000886 415879.000000 434877 394493 
24310 0.000887 422365.000000 437455 408216 
24320 0.000889 418326.000000 446090 400151 
24330 0.000880 421228.000000 440793 404943 
24340 0.000885 429609.000000 479329 400649 
24350 0.000880 418599.000000 445029 405023 
24360 0.000882 424823.000000 447781 413418 
24370 0.000889 425145.000000 456603 404015 
24380 0.000891 416774.000000 432133 405529 
24390 0.000892 435574.000000 452553 415460 
24400 0.000896 421770.000000 462467 398435 
24410 0.000885 427477.000000 443932 406547 
24420 0.000885 428904.000000 443972 413121 
24430 0.000886 427483.000000 448147 414989 
24440 0.000893 422307.000000 434505 398476 
24450 0.000895 421668.000000 437781 401510 
24460 0.000887 429827.000000 454553 400923 
24470 0.000892 430945.000000 464604 406946 
24480 0.000894 428648.000000 468915 409003 
24490 0.000895 427258.000000 473391 411763 
24500 0.000893 420016.000000 451458 400719 
24510 0.000889 438361.000000 453927 421039 
24520 0.000891 422738.000000 504825 400244 
24530 0.000891 422409.000000 437739 404959 
24540 0.000893 446476.000000 476471 420424 
24550 0.000895 422539.000000 442981 406516 
24560 0.000890 421338.000000 443658 405966 
24570 0.000894 430919.000000 472437 411921 
24580 0.000902 433305.000000 482226 398082 
24590 0.000897 434581.000000 457277 411498 
24600 0.000895 429411.000000 440796 416541 
24610 0.000897 417467.000000 438812 398444 
24620 0.000902 420901.000000 455896 407947 
24630 0.000898 436820.000000 466479 411489 
24640 0.000889 436324.000000 477698 403911 
24650 0.000896 439369.000000 482792 405978 
24660 0.000890 434897.000000 458730 422549 
24670 0.000901 422954.000000 434619 401528 
24680 0.000900 436824.000000 462446 411741 
24690 0.000898 423359.000000 448763 404782 
24700 0.000901 431018.000000 461707 414741 
24710 0.000898 430596.000000 448908 414215 
24720 0.000908 431330.000000 481403 405342 
24730 0.000905 430257.000000 464165 397655 
24740 0.000913 436041.000000 528233 414502 
24750 0.000904 427915.000000 467823 405337 
24760 0.000901 443370.000000 483915 425494 
24770 0.000906 421473.000000 438797 403399 
24780 0.000909 434497.000000 481836 401351 
24790 0.000905 426161.000000 451606 411894 
24800 0.000907 423493.000000 451591 407763 
24810 0.000909 437485.000000 453855 421749 
24820 0.000899 426644.000000 453841 409567 
24830 0.000909 436136.000000 466298 413349 
24840 0.000913 431327.000000 447462 407710 
24850 0.000898 422088.000000 438239 404023 
24860 0.000914 441300.000000 489302 413991 
24870 0.000905 436618.000000 470604 411096 
24880 0.000903 432713.000000 463204 405013 
24890 0.000903 434646.000000 461582 417686 
24900 0.000910 431916.000000 456650 411984 
24910 0.000908 430451.000000 502698 406766 
24920 0.000911 433059.000000 471774 414636 
24930 0.000907 437426.000000 460481 421673 
24940 0.000907 433559.000000 466631 407037 
24950 0.000909 426807.000000 435952 416597 
24960 0.000913 427073.000000 460534 407861 
24970 0.000914 430171.000000 448041 412862 
24980 0.000911 428254.000000 453167 413232 
24990 0.000909 431810.000000 456655 411961 
25000 0.000915 429969.000000 460531 413276 
25010 0.000917 422714.000000 446547 413248 
25020 0.000920 440772.000000 477344 429978 
25030 0.000905 429180.000000 452234 410538 
25040 0.000918 432194.000000 454133 412710 
25050 0.000911 436434.000000 458606 415045 
25060 0.000914 438841.000000 458090 416828 
25070 0.000915 431602.000000 464127 407750 
25080 0.000909 437869.000000 455275 413497 
25090 0.000917 431109.000000 443564 413175 
25100 0.000917 440149.000000 468054 414575 
25110 0.000920 433968.000000 449712 415261 
25120 0.000918 444836.000000 479504 410816 
25130 0.000922 440505.000000 483055 423851 
25140 0.000919 435865.000000 459963 422082 
25150 0.000916 442339.000000 466796 419651 
25160 0.000914 448562.000000 484615 404574 
25170 0.000914 426012.000000 442561 415374 
25180 0.000915 437637.000000 460259 423891 
25190 0.000918 433262.000000 445595 417208 
25200 0.000913 437968.000000 470928 421405 
25210 0.000928 439240.000000 480166 418855 
25220 0.000923 439947.000000 460264 419324 
25230 0.000922 435113.000000 464152 414002 
25240 0.000918 440611.000000 474773 417267 
25250 0.000919 441020.000000 458779 413818 
25260 0.000919 439630.000000 459507 423662 
25270 0.000919 435758.000000 474014 410707 
25280 0.000918 439234.000000 489085 418046 
25290 0.000916 443025.000000 466888 425358 
25300 0.000923 434710.000000 449538 416612 
25310 0.000924 454159.000000 483315 436571 
25320 0.000921 447623.000000 463630 435106 
25330 0.000925 443719.000000 477975 428956 
25340 0.000926 441436.000000 477302 421430 
25350 0.000927 440042.000000 490671 420604 
25360 0.000926 442778.000000 461740 419547 
25370 0.000931 445626.000000 470677 428812 
25380 0.000935 438479.000000 477316 424501 
25390 0.000937 437412.000000 504791 417853 
25400 0.000928 438746.000000 468702 415902 
25410 0.000924 447416.000000 478377 429096 
25420 0.000923 446338.000000 485827 430919 
25430 0.000932 441511.000000 460366 427862 
25440 0.000937 451340.000000 493391 422768 
25450 0.000932 442161.000000 486413 416857 
25460 0.000932 437528.000000 460140 420896 
25470 0.000930 433928.000000 450893 423518 
25480 0.000937 446516.000000 478204 425621 
25490 0.000931 443400.000000 468876 415635 
25500 0.000938 441089.000000 465509 412702 
25510 0.000946 431794.000000 451123 416589 
25520 0.000932 447618.000000 468006 426918 
25530 0.000934 447994.000000 457731 427338 
25540 0.000934 451753.000000 469349 438483 
25550 0.000942 448477.000000 474124 423775 
25560 0.000936 443831.000000 475037 419936 
25570 0.000930 436609.000000 453001 426349 
25580 0.000934 458101.000000 488981 431952 
25590 0.000937 455293.000000 487659 430953 
25600 0.000935 453465.000000 516571 428754 
25610 0.000929 451519.000000 495703 432012 
25620 0.000936 455496.000000 480111 431125 
25630 0.000929 451156.000000 484638 417028 
25640 0.000936 450961.000000 483399 431131 
25650 0.000940 439693.000000 467709 417457 
25660 0.000942 443771.000000 463842 424536 
25670 0.000937 453433.000000 476388 434577 
25680 0.000936 448994.000000 470223 425221 
25690 0.000940 455824.000000 482271 430067 
25700 0.000939 454778.000000 494807 422560 
25710 0.000945 449891.000000 500325 433202 
25720 0.000946 444763.000000 463911 433035 
25730 0.000941 459636.000000 498068 428401 
25740 0.000943 449400.000000 466720 431344 
25750 0.000949 445803.000000 480549 430777 
25760 0.000948 447647.000000 485056 431863 
25770 0.000942 448030.000000 474650 422152 
25780 0.000938 452503.000000 475650 434293 
25790 0.000940 455461.000000 477814 443780 
25800 0.000947 448684.000000 467113 431238 
25810 0.000949 455723.000000 496626 439408 
25820 0.000947 445119.000000 465268 432894 
25830 0.000943 446665.000000 480083 422396 
25840 0.000954 444803.000000 465362 433310 
25850 0.000948 453364.000000 475215 433381 
25860 0.000957 443467.000000 468938 421888 
25870 0.000947 455858.000000 482962 435975 
25880 0.000944 458415.000000 481242 422816 
25890 0.000944 450955.000000 461876 438992 
25900 0.000953 463271.000000 490086 436399 
25910 0.000948 454700.000000 516063 429276 
25920 0.000949 447271.000000 467350 424095 
25930 0.000939 450386.000000 472404 430789 
25940 0.000946 452254.000000 479540 432402 
25950 0.000954 445667.000000 462119 429322 
25960 0.000952 455254.000000 484843 422416 
25970 0.000955 452571.000000 476573 430976 
25980 0.000959 452397.000000 477769 430410 
25990 0.000957 462108.000000 523876 423728 
26000 0.000953 451065.000000 468511 427617 
26010 0.000956 457275.000000 468709 443040 
26020 0.000956 448503.000000 484192 426839 
26030 0.000957 454735.000000 501483 429891 
26040 0.000956 465004.000000 492930 436582 
26050 0.000954 451497.000000 477252 439110 
26060 0.000957 458046.000000 484404 430060 
26070 0.000955 450163.000000 463889 430652 
26080 0.000955 450940.000000 481169 436112 
26090 0.000956 453280.000000 470625 430778 
26100 0.000953 459351.000000 475384 440691 
26110 0.000958 449791.000000 478621 433588 
26120 0.000954 457536.000000 485580 446444 
26130 0.000963 462670.000000 504020 431973 
26140 0.000956 461508.000000 530075 445328 
26150 0.000960 455362.000000 471757 426238 
26160 0.000960 456456.000000 482891 440528 
26170 0.000957 457261.000000 472250 443980 
26180 0.000963 466362.000000 503201 437660 
26190 0.000964 465071.000000 481506 442539 
26200 0.000965 455315.000000 478154 435977 
26210 0.000963 470054.000000 507610 434091 
26220 0.000956 455377.000000 505898 441736 
26230 0.000956 459161.000000 492470 439224 
26240 0.000964 463146.000000 539330 424266 
26250 0.000965 452699.000000 467732 439593 
26260 0.000969 460540.000000 490212 438830 
26270 0.000967 453874.000000 471367 435470 
26280 0.000966 456926.000000 482522 435410 
26290 0.000964 470932.000000 493554 439175 
26300 0.000968 451950.000000 471370 436838 
26310 0.000966 464561.000000 510204 436062 
26320 0.000978 468419.000000 491834 439351 
26330 0.000972 465082.000000 490103 438245 
26340 0.000970 457797.000000 507556 432637 
26350 0.000965 457588.000000 482974 437670 
26360 0.000964 465628.000000 496002 438923 
26370 0.000982 463808.000000 490215 448804 
26380 0.000973 470759.000000 500324 434108 
26390 0.000964 458255.000000 491544 442951 
26400 0.000964 456343.000000 471407 439109 
26410 0.000977 458292.000000 488659 427443 
26420 0.000969 464838.000000 514322 444833 
26430 0.000973 463029.000000 507929 432499 
26440 0.000974 476367.000000 524300 447958 
26450 0.000974 467400.000000 498075 444817 
26460 0.000971 472012.000000 520453 440856 
26470 0.000974 461423.000000 509204 442375 
26480 0.000968 474532.000000 507827 449878 
26490 0.000968 461690.000000 492897 440565 
26500 0.000981 467700.000000 521160 442358 
26510 0.000972 475593.000000 494872 447491 
26520 0.000979 469738.000000 488579 439227 
26530 0.000971 467739.000000 494888 451283 
26540 0.000978 463258.000000 491994 437002 
26550 0.000975 459465.000000 488030 438605 
26560 0.000976 471131.000000 514450 444901 
26570 0.000977 468608.000000 496136 446298 
26580 0.000974 465567.000000 488902 443406 
26590 0.000979 468349.000000 529957 448189 
26600 0.000981 465839.000000 490605 444089 
26610 0.000978 455503.000000 476848 434333 
26620 0.000974 464504.000000 487428 447158 
26630 0.000977 467983.000000 489164 449618 
26640 0.000986 459834.000000 479913 441397 
26650 0.000982 458298.000000 480784 440207 
26660 0.000983 467506.000000 493943 448652 
26670 0.000984 476169.000000 506758 454113 
26680 0.000981 470498.000000 506903 447600 
26690 0.000983 473890.000000 488012 454461 
26700 0.000979 479451.000000 544445 457424 
26710 0.000979 472969.000000 493762 452586 
26720 0.000983 464600.000000 481878 445746 
26730 0.000979 466402.000000 493717 443154 
26740 0.000981 469760.000000 500244 447127 
26750 0.000976 473570.000000 501547 452754 
26760 0.000988 478424.000000 528877 455681 
26770 0.000989 476393.000000 492069 461914 
26780 0.000982 470461.000000 507756 450657 
26790 0.000987 461502.000000 482130 442218 
26800 0.000978 473355.000000 497592 454909 
26810 0.000990 459043.000000 490362 443129 
26820 0.000984 466139.000000 495509 452741 
26830 0.000985 474386.000000 508700 459528 
26840 0.000981 470084.000000 520542 452904 
26850 0.000988 466443.000000 490663 447055 
26860 0.000990 474433.000000 515799 454163 
26870 0.000990 471434.000000 492315 448010 
26880 0.000989 467441.000000 494487 436816 
26890 0.000997 475993.000000 515743 456209 
26900 0.000991 476199.000000 509104 455017 
26910 0.000994 468072.000000 495674 449764 
26920 0.000989 468226.000000 500629 442592 
26930 0.000990 475698.000000 498597 459546 
26940 0.000990 474080.000000 508904 456126 
26950 0.000986 473921.000000 514091 454502 
26960 0.000992 467759.000000 489021 444086 
26970 0.001028 472913.000000 497068 456477 
26980 0.001006 475821.000000 499017 442327 
26990 0.001055 471684.000000 490588 450900 
27000 0.001009 481915.000000 519170 458010 
27010 0.000998 468371.000000 485853 449988 
27020 0.001000 481392.000000 511816 458185 
27030 0.000996 478830.000000 517916 452673 
27040 0.001003 487966.000000 534739 466853 
27050 0.001002 479148.000000 525895 453509 
27060 0.000991 476758.000000 508095 451427 
27070 0.000994 480142.000000 502509 460494 
27080 0.001006 470698.000000 497916 448359 
27090 0.001006 488307.000000 527198 462842 
27100 0.001002 479513.000000 506426 452814 
27110 0.000999 471387.000000 489425 455383 
27120 0.001002 479637.000000 525646 459876 
27130 0.001000 475824.000000 504753 448974 
27140 0.000994 478060.000000 494336 458850 
27150 0.001002 471244.000000 489751 452311 
27160 0.000997 474715.000000 495716 450231 
27170 0.001002 471832.000000 502291 449159 
27180 0.000992 483929.000000 512281 468270 
27190 0.001007 478667.000000 503646 455576 
27200 0.001002 479001.000000 510328 455549 
27210 0.000999 470996.000000 498473 445089 
27220 0.001005 486010.000000 525931 447208 
27230 0.001004 474272.000000 517946 449511 
27240 0.000999 479592.000000 506353 457590 
27250 0.001010 478306.000000 495952 462876 
27260 0.001003 482510.000000 508462 456673 
27270 0.001008 481902.000000 519305 460401 
27280 0.001005 487391.000000 540573 450759 
27290 0.001007 478971.000000 521926 462372 
27300 0.001005 479630.000000 537145 457142 
27310 0.001010 483001.000000 501932 456521 
27320 0.001010 477773.000000 509800 456704 
27330 0.001003 486448.000000 526549 452727 
27340 0.001004 482401.000000 504969 454166 
27350 0.001001 485478.000000 526741 458304 
27360 0.001013 474274.000000 512528 456947 
27370 0.001013 475832.000000 501245 447360 
27380 0.001017 478014.000000 525587 458846 
27390 0.001013 474780.000000 504406 453917 
27400 0.001014 487007.000000 533456 459260 
27410 0.001015 486925.000000 537435 464048 
27420 0.001014 483496.000000 533815 452398 
27430 0.001015 485608.000000 512774 467362 
27440 0.001017 477373.000000 510558 453042 
27450 0.001008 489344.000000 562700 457012 
27460 0.001020 472338.000000 497038 452145 
27470 0.001018 473224.000000 493280 451437 
27480 0.001001 481522.000000 492292 469122 
27490 0.001015 494745.000000 522882 471557 
27500 0.001015 491427.000000 514181 461239 
27510 0.001010 477052.000000 519632 449914 
27520 0.001018 481042.000000 502902 458884 
27530 0.001012 487916.000000 509277 465013 
27540 0.001018 487525.000000 519050 462934 
27550 0.001024 477588.000000 514178 448607 
27560 0.001024 475792.000000 487541 469329 
27570 0.001025 488971.000000 521667 462171 
27580 0.001015 484496.000000 507838 465247 
27590 0.001022 492570.000000 514409 473579 
27600 0.001013 497307.000000 546879 474064 
27610 0.001013 489464.000000 507791 467737 
27620 0.001014 478600.000000 487859 469276 
27630 0.001020 482937.000000 494618 465391 
27640 0.001028 484719.000000 506226 465340 
27650 0.001022 487071.000000 506045 473559 
27660 0.001022 492958.000000 511182 466805 
27670 0.001024 486499.000000 522611 463777 
27680 0.001014 483884.000000 526244 470490 
27690 0.001025 483315.000000 502523 471207 
27700 0.001027 481560.000000 497279 458013 
27710 0.001022 487964.000000 511143 466619 
27720 0.001025 497459.000000 531413 476062 
27730 0.001024 485922.000000 514732 464213 
27740 0.001024 498512.000000 532444 469365 
27750 0.001022 488669.000000 531398 467990 
27760 0.001033 485133.000000 506555 469935 
27770 0.001032 491561.000000 553984 466451 
27780 0.001025 483621.000000 502750 459221 
27790 0.001029 481086.000000 492942 469809 
27800 0.001035 484929.000000 508080 466412 
27810 0.001032 494120.000000 536834 470736 
27820 0.001026 496455.000000 557863 466905 
27830 0.001039 487782.000000 511368 471024 
27840 0.001031 489660.000000 519548 468219 
27850 0.001026 493947.000000 520986 461678 
27860 0.001039 492208.000000 542985 467738 
27870 0.001033 482877.000000 509067 471715 
27880 0.001040 498616.000000 526209 470910 
27890 0.001035 503555.000000 548926 471604 
27900 0.001022 490971.000000 535380 453896 
27910 0.001040 490956.000000 518381 472730 
27920 0.001028 496032.000000 517141 474941 
27930 0.001035 497292.000000 534826 475466 
27940 0.001035 503375.000000 533043 477278 
27950 0.001030 492869.000000 501736 478010 
27960 0.001035 489478.000000 522166 464039 
27970 0.001039 489932.000000 512643 467777 
27980 0.001045 498456.000000 536123 469555 
27990 0.001039 500873.000000 520368 477820 
28000 0.001029 487695.000000 504257 474627 
28010 0.001042 499038.000000 541966 475280 
28020 0.001036 501504.000000 550151 476099 
28030 0.001045 502168.000000 551940 476602 
28040 0.001042 498246.000000 542888 475504 
28050 0.001038 487678.000000 514906 470272 
28060 0.001034 494788.000000 528120 474661 
28070 0.001035 503080.000000 529375 476258 
28080 0.001050 496725.000000 524393 469717 
28090 0.001029 491541.000000 509297 475936 
28100 0.001043 492254.000000 505252 472162 
28110 0.001050 494220.000000 524982 469836 
28120 0.001040 502254.000000 522141 475256 
28130 0.001041 499611.000000 540006 474183 
28140 0.001035 498229.000000 528817 470367 
28150 0.001039 494272.000000 519841 473386 
28160 0.001043 493531.000000 507491 481719 
28170 0.001039 496147.000000 520912 477338 
28180 0.001042 493860.000000 550810 477935 
28190 0.001044 488967.000000 516087 468712 
28200 0.001045 500612.000000 533856 475937 
28210 0.001038 499592.000000 531728 483892 
28220 0.001046 498351.000000 522631 479876 
28230 0.001045 491838.000000 523610 469981 
28240 0.001052 495028.000000 521792 477948 
28250 0.001047 501487.000000 529897 482618 
28260 0.001044 503877.000000 531060 475650 
28270 0.001052 508719.000000 536784 469806 
28280 0.001050 511703.000000 534959 485567 
28290 0.001050 511512.000000 572145 474573 
28300 0.001040 491136.000000 506736 469335 
28310 0.001049 492356.000000 518873 470434 
28320 0.001053 507128.000000 525814 492686 
28330 0.001051 501195.000000 536449 477438 
28340 0.001053 504017.000000 531290 476205 
28350 0.001056 497426.000000 555825 468212 
28360 0.001054 491386.000000 535902 462250 
28370 0.001048 506055.000000 530615 486382 
28380 0.001048 502919.000000 533240 486151 
28390 0.001053 508266.000000 537216 472833 
28400 0.001053 503286.000000 516837 488220 
28410 0.001051 501373.000000 515301 484122 
28420 0.001059 493205.000000 509379 470094 
28430 0.001054 492365.000000 528319 469337 
28440 0.001057 497180.000000 524600 472741 
28450 0.001053 496289.000000 527234 477209 
28460 0.001061 506955.000000 532024 481364 
28470 0.001057 500021.000000 514258 476259 
28480 0.001050 496796.000000 524007 470217 
28490 0.001061 508138.000000 549970 479863 
28500 0.001054 498295.000000 538860 477065 
28510 0.001052 504450.000000 538397 481273 
28520 0.001046 506232.000000 549395 485845 
28530 0.001061 507257.000000 562024 479104 
28540 0.001063 499301.000000 529273 483717 
28550 0.001054 515803.000000 583901 488675 
28560 0.001063 508825.000000 535739 489305 
28570 0.001065 512125.000000 606891 479848 
28580 0.001066 508352.000000 534816 482644 
28590 0.001058 507267.000000 539480 484364 
28600 0.001064 510567.000000 548836 474788 
28610 0.001065 507523.000000 532303 489334 
28620 0.001073 502942.000000 554449 471368 
28630 0.001072 508408.000000 554459 472814 
28640 0.001063 507152.000000 533197 484230 
28650 0.001060 502263.000000 521535 482992 
28660 0.001056 511641.000000 546835 491725 
28670 0.001067 504851.000000 526636 475450 
28680 0.001067 507956.000000 541399 485139 
28690 0.001067 494998.000000 517586 471998 
28700 0.001071 504135.000000 522554 484870 
28710 0.001068 505190.000000 528485 482945 
28720 0.001066 498271.000000 515658 481833 
28730 0.001064 503326.000000 547517 485886 
28740 0.001053 513221.000000 542229 482796 
28750 0.001059 505173.000000 529057 481059 
28760 0.001071 513374.000000 544329 491637 
28770 0.001068 502443.000000 514291 485401 
28780 0.001063 515670.000000 543273 495400 
28790 0.001065 509963.000000 539446 490443 
28800 0.001073 508524.000000 553743 484923 
28810 0.001071 512290.000000 538021 475401 
28820 0.001071 509797.000000 545216 490456 
28830 0.001074 511956.000000 539125 492507 
28840 0.001076 507593.000000 548007 484558 
28850 0.001077 499236.000000 517583 482815 
28860 0.001063 512397.000000 533804 495134 
28870 0.001071 510721.000000 552965 487981 
28880 0.001079 507461.000000 530079 485387 
28890 0.001074 503796.000000 530468 480263 
28900 0.001075 506539.000000 531136 493300 
28910 0.001075 526624.000000 572327 483665 
28920 0.001077 513259.000000 578276 484063 
28930 0.001074 511018.000000 551233 484513 
28940 0.001071 502700.000000 533212 483482 
28950 0.001081 507317.000000 534449 483278 
28960 0.001076 518840.000000 545795 484694 
28970 0.001074 519444.000000 553911 490189 
28980 0.001076 511750.000000 532835 492082 
28990 0.001072 517428.000000 542206 483704 
29000 0.001081 509369.000000 551308 481354 
29010 0.001080 525455.000000 555790 484329 
29020 0.001071 526714.000000 550407 496961 
29030 0.001080 517218.000000 539993 487257 
29040 0.001077 519563.000000 541708 496297 
29050 0.001081 523426.000000 549784 491275 
29060 0.001078 506072.000000 518426 487743 
29070 0.001085 522476.000000 560007 494138 
29080 0.001089 515223.000000 561315 489589 
29090 0.001087 508557.000000 547893 486329 
29100 0.001093 513993.000000 540971 488040 
29110 0.001089 521997.000000 556781 491903 
29120 0.001088 518146.000000 563637 489476 
29130 0.001089 516457.000000 546326 483510 
29140 0.001082 520096.000000 545341 493570 
29150 0.001085 512971.000000 553174 478718 
29160 0.001088 515074.000000 536347 494400 
29170 0.001082 521815.000000 549434 491268 
29180 0.001087 521546.000000 553503 488038 
29190 0.001080 512575.000000 534837 488113 
29200 0.001084 516626.000000 541881 485595 
29210 0.001086 517973.000000 549748 494043 
29220 0.001092 529654.000000 571163 493324 
29230 0.001078 514889.000000 539286 500165 
29240 0.001088 517072.000000 551404 491761 
29250 0.001090 526867.000000 572195 504503 
29260 0.001084 514728.000000 540929 483231 
29270 0.001083 528084.000000 566773 499240 
29280 0.001098 516351.000000 547277 489036 
29290 0.001091 519205.000000 539976 504206 
29300 0.001097 520346.000000 566331 491478 
29310 0.001087 519126.000000 539790 491962 
29320 0.001086 519752.000000 551801 502899 
29330 0.001090 516308.000000 541099 491724 
29340 0.001092 526817.000000 548727 499051 
29350 0.001102 526671.000000 572803 506227 
29360 0.001094 511066.000000 535268 484308 
29370 0.001087 518841.000000 564036 497091 
29380 0.001090 521260.000000 555971 495839 
29390 0.001089 526016.000000 553203 510741 
29400 0.001096 521846.000000 545211 497859 
29410 0.001091 523592.000000 555599 495471 
29420 0.001085 525987.000000 545239 507262 
29430 0.001101 518289.000000 553416 484462 
29440 0.001100 521040.000000 554173 489545 
29450 0.001097 525399.000000 543260 501759 
29460 0.001100 523848.000000 549473 493807 
29470 0.001094 513779.000000 541927 493394 
29480 0.001096 518632.000000 553414 496154 
29490 0.001095 520163.000000 556745 497939 
29500 0.001097 528448.000000 577207 498070 
29510 0.001112 525753.000000 593995 503805 
29520 0.001104 513930.000000 548644 490419 
29530 0.001105 523356.000000 554465 506568 
29540 0.001096 520510.000000 550882 500535 
29550 0.001104 531170.000000 561903 500602 
29560 0.001107 524995.000000 556555 491665 
29570 0.001108 524460.000000 572990 493022 
29580 0.001101 531368.000000 555658 505233 
29590 0.001100 524204.000000 546174 507397 
29600 0.001098 526327.000000 563712 504592 
29610 0.001103 522450.000000 540527 492754 
29620 0.001102 517421.000000 554332 496126 
29630 0.001099 515660.000000 530034 500197 
29640 0.001107 524666.000000 575730 496234 
29650 0.001109 528063.000000 585483 491406 
29660 0.001100 530233.000000 576403 512619 
29670 0.001100 543137.000000 579182 521657 
29680 0.001106 523393.000000 568617 495436 
29690 0.001105 529980.000000 563025 505642 
29700 0.001102 542931.000000 579055 512907 
29710 0.001114 531551.000000 638437 503846 
29720 0.001112 532586.000000 583307 514504 
29730 0.001109 531356.000000 551885 497567 
29740 0.001107 518235.000000 550067 498756 
29750 0.001115 522061.000000 551223 500297 
29760 0.001112 531369.000000 588027 501835 
29770 0.001117 533099.000000 582702 505109 
29780 0.001107 534098.000000 572583 512167 
29790 0.001111 526154.000000 564832 503192 
29800 0.001113 533991.000000 590580 508229 
29810 0.001116 519141.000000 541804 501712 
29820 0.001105 538391.000000 571260 512778 
29830 0.001113 514683.000000 526914 499294 
29840 0.001112 533378.000000 566454 497225 
29850 0.001115 524341.000000 548276 508967 
29860 0.001117 531188.000000 571507 507610 
29870 0.001114 525792.000000 558930 500827 
29880 0.001112 541294.000000 592354 507487 
29890 0.001118 536723.000000 584103 508012 
29900 0.001118 526236.000000 557945 497494 
29910 0.001117 522736.000000 545063 489768 
29920 0.001111 545584.000000 578988 525254 
29930 0.001115 526925.000000 550836 504951 
29940 0.001119 526496.000000 549617 511021 
29950 0.001117 529004.000000 553690 495724 
29960 0.001118 525667.000000 539225 498439 
29970 0.001118 542765.000000 574807 523266 
29980 0.001121 546975.000000 590284 523736 
29990 0.001119 531260.000000 583325 505202 
30000 0.001125 528814.000000 568914 504786 
30010 0.001122 545804.000000 586192 508689 
30020 0.001116 534007.000000 560733 517806 
30030 0.001127 534294.000000 576441 512910 
30040 0.001124 539939.000000 597203 511320 
30050 0.001126 524902.000000 541291 501995 
30060 0.001129 539631.000000 577392 511070 
30070 0.001123 529568.000000 559903 505377 
30080 0.001121 540230.000000 567663 518194 
30090 0.001122 536292.000000 593216 506790 
30100 0.001114 537892.000000 552304 516188 
30110 0.001122 532120.000000 562497 506910 
30120 0.001128 534832.000000 566829 512697 
30130 0.001126 527889.000000 549272 515908 
30140 0.001118 548795.000000 587451 522047 
30150 0.001133 535932.000000 568425 510161 
30160 0.001133 531887.000000 563634 503353 
30170 0.001127 532387.000000 546547 517731 
30180 0.001132 536188.000000 581191 510470 
30190 0.001132 530233.000000 572197 497330 
30200 0.001130 531474.000000 576214 503603 
30210 0.001135 535741.000000 579560 506729 
30220 0.001128 531791.000000 576723 515540 
30230 0.001135 539172.000000 572517 512157 
30240 0.001129 539045.000000 572251 511429 
30250 0.001122 538862.000000 577101 504808 
30260 0.001135 533034.000000 565461 504223 
30270 0.001131 538975.000000 571959 515318 
30280 0.001129 538556.000000 604220 499473 
30290 0.001140 530456.000000 561329 512844 
30300 0.001140 538089.000000 567076 508573 
30310 0.001139 529538.000000 554157 516085 
30320 0.001140 536574.000000 561909 511805 
30330 0.001135 546824.000000 589556 512219 
30340 0.001134 535652.000000 582893 504099 
30350 0.001133 535973.000000 556062 514572 
30360 0.001143 548331.000000 570078 517691 
30370 0.001142 533030.000000 567977 509488 
30380 0.001145 539758.000000 565803 519492 
30390 0.001133 540244.000000 585803 513972 
30400 0.001130 536821.000000 566428 519066 
30410 0.001140 549576.000000 588298 504858 
30420 0.001144 540420.000000 578716 509660 
30430 0.001138 540056.000000 569127 524260 
30440 0.001141 549790.000000 581636 520261 
30450 0.001144 553717.000000 586631 514905 
30460 0.001138 539683.000000 603326 513843 
30470 0.001139 539464.000000 576825 518074 
30480 0.001143 542118.000000 576833 510858 
30490 0.001140 537630.000000 581069 514445 
30500 0.001137 542299.000000 590947 512844 
30510 0.001152 531283.000000 583392 502301 
30520 0.001143 549068.000000 590147 521548 
30530 0.001138 540459.000000 580071 516983 
30540 0.001145 539786.000000 566059 521530 
30550 0.001144 540998.000000 570743 513153 
30560 0.001145 546174.000000 640660 512925 
30570 0.001146 540723.000000 585670 524661 
30580 0.001141 541799.000000 599912 519078 
30590 0.001140 541278.000000 558924 526927 
30600 0.001143 544386.000000 581963 521249 
30610 0.001144 537513.000000 562212 518605 
30620 0.001146 536836.000000 550231 520620 
30630 0.001148 542560.000000 613055 515020 
30640 0.001144 538328.000000 560679 525320 
30650 0.001139 548746.000000 567533 530674 
30660 0.001152 549683.000000 581948 522692 
30670 0.001149 551354.000000 586040 518385 
30680 0.001151 545319.000000 584136 525671 
30690 0.001148 541972.000000 587310 521866 
30700 0.001153 544102.000000 599012 512514 
30710 0.001150 551675.000000 596560 524772 
30720 0.001153 545314.000000 582226 514317 
30730 0.001155 542184.000000 560358 530831 
30740 0.001148 549257.000000 566463 524331 
30750 0.001154 547273.000000 588314 528912 
30760 0.001156 554122.000000 615492 511521 
30770 0.001154 559500.000000 627377 520765 
30780 0.001156 540538.000000 561009 515974 
30790 0.001162 543786.000000 571634 518065 
30800 0.001153 550060.000000 594487 507671 
30810 0.001162 553072.000000 587311 520729 
30820 0.001160 563106.000000 660111 525667 
30830 0.001155 543866.000000 573684 515012 
30840 0.001154 563538.000000 608980 529309 
30850 0.001154 551424.000000 564272 532542 
30860 0.001170 559221.000000 598115 536049 
30870 0.001159 546984.000000 574662 523313 
30880 0.001168 554299.000000 591644 531993 
30890 0.001166 540166.000000 573700 511290 
30900 0.001161 556814.000000 589352 524192 
30910 0.001154 552517.000000 570149 530666 
30920 0.001155 547397.000000 568570 530649 
30930 0.001159 551394.000000 574600 530335 
30940 0.001168 556830.000000 586638 530618 
30950 0.001163 551969.000000 602049 529802 
30960 0.001168 567357.000000 603728 530004 
30970 0.001151 547949.000000 560729 531629 
30980 0.001160 541596.000000 557380 527455 
30990 0.001166 547863.000000 575741 532140 
31000 0.001171 555992.000000 597587 526592 
31010 0.001168 545892.000000 575558 526261 
31020 0.001166 547772.000000 573242 527727 
31030 0.001163 553393.000000 580311 530545 
31040 0.001165 549995.000000 599655 517558 
31050 0.001165 550887.000000 574114 532041 
31060 0.001171 551309.000000 603596 520661 
31070 0.001165 552862.000000 574871 537555 
31080 0.001171 558190.000000 592050 530025 
31090 0.001167 548281.000000 591878 521111 
31100 0.001166 558826.000000 589396 527270 
31110 0.001178 553227.000000 589494 525528 
31120 0.001171 558421.000000 593174 537390 
31130 0.001171 546761.000000 580266 523095 
31140 0.001174 557736.000000 582496 537759 
31150 0.001174 545803.000000 562947 524948 
31160 0.001176 570896.000000 688419 528626 
31170 0.001167 552384.000000 580768 535286 
31180 0.001168 551368.000000 584649 532299 
31190 0.001172 558997.000000 592443 524504 
31200 0.001173 562089.000000 608039 537705 
31210 0.001171 550022.000000 581997 531896 
31220 0.001172 553749.000000 596387 520194 
31230 0.001180 555673.000000 606816 517787 
31240 0.001185 553418.000000 622531 522481 
31250 0.001177 554790.000000 583319 536102 
31260 0.001182 558440.000000 577572 537112 
31270 0.001172 565292.000000 602274 534709 
31280 0.001178 554927.000000 633983 533491 
31290 0.001185 555540.000000 586722 520181 
31300 0.001173 554496.000000 583706 531028 
31310 0.001172 577307.000000 611147 544523 
31320 0.001171 557156.000000 573707 542551 
31330 0.001177 554882.000000 589947 525494 
31340 0.001169 564400.000000 587348 539345 
31350 0.001175 566544.000000 625380 534465 
31360 0.001167 558078.000000 589555 535480 
31370 0.001176 559345.000000 595521 538852 
31380 0.001175 556656.000000 591408 536155 
31390 0.001183 564583.000000 628935 531757 
31400 0.001173 564081.000000 577319 540549 
31410 0.001191 559855.000000 617796 540734 
31420 0.001176 550279.000000 563718 529231 
31430 0.001183 559956.000000 585318 539231 
31440 0.001175 559670.000000 593204 529018 
31450 0.001191 554888.000000 575472 534646 
31460 0.001182 563803.000000 585805 539486 
31470 0.001176 551554.000000 581191 531974 
31480 0.001180 569836.000000 597533 548710 
31490 0.001183 557206.000000 594145 535776 
31500 0.001173 561827.000000 592878 539735 
31510 0.001182 571255.000000 590695 546476 
31520 0.001183 569416.000000 603598 549681 
31530 0.001189 562342.000000 592343 527142 
31540 0.001190 553263.000000 593263 534090 
31550 0.001192 563377.000000 599371 543179 
31560 0.001176 574104.000000 598075 551677 
31570 0.001191 553391.000000 583000 525810 
31580 0.001185 562138.000000 584180 547187 
31590 0.001180 567584.000000 628157 535782 
31600 0.001189 569943.000000 585510 555366 
31610 0.001190 558375.000000 577109 548473 
31620 0.001181 562750.000000 604163 543140 
31630 0.001190 567072.000000 616170 535864 
31640 0.001192 568002.000000 613682 548641 
31650 0.001199 564417.000000 596959 535274 
31660 0.001195 571175.000000 630905 544026 
31670 0.001194 563164.000000 635673 542641 
31680 0.001186 555994.000000 588806 539135 
31690 0.001190 572168.000000 601553 533222 
31700 0.001184 567585.000000 604129 546844 
31710 0.001190 567128.000000 596739 538698 
31720 0.001192 565072.000000 586258 543973 
31730 0.001202 565756.000000 589355 547454 
31740 0.001198 563033.000000 614747 531531 
31750 0.001201 570703.000000 603499 539764 
31760 0.001194 582337.000000 638172 543878 
31770 0.001195 562623.000000 596538 539264 
31780 0.001195 570141.000000 597374 554210 
31790 0.001198 570722.000000 616869 545168 
31800 0.001203 577502.000000 614250 544674 
31810 0.001195 582206.000000 629262 541276 
31820 0.001207 576278.000000 641099 563379 
31830 0.001198 571634.000000 649176 550050 
31840 0.001206 577468.000000 615378 557293 
31850 0.001211 561612.000000 579900 538249 
31860 0.001207 564412.000000 586529 540507 
31870 0.001194 572309.000000 585301 558457 
31880 0.001200 584734.000000 611707 555108 
31890 0.001209 575348.000000 602244 543427 
31900 0.001206 572961.000000 634429 541031 
31910 0.001205 583496.000000 612606 540170 
31920 0.001209 581953.000000 613945 550795 
31930 0.001206 564242.000000 590872 541128 
31940 0.001197 576534.000000 592772 554290 
31950 0.001202 589762.000000 640987 556024 
31960 0.001199 566972.000000 597664 543586 
31970 0.001201 569585.000000 599307 554628 
31980 0.001212 572757.000000 595443 552862 
31990 0.001212 569353.000000 602094 535194 
32000 0.001206 567047.000000 603973 543343 
32010 0.001213 564884.000000 581943 544852 
32020 0.001208 574841.000000 609741 552015 
32030 0.001207 567583.000000 586758 535224 
32040 0.001197 567010.000000 609936 546249 
32050 0.001206 568041.000000 603114 533792 
32060 0.001208 570660.000000 600442 551591 
32070 0.001208 576996.000000 618123 543518 
32080 0.001218 567989.000000 597517 542352 
32090 0.001207 570663.000000 624696 552743 
32100 0.001211 573485.000000 603330 539462 
32110 0.001209 585204.000000 705182 543258 
32120 0.001214 573773.000000 598487 565150 
32130 0.001215 573604.000000 615370 539633 
32140 0.001210 574145.000000 597608 564994 
32150 0.001213 572415.000000 608494 543867 
32160 0.001209 570764.000000 617251 538444 
32170 0.001210 574591.000000 616875 552108 
32180 0.001208 563310.000000 587575 545289 
32190 0.001207 574654.000000 608585 542380 
32200 0.001210 576014.000000 596715 553707 
32210 0.001214 563323.000000 587909 539333 
32220 0.001215 585632.000000 644627 558294 
32230 0.001216 578770.000000 627202 554687 
32240 0.001218 579361.000000 613158 547234 
32250 0.001223 573196.000000 617448 549319 
32260 0.001209 584110.000000 620263 563487 
32270 0.001223 574789.000000 595057 536742 
32280 0.001212 578108.000000 595182 545608 
32290 0.001220 580462.000000 614836 540632 
32300 0.001207 585098.000000 609251 557041 
32310 0.001222 574133.000000 609402 544135 
32320 0.001222 579026.000000 605193 545346 
32330 0.001215 584719.000000 629440 564935 
32340 0.001222 575810.000000 623034 555396 
32350 0.001212 576813.000000 599693 548524 
32360 0.001226 569167.000000 588309 547537 
32370 0.001228 578326.000000 615414 547314 
32380 0.001217 569978.000000 591415 548852 
32390 0.001226 580712.000000 614420 547682 
32400 0.001223 580327.000000 612060 536474 
32410 0.001226 582754.000000 611574 556864 
32420 0.001226 575937.000000 598465 556844 
32430 0.001222 579502.000000 616379 563080 
32440 0.001225 587710.000000 626362 546518 
32450 0.001225 582685.000000 620504 545596 
32460 0.001220 587747.000000 631602 554237 
32470 0.001226 584102.000000 610878 556130 
32480 0.001225 584589.000000 649289 541484 
32490 0.001238 584833.000000 624617 561656 
32500 0.001223 590930.000000 636476 567103 
32510 0.001222 591487.000000 611983 574042 
32520 0.001223 582515.000000 613558 548909 
32530 0.001229 581666.000000 606823 562019 
32540 0.001228 590571.000000 646107 560999 
32550 0.001221 607669.000000 661455 558937 
32560 0.001236 591315.000000 619173 548285 
32570 0.001232 579532.000000 604937 563902 
32580 0.001236 585802.000000 613504 557349 
32590 0.001224 582965.000000 623952 558298 
32600 0.001226 575649.000000 604787 555499 
32610 0.001240 579118.000000 622932 548108 
32620 0.001236 591111.000000 619406 565943 
32630 0.001229 577053.000000 601986 548557 
32640 0.001232 597111.000000 629710 566897 
32650 0.001238 585931.000000 602818 557463 
32660 0.001229 583223.000000 634376 557820 
32670 0.001244 592960.000000 626488 559259 
32680 0.001244 594498.000000 687124 557334 
32690 0.001228 583491.000000 616256 559332 
32700 0.001238 584428.000000 601523 562410 
32710 0.001243 585964.000000 644528 564656 
32720 0.001244 603163.000000 639280 562436 
32730 0.001246 585321.000000 622058 567472 
32740 0.001238 581546.000000 604455 567039 
32750 0.001231 583498.000000 628952 560959 
32760 0.001237 583944.000000 605377 565226 
32770 0.001237 582557.000000 627632 564707 
32780 0.001246 589982.000000 652882 554683 
32790 0.001237 596874.000000 630404 563986 
32800 0.001248 591693.000000 681632 564781 
32810 0.001254 591104.000000 651510 551146 
32820 0.001248 590702.000000 620387 570808 
32830 0.001245 591505.000000 633551 567828 
32840 0.001244 587363.000000 625179 557940 
32850 0.001239 587582.000000 624109 564705 
32860 0.001242 588641.000000 615597 577144 
32870 0.001245 588425.000000 621870 560014 
32880 0.001244 598290.000000 646841 568629 
32890 0.001246 606896.000000 658644 564227 
32900 0.001252 586688.000000 617189 566265 
32910 0.001244 599072.000000 653106 571054 
32920 0.001249 591925.000000 647543 565876 
32930 0.001245 579630.000000 606831 555569 
32940 0.001251 580365.000000 598448 555151 
32950 0.001249 581623.000000 611937 554202 
32960 0.001249 585135.000000 603401 573024 
32970 0.001252 590362.000000 626422 553894 
32980 0.001243 589287.000000 646159 573099 
32990 0.001246 583326.000000 605854 560973 
33000 0.001255 583634.000000 612151 558096 
33010 0.001250 598552.000000 661328 559492 
33020 0.001246 588291.000000 644607 557918 
33030 0.001251 593540.000000 645562 558997 
33040 0.001247 591108.000000 628949 567256 
33050 0.001252 583944.000000 619209 558455 
33060 0.001257 603851.000000 650315 568118 
33070 0.001258 583162.000000 602335 557195 
33080 0.001251 594078.000000 640103 572663 
33090 0.001246 605289.000000 630765 577119 
33100 0.001247 602199.000000 650671 565772 
33110 0.001221 596482.000000 630714 575692 
33120 0.001220 594203.000000 612678 572994 
33130 0.001225 589187.000000 615762 557356 
33140 0.001236 598498.000000 624513 563976 
33150 0.001244 594492.000000 639610 565587 
33160 0.001248 599779.000000 623011 576568 
33170 0.001246 602560.000000 673319 565921 
33180 0.001244 607940.000000 657033 584222 
33190 0.001251 596303.000000 624512 570875 
33200 0.001246 592070.000000 606025 576731 
33210 0.001257 605704.000000 653100 561202 
33220 0.001249 589931.000000 631528 571021 
33230 0.001258 599305.000000 622738 569526 
33240 0.001259 590820.000000 613430 553414 
33250 0.001260 591934.000000 636164 564559 
33260 0.001266 598364.000000 631201 569659 
33270 0.001261 601050.000000 644064 578920 
33280 0.001266 608850.000000 712816 573680 
33290 0.001264 596247.000000 619610 576877 
33300 0.001266 597819.000000 633383 582958 
33310 0.001265 597416.000000 628854 580530 
33320 0.001270 605805.000000 654593 574634 
33330 0.001257 610874.000000 645272 561251 
33340 0.001254 585827.000000 599234 575267 
33350 0.001266 606501.000000 657051 560980 
33360 0.001272 603807.000000 623097 582339 
33370 0.001275 603162.000000 660068 564730 
33380 0.001262 590694.000000 619150 562705 
33390 0.001267 596506.000000 646774 559753 
33400 0.001269 587516.000000 611361 562021 
33410 0.001272 604478.000000 648675 579415 
33420 0.001267 593041.000000 626316 571328 
33430 0.001272 597995.000000 634832 577388 
33440 0.001259 601929.000000 622198 582376 
33450 0.001277 602028.000000 645101 564961 
33460 0.001273 597848.000000 623876 571235 
33470 0.001267 606931.000000 630143 564968 
33480 0.001266 601257.000000 641053 584628 
33490 0.001264 590711.000000 624937 567655 
33500 0.001273 603717.000000 647659 563018 
33510 0.001268 606403.000000 641584 575028 
33520 0.001273 597842.000000 633803 579251 
33530 0.001266 600172.000000 631851 569100 
33540 0.001266 612753.000000 640243 578763 
33550 0.001275 607013.000000 647273 576326 
33560 0.001282 612138.000000 694887 580049 
33570 0.001274 607052.000000 636747 585855 
33580 0.001276 607892.000000 643989 576162 
33590 0.001277 600142.000000 639117 566239 
33600 0.001281 612271.000000 655148 584784 
33610 0.001279 597988.000000 637108 574169 
33620 0.001274 612723.000000 661077 585375 
33630 0.001270 599065.000000 645102 583743 
33640 0.001278 617542.000000 666435 592562 
33650 0.001272 600002.000000 648824 574324 
33660 0.001282 614100.000000 644880 594286 
33670 0.001278 603923.000000 641668 573404 
33680 0.001281 605049.000000 633004 582900 
33690 0.001285 616149.000000 657077 577201 
33700 0.001273 606485.000000 630123 583536 
33710 0.001275 602294.000000 637682 572115 
33720 0.001280 602507.000000 618317 589319 
33730 0.001272 615331.000000 647545 580020 
33740 0.001291 605579.000000 658476 576078 
33750 0.001281 600231.000000 634248 579361 
33760 0.001281 602671.000000 645133 586038 
33770 0.001282 613528.000000 668586 577086 
33780 0.001283 603086.000000 628483 580739 
33790 0.001283 607537.000000 638690 583153 
33800 0.001289 612970.000000 647661 591709 
33810 0.001279 619373.000000 656594 573417 
33820 0.001285 598802.000000 632994 575453 
33830 0.001291 606775.000000 662571 571421 
33840 0.001291 603003.000000 642751 571032 
33850 0.001290 620623.000000 670034 591955 
33860 0.001292 603944.000000 639419 576670 
33870 0.001283 611461.000000 665735 586068 
33880 0.001288 596616.000000 628350 572937 
33890 0.001289 621291.000000 667401 567728 
33900 0.001292 608842.000000 643190 582679 
33910 0.001283 610258.000000 640794 587449 
33920 0.001295 630802.000000 671295 599893 
33930 0.001283 607867.000000 633113 583703 
33940 0.001290 615074.000000 669099 584877 
33950 0.001288 610554.000000 656914 587809 
33960 0.001302 614654.000000 643725 585756 
33970 0.001292 616003.000000 634170 583577 
33980 0.001296 611353.000000 642236 585673 
33990 0.001303 612050.000000 651615 576633 
34000 0.001296 617338.000000 691498 585037 
34010 0.001299 612545.000000 637392 591712 
34020 0.001308 614040.000000 661816 584458 
34030 0.001287 598364.000000 629194 571933 
34040 0.001291 610686.000000 643401 584293 
34050 0.001301 617656.000000 637402 588827 
34060 0.001286 611599.000000 658267 587707 
34070 0.001298 615614.000000 673533 578290 
34080 0.001301 601979.000000 639950 584863 
34090 0.001299 621380.000000 657073 596338 
34100 0.001299 610879.000000 649958 582841 
34110 0.001303 608789.000000 636279 582661 
34120 0.001290 621193.000000 665458 597806 
34130 0.001293 615157.000000 658050 585276 
34140 0.001299 613084.000000 655745 580704 
34150 0.001287 612208.000000 659807 595735 
34160 0.001300 617247.000000 644578 587825 
34170 0.001295 614233.000000 655318 590387 
34180 0.001296 617861.000000 687737 592393 
34190 0.001287 619001.000000 628121 602390 
34200 0.001308 613484.000000 683564 582561 
34210 0.001308 625787.000000 685740 587016 
34220 0.001298 614180.000000 635665 582432 
34230 0.001305 619706.000000 649496 590230 
34240 0.001304 608854.000000 634287 579190 
34250 0.001308 613510.000000 633232 595512 
34260 0.001300 615474.000000 658913 576086 
34270 0.001313 606395.000000 640860 593884 
34280 0.001294 618495.000000 636820 588319 
34290 0.001311 611663.000000 674407 589524 
34300 0.001303 617731.000000 645103 605808 
34310 0.001305 628180.000000 691135 593459 
34320 0.001297 628534.000000 673633 600663 
34330 0.001301 621549.000000 652143 591196 
34340 0.001314 617174.000000 661065 578273 
34350 0.001312 638419.000000 662720 609953 
34360 0.001306 624527.000000 667569 587227 
34370 0.001310 610449.000000 636087 581569 
34380 0.001313 619149.000000 639227 601125 
34390 0.001305 612034.000000 634891 598115 
34400 0.001297 624452.000000 662718 595619 
34410 0.001319 621381.000000 646423 587806 
34420 0.001315 624845.000000 646286 598768 
34430 0.001316 610042.000000 633935 590330 
34440 0.001314 621192.000000 666961 594526 
34450 0.001309 613768.000000 665285 573958 
34460 0.001308 616463.000000 674651 593898 
34470 0.001316 614044.000000 658030 590884 
34480 0.001311 613960.000000 646702 592958 
34490 0.001325 616273.000000 661509 588306 
34500 0.001318 620501.000000 683136 589704 
34510 0.001311 628569.000000 661980 588667 
34520 0.001319 620306.000000 665688 599528 
34530 0.001311 622126.000000 644650 594631 
34540 0.001323 614234.000000 643761 586340 
34550 0.001330 619267.000000 651835 588711 
34560 0.001323 611529.000000 647851 583580 
34570 0.001314 623327.000000 699546 594356 
34580 0.001319 621593.000000 660339 592018 
34590 0.001326 618539.000000 666587 580538 
34600 0.001315 629327.000000 665325 609010 
34610 0.001333 638217.000000 677089 597305 
34620 0.001329 613842.000000 630885 596771 
34630 0.001325 632292.000000 675564 592627 
34640 0.001322 629134.000000 685790 594765 
34650 0.001323 626968.000000 662685 600486 
34660 0.001320 621062.000000 652566 588282 
34670 0.001321 627002.000000 660363 607974 
34680 0.001315 630003.000000 677026 598404 
34690 0.001328 637513.000000 672289 584287 
34700 0.001320 627516.000000 649048 603873 
34710 0.001326 619319.000000 640764 592158 
34720 0.001334 621396.000000 642942 599185 
34730 0.001319 630736.000000 652756 607603 
34740 0.001323 620806.000000 665461 591711 
34750 0.001324 630314.000000 702577 586487 
34760 0.001321 624165.000000 647324 590732 
34770 0.001327 632585.000000 652589 610400 
34780 0.001332 618553.000000 654307 583251 
34790 0.001322 634196.000000 677437 615741 
34800 0.001324 620249.000000 644494 592704 
34810 0.001327 625792.000000 655876 592978 
34820 0.001336 630161.000000 655166 602334 
34830 0.001317 634892.000000 673372 612415 
34840 0.001328 638282.000000 697158 605272 
34850 0.001337 630982.000000 670648 599958 
34860 0.001340 635578.000000 695698 598103 
34870 0.001327 618256.000000 630960 598503 
34880 0.001332 640981.000000 664242 606939 
34890 0.001329 638038.000000 700982 601457 
34900 0.001336 631240.000000 673778 590440 
34910 0.001336 627408.000000 665255 590835 
34920 0.001341 619660.000000 653867 585088 
34930 0.001334 632988.000000 689539 603623 
34940 0.001332 641334.000000 714264 613310 
34950 0.001337 625486.000000 678903 595348 
34960 0.001341 626877.000000 654654 593991 
34970 0.001345 637938.000000 670826 606792 
34980 0.001335 624290.000000 644464 602438 
34990 0.001345 630662.000000 649168 603207 
35000 0.001337 637774.000000 746654 596373 
35010 0.001332 638472.000000 669117 609138 
35020 0.001335 622392.000000 667243 591375 
35030 0.001335 629934.000000 683132 596622 
35040 0.001343 635396.000000 713513 601258 
35050 0.001348 641211.000000 697666 601843 
35060 0.001343 627337.000000 658269 611858 
35070 0.001348 631259.000000 666845 596859 
35080 0.001336 641585.000000 691967 604859 
35090 0.001339 638034.000000 669794 612638 
35100 0.001331 638315.000000 678588 597088 
35110 0.001341 628293.000000 662135 609000 
35120 0.001339 637417.000000 668941 607639 
35130 0.001344 641586.000000 684703 604056 
35140 0.001344 648194.000000 745782 611692 
35150 0.001339 628472.000000 660870 602950 
35160 0.001349 631643.000000 662550 609336 
35170 0.001340 640292.000000 660243 624834 
35180 0.001337 635066.000000 666236 595483 
35190 0.001351 635225.000000 646915 613977 
35200 0.001341 651845.000000 721327 610330 
35210 0.001344 645068.000000 732527 603302 
35220 0.001351 632866.000000 661154 610537 
35230 0.001344 633189.000000 662508 610166 
35240 0.001343 644657.000000 699192 612131 
35250 0.001354 630430.000000 647416 618443 
35260 0.001358 639118.000000 698728 608772 
35270 0.001345 638987.000000 677117 590793 
35280 0.001354 644366.000000 696658 615799 
35290 0.001346 631948.000000 681133 595131 
35300 0.001347 641097.000000 676085 608066 
35310 0.001337 633077.000000 670061 596362 
35320 0.001339 631220.000000 648603 603556 
35330 0.001350 629123.000000 653852 597504 
35340 0.001354 635000.000000 666918 611677 
35350 0.001354 650383.000000 689164 607856 
35360 0.001365 638193.000000 677699 601815 
35370 0.001346 646285.000000 670847 622409 
35380 0.001351 653196.000000 724260 624316 
35390 0.001349 646529.000000 673997 623302 
35400 0.001365 640975.000000 679305 620597 
35410 0.001350 647313.000000 681739 621700 
35420 0.001352 635390.000000 660838 614997 
35430 0.001354 637457.000000 677402 609234 
35440 0.001357 639767.000000 720970 610536 
35450 0.001352 642328.000000 681052 609492 
35460 0.001352 644088.000000 691218 606080 
35470 0.001358 640138.000000 667679 612452 
35480 0.001359 639597.000000 679438 599406 
35490 0.001357 642860.000000 697912 615495 
35500 0.001352 645560.000000 682954 616882 
35510 0.001354 633984.000000 668199 610752 
35520 0.001362 651347.000000 716004 613202 
35530 0.001358 652598.000000 702704 600659 
35540 0.001357 637326.000000 692778 615337 
35550 0.001368 634462.000000 664562 602761 
35560 0.001359 639147.000000 715720 597016 
35570 0.001365 650729.000000 687347 625660 
35580 0.001361 654050.000000 680675 617439 
35590 0.001371 644540.000000 672541 611711 
35600 0.001363 634707.000000 654188 616849 
35610 0.001357 651838.000000 682048 620522 
35620 0.001363 635969.000000 666569 607284 
35630 0.001359 647582.000000 701479 619155 
35640 0.001375 649680.000000 689633 609520 
35650 0.001365 635390.000000 659280 615434 
35660 0.001359 641386.000000 687592 602116 
35670 0.001368 633050.000000 689622 603071 
35680 0.001367 642053.000000 677008 600131 
35690 0.001369 645466.000000 676130 617312 
35700 0.001369 653668.000000 704092 615553 
35710 0.001362 644600.000000 680424 607783 
35720 0.001370 652825.000000 699514 623955 
35730 0.001365 648767.000000 702249 612951 
35740 0.001374 639902.000000 686747 621955 
35750 0.001357 651767.000000 686793 628574 
35760 0.001367 659152.000000 690127 636120 
35770 0.001369 636893.000000 662260 614071 
35780 0.001371 652430.000000 711807 623802 
35790 0.001374 639001.000000 672146 619861 
35800 0.001369 642464.000000 665565 623330 
35810 0.001378 645932.000000 725652 614487 
35820 0.001374 646190.000000 684903 613858 
35830 0.001362 653101.000000 697034 622597 
35840 0.001368 654753.000000 703709 616731 
35850 0.001369 663642.000000 711316 633582 
35860 0.001376 631740.000000 677916 609121 
35870 0.001372 646118.000000 683975 625145 
35880 0.001375 659980.000000 714808 627136 
35890 0.001374 649313.000000 681158 625274 
35900 0.001377 650675.000000 682140 614705 
35910 0.001377 661650.000000 711421 637807 
35920 0.001380 649052.000000 669211 621709 
35930 0.001371 664074.000000 721299 631303 
35940 0.001376 654975.000000 695737 620369 
35950 0.001376 649839.000000 669472 630403 
35960 0.001383 655022.000000 688751 611038 
35970 0.001383 648186.000000 676787 632444 
35980 0.001376 652695.000000 725461 621568 
35990 0.001386 660580.000000 697607 627062 
36000 0.001377 649961.000000 685512 616023 
36010 0.001385 653533.000000 678766 612578 
36020 0.001380 649652.000000 669712 617007 
36030 0.001382 647660.000000 686924 625443 
36040 0.001380 657833.000000 694023 627302 
36050 0.001385 647642.000000 674404 616263 
36060 0.001380 645925.000000 678026 617454 
36070 0.001381 645069.000000 696205 609290 
36080 0.001389 650761.000000 688689 628062 
36090 0.001383 654903.000000 676252 636603 
36100 0.001386 648593.000000 672273 628551 
36110 0.001402 661203.000000 704380 618659 
36120 0.001382 666894.000000 688380 630042 
36130 0.001396 658821.000000 723411 617689 
36140 0.001385 651500.000000 680567 633268 
36150 0.001380 643649.000000 668710 618570 
36160 0.001382 652233.000000 683388 615009 
36170 0.001389 665380.000000 712019 624688 
36180 0.001385 648944.000000 672530 622738 
36190 0.001378 661802.000000 693028 628385 
36200 0.001399 660984.000000 732639 612984 
36210 0.001385 659617.000000 750156 616512 
36220 0.001380 658174.000000 690068 636087 
36230 0.001383 653459.000000 697350 625914 
36240 0.001390 657400.000000 684822 636260 
36250 0.001400 659367.000000 698552 620519 
36260 0.001392 653216.000000 663928 642369 
36270 0.001389 660277.000000 681620 636602 
36280 0.001390 657372.000000 693575 620983 
36290 0.001391 653305.000000 693839 620250 
36300 0.001406 661767.000000 727111 617581 
36310 0.001400 657973.000000 683263 617722 
36320 0.001396 652634.000000 693115 621935 
36330 0.001392 656739.000000 685946 642644 
36340 0.001394 664015.000000 725814 643066 
36350 0.001399 669256.000000 702421 631032 
36360 0.001407 664922.000000 722728 631370 
36370 0.001402 670894.000000 710922 638561 
36380 0.001391 670277.000000 734187 630809 
36390 0.001404 653558.000000 683889 622466 
36400 0.001403 669560.000000 704622 627002 
36410 0.001394 652336.000000 680955 621829 
36420 0.001407 657869.000000 722577 624136 
36430 0.001406 646825.000000 687066 617452 
36440 0.001409 667703.000000 706493 635996 
36450 0.001397 660542.000000 693639 627688 
36460 0.001404 658599.000000 708200 627989 
36470 0.001400 655044.000000 710132 619965 
36480 0.001407 657599.000000 743849 627139 
36490 0.001409 662858.000000 702968 638631 
36500 0.001411 648854.000000 674838 637521 
36510 0.001396 661180.000000 693176 632093 
36520 0.001416 677901.000000 709118 621613 
36530 0.001407 665404.000000 686996 646094 
36540 0.001410 667698.000000 753057 631041 
36550 0.001411 675946.000000 709507 644055 
36560 0.001409 656054.000000 700148 618999 
36570 0.001407 677539.000000 729299 636002 
36580 0.001410 657912.000000 695715 631427 
36590 0.001406 656173.000000 695674 622671 
36600 0.001407 664948.000000 696314 619814 
36610 0.001403 677387.000000 725329 620823 
36620 0.001408 651875.000000 675414 633028 
36630 0.001405 677856.000000 711616 649572 
36640 0.001405 657793.000000 676277 640250 
36650 0.001413 663289.000000 695206 621604 
36660 0.001410 665440.000000 696156 642447 
36670 0.001407 664590.000000 705169 629683 
36680 0.001406 661151.000000 700248 627276 
36690 0.001424 661894.000000 728447 626458 
36700 0.001414 657644.000000 692243 629132 
36710 0.001402 674802.000000 721035 649731 
36720 0.001410 661100.000000 692690 624371 
36730 0.001408 665347.000000 682559 646756 
36740 0.001415 668780.000000 707076 627862 
36750 0.001411 664030.000000 724628 645379 
36760 0.001403 677181.000000 758310 631932 
36770 0.001413 658703.000000 720477 626596 
36780 0.001415 663311.000000 743724 638562 
36790 0.001415 656534.000000 710124 631170 
36800 0.001410 671449.000000 741364 636472 
36810 0.001412 671014.000000 706791 631757 
36820 0.001423 658479.000000 682377 638162 
36830 0.001411 666080.000000 700380 636505 
36840 0.001420 664739.000000 711126 636877 
36850 0.001412 671423.000000 701434 644245 
36860 0.001427 659131.000000 695528 636235 
36870 0.001417 668679.000000 713856 648176 
36880 0.001425 674346.000000 728231 635717 
36890 0.001414 667396.000000 694424 646797 
36900 0.001417 667673.000000 706983 624613 
36910 0.001427 665670.000000 706317 638549 
36920 0.001421 655468.000000 678851 623104 
36930 0.001420 667069.000000 703100 633198 
36940 0.001419 675659.000000 709620 657182 
36950 0.001425 675067.000000 697596 639896 
36960 0.001424 674768.000000 701292 652541 
36970 0.001427 684768.000000 769063 639696 
36980 0.001425 673721.000000 712161 643180 
36990 0.001428 673017.000000 765404 626369 
37000 0.001425 675454.000000 713117 646925 
37010 0.001419 670779.000000 698920 645992 
37020 0.001424 668452.000000 690083 646317 
37030 0.001424 667544.000000 714183 641820 
37040 0.001427 655527.000000 687455 633413 
37050 0.001422 682130.000000 722172 651303 
37060 0.001434 664434.000000 695994 634491 
37070 0.001427 675626.000000 725711 640646 
37080 0.001425 677407.000000 731226 637370 
37090 0.001423 670622.000000 735199 644462 
37100 0.001424 672521.000000 721495 632399 
37110 0.001433 667573.000000 716893 637153 
37120 0.001441 666075.000000 694706 646437 
37130 0.001427 681610.000000 812021 634521 
37140 0.001436 667909.000000 712560 640144 
37150 0.001421 684077.000000 751905 657169 
37160 0.001417 671632.000000 709490 653923 
37170 0.001436 672398.000000 733784 635747 
37180 0.001435 691945.000000 731023 668595 
37190 0.001446 675865.000000 720196 647737 
37200 0.001432 680019.000000 709852 654230 
37210 0.001423 682275.000000 720121 654400 
37220 0.001428 680074.000000 734828 655868 
37230 0.001443 675511.000000 717225 649842 
37240 0.001444 667301.000000 714994 643049 
37250 0.001437 680492.000000 711058 654264 
37260 0.001444 672818.000000 704869 644145 
37270 0.001448 673452.000000 699543 643640 
37280 0.001441 668808.000000 701245 638030 
37290 0.001436 677368.000000 716525 655739 
37300 0.001442 674640.000000 713457 637106 
37310 0.001439 678120.000000 714283 632175 
37320 0.001444 684555.000000 732286 650658 
37330 0.001431 692125.000000 717401 656929 
37340 0.001438 681471.000000 747708 629116 
37350 0.001443 676629.000000 720874 641360 
37360 0.001432 687439.000000 709282 665077 
37370 0.001455 681730.000000 721670 646373 
37380 0.001441 679327.000000 735631 644204 
37390 0.001451 673916.000000 730765 638892 
37400 0.001435 688022.000000 718860 650951 
37410 0.001435 686200.000000 767682 650548 
37420 0.001444 677312.000000 702243 644912 
37430 0.001445 677137.000000 700972 651004 
37440 0.001444 686038.000000 717525 642414 
37450 0.001448 687847.000000 705652 665313 
37460 0.001446 679863.000000 722314 645051 
37470 0.001450 682795.000000 726806 656211 
37480 0.001446 677215.000000 730560 648816 
37490 0.001439 680375.000000 746942 653557 
37500 0.001443 709006.000000 747768 657947 
37510 0.001447 677990.000000 712860 653841 
37520 0.001443 678194.000000 726124 639017 
37530 0.001450 691860.000000 729486 652613 
37540 0.001443 701872.000000 801018 650043 
37550 0.001451 671181.000000 689314 657697 
37560 0.001448 676443.000000 716422 635021 
37570 0.001461 682203.000000 707938 664809 
37580 0.001453 684725.000000 732526 658963 
37590 0.001453 674300.000000 737812 647760 
37600 0.001455 683469.000000 714955 666380 
37610 0.001452 677245.000000 697813 652634 
37620 0.001446 682421.000000 701393 663582 
37630 0.001449 682872.000000 755860 647911 
37640 0.001443 693617.000000 746360 640936 
37650 0.001448 678450.000000 697803 646019 
37660 0.001447 680079.000000 742572 649838 
37670 0.001455 683952.000000 710359 632526 
37680 0.001452 689099.000000 731055 654988 
37690 0.001449 685842.000000 718222 651855 
37700 0.001447 680915.000000 723266 649042 
37710 0.001451 680218.000000 701502 656308 
37720 0.001438 689760.000000 718045 670223 
37730 0.001460 693201.000000 728315 659311 
37740 0.001450 698118.000000 762549 670233 
37750 0.001455 685612.000000 731875 647553 
37760 0.001460 682914.000000 722668 638400 
37770 0.001458 689093.000000 782082 650770 
37780 0.001457 690249.000000 719086 657433 
37790 0.001443 677692.000000 713032 644517 
37800 0.001449 691301.000000 744825 653308 
37810 0.001453 692505.000000 754702 671592 
37820 0.001452 679180.000000 704824 646329 
37830 0.001450 699563.000000 753289 667948 
37840 0.001448 684142.000000 744951 664369 
37850 0.001454 684407.000000 723137 649368 
37860 0.001468 682096.000000 719671 660108 
37870 0.001463 682691.000000 767395 650254 
37880 0.001461 683695.000000 716226 654611 
37890 0.001455 687909.000000 705105 673751 
37900 0.001467 694522.000000 730409 662589 
37910 0.001457 693729.000000 723104 659844 
37920 0.001462 692916.000000 734608 659746 
37930 0.001469 692162.000000 713021 660564 
37940 0.001463 703205.000000 766843 673876 
37950 0.001451 699867.000000 721924 687031 
37960 0.001469 691508.000000 734966 666954 
37970 0.001467 685315.000000 721318 663732 
37980 0.001467 697874.000000 743076 666255 
37990 0.001466 675646.000000 699127 657482 
38000 0.001460 694074.000000 747978 657971 
38010 0.001465 688357.000000 744381 657984 
38020 0.001471 691855.000000 717305 678436 
38030 0.001465 695878.000000 725342 672419 
38040 0.001467 699811.000000 783879 676723 
38050 0.001466 703782.000000 772191 663213 
38060 0.001466 693410.000000 732711 674342 
38070 0.001471 687643.000000 710191 673098 
38080 0.001470 693858.000000 717835 662858 
38090 0.001461 699545.000000 750367 658247 
38100 0.001471 711101.000000 763911 660795 
38110 0.001479 682418.000000 711289 662063 
38120 0.001471 703164.000000 769884 666344 
38130 0.001481 694297.000000 735473 654159 
38140 0.001475 693905.000000 733994 663097 
38150 0.001472 695451.000000 729016 658036 
38160 0.001473 695450.000000 771990 661595 
38170 0.001471 693912.000000 734441 661989 
38180 0.001471 693212.000000 719274 660835 
38190 0.001485 694898.000000 736944 658935 
38200 0.001470 676549.000000 697855 656454 
38210 0.001489 699844.000000 736085 676998 
38220 0.001480 695072.000000 732446 665147 
38230 0.001469 689613.000000 724578 656554 
38240 0.001478 701315.000000 724251 683102 
38250 0.001482 689495.000000 719799 671340 
38260 0.001478 696647.000000 722091 650769 
38270 0.001484 690915.000000 717796 665078 
38280 0.001476 702944.000000 737976 665637 
38290 0.001477 696759.000000 732710 664309 
38300 0.001482 688166.000000 720143 663775 
38310 0.001481 695308.000000 754573 673095 
38320 0.001486 708500.000000 750811 683983 
38330 0.001492 693646.000000 733203 659481 
38340 0.001472 701726.000000 778765 652411 
38350 0.001478 700800.000000 765042 674266 
38360 0.001493 700569.000000 732704 656737 
38370 0.001475 697461.000000 729773 661058 
38380 0.001493 693155.000000 735834 664876 
38390 0.001483 687139.000000 724974 654585 
38400 0.001479 690537.000000 714623 672311 
38410 0.001493 704124.000000 774924 668268 
38420 0.001480 695692.000000 724576 672709 
38430 0.001483 699638.000000 747155 668486 
38440 0.001486 690820.000000 780352 670490 
38450 0.001481 704091.000000 745586 664378 
38460 0.001479 723886.000000 781480 701342 
38470 0.001483 707504.000000 742667 685614 
38480 0.001485 705603.000000 754031 667403 
38490 0.001479 709899.000000 762615 675838 
38500 0.001486 705761.000000 772756 670955 
38510 0.001486 701409.000000 728121 682152 
38520 0.001495 699967.000000 721344 671954 
38530 0.001489 712393.000000 740691 673432 
38540 0.001492 715291.000000 796736 666231 
38550 0.001491 693826.000000 751190 661363 
38560 0.001489 708966.000000 741075 686377 
38570 0.001488 703753.000000 728105 674581 
38580 0.001501 698299.000000 741337 664356 
38590 0.001477 705340.000000 746716 664141 
38600 0.001490 696734.000000 734842 654839 
38610 0.001493 702793.000000 736620 676887 
38620 0.001489 724403.000000 799513 667980 
38630 0.001499 702945.000000 756956 666980 
38640 0.001496 699766.000000 760193 657209 
38650 0.001490 708387.000000 764747 670294 
38660 0.001504 711753.000000 760970 674222 
38670 0.001484 696130.000000 717771 675842 
38680 0.001494 710105.000000 760099 677176 
38690 0.001494 707111.000000 755027 674667 
38700 0.001506 723854.000000 771416 696515 
38710 0.001498 707105.000000 737149 684458 
38720 0.001499 695831.000000 725327 668959 
38730 0.001495 698461.000000 766146 657985 
38740 0.001507 707437.000000 725026 681174 
38750 0.001508 706776.000000 756474 668832 
38760 0.001497 695023.000000 721792 677448 
38770 0.001498 708793.000000 737688 685878 
38780 0.001504 708227.000000 795014 677538 
38790 0.001499 715012.000000 739152 689017 
38800 0.001500 698630.000000 732261 664140 
38810 0.001494 720385.000000 759980 688960 
38820 0.001505 711510.000000 741915 686652 
38830 0.001500 723542.000000 764024 679924 
38840 0.001512 700106.000000 735964 674363 
38850 0.001508 719574.000000 773019 668804 
38860 0.001504 725580.000000 785095 692216 
38870 0.001507 710373.000000 767773 668147 
38880 0.001508 708680.000000 787606 669968 
38890 0.001508 727605.000000 768528 691085 
38900 0.001511 726756.000000 810773 681462 
38910 0.001509 716676.000000 757550 683807 
38920 0.001498 706653.000000 743926 668053 
38930 0.001494 718710.000000 770386 684185 
38940 0.001513 716717.000000 765157 681252 
38950 0.001502 705048.000000 748036 679583 
38960 0.001519 711784.000000 753280 681294 
38970 0.001520 710295.000000 752668 671025 
38980 0.001506 721085.000000 777898 684115 
38990 0.001502 711515.000000 760030 669487 
39000 0.001503 712541.000000 771391 677516 
39010 0.001503 702215.000000 727518 683298 
39020 0.001512 714057.000000 737122 693383 
39030 0.001507 705541.000000 749357 673520 
39040 0.001512 718826.000000 761560 691424 
39050 0.001515 714293.000000 747499 668275 
39060 0.001514 703649.000000 745515 672924 
39070 0.001521 705399.000000 743036 672573 
39080 0.001497 729472.000000 760923 676589 
39090 0.001511 709389.000000 752208 675310 
39100 0.001516 705303.000000 747022 659205 
39110 0.001515 717274.000000 773747 681786 
39120 0.001537 733664.000000 867216 689240 
39130 0.001526 713765.000000 763829 674842 
39140 0.001509 723240.000000 773328 690023 
39150 0.001509 722068.000000 802611 694022 
39160 0.001501 726459.000000 786793 689532 
39170 0.001521 708708.000000 753189 676970 
39180 0.001522 717951.000000 742158 692607 
39190 0.001515 715852.000000 761062 675583 
39200 0.001516 728239.000000 768300 689400 
39210 0.001517 704197.000000 729541 678909 
39220 0.001507 714570.000000 739608 671187 
39230 0.001512 716013.000000 779880 683055 
39240 0.001522 705285.000000 735349 677916 
39250 0.001519 716504.000000 788052 679182 
39260 0.001518 726208.000000 773216 693615 
39270 0.001514 727043.000000 793712 695717 
39280 0.001516 723217.000000 781176 704444 
39290 0.001522 720621.000000 769816 696785 
39300 0.001525 716154.000000 754411 673474 
39310 0.001519 731841.000000 797753 688539 
39320 0.001512 705520.000000 747494 682532 
39330 0.001522 718080.000000 759929 686347 
39340 0.001519 706929.000000 743388 675322 
39350 0.001517 723948.000000 764381 689929 
39360 0.001521 723672.000000 765746 678534 
39370 0.001527 707650.000000 751058 679556 
39380 0.001511 726835.000000 764420 688873 
39390 0.001534 730155.000000 758540 691423 
39400 0.001527 723503.000000 756586 686389 
39410 0.001526 725781.000000 760685 688659 
39420 0.001543 718578.000000 746798 681181 
39430 0.001525 720658.000000 755032 686987 
39440 0.001522 725004.000000 755354 684273 
39450 0.001525 722401.000000 778225 673152 
39460 0.001530 723805.000000 770238 690102 
39470 0.001536 729249.000000 792265 695227 
39480 0.001540 717209.000000 750783 694408 
39490 0.001536 717863.000000 770722 686460 
39500 0.001533 721899.000000 794271 694279 
39510 0.001540 711162.000000 754789 672994 
39520 0.001532 722291.000000 763485 687506 
39530 0.001536 732117.000000 784028 699923 
39540 0.001526 732758.000000 781221 691831 
39550 0.001535 725113.000000 814648 686195 
39560 0.001539 724939.000000 755285 695757 
39570 0.001527 716541.000000 758036 690498 
39580 0.001534 729369.000000 781454 686223 
39590 0.001537 725521.000000 766259 689790 
39600 0.001526 720451.000000 762349 689444 
39610 0.001552 716997.000000 763952 701589 
39620 0.001550 729063.000000 760515 701542 
39630 0.001537 727734.000000 762214 703214 
39640 0.001544 719176.000000 774109 701987 
39650 0.001539 732741.000000 813338 693204 
39660 0.001542 724996.000000 802786 687827 
39670 0.001539 717861.000000 750249 688235 
39680 0.001538 725715.000000 780502 679052 
39690 0.001541 727379.000000 767216 695022 
39700 0.001539 737522.000000 816684 688793 
39710 0.001533 740961.000000 774625 711104 
39720 0.001537 735729.000000 777761 702521 
39730 0.001537 720766.000000 743241 687455 
39740 0.001540 721883.000000 750520 709038 
39750 0.001542 737984.000000 794049 717209 
39760 0.001543 714067.000000 751669 694326 
39770 0.001551 728195.000000 786205 687513 
39780 0.001542 728063.000000 765369 700453 
39790 0.001544 719211.000000 778806 681790 
39800 0.001546 740764.000000 783544 713984 
39810 0.001551 735101.000000 775731 710088 
39820 0.001554 736745.000000 782509 691573 
39830 0.001542 730605.000000 785170 691258 
39840 0.001551 725718.000000 762996 699419 
39850 0.001542 734398.000000 778765 704512 
39860 0.001561 727905.000000 776331 689038 
39870 0.001540 739692.000000 768979 692637 
39880 0.001556 717245.000000 764566 698352 
39890 0.001557 717302.000000 731995 686499 
39900 0.001558 723443.000000 760453 703910 
39910 0.001559 735728.000000 783495 695708 
39920 0.001550 731318.000000 781862 697253 
39930 0.001552 737546.000000 803935 705207 
39940 0.001560 720318.000000 738902 707189 
39950 0.001552 726309.000000 758367 690114 
39960 0.001552 736443.000000 766854 702061 
39970 0.001549 735163.000000 767717 706542 
39980 0.001551 736791.000000 774917 685443 
39990 0.001552 721924.000000 791871 687689 
40000 0.001544 728396.000000 779355 696509 
40010 0.001546 738872.000000 792029 701182 
40020 0.001557 736050.000000 801956 700843 
40030 0.001556 732295.000000 774941 706084 
40040 0.001554 735721.000000 777345 697999 
40050 0.001562 724358.000000 758661 695591 
40060 0.001556 738875.000000 769651 701394 
40070 0.001560 727213.000000 792549 692221 
40080 0.001550 733357.000000 771504 711602 
40090 0.001554 733393.000000 773564 684806 
40100 0.001564 731365.000000 775059 701260 
40110 0.001562 734197.000000 764060 709543 
40120 0.001558 744945.000000 790906 686974 
40130 0.001551 731786.000000 752843 707626 
40140 0.001559 741248.000000 795251 709550 
40150 0.001549 739119.000000 770520 706891 
40160 0.001563 735800.000000 766667 705545 
40170 0.001558 736948.000000 810466 684455 
40180 0.001561 737475.000000 771129 713723 
40190 0.001559 736655.000000 776023 709859 
40200 0.001560 740293.000000 799168 710833 
40210 0.001554 722869.000000 753395 697913 
40220 0.001562 740688.000000 787914 713626 
40230 0.001558 738606.000000 760986 717684 
40240 0.001563 757931.000000 809852 696490 
40250 0.001561 730226.000000 788344 703506 
40260 0.001567 743228.000000 785894 706397 
40270 0.001562 729938.000000 746190 707802 
40280 0.001569 736024.000000 789867 707900 
40290 0.001570 734003.000000 813711 690557 
40300 0.001564 724572.000000 758869 697761 
40310 0.001561 737300.000000 774972 706037 
40320 0.001554 740279.000000 772745 710500 
40330 0.001579 737806.000000 788990 698840 
40340 0.001570 736342.000000 772139 694685 
40350 0.001574 735851.000000 801321 707147 
40360 0.001562 733036.000000 774316 712721 
40370 0.001571 747572.000000 798937 713925 
40380 0.001574 746919.000000 783547 711347 
40390 0.001564 739525.000000 788218 697170 
40400 0.001563 753797.000000 785199 718743 
40410 0.001574 738527.000000 815811 693365 
40420 0.001568 751013.000000 809285 722444 
40430 0.001573 751579.000000 821197 699697 
40440 0.001570 737791.000000 792575 709730 
40450 0.001568 742873.000000 784209 715475 
40460 0.001573 743847.000000 839225 698683 
40470 0.001569 740343.000000 803736 711662 
40480 0.001574 747500.000000 779434 728776 
40490 0.001569 737492.000000 772251 712058 
40500 0.001567 755730.000000 806708 705442 
40510 0.001584 739336.000000 780830 691781 
40520 0.001580 732174.000000 761701 705209 
40530 0.001568 736738.000000 775819 708521 
40540 0.001576 754166.000000 799996 715499 
40550 0.001579 726708.000000 763284 703679 
40560 0.001571 759426.000000 813702 732804 
40570 0.001572 739021.000000 774647 691716 
40580 0.001584 744190.000000 808034 723176 
40590 0.001579 749576.000000 786807 721152 
40600 0.001584 733433.000000 761329 696411 
40610 0.001583 733407.000000 773445 707021 
40620 0.001577 744010.000000 808801 706791 
40630 0.001574 744176.000000 779562 718520 
40640 0.001589 760981.000000 815606 724706 
40650 0.001582 739366.000000 768964 713581 
40660 0.001575 740760.000000 777283 703762 
40670 0.001589 748797.000000 776932 714792 
40680 0.001581 761141.000000 840325 719012 
40690 0.001580 755480.000000 806463 710843 
40700 0.001588 745379.000000 779854 703489 
40710 0.001580 749919.000000 778922 719478 
40720 0.001586 749245.000000 792264 724045 
40730 0.001586 743414.000000 771896 715121 
40740 0.001578 749123.000000 817192 716800 
40750 0.001595 734130.000000 796767 699578 
40760 0.001582 750379.000000 806286 725352 
40770 0.001590 758837.000000 816512 721053 
40780 0.001587 751949.000000 797434 716716 
40790 0.001584 749727.000000 774706 726606 
40800 0.001590 747364.000000 785187 698655 
40810 0.001585 735454.000000 758576 708625 
40820 0.001585 760676.000000 811987 724264 
40830 0.001596 744607.000000 782820 699009 
40840 0.001584 744897.000000 782919 715175 
40850 0.001597 737545.000000 770789 713149 
40860 0.001595 739969.000000 773654 710625 
40870 0.001602 750712.000000 817633 718159 
40880 0.001592 758411.000000 782630 740354 
40890 0.001604 741764.000000 800236 707732 
40900 0.001597 736671.000000 762425 711090 
40910 0.001601 757951.000000 792078 729218 
40920 0.001604 752118.000000 793716 712657 
40930 0.001592 747017.000000 810727 705808 
40940 0.001588 748848.000000 785555 712069 
40950 0.001598 744644.000000 790075 728048 
40960 0.001595 747279.000000 763775 723402 
40970 0.001599 754850.000000 786983 698885 
40980 0.001595 752936.000000 803513 731988 
40990 0.001599 758249.000000 789332 714544 
41000 0.001587 750676.000000 787698 729224 
41010 0.001598 754577.000000 809721 714410 
41020 0.001610 757869.000000 807850 727000 
41030 0.001606 739557.000000 778949 726009 
41040 0.001599 746717.000000 796373 714427 
41050 0.001598 750732.000000 763455 738268 
41060 0.001601 748592.000000 788354 710173 
41070 0.001602 756082.000000 840340 717734 
41080 0.001592 762780.000000 824259 730471 
41090 0.001597 754669.000000 793195 732844 
41100 0.001591 768823.000000 866160 732583 
41110 0.001597 753285.000000 813912 720622 
41120 0.001601 753811.000000 785847 736867 
41130 0.001606 755587.000000 803299 724789 
41140 0.001604 758093.000000 800507 725691 
41150 0.001599 757110.000000 781077 723573 
41160 0.001613 746534.000000 779050 718580 
41170 0.001600 767473.000000 800294 730744 
41180 0.001599 750883.000000 784105 721081 
41190 0.001607 761209.000000 820258 718696 
41200 0.001617 744934.000000 782085 714279 
41210 0.001607 765919.000000 811081 722268 
41220 0.001618 752317.000000 785583 722007 
41230 0.001607 761140.000000 797403 733687 
41240 0.001608 746241.000000 781620 730951 
41250 0.001602 756157.000000 791718 727961 
41260 0.001618 756065.000000 785563 731367 
41270 0.001606 767968.000000 810502 732560 
41280 0.001604 764507.000000 815828 727596 
41290 0.001606 765591.000000 835152 723083 
41300 0.001612 763330.000000 794591 728880 
41310 0.001615 769439.000000 816538 722200 
41320 0.001610 755416.000000 788016 735285 
41330 0.001608 760790.000000 807377 731264 
41340 0.001596 767363.000000 819935 736328 
41350 0.001609 758236.000000 781860 729578 
41360 0.001617 747588.000000 803332 716653 
41370 0.001613 753887.000000 790630 723814 
41380 0.001615 760176.000000 790036 741445 
41390 0.001617 749491.000000 782432 716165 
41400 0.001611 753584.000000 776935 730932 
41410 0.001601 775683.000000 827970 719216 
41420 0.001611 767593.000000 845720 718541 
41430 0.001615 757745.000000 794270 717661 
41440 0.001609 767754.000000 790730 737094 
41450 0.001612 768580.000000 840802 729767 
41460 0.001701 762760.000000 823322 732460 
41470 0.001718 771630.000000 806496 740290 
41480 0.001625 770705.000000 828249 737163 
41490 0.001617 755558.000000 805922 734486 
41500 0.001620 760862.000000 794588 733620 
41510 0.001622 768566.000000 815128 728260 
41520 0.001618 776121.000000 818817 751854 
41530 0.001618 763739.000000 806652 740114 
41540 0.001617 772876.000000 906400 721541 
41550 0.001616 756704.000000 800567 738092 
41560 0.001620 753343.000000 790803 714568 
41570 0.001608 771216.000000 814791 730969 
41580 0.001623 761153.000000 800297 725645 
41590 0.001623 765499.000000 835239 730832 
41600 0.001616 776594.000000 814730 755084 
41610 0.001620 770674.000000 819804 742393 
41620 0.001629 774251.000000 815909 736298 
41630 0.001617 778926.000000 829324 748791 
41640 0.001622 759539.000000 789757 727146 
41650 0.001625 770125.000000 805312 745536 
41660 0.001621 764300.000000 787620 743327 
41670 0.001622 767393.000000 817254 735560 
41680 0.001622 776057.000000 826918 738411 
41690 0.001632 764677.000000 782618 740651 
41700 0.001631 764700.000000 811788 726626 
41710 0.001634 769795.000000 822027 742280 
41720 0.001631 770963.000000 797815 737742 
41730 0.001624 772741.000000 829161 744267 
41740 0.001633 751170.000000 797968 720940 
41750 0.001628 765313.000000 836648 724361 
41760 0.001620 771745.000000 805858 740246 
41770 0.001639 768387.000000 797822 746500 
41780 0.001619 791055.000000 849350 739130 
41790 0.001634 792337.000000 851188 760018 
41800 0.001642 762892.000000 811538 736767 
41810 0.001635 779443.000000 838820 738344 
41820 0.001633 781419.000000 841936 748518 
41830 0.001641 771636.000000 829667 730537 
41840 0.001638 763155.000000 820211 714647 
41850 0.001621 781705.000000 808314 756602 
41860 0.001630 787728.000000 854897 746898 
41870 0.001647 765258.000000 807988 730394 
41880 0.001640 780643.000000 854537 715601 
41890 0.001657 797886.000000 866356 747575 
41900 0.001652 778364.000000 828447 739953 
41910 0.001789 768111.000000 810809 738181 
41920 0.001632 776712.000000 828580 744756 
41930 0.001659 779323.000000 838177 750171 
41940 0.001670 793133.000000 850703 756318 
41950 0.001662 764120.000000 786849 738630 
41960 0.001628 772666.000000 828274 721717 
41970 0.001626 784667.000000 828961 736833 
41980 0.001605 781289.000000 842897 737342 
41990 0.001594 761654.000000 798216 739658 
42000 0.001622 765143.000000 783865 743438 
42010 0.001641 777127.000000 889048 722287 
42020 0.001636 779655.000000 825629 743213 
42030 0.001644 773638.000000 824405 735597 
42040 0.001638 779789.000000 842376 751351 
42050 0.001639 781516.000000 807128 753996 
42060 0.001642 776666.000000 820802 733297 
42070 0.001642 781197.000000 830645 745150 
42080 0.001638 774416.000000 818367 727704 
42090 0.001649 770520.000000 806515 737809 
42100 0.001635 783405.000000 847532 744515 
42110 0.001637 778091.000000 825174 737420 
42120 0.001654 778806.000000 829204 750576 
42130 0.001652 774487.000000 831579 736417 
42140 0.001642 782931.000000 829723 760794 
42150 0.001648 772076.000000 800974 745472 
42160 0.001652 780332.000000 808348 730353 
42170 0.001630 776693.000000 811035 744874 
42180 0.001649 767618.000000 809864 742120 
42190 0.001648 781712.000000 840736 745277 
42200 0.001658 768705.000000 789512 738728 
42210 0.001645 773323.000000 793043 746469 
42220 0.001650 780987.000000 803979 759604 
42230 0.001643 770105.000000 805817 739580 
42240 0.001658 772563.000000 817578 746640 
42250 0.001659 765003.000000 802446 724240 
42260 0.001656 779550.000000 814825 737582 
42270 0.001658 781253.000000 831172 751973 
42280 0.001653 772026.000000 798659 755056 
42290 0.001645 784736.000000 842780 755212 
42300 0.001653 783127.000000 826312 749509 
42310 0.001648 779508.000000 814885 750976 
42320 0.001649 769963.000000 810720 739614 
42330 0.001650 776649.000000 850039 744070 
42340 0.001661 771940.000000 829746 744676 
42350 0.001650 784981.000000 838070 748291 
42360 0.001658 785812.000000 834402 749213 
42370 0.001652 772770.000000 825024 744399 
42380 0.001654 794841.000000 859950 743129 
42390 0.001658 797344.000000 854773 757319 
42400 0.001663 777550.000000 843799 744228 
42410 0.001654 782373.000000 841637 740185 
42420 0.001658 773837.000000 813827 729189 
42430 0.001655 780539.000000 811550 754704 
42440 0.001667 789406.000000 829841 761313 
42450 0.001664 780432.000000 823356 749560 
42460 0.001652 793995.000000 845811 748672 
42470 0.001649 785443.000000 819681 752107 
42480 0.001648 784482.000000 837158 745392 
42490 0.001659 779764.000000 798122 768455 
42500 0.001656 777518.000000 801812 756414 
42510 0.001667 785329.000000 838263 745430 
42520 0.001657 776111.000000 802014 757338 
42530 0.001670 783898.000000 823026 761977 
42540 0.001668 774976.000000 795955 746679 
42550 0.001676 800372.000000 854589 763586 
42560 0.001661 789945.000000 820704 756478 
42570 0.001664 790492.000000 857277 759006 
42580 0.001674 769823.000000 814873 745175 
42590 0.001661 782877.000000 822407 754736 
42600 0.001669 780452.000000 820966 742112 
42610 0.001680 788359.000000 866816 745197 
42620 0.001678 805112.000000 888537 756275 
42630 0.001670 779380.000000 815691 753855 
42640 0.001672 788453.000000 879354 762637 
42650 0.001660 789813.000000 818892 764824 
42660 0.001676 782814.000000 844194 748339 
42670 0.001670 803103.000000 824548 782640 
42680 0.001668 792313.000000 881131 730377 
42690 0.001682 799353.000000 817706 763350 
42700 0.001668 788923.000000 830649 767006 
42710 0.001664 790626.000000 836396 757856 
42720 0.001673 778187.000000 819148 747537 
42730 0.001686 786111.000000 825518 743527 
42740 0.001673 803228.000000 855408 770484 
42750 0.001675 787660.000000 843092 748102 
42760 0.001670 796117.000000 844643 753996 
42770 0.001683 792978.000000 823564 769029 
42780 0.001680 798454.000000 844258 774879 
42790 0.001682 785519.000000 825324 756415 
42800 0.001684 785881.000000 838662 753085 
42810 0.001695 790459.000000 836070 769672 
42820 0.001676 787629.000000 806775 760689 
42830 0.001679 799441.000000 881312 754329 
42840 0.001677 814979.000000 856906 748011 
42850 0.001675 787542.000000 819844 766393 
42860 0.001682 795680.000000 852439 758360 
42870 0.001670 789244.000000 831739 759461 
42880 0.001687 790565.000000 848599 761615 
42890 0.001669 802591.000000 855771 761186 
42900 0.001680 786922.000000 847191 744422 
42910 0.001682 784471.000000 804399 768921 
42920 0.001684 786531.000000 832359 762374 
42930 0.001674 787561.000000 830045 750609 
42940 0.001669 806284.000000 863473 760187 
42950 0.001692 801605.000000 861645 766740 
42960 0.001690 801109.000000 853623 762145 
42970 0.001682 799116.000000 857295 762429 
42980 0.001681 815637.000000 869354 771273 
42990 0.001682 791991.000000 837278 760965 
43000 0.001682 808200.000000 897647 774118 
43010 0.001675 813990.000000 917381 751526 
43020 0.001688 801926.000000 889886 758791 
43030 0.001678 801652.000000 884924 760676 
43040 0.001699 811930.000000 857533 772886 
43050 0.001675 789298.000000 847098 753791 
43060 0.001692 795129.000000 835737 759037 
43070 0.001685 796384.000000 842424 766586 
43080 0.001685 791464.000000 821717 761614 
43090 0.001690 806034.000000 858118 758803 
43100 0.001684 807406.000000 883821 753409 
43110 0.001685 794717.000000 867155 766006 
43120 0.001689 820770.000000 879295 782927 
43130 0.001682 800491.000000 874533 758622 
43140 0.001694 797516.000000 849914 760676 
43150 0.001690 796647.000000 823891 774550 
43160 0.001688 803796.000000 932430 768477 
43170 0.001700 795072.000000 816178 776151 
43180 0.001697 798526.000000 844146 754660 
43190 0.001688 804063.000000 840401 767530 
43200 0.001689 788200.000000 808050 760188 
43210 0.001693 809044.000000 923676 778403 
43220 0.001695 784995.000000 806480 765118 
43230 0.001703 790496.000000 810161 770116 
43240 0.001704 799037.000000 832571 758983 
43250 0.001690 794861.000000 832975 767197 
43260 0.001697 789717.000000 827171 771520 
43270 0.001698 806755.000000 838755 757209 
43280 0.001700 810065.000000 844059 782360 
43290 0.001702 787917.000000 836311 749952 
43300 0.001698 803580.000000 855124 771397 
43310 0.001691 797194.000000 814635 772373 
43320 0.001705 791806.000000 835294 765314 
43330 0.001698 796322.000000 820747 765610 
43340 0.001711 788533.000000 832212 757740 
43350 0.001693 792780.000000 820673 773180 
43360 0.001700 795414.000000 839216 753622 
43370 0.001700 795537.000000 857469 761073 
43380 0.001692 820921.000000 945778 765847 
43390 0.001697 797053.000000 824950 761757 
43400 0.001697 806354.000000 878141 764446 
43410 0.001696 809238.000000 852354 757506 
43420 0.001696 792593.000000 821447 771019 
43430 0.001702 793782.000000 813478 765690 
43440 0.001695 801548.000000 850135 772298 
43450 0.001692 803333.000000 862904 751428 
43460 0.001713 786677.000000 818827 756754 
43470 0.001701 807599.000000 878737 764005 
43480 0.001708 800531.000000 856805 772094 
43490 0.001708 793316.000000 837510 760610 
43500 0.001703 796011.000000 889827 760969 
43510 0.001715 806163.000000 835384 769292 
43520 0.001708 795526.000000 831204 771969 
43530 0.001709 811900.000000 871753 757420 
43540 0.001702 802486.000000 842698 749147 
43550 0.001709 794528.000000 826689 770968 
43560 0.001697 810987.000000 846471 766007 
43570 0.001705 817000.000000 861549 772403 
43580 0.001715 817278.000000 856656 773430 
43590 0.001708 809286.000000 844565 776067 
43600 0.001710 817032.000000 859125 778044 
43610 0.001705 802907.000000 832795 776137 
43620 0.001717 807071.000000 841806 775541 
43630 0.001714 805662.000000 876849 774140 
43640 0.001714 807569.000000 876149 771316 
43650 0.001708 818354.000000 861828 781280 
43660 0.001729 791309.000000 835152 768644 
43670 0.001720 797664.000000 840060 771961 
43680 0.001712 813271.000000 859177 767565 
43690 0.001710 817368.000000 881889 785485 
43700 0.001705 809873.000000 857918 775358 
43710 0.001721 802118.000000 833668 777354 
43720 0.001716 820873.000000 855797 781679 
43730 0.001711 816425.000000 866081 771546 
43740 0.001715 811823.000000 848712 782424 
43750 0.001712 823893.000000 851586 770716 
43760 0.001713 797636.000000 819952 773421 
43770 0.001704 817291.000000 862839 780680 
43780 0.001725 819122.000000 863796 786274 
43790 0.001713 803230.000000 832233 777313 
43800 0.001721 814632.000000 861349 785771 
43810 0.001709 812999.000000 851976 780481 
43820 0.001722 808249.000000 841120 773333 
43830 0.001716 813625.000000 847450 779262 
43840 0.001712 816141.000000 853081 785459 
43850 0.001732 807611.000000 836180 783827 
43860 0.001725 817027.000000 845223 770647 
43870 0.001720 810447.000000 870265 765016 
43880 0.001722 809680.000000 853637 766050 
43890 0.001722 820012.000000 904500 788101 
43900 0.001726 820787.000000 873755 779676 
43910 0.001713 805647.000000 861756 772177 
43920 0.001725 801276.000000 851373 746720 
43930 0.001721 819570.000000 874629 778025 
43940 0.001711 807150.000000 841808 776662 
43950 0.001723 816209.000000 841866 776683 
43960 0.001727 830783.000000 863588 780486 
43970 0.001726 807265.000000 834250 776285 
43980 0.001727 813739.000000 834721 788557 
43990 0.001721 816332.000000 857354 763740 
44000 0.001734 814460.000000 840341 780133 
44010 0.001736 812609.000000 852248 770974 
44020 0.001739 808062.000000 863051 768222 
44030 0.001726 813043.000000 856042 793892 
44040 0.001728 824034.000000 868722 791701 
44050 0.001734 807895.000000 838064 783440 
44060 0.001722 811646.000000 845706 770543 
44070 0.001726 806672.000000 840352 769470 
44080 0.001723 823445.000000 877857 783424 
44090 0.001732 808919.000000 847744 770396 
44100 0.001729 825370.000000 931431 770800 
44110 0.001738 805749.000000 845095 770272 
44120 0.001734 834794.000000 884558 806342 
44130 0.001731 812715.000000 859856 777070 
44140 0.001739 815320.000000 851630 769355 
44150 0.001737 800847.000000 845894 779485 
44160 0.001739 817074.000000 855629 770636 
44170 0.001730 815293.000000 859498 781405 
44180 0.001720 817631.000000 855770 797526 
44190 0.001728 827163.000000 871781 778105 
44200 0.001743 827823.000000 895370 784214 
44210 0.001735 829724.000000 876845 781825 
44220 0.001736 815165.000000 858626 778136 
44230 0.001733 834636.000000 886513 789762 
44240 0.001748 817236.000000 863064 779404 
44250 0.001749 808693.000000 860329 770390 
44260 0.001743 825437.000000 891220 779157 
44270 0.001734 825847.000000 871367 785714 
44280 0.001727 835470.000000 877702 803100 
44290 0.001748 829783.000000 866813 787932 
44300 0.001746 815614.000000 883372 769210 
44310 0.001738 808215.000000 830839 775765 
44320 0.001746 816840.000000 868536 777663 
44330 0.001753 801055.000000 844672 772808 
44340 0.001745 813391.000000 851888 791122 
44350 0.001752 806198.000000 831268 783514 
44360 0.001750 829654.000000 882269 792469 
44370 0.001751 826532.000000 858702 790022 
44380 0.001756 823578.000000 867391 786844 
44390 0.001747 813152.000000 867419 773142 
44400 0.001747 823428.000000 874359 787962 
44410 0.001746 807052.000000 828842 789414 
44420 0.001756 828271.000000 862844 798266 
44430 0.001748 814816.000000 865069 775822 
44440 0.001746 829852.000000 859519 785195 
44450 0.001748 838366.000000 908931 778235 
44460 0.001748 828838.000000 882490 788260 
44470 0.001744 828610.000000 869277 790561 
44480 0.001741 821184.000000 849245 786003 
44490 0.001735 836976.000000 918574 795578 
44500 0.001746 846817.000000 868639 805340 
44510 0.001742 799864.000000 821569 775153 
44520 0.001744 825106.000000 882087 790316 
44530 0.001757 836930.000000 943239 778708 
44540 0.001748 826757.000000 897241 791726 
44550 0.001760 818846.000000 849116 787821 
44560 0.001745 831293.000000 856220 809374 
44570 0.001756 821762.000000 863381 797165 
44580 0.001741 825137.000000 904952 790629 
44590 0.001752 828212.000000 847139 798871 
44600 0.001751 823918.000000 905729 787326 
44610 0.001757 828195.000000 865617 795096 
44620 0.001764 830934.000000 893209 771657 
44630 0.001751 830022.000000 901183 782850 
44640 0.001741 840445.000000 942939 806849 
44650 0.001754 815856.000000 848625 780566 
44660 0.001761 836755.000000 910097 778241 
44670 0.001766 843916.000000 941710 808508 
44680 0.001762 831683.000000 860040 807366 
44690 0.001764 825152.000000 874743 797185 
44700 0.001748 825284.000000 895693 794960 
44710 0.001740 837757.000000 868543 817833 
44720 0.001762 828170.000000 904693 790345 
44730 0.001755 818625.000000 875028 783156 
44740 0.001755 843515.000000 897027 809798 
44750 0.001753 838360.000000 905414 788922 
44760 0.001750 838384.000000 874405 797939 
44770 0.001759 825295.000000 868850 801140 
44780 0.001773 820323.000000 853113 780405 
44790 0.001761 834527.000000 875547 805951 
44800 0.001762 820198.000000 863856 795330 
44810 0.001763 825443.000000 872730 787887 
44820 0.001752 832426.000000 876028 808930 
44830 0.001767 816469.000000 850601 794787 
44840 0.001767 832734.000000 908926 796311 
44850 0.001765 838909.000000 878321 798713 
44860 0.001775 823228.000000 863487 791034 
44870 0.001768 821599.000000 847950 792637 
44880 0.001762 825905.000000 892325 795005 
44890 0.001758 837565.000000 922711 794433 
44900 0.001759 848307.000000 898463 794387 
44910 0.001771 831056.000000 849530 803582 
44920 0.001770 837893.000000 921345 800078 
44930 0.001754 841719.000000 885100 810511 
44940 0.001768 833974.000000 867340 813810 
44950 0.001771 820972.000000 855105 789484 
44960 0.001771 843707.000000 909543 797225 
44970 0.001762 836235.000000 882705 804580 
44980 0.001778 841746.000000 871810 801204 
44990 0.001768 855127.000000 914726 792454 
45000 0.001774 841083.000000 903934 803735 
45010 0.001795 850568.000000 919056 809009 
45020 0.001777 828612.000000 859294 796589 
45030 0.001764 849814.000000 908187 813270 
45040 0.001774 835661.000000 904986 807436 
45050 0.001773 832811.000000 879353 803823 
45060 0.001777 834847.000000 869058 801339 
45070 0.001759 835385.000000 885780 799759 
45080 0.001788 841658.000000 907188 788372 
45090 0.001771 839809.000000 876063 808898 
45100 0.001783 845995.000000 877195 807507 
45110 0.001788 826125.000000 886568 787457 
45120 0.001784 840346.000000 915785 800044 
45130 0.001797 829453.000000 873583 791022 
45140 0.001782 831202.000000 854056 807352 
45150 0.001782 839565.000000 916338 799779 
45160 0.001786 853493.000000 981239 794053 
45170 0.001791 843600.000000 883562 806375 
45180 0.001797 835699.000000 891516 785361 
45190 0.001790 837127.000000 890886 782008 
45200 0.001778 863610.000000 947574 821178 
45210 0.001785 841390.000000 905693 806951 
45220 0.001778 838094.000000 887381 808854 
45230 0.001785 842664.000000 890459 794883 
45240 0.001786 859229.000000 883523 839895 
45250 0.001784 852836.000000 891768 804605 
45260 0.001799 841598.000000 892684 800745 
45270 0.001780 834739.000000 871638 798804 
45280 0.001794 822304.000000 845352 795949 
45290 0.001782 828409.000000 894361 796386 
45300 0.001793 859777.000000 1000268 815665 
45310 0.001778 833376.000000 862427 797168 
45320 0.001791 850433.000000 929130 799746 
45330 0.001791 843886.000000 889136 808413 
45340 0.001790 840814.000000 876549 801248 
45350 0.001781 860241.000000 913635 813444 
45360 0.001788 835330.000000 870544 807802 
45370 0.001789 842223.000000 869416 813621 
45380 0.001786 850345.000000 885833 800885 
45390 0.001795 847641.000000 954400 799050 
45400 0.001798 853045.000000 881237 808492 
45410 0.001793 841724.000000 878940 802690 
45420 0.001794 837897.000000 900103 796095 
45430 0.001790 837476.000000 887598 792797 
45440 0.001795 848380.000000 886667 814336 
45450 0.001792 831597.000000 869437 802692 
45460 0.001790 845112.000000 888109 820574 
45470 0.001788 845533.000000 898980 810845 
45480 0.001783 865945.000000 961585 808440 
45490 0.001791 846458.000000 873477 819155 
45500 0.001801 860554.000000 911089 801701 
45510 0.001791 838570.000000 882706 810823 
45520 0.001790 859915.000000 900872 812658 
45530 0.001791 849951.000000 887648 806431 
45540 0.001797 836348.000000 860630 815357 
45550 0.001817 850405.000000 895890 815547 
45560 0.001793 863872.000000 938920 801359 
45570 0.001792 856304.000000 923573 813444 
45580 0.001792 856549.000000 891416 806726 
45590 0.001802 839167.000000 864797 800332 
45600 0.001783 871695.000000 936571 823832 
45610 0.001796 838070.000000 874517 806200 
45620 0.001794 858399.000000 878503 816154 
45630 0.001784 849494.000000 902889 798985 
45640 0.001794 843893.000000 925113 803571 
45650 0.001806 855457.000000 924402 807443 
45660 0.001800 836416.000000 871710 807640 
45670 0.001798 834693.000000 862698 797011 
45680 0.001800 845381.000000 889020 819332 
45690 0.001794 851306.000000 902014 823877 
45700 0.001789 886512.000000 995157 838569 
45710 0.001798 842769.000000 896007 810555 
45720 0.001807 848928.000000 888622 821967 
45730 0.001800 848448.000000 897316 811919 
45740 0.001798 848262.000000 884172 820555 
45750 0.001801 848014.000000 894535 822809 
45760 0.001814 863388.000000 915075 813883 
45770 0.001814 849195.000000 894235 823731 
45780 0.001813 852471.000000 884647 819742 
45790 0.001813 854603.000000 881151 820316 
45800 0.001807 862030.000000 950675 830859 
45810 0.001808 854767.000000 880038 816469 
45820 0.001801 852615.000000 913854 813977 
45830 0.001801 861490.000000 905479 835469 
45840 0.001802 845243.000000 887403 797489 
45850 0.001816 845513.000000 928647 802349 
45860 0.001810 858145.000000 895332 828739 
45870 0.001798 846653.000000 884518 829919 
45880 0.001823 876093.000000 943962 831990 
45890 0.001817 849023.000000 876815 815881 
45900 0.001814 854996.000000 924839 812311 
45910 0.001803 857056.000000 928011 815672 
45920 0.001814 849871.000000 894137 810344 
45930 0.001800 865767.000000 912701 831142 
45940 0.001815 857278.000000 903045 818923 
45950 0.001812 845183.000000 869257 820326 
45960 0.001815 849270.000000 879832 809785 
45970 0.001806 869303.000000 961457 809607 
45980 0.001820 866676.000000 987379 823623 
45990 0.001830 869164.000000 929638 837430 
46000 0.001813 854590.000000 896041 815219 
46010 0.001823 864353.000000 921276 823571 
46020 0.001812 864978.000000 936464 817331 
46030 0.001811 864018.000000 899595 822615 
46040 0.001814 869751.000000 985799 804053 
46050 0.001818 869617.000000 950531 812691 
46060 0.001813 848078.000000 877016 823799 
46070 0.001814 864161.000000 899603 813027 
46080 0.001814 851663.000000 892512 817858 
46090 0.001824 838297.000000 874716 808699 
46100 0.001833 848959.000000 894208 813664 
46110 0.001824 873053.000000 942206 818739 
46120 0.001816 862531.000000 906444 805111 
46130 0.001815 863359.000000 948364 808598 
46140 0.001817 863956.000000 918658 822955 
46150 0.001810 854959.000000 907655 818592 
46160 0.001826 863578.000000 914601 809438 
46170 0.001821 865794.000000 912455 829130 
46180 0.001816 853163.000000 900067 833317 
46190 0.001837 863184.000000 914822 835842 
46200 0.001825 864603.000000 919695 806803 
46210 0.001831 866821.000000 975281 816240 
46220 0.001811 855063.000000 914091 811224 
46230 0.001830 868669.000000 925083 820328 
46240 0.001833 874270.000000 916924 845362 
46250 0.001820 856231.000000 888145 829250 
46260 0.001832 852443.000000 945324 808718 
46270 0.001824 851573.000000 892772 825843 
46280 0.001818 852346.000000 906089 804536 
46290 0.001833 871793.000000 935820 834687 
46300 0.001842 885846.000000 946900 838038 
46310 0.001841 865500.000000 905933 818988 
46320 0.001833 876510.000000 936482 811211 
46330 0.001825 856899.000000 885610 826295 
46340 0.001828 867898.000000 905561 825234 
46350 0.001821 859493.000000 894117 824911 
46360 0.001834 849119.000000 883308 808617 
46370 0.001834 860397.000000 920806 818576 
46380 0.001830 878069.000000 920269 814298 
46390 0.001845 889116.000000 946071 815465 
46400 0.001842 845693.000000 882628 816300 
46410 0.001839 857192.000000 908055 832805 
46420 0.001837 877530.000000 987066 843142 
46430 0.001851 895692.000000 959735 864240 
46440 0.001830 867967.000000 924537 823501 
46450 0.001827 872110.000000 918353 843763 
46460 0.001830 876049.000000 973233 818291 
46470 0.001843 857537.000000 885076 828323 
46480 0.001834 869456.000000 904946 825987 
46490 0.001847 860199.000000 880482 834118 
46500 0.001843 849002.000000 905245 813872 
46510 0.001847 874005.000000 944273 816403 
46520 0.001841 859659.000000 941060 818116 
46530 0.001844 868897.000000 913498 833851 
46540 0.001842 877328.000000 908212 846730 
46550 0.001833 881205.000000 934861 840508 
46560 0.001829 870648.000000 912064 830431 
46570 0.001841 881185.000000 930563 832714 
46580 0.001848 871473.000000 920910 825704 
46590 0.001836 858640.000000 880026 821847 
46600 0.001840 874385.000000 932013 835506 
46610 0.001833 880258.000000 953789 829999 
46620 0.001848 870544.000000 933247 837024 
46630 0.001830 865878.000000 921364 819925 
46640 0.001831 876831.000000 950034 851401 
46650 0.001856 867023.000000 882999 842078 
46660 0.001847 871810.000000 949547 835809 
46670 0.001844 866926.000000 912380 825866 
46680 0.001878 871805.000000 920845 837005 
46690 0.001838 876398.000000 920671 835433 
46700 0.001845 870288.000000 931025 825752 
46710 0.001854 872091.000000 991600 819930 
46720 0.001852 868458.000000 940936 826507 
46730 0.001832 867801.000000 915739 818504 
46740 0.001845 884010.000000 931787 838398 
46750 0.001851 856357.000000 906182 824659 
46760 0.001857 866232.000000 906318 843544 
46770 0.001843 867715.000000 915102 827848 
46780 0.001860 868961.000000 923914 823322 
46790 0.001850 873919.000000 919090 826767 
46800 0.001853 906004.000000 964082 859006 
46810 0.001847 859927.000000 900518 830486 
46820 0.001850 870071.000000 915176 842056 
46830 0.001853 863503.000000 883720 834564 
46840 0.001862 875899.000000 915660 837836 
46850 0.001857 865278.000000 942540 840567 
46860 0.001857 866928.000000 932746 826387 
46870 0.001862 894631.000000 961448 839980 
46880 0.001857 872085.000000 932545 838109 
46890 0.001854 861791.000000 927481 833910 
46900 0.001867 854638.000000 889116 829132 
46910 0.001847 877468.000000 906739 835109 
46920 0.001842 891196.000000 945590 838870 
46930 0.001852 876837.000000 945903 824184 
46940 0.001858 869339.000000 912680 844680 
46950 0.001847 878129.000000 922008 845065 
46960 0.001867 868641.000000 938870 833422 
46970 0.001865 871927.000000 898211 827899 
46980 0.001852 877737.000000 903432 843962 
46990 0.001865 850224.000000 881892 824439 
47000 0.001858 880712.000000 927804 837428 
47010 0.001868 887096.000000 961368 834776 
47020 0.001873 882342.000000 943201 843052 
47030 0.001874 907388.000000 1007700 838483 
47040 0.001857 888129.000000 923718 872203 
47050 0.001861 890991.000000 950226 829396 
47060 0.001860 879864.000000 930681 850139 
47070 0.001882 868656.000000 941048 833947 
47080 0.001875 883774.000000 966121 831679 
47090 0.001860 886116.000000 925908 860436 
47100 0.001865 858548.000000 884061 834675 
47110 0.001854 886462.000000 950092 833794 
47120 0.001866 885155.000000 945192 839839 
47130 0.001876 880924.000000 913368 855234 
47140 0.001870 876584.000000 923320 830524 
47150 0.001878 866233.000000 885952 825703 
47160 0.001870 872565.000000 922560 823336 
47170 0.001865 866410.000000 896675 823169 
47180 0.001865 885515.000000 930028 839341 
47190 0.001857 883021.000000 901301 855505 
47200 0.001861 874262.000000 890773 842505 
47210 0.001885 869057.000000 908857 844011 
47220 0.001868 902922.000000 941781 865777 
47230 0.001869 865828.000000 916201 833607 
47240 0.001869 873829.000000 943072 835016 
47250 0.001880 887123.000000 946930 851439 
47260 0.001876 891966.000000 946185 835728 
47270 0.001867 881362.000000 907926 848864 
47280 0.001877 876169.000000 917688 839325 
47290 0.001867 903802.000000 942322 867655 
47300 0.001874 873117.000000 922446 844573 
47310 0.001873 885021.000000 929794 846851 
47320 0.001939 892982.000000 988245 855824 
47330 0.001899 888230.000000 952643 836952 
47340 0.002212 895763.000000 953739 846374 
47350 0.002073 878666.000000 918403 849502 
47360 0.001991 893758.000000 930962 861380 
47370 0.002062 881265.000000 923542 845279 
47380 0.001997 878348.000000 912778 842578 
47390 0.001976 902097.000000 972537 842167 
47400 0.002198 887059.000000 938789 839697 
47410 0.002021 880712.000000 931071 830387 
47420 0.002096 887015.000000 943084 859790 
47430 0.002005 862069.000000 952252 837744 
47440 0.002007 880089.000000 935204 840696 
47450 0.002004 878183.000000 926091 847418 
47460 0.002194 867769.000000 903041 835506 
47470 0.002001 893016.000000 928977 848555 
47480 0.002328 896520.000000 971673 855739 
47490 0.001973 879146.000000 942898 834440 
47500 0.001902 875830.000000 929953 849806 
47510 0.001896 885788.000000 948944 835612 
47520 0.001862 908164.000000 962431 860758 
47530 0.001846 896372.000000 984406 857923 
47540 0.001865 874335.000000 889348 847227 
47550 0.001893 897956.000000 931589 863510 
47560 0.001902 894647.000000 963984 846324 
47570 0.001893 899176.000000 963186 873080 
47580 0.001908 888432.000000 937690 842432 
47590 0.001907 884285.000000 932804 844075 
47600 0.001902 877142.000000 937543 855294 
47610 0.001906 887941.000000 936123 859445 
47620 0.001898 901936.000000 1002818 859390 
47630 0.001904 890943.000000 979878 852749 
47640 0.001914 874408.000000 889037 853941 
47650 0.001909 892331.000000 985126 856736 
47660 0.001905 892944.000000 943393 868194 
47670 0.001902 884533.000000 931500 817474 
47680 0.001911 882851.000000 964048 855666 
47690 0.001910 878766.000000 899546 858760 
47700 0.001922 900650.000000 992845 843108 
47710 0.001914 882337.000000 907903 853738 
47720 0.001910 897808.000000 959071 869017 
47730 0.001912 890888.000000 930645 848253 
47740 0.001908 889966.000000 970807 840759 
47750 0.001916 899857.000000 955484 863028 
47760 0.001906 901695.000000 952602 861631 
47770 0.001912 896671.000000 968611 852088 
47780 0.001899 886920.000000 940853 844116 
47790 0.001912 891594.000000 943659 838954 
47800 0.001912 897509.000000 939253 850883 
47810 0.001905 905319.000000 978195 856593 
47820 0.001908 883958.000000 923656 850733 
47830 0.001908 900790.000000 959785 833132 
47840 0.001905 891702.000000 961199 861627 
47850 0.001915 888849.000000 937868 852014 
47860 0.001920 906411.000000 965591 861632 
47870 0.001905 912900.000000 960418 873535 
47880 0.001905 901484.000000 933217 864115 
47890 0.001915 883906.000000 925026 860163 
47900 0.001909 878126.000000 922311 841069 
47910 0.001905 913830.000000 970706 858097 
47920 0.001913 896055.000000 935874 844312 
47930 0.001912 879678.000000 906785 849630 
47940 0.001911 895904.000000 956411 862575 
47950 0.001889 895251.000000 920971 861855 
47960 0.001910 899350.000000 947466 855752 
47970 0.001904 892794.000000 923854 857085 
47980 0.001906 890262.000000 924618 853218 
47990 0.001920 880208.000000 933999 845541 
48000 0.001922 902321.000000 961848 858781 
48010 0.001912 887231.000000 934084 854800 
48020 0.001899 901157.000000 949813 869707 
48030 0.001914 909477.000000 1020302 843010 
48040 0.001906 895966.000000 950382 866135 
48050 0.001906 910176.000000 977031 858830 
48060 0.001914 896434.000000 949781 857781 
48070 0.001910 908311.000000 941804 871773 
48080 0.001920 906368.000000 1022517 842126 
48090 0.001919 905283.000000 959009 849108 
48100 0.001917 898641.000000 1001734 867735 
48110 0.001930 917215.000000 996064 874534 
48120 0.001918 901266.000000 951308 865451 
48130 0.001929 915805.000000 951091 881870 
48140 0.001925 900383.000000 956726 848142 
48150 0.001919 909384.000000 999020 861108 
48160 0.001934 932952.000000 1019325 865755 
48170 0.001925 911938.000000 986433 866784 
48180 0.001940 902512.000000 1008188 855518 
48190 0.001930 906274.000000 986292 860427 
48200 0.001932 911072.000000 993101 854211 
48210 0.001925 883481.000000 915647 848625 
48220 0.001926 894717.000000 941438 868020 
48230 0.001927 928375.000000 968541 886659 
48240 0.001916 919589.000000 996879 878254 
48250 0.001937 897990.000000 960470 851077 
48260 0.001917 900865.000000 936329 863159 
48270 0.001933 888928.000000 927883 865678 
48280 0.001918 902889.000000 964799 874262 
48290 0.001911 889178.000000 933996 847171 
48300 0.001927 904626.000000 965533 865612 
48310 0.001934 907794.000000 953635 859270 
48320 0.001922 895283.000000 940534 850807 
48330 0.001936 901320.000000 1028721 860354 
48340 0.001933 892714.000000 915778 843233 
48350 0.001928 906541.000000 977531 869066 
48360 0.001919 900117.000000 981517 851941 
48370 0.001922 908990.000000 950992 847208 
48380 0.001916 915350.000000 977241 873958 
48390 0.001928 903528.000000 980299 882770 
48400 0.001932 906713.000000 966668 861400 
48410 0.001938 898161.000000 926908 862796 
48420 0.001928 896552.000000 943001 879039 
48430 0.001929 916070.000000 1045463 872025 
48440 0.001931 898618.000000 943948 862102 
48450 0.001924 911668.000000 946611 880169 
48460 0.001926 900834.000000 922837 856294 
48470 0.001931 890157.000000 949266 869562 
48480 0.001936 920937.000000 974930 870510 
48490 0.001926 919102.000000 945717 884627 
48500 0.001940 913984.000000 973318 857263 
48510 0.001939 898905.000000 935351 866272 
48520 0.001928 939696.000000 1010531 890089 
48530 0.001929 902494.000000 941072 861640 
48540 0.001925 890278.000000 935724 864528 
48550 0.001935 905315.000000 955766 878958 
48560 0.001931 917162.000000 950112 883952 
48570 0.001934 917147.000000 961557 855820 
48580 0.001940 899820.000000 949296 862502 
48590 0.001928 911223.000000 997433 859850 
48600 0.001942 911172.000000 962386 866047 
48610 0.001947 927417.000000 1048446 858170 
48620 0.001944 927073.000000 979075 875775 
48630 0.001936 940831.000000 975084 911952 
48640 0.001943 924315.000000 966125 901861 
48650 0.001945 945745.000000 1019330 882684 
48660 0.001941 897070.000000 948798 848705 
48670 0.001941 925092.000000 987987 873530 
48680 0.001956 924256.000000 1035541 867834 
48690 0.001932 906557.000000 945221 853994 
48700 0.001945 924627.000000 965060 877833 
48710 0.001955 920409.000000 983268 878562 
48720 0.001949 887006.000000 920731 852321 
48730 0.001941 924808.000000 974240 886708 
48740 0.001963 917439.000000 950561 879275 
48750 0.001951 900229.000000 939293 876974 
48760 0.001942 905530.000000 961917 868167 
48770 0.001936 918663.000000 999140 870192 
48780 0.001930 921738.000000 941803 878842 
48790 0.001962 897202.000000 933937 851716 
48800 0.001954 923591.000000 984084 871965 
48810 0.001946 921569.000000 994244 874850 
48820 0.001950 900783.000000 937151 877271 
48830 0.001959 919481.000000 1003723 872609 
48840 0.001957 919924.000000 960100 887321 
48850 0.001954 921483.000000 966188 890930 
48860 0.001931 919480.000000 968481 889231 
48870 0.001940 917118.000000 942388 860449 
48880 0.001945 915916.000000 988499 868934 
48890 0.001939 904704.000000 933598 857048 
48900 0.001940 894584.000000 935646 874301 
48910 0.001951 907341.000000 929928 865332 
48920 0.001934 922726.000000 961897 876019 
48930 0.001950 896307.000000 948720 874021 
48940 0.001951 922338.000000 969287 893895 
48950 0.001941 922277.000000 983682 880013 
48960 0.001945 915780.000000 993413 881213 
48970 0.001946 912947.000000 946442 874389 
48980 0.001948 912130.000000 948272 872478 
48990 0.001959 913869.000000 987437 848199 
49000 0.001951 934019.000000 967693 905096 
49010 0.001956 919443.000000 993382 871639 
49020 0.001934 916251.000000 969227 873346 
49030 0.001960 902502.000000 953608 854750 
49040 0.001947 920732.000000 1025589 858407 
49050 0.001953 914058.000000 986329 856239 
49060 0.001946 923653.000000 981160 884899 
49070 0.001960 916734.000000 937686 884647 
49080 0.001953 930676.000000 987097 891436 
49090 0.001946 906613.000000 965847 870419 
49100 0.001947 927877.000000 989422 878520 
49110 0.001958 913518.000000 980220 864583 
49120 0.001955 906488.000000 943173 880226 
49130 0.001951 929225.000000 1000842 861423 
49140 0.001953 914280.000000 970830 869833 
49150 0.001948 930988.000000 973802 885782 
49160 0.001969 929721.000000 1078825 869815 
49170 0.001965 900196.000000 933331 873748 
49180 0.001963 929172.000000 983812 882422 
49190 0.001955 932383.000000 989062 881586 
49200 0.001976 905316.000000 946553 880396 
49210 0.001969 923349.000000 1006363 874915 
49220 0.001968 920282.000000 1033443 881689 
49230 0.001965 924716.000000 982767 894346 
49240 0.001955 936705.000000 998767 869950 
49250 0.001965 906608.000000 961879 872520 
49260 0.001963 938909.000000 996471 892707 
49270 0.001958 946088.000000 986436 904852 
49280 0.001956 930549.000000 1038816 878224 
49290 0.001961 929166.000000 982714 879658 
49300 0.001962 928816.000000 973110 891368 
49310 0.001955 935386.000000 1012591 866496 
49320 0.001949 929236.000000 972307 876540 
49330 0.001963 935700.000000 1004304 885185 
49340 0.001953 930496.000000 980558 893435 
49350 0.001959 926794.000000 983438 877774 
49360 0.001973 920865.000000 1008232 881722 
49370 0.001960 906110.000000 946282 868244 
49380 0.001975 915583.000000 977997 885653 
49390 0.001961 924642.000000 983241 879789 
49400 0.001964 916295.000000 947984 897498 
49410 0.001974 929412.000000 958500 888390 
49420 0.001964 925476.000000 963422 877925 
49430 0.001972 935236.000000 984468 901415 
49440 0.001963 927514.000000 972251 894643 
49450 0.001978 955028.000000 1075133 894983 
49460 0.001968 934826.000000 997761 886003 
49470 0.001978 937775.000000 991458 897999 
49480 0.001973 907493.000000 955699 868822 
49490 0.001979 932177.000000 979261 891286 
49500 0.001984 928936.000000 962558 903748 
49510 0.001973 927177.000000 964420 890571 
49520 0.001973 929169.000000 981555 896087 
49530 0.001972 913703.000000 961110 883370 
49540 0.001976 945806.000000 1033214 883882 
49550 0.001981 924717.000000 966590 883318 
49560 0.001978 936513.000000 1004860 884217 
49570 0.001994 943496.000000 989852 900638 
49580 0.001980 934550.000000 1007199 880192 
49590 0.001992 930028.000000 988939 876268 
49600 0.001980 927725.000000 1020682 878466 
49610 0.001979 928756.000000 1001959 874844 
49620 0.001985 940389.000000 1003474 884477 
49630 0.001989 927444.000000 962848 882718 
49640 0.001986 917449.000000 970672 888055 
49650 0.001992 922703.000000 1003349 887327 
49660 0.001978 934261.000000 1018081 881147 
49670 0.001994 935013.000000 1028952 875927 
49680 0.001960 941761.000000 994780 900139 
49690 0.001976 933031.000000 962251 906079 
49700 0.001978 940589.000000 1004056 901737 
49710 0.001973 944687.000000 968645 917094 
49720 0.001992 923370.000000 946002 881919 
49730 0.001981 927367.000000 977561 877602 
49740 0.001975 942280.000000 1011125 886104 
49750 0.001978 947883.000000 1042888 898556 
49760 0.001982 930289.000000 962122 893157 
49770 0.001988 947996.000000 1023933 892732 
49780 0.001975 921680.000000 950085 897222 
49790 0.001987 921091.000000 948433 888936 
49800 0.001995 948791.000000 1017300 912406 
49810 0.001981 941369.000000 964444 907434 
49820 0.002043 928470.000000 979847 885927 
49830 0.001999 939361.000000 978400 906337 
49840 0.001999 932340.000000 989410 897683 
49850 0.001997 926828.000000 971324 885544 
49860 0.002008 920322.000000 962769 885033 
49870 0.001985 942649.000000 1029952 887382 
49880 0.001999 921887.000000 968114 884154 
49890 0.001977 943190.000000 1019427 903844 
49900 0.001999 945533.000000 1015918 897977 
49910 0.002004 935026.000000 1019966 901926 
49920 0.001996 927715.000000 975575 900056 
49930 0.001989 929595.000000 1007896 901913 
49940 0.002003 945717.000000 1002918 889939 
49950 0.001998 936376.000000 969575 893415 
49960 0.001993 936846.000000 981384 880700 
49970 0.002003 947422.000000 994962 887780 
49980 0.002005 933974.000000 956721 895939 
49990 0.002007 947158.000000 1068270 896355 
50000 0.002006 946312.000000 1033361 882343 
50010 0.001996 933972.000000 986700 882936 
50020 0.001992 928756.000000 963668 890100 
50030 0.002001 951603.000000 1070603 877423 
50040 0.002011 928821.000000 960012 890833 
50050 0.002012 931887.000000 971792 880582 
50060 0.002004 942552.000000 1018732 896435 
50070 0.002002 936325.000000 988993 898597 
50080 0.002002 941525.000000 1002350 909706 
50090 0.001995 957737.000000 1028153 911017 
50100 0.002015 958689.000000 1042396 923378 
50110 0.001959 948260.000000 992352 896296 
50120 0.001979 938365.000000 976872 906471 
50130 0.002001 939755.000000 992782 903105 
50140 0.002010 928136.000000 990813 888232 
50150 0.001997 942107.000000 985427 903880 
50160 0.001995 954946.000000 990795 912635 
50170 0.001993 941672.000000 976058 918146 
50180 0.001997 939535.000000 995256 907870 
50190 0.001988 946642.000000 1009922 893085 
50200 0.002003 938292.000000 1009940 905361 
50210 0.001996 931433.000000 959894 896930 
50220 0.002004 932633.000000 976443 874505 
50230 0.001990 970163.000000 1009978 900904 
50240 0.002002 931472.000000 992642 893414 
50250 0.001996 952884.000000 994918 918569 
50260 0.002005 947676.000000 987748 896527 
50270 0.002012 929753.000000 998519 878081 
50280 0.002000 951940.000000 980650 916762 
50290 0.001994 945617.000000 1054649 886964 
50300 0.002003 935555.000000 988528 901643 
50310 0.001992 953086.000000 999380 918288 
50320 0.002027 951192.000000 1033225 902815 
50330 0.001997 949340.000000 986732 908603 
50340 0.002008 935585.000000 970472 906743 
50350 0.002022 947545.000000 995419 917519 
50360 0.001989 945479.000000 992242 921391 
50370 0.002010 955017.000000 1023134 918083 
50380 0.002002 949634.000000 1012701 923107 
50390 0.002021 946880.000000 1011206 908780 
50400 0.001995 941691.000000 985515 911287 
50410 0.002011 937912.000000 977665 900321 
50420 0.002012 939556.000000 990841 912383 
50430 0.002006 946906.000000 978644 901283 
50440 0.002024 941067.000000 983525 913572 
50450 0.002018 953443.000000 986746 911522 
50460 0.002006 945147.000000 1024733 909848 
50470 0.002009 958223.000000 999193 915086 
50480 0.002018 943307.000000 1002705 893828 
50490 0.001997 938299.000000 995997 900529 
50500 0.002023 945833.000000 1005508 887118 
50510 0.002010 965099.000000 1029709 905758 
50520 0.002015 968581.000000 1018147 908157 
50530 0.002030 973868.000000 1058191 936237 
50540 0.002019 954270.000000 1033060 902927 
50550 0.002021 941504.000000 1006157 904327 
50560 0.002008 966497.000000 1036725 905586 
50570 0.002013 977334.000000 1079757 917240 
50580 0.002017 933991.000000 966837 902396 
50590 0.002031 951476.000000 1000345 921730 
50600 0.002028 938062.000000 979632 893625 
50610 0.002024 952896.000000 995416 931233 
50620 0.002012 960091.000000 1018441 928623 
50630 0.002028 939205.000000 990307 914545 
50640 0.002005 956682.000000 988962 936071 
50650 0.002028 941954.000000 1024921 909095 
50660 0.002022 960473.000000 998298 927908 
50670 0.002029 955759.000000 1004903 910225 
50680 0.002022 960936.000000 992489 900834 
50690 0.002005 951808.000000 996112 913405 
50700 0.002028 929513.000000 949064 911876 
50710 0.002023 959888.000000 1003023 916816 
50720 0.002020 945365.000000 974553 920371 
50730 0.002019 952774.000000 989210 911915 
50740 0.002027 957702.000000 1094619 912500 
50750 0.002024 947627.000000 1020849 903001 
50760 0.002022 964181.000000 1054629 904320 
50770 0.002038 948325.000000 1004665 915482 
50780 0.002020 978837.000000 1002240 946395 
50790 0.002028 974772.000000 1063688 912274 
50800 0.002041 939437.000000 1029634 905338 
50810 0.002027 953980.000000 1005267 912044 
50820 0.002023 955532.000000 986489 921274 
50830 0.002029 956654.000000 1013555 912953 
50840 0.002025 955679.000000 1007733 924683 
50850 0.002035 957766.000000 981323 904842 
50860 0.002035 950767.000000 1015094 913914 
50870 0.002040 941181.000000 1047683 897272 
50880 0.002024 966436.000000 1055087 909671 
50890 0.002036 950039.000000 995988 898495 
50900 0.002031 962107.000000 1013623 919995 
50910 0.002044 960570.000000 1023347 903391 
50920 0.002036 979001.000000 1068103 925029 
50930 0.002044 977627.000000 1077769 919294 
50940 0.002029 988813.000000 1063284 942165 
50950 0.002025 958449.000000 1034721 919640 
50960 0.002037 984560.000000 1068336 924155 
50970 0.002037 978657.000000 1040703 931752 
50980 0.002035 951706.000000 979726 928671 
50990 0.002024 954797.000000 991615 923554 
51000 0.002036 947767.000000 979942 923298 
51010 0.002039 935655.000000 957870 913906 
51020 0.002046 960231.000000 1034145 918419 
51030 0.002043 970242.000000 1055812 910039 
51040 0.002048 954723.000000 992410 902868 
51050 0.002042 954716.000000 1003693 903469 
51060 0.002041 969383.000000 1031807 918806 
51070 0.002035 982662.000000 1057938 894566 
51080 0.002037 964407.000000 1013830 908656 
51090 0.002047 959784.000000 1083307 922905 
51100 0.002037 956524.000000 1027887 915057 
51110 0.002051 947471.000000 987833 899252 
51120 0.002041 953993.000000 990247 903371 
51130 0.002043 958515.000000 1011125 929954 
51140 0.002041 955571.000000 988841 928276 
51150 0.002046 968145.000000 1060999 931080 
51160 0.002051 954065.000000 991815 925824 
51170 0.002048 961059.000000 1022445 928423 
51180 0.002051 983150.000000 1027407 940127 
51190 0.002031 972217.000000 1052888 934654 
51200 0.002048 974798.000000 1030744 930063 
51210 0.002049 961066.000000 1005462 919763 
51220 0.002053 958311.000000 1038513 899315 
51230 0.002055 971607.000000 1107123 938236 
51240 0.002041 953486.000000 990094 914963 
51250 0.002075 957042.000000 1056655 920677 
51260 0.002050 965454.000000 1036499 934443 
51270 0.002032 982403.000000 1073503 929738 
51280 0.002051 954222.000000 1022304 927354 
51290 0.002050 957889.000000 1027422 935932 
51300 0.002052 941473.000000 993728 910885 
51310 0.002275 964602.000000 1035676 913466 
51320 0.002248 967785.000000 1028948 928663 
51330 0.002082 970196.000000 996262 942753 
51340 0.002087 963346.000000 1051062 902906 
51350 0.002075 969854.000000 1031433 931574 
51360 0.002080 971119.000000 1028277 909070 
51370 0.002082 987132.000000 1030052 932725 
51380 0.002099 953997.000000 997163 921059 
51390 0.002090 975311.000000 1055879 926219 
51400 0.002110 964985.000000 1058706 933763 
51410 0.002114 1001733.000000 1123287 936779 
51420 0.002093 961345.000000 1029587 914145 
51430 0.002126 974310.000000 1061506 929657 
51440 0.002104 942830.000000 955443 927238 
51450 0.002112 979283.000000 1033429 943226 
51460 0.002109 969147.000000 1070224 937935 
51470 0.002108 966265.000000 1046082 915071 
51480 0.002096 959967.000000 992303 915428 
51490 0.002106 988950.000000 1081423 946331 
51500 0.002102 958264.000000 1000558 922155 
51510 0.002111 991025.000000 1144568 919632 
51520 0.002111 959975.000000 1013954 914369 
51530 0.002109 960472.000000 1004415 934627 
51540 0.002094 977229.000000 1006769 945066 
51550 0.002104 979403.000000 1096462 940266 
51560 0.002117 964959.000000 1057568 911239 
51570 0.002121 959910.000000 1019237 935039 
51580 0.002114 968773.000000 1034241 916728 
51590 0.002114 962457.000000 1029930 927108 
51600 0.002101 974080.000000 1027731 914960 
51610 0.002120 979747.000000 1034100 942631 
51620 0.002124 955224.000000 1012916 918631 
51630 0.002109 982181.000000 1032747 959016 
51640 0.002126 953131.000000 985561 927054 
51650 0.002115 980853.000000 1055588 917641 
51660 0.002108 991972.000000 1058207 930203 
51670 0.002107 975076.000000 1049757 926619 
51680 0.002109 976709.000000 1033181 926063 
51690 0.002112 984647.000000 1084309 933342 
51700 0.002118 999338.000000 1092780 946981 
51710 0.002115 983872.000000 1014889 939575 
51720 0.002125 960850.000000 1009157 928883 
51730 0.002126 987206.000000 1075352 940943 
51740 0.002122 980291.000000 1080795 934206 
51750 0.002099 994310.000000 1075388 932995 
51760 0.002119 988133.000000 1044690 948293 
51770 0.002115 979558.000000 1068480 927567 
51780 0.002106 979941.000000 1050195 950143 
51790 0.002122 972123.000000 1040349 923099 
51800 0.002125 973965.000000 1017375 939116 
51810 0.002113 1001264.000000 1079548 971962 
51820 0.002116 972102.000000 1029484 923775 
51830 0.002129 984889.000000 1141968 914015 
51840 0.002126 982189.000000 1096380 922406 
51850 0.002132 975405.000000 1016299 926863 
51860 0.002117 972180.000000 1043892 949190 
51870 0.002113 982382.000000 1027288 944194 
51880 0.002109 975219.000000 1010338 937706 
51890 0.002129 971101.000000 1050677 933726 
51900 0.002128 973818.000000 1020885 933099 
51910 0.002106 983803.000000 1028023 950754 
51920 0.002127 963984.000000 1019580 940051 
51930 0.002118 977302.000000 1018556 928765 
51940 0.002118 980173.000000 1028848 951093 
51950 0.002117 971064.000000 1029262 939290 
51960 0.002124 985067.000000 1024628 956987 
51970 0.002118 1000082.000000 1119295 956815 
51980 0.002124 982063.000000 1055035 942540 
51990 0.002135 957053.000000 1010289 917682 
52000 0.002126 989332.000000 1052250 944456 
52010 0.002128 966444.000000 1000516 936669 
52020 0.002134 991385.000000 1053154 952704 
52030 0.002127 989294.000000 1039741 946014 
52040 0.002133 1001309.000000 1041577 960269 
52050 0.002123 1005008.000000 1055642 944391 
52060 0.002123 989217.000000 1041017 931061 
52070 0.002128 991871.000000 1043617 946756 
52080 0.002133 962000.000000 995945 927464 
52090 0.002125 977681.000000 1050504 923474 
52100 0.002121 978573.000000 1046862 943390 
52110 0.002120 990277.000000 1037430 939947 
52120 0.002137 969625.000000 1007774 937386 
52130 0.002136 967018.000000 1012478 930755 
52140 0.002156 976839.000000 1045075 927432 
52150 0.002131 989637.000000 1032512 942822 
52160 0.002125 987223.000000 1025046 958835 
52170 0.002135 981407.000000 1047442 925190 
52180 0.002130 967297.000000 1025565 927734 
52190 0.002127 991752.000000 1068118 965794 
52200 0.002123 987995.000000 1018972 945264 
52210 0.002126 999848.000000 1044061 942082 
52220 0.002122 998480.000000 1044672 938881 
52230 0.002146 985397.000000 1051219 941315 
52240 0.002147 975962.000000 1016079 938810 
52250 0.002144 969307.000000 1028869 933818 
52260 0.002137 980873.000000 1037125 935665 
52270 0.002127 999024.000000 1030038 952188 
52280 0.002144 980647.000000 1023080 946154 
52290 0.002137 975707.000000 1010654 935635 
52300 0.002157 1003564.000000 1101283 958386 
52310 0.002146 983648.000000 1065131 943852 
52320 0.002147 982610.000000 1043931 937723 
52330 0.002142 1000941.000000 1189263 956586 
52340 0.002148 987551.000000 1055793 949805 
52350 0.002149 972736.000000 1031463 928425 
52360 0.002141 979434.000000 1032146 941209 
52370 0.002141 983039.000000 1017197 962939 
52380 0.002141 986049.000000 1028859 956507 
52390 0.002122 991975.000000 1047171 946337 
52400 0.002136 994568.000000 1047290 950554 
52410 0.002142 982463.000000 1041523 951020 
52420 0.002139 988027.000000 1029355 947564 
52430 0.002142 981286.000000 1034944 949619 
52440 0.002165 989372.000000 1032191 951008 
52450 0.002145 987834.000000 1044006 947457 
52460 0.002140 984800.000000 1053905 957888 
52470 0.002136 991021.000000 1037857 935078 
52480 0.002147 982717.000000 1009996 950099 
52490 0.002153 997897.000000 1085702 956014 
52500 0.002141 1007802.000000 1110269 969206 
52510 0.002126 994066.000000 1047292 962631 
52520 0.002144 987116.000000 1037140 944726 
52530 0.002147 986909.000000 1079646 928761 
52540 0.002145 994572.000000 1085481 960163 
52550 0.002148 985365.000000 1019801 944159 
52560 0.002147 1002146.000000 1052402 955266 
52570 0.002157 993625.000000 1050885 946092 
52580 0.002131 1006413.000000 1134684 946672 
52590 0.002162 1000334.000000 1066447 937678 
52600 0.002150 1031338.000000 1140050 951833 
52610 0.002149 999752.000000 1042928 946673 
52620 0.002154 983371.000000 1020046 943453 
52630 0.002153 988998.000000 1024601 946460 
52640 0.002146 1011076.000000 1109556 932889 
52650 0.002160 985862.000000 1097227 957638 
52660 0.002155 1008393.000000 1065223 966873 
52670 0.002150 992544.000000 1030901 969595 
52680 0.002152 993336.000000 1036364 947779 
52690 0.002153 1005854.000000 1095919 957331 
52700 0.002156 1003913.000000 1049276 959371 
52710 0.002165 1002218.000000 1057073 953356 
52720 0.002151 989420.000000 1021094 954006 
52730 0.002160 975057.000000 1004088 932565 
52740 0.002164 1006700.000000 1072087 955455 
52750 0.002151 988463.000000 1060964 953924 
52760 0.002159 995849.000000 1049735 944314 
52770 0.002161 992863.000000 1048468 935326 
52780 0.002166 985427.000000 1031127 961801 
52790 0.002169 992751.000000 1043192 942284 
52800 0.002164 979932.000000 1027194 951352 
52810 0.002174 997349.000000 1079783 935383 
52820 0.002172 998411.000000 1051672 969886 
52830 0.002171 998614.000000 1041476 968640 
52840 0.002168 1002048.000000 1068090 960290 
52850 0.002158 1003957.000000 1103744 944431 
52860 0.002158 994861.000000 1033597 959890 
52870 0.002166 1008996.000000 1112912 942004 
52880 0.002152 995413.000000 1032142 963059 
52890 0.002154 996325.000000 1083131 949350 
52900 0.002174 1008049.000000 1122405 943227 
52910 0.002155 1009869.000000 1107794 968753 
52920 0.002155 1012808.000000 1059519 952967 
52930 0.002155 985646.000000 1116020 945071 
52940 0.002169 1015576.000000 1060086 978440 
52950 0.002165 1016987.000000 1103119 949723 
52960 0.002171 989732.000000 1031705 949659 
52970 0.002188 1007019.000000 1053297 946921 
52980 0.002168 990033.000000 1037589 955228 
52990 0.002171 1003278.000000 1080713 961669 
53000 0.002164 1009814.000000 1035825 985135 
53010 0.002175 1012563.000000 1040192 977298 
53020 0.002169 979436.000000 1023795 938678 
53030 0.002169 1017586.000000 1084934 971714 
53040 0.002173 1002019.000000 1060271 957929 
53050 0.002178 1009953.000000 1140976 958430 
53060 0.002178 989094.000000 1029058 955192 
53070 0.002169 983744.000000 1023745 953915 
53080 0.002181 995480.000000 1031828 951023 
53090 0.002181 1005276.000000 1029123 959299 
53100 0.002172 1021521.000000 1100225 976965 
53110 0.002172 1015084.000000 1075393 977766 
53120 0.002175 992550.000000 1032005 959147 
53130 0.002168 1013748.000000 1080959 970300 
53140 0.002175 1000740.000000 1088172 952408 
53150 0.002168 1017367.000000 1101476 974158 
53160 0.002180 1000945.000000 1068739 954276 
53170 0.002181 1026587.000000 1058471 965398 
53180 0.002172 1004510.000000 1070572 973351 
53190 0.002173 1010500.000000 1074860 964004 
53200 0.002181 1005195.000000 1057642 976377 
53210 0.002164 1023366.000000 1058925 986221 
53220 0.002165 1016066.000000 1090624 973288 
53230 0.002181 1019570.000000 1119128 971848 
53240 0.002188 993089.000000 1033727 967986 
53250 0.002176 1006627.000000 1044788 949939 
53260 0.002178 1032201.000000 1117425 981376 
53270 0.002188 1012902.000000 1118879 976167 
53280 0.002185 998685.000000 1037973 963635 
53290 0.002182 1026447.000000 1090527 948156 
53300 0.002177 1018248.000000 1095096 965104 
53310 0.002185 986865.000000 1022944 950952 
53320 0.002180 1012430.000000 1076527 968533 
53330 0.002174 1016170.000000 1097565 963540 
53340 0.002177 1007242.000000 1080076 960637 
53350 0.002192 1020137.000000 1083105 976821 
53360 0.002173 1026076.000000 1144364 975227 
53370 0.002181 985224.000000 1008324 957473 
53380 0.002182 1016089.000000 1054049 977059 
53390 0.002189 991754.000000 1055204 944977 
53400 0.002191 1003286.000000 1023267 970938 
53410 0.002189 999747.000000 1082455 958215 
53420 0.002175 1017454.000000 1130597 965995 
53430 0.002200 1019946.000000 1092566 970111 
53440 0.002187 1027450.000000 1067113 967627 
53450 0.002187 1012247.000000 1056042 953588 
53460 0.002187 993968.000000 1053070 960352 
53470 0.002200 1009091.000000 1059173 967942 
53480 0.002187 998892.000000 1040797 967537 
53490 0.002203 1020241.000000 1095462 951332 
53500 0.002191 998617.000000 1061738 940786 
53510 0.002191 1015437.000000 1079565 968266 
53520 0.002177 1006165.000000 1070753 965208 
53530 0.002189 1019317.000000 1045341 977525 
53540 0.002192 1038433.000000 1115371 986901 
53550 0.002183 1037374.000000 1073827 974772 
53560 0.002186 1002398.000000 1045628 961914 
53570 0.002205 986851.000000 1040425 960001 
53580 0.002214 1027036.000000 1072344 990717 
53590 0.002194 1025129.000000 1096762 966265 
53600 0.002206 1014531.000000 1075735 950922 
53610 0.002195 1012938.000000 1076095 971224 
53620 0.002190 1012700.000000 1059146 966633 
53630 0.002202 1027422.000000 1101066 952452 
53640 0.002187 1023435.000000 1074118 977208 
53650 0.002196 998532.000000 1093215 966096 
53660 0.002200 1027425.000000 1182563 967373 
53670 0.002205 1008670.000000 1065207 958576 
53680 0.002192 1003838.000000 1027128 973538 
53690 0.002202 1025686.000000 1096183 972331 
53700 0.002184 1021932.000000 1090024 969009 
53710 0.002187 1018305.000000 1101343 963753 
53720 0.002214 1015049.000000 1079172 958981 
53730 0.002207 1025537.000000 1056959 975045 
53740 0.002205 1022444.000000 1112310 960260 
53750 0.002199 1017230.000000 1068934 958599 
53760 0.002221 1026693.000000 1098887 985048 
53770 0.002209 1026683.000000 1109400 972002 
53780 0.002206 1007762.000000 1075756 978267 
53790 0.002219 1012028.000000 1085561 957001 
53800 0.002196 1017251.000000 1127536 977023 
53810 0.002202 1011026.000000 1040231 986893 
53820 0.002203 1011440.000000 1034763 984622 
53830 0.002207 997459.000000 1046422 968295 
53840 0.002203 1017595.000000 1052276 961964 
53850 0.002216 1009946.000000 1073865 963510 
53860 0.002219 1000875.000000 1020666 961787 
53870 0.002205 1012389.000000 1094349 970928 
53880 0.002206 1052944.000000 1120981 1000479 
53890 0.002212 1020369.000000 1066318 975357 
53900 0.002222 1032604.000000 1099372 990253 
53910 0.002203 1003732.000000 1023731 965910 
53920 0.002208 1019936.000000 1081120 969032 
53930 0.002208 1008691.000000 1072198 967822 
53940 0.002204 1024255.000000 1120359 974394 
53950 0.002221 1008417.000000 1060608 976732 
53960 0.002210 1026759.000000 1107436 975152 
53970 0.002208 1013012.000000 1080223 981565 
53980 0.002221 1022220.000000 1067266 978661 
53990 0.002200 1027348.000000 1120772 970940 
54000 0.002225 1045121.000000 1075214 1000622 
54010 0.002207 1027237.000000 1120368 964776 
54020 0.002209 1022419.000000 1064876 975751 
54030 0.002220 1027652.000000 1070474 979057 
54040 0.002218 1035734.000000 1105879 994888 
54050 0.002210 1025798.000000 1097318 968055 
54060 0.002214 1042521.000000 1073830 989756 
54070 0.002227 1000987.000000 1035314 955197 
54080 0.002212 1035223.000000 1099196 983282 
54090 0.002223 1060129.000000 1160553 1006370 
54100 0.002210 1031163.000000 1110293 986630 
54110 0.002217 1033023.000000 1075817 960760 
54120 0.002223 1034275.000000 1093380 1000980 
54130 0.002218 1043009.000000 1157945 969607 
54140 0.002225 1016208.000000 1072200 962189 
54150 0.002219 1021214.000000 1077790 978895 
54160 0.002226 1037930.000000 1087107 1002228 
54170 0.002216 1018111.000000 1098103 981019 
54180 0.002219 1018918.000000 1050663 976898 
54190 0.002234 1044497.000000 1148461 982527 
54200 0.002227 1036917.000000 1143463 982834 
54210 0.002228 1009514.000000 1048140 961850 
54220 0.002223 1031788.000000 1093191 979454 
54230 0.002218 1033315.000000 1091476 989424 
54240 0.002223 1054120.000000 1124968 990147 
54250 0.002224 1021709.000000 1100178 975455 
54260 0.002222 1042425.000000 1135923 994026 
54270 0.002215 1027036.000000 1060324 989256 
54280 0.002231 1024955.000000 1075213 991224 
54290 0.002233 1029480.000000 1055074 980298 
54300 0.002233 1018527.000000 1064865 975342 
54310 0.002223 1008389.000000 1047256 979164 
54320 0.002225 1042949.000000 1088135 1007181 
54330 0.002237 1031877.000000 1092918 994091 
54340 0.002224 1015882.000000 1049634 992670 
54350 0.002235 1023298.000000 1065818 958092 
54360 0.002229 1033983.000000 1103481 985176 
54370 0.002233 1059390.000000 1125301 1021000 
54380 0.002229 1036761.000000 1098294 993287 
54390 0.002235 1040123.000000 1134383 1006238 
54400 0.002244 1023787.000000 1087581 981093 
54410 0.002231 1049322.000000 1124116 986174 
54420 0.002239 1032203.000000 1070343 983983 
54430 0.002236 1036235.000000 1076233 975489 
54440 0.002230 1049737.000000 1187380 997989 
54450 0.002246 1039847.000000 1140153 1003807 
54460 0.002237 1021965.000000 1054469 988822 
54470 0.002234 1021849.000000 1077826 973936 
54480 0.002217 1021304.000000 1064646 977564 
54490 0.002223 1013697.000000 1077736 973358 
54500 0.002237 1044588.000000 1127448 992812 
54510 0.002224 1023453.000000 1098076 985276 
54520 0.002238 1050846.000000 1147147 995951 
54530 0.002237 1039611.000000 1075443 975847 
54540 0.002240 1011152.000000 1072622 974527 
54550 0.002232 1043630.000000 1134887 990184 
54560 0.002236 1026205.000000 1086430 991753 
54570 0.002250 1021310.000000 1078306 970800 
54580 0.002235 1036818.000000 1106753 991998 
54590 0.002240 1041330.000000 1117615 1010765 
54600 0.002233 1010770.000000 1039171 987335 
54610 0.002233 1029766.000000 1085378 1000876 
54620 0.002234 1026741.000000 1065874 992857 
54630 0.002247 1022568.000000 1068668 988403 
54640 0.002240 1036620.000000 1092515 991480 
54650 0.002246 1048597.000000 1095886 990330 
54660 0.002240 1020858.000000 1057736 996102 
54670 0.002228 1037433.000000 1064271 1016135 
54680 0.002239 1015252.000000 1060709 982030 
54690 0.002249 1026333.000000 1093583 985822 
54700 0.002237 1033912.000000 1073389 1006224 
54710 0.002238 1029285.000000 1077280 989236 
54720 0.002242 1017690.000000 1089117 984900 
54730 0.002246 1052554.000000 1099741 987907 
54740 0.002238 1037823.000000 1158642 994409 
54750 0.002240 1042362.000000 1093328 996565 
54760 0.002230 1060202.000000 1100484 1019044 
54770 0.002247 1060664.000000 1092630 1010453 
54780 0.002231 1024880.000000 1048118 999316 
54790 0.002254 1053423.000000 1124169 1002860 
54800 0.002244 1040825.000000 1109234 1014009 
54810 0.002239 1040790.000000 1075838 995823 
54820 0.002253 1032340.000000 1121738 981477 
54830 0.002265 1050272.000000 1136654 1003600 
54840 0.002250 1030495.000000 1108638 989215 
54850 0.002246 1043442.000000 1106100 998220 
54860 0.002243 1046241.000000 1107889 998786 
54870 0.002251 1041105.000000 1066837 1001096 
54880 0.002262 1036739.000000 1105384 994787 
54890 0.002242 1024754.000000 1095270 1000078 
54900 0.002239 1052976.000000 1117099 995342 
54910 0.002244 1055105.000000 1131457 995604 
54920 0.002277 1058055.000000 1125218 992772 
54930 0.002263 1041529.000000 1066611 1004082 
54940 0.002266 1028994.000000 1082370 987627 
54950 0.002244 1067900.000000 1148190 1014941 
54960 0.002257 1022223.000000 1051722 986295 
54970 0.002253 1054973.000000 1101774 986309 
54980 0.002259 1038789.000000 1089931 1005708 
54990 0.002256 1025400.000000 1072620 979315 
55000 0.002256 1032298.000000 1071447 983671 
55010 0.002268 1085341.000000 1263589 1011691 
55020 0.002258 1051405.000000 1106921 1011357 
55030 0.002262 1051337.000000 1086018 1001085 
55040 0.002258 1033826.000000 1096004 998253 
55050 0.002243 1049873.000000 1123079 1011265 
55060 0.002258 1064900.000000 1123688 982781 
55070 0.002273 1058387.000000 1130862 979403 
55080 0.002260 1041135.000000 1113027 992881 
55090 0.002253 1060262.000000 1128700 1012587 
55100 0.002271 1058031.000000 1138739 992976 
55110 0.002259 1041605.000000 1073985 994329 
55120 0.002260 1039019.000000 1074156 991289 
55130 0.002272 1041112.000000 1111585 1007393 
55140 0.002263 1048716.000000 1144170 992644 
55150 0.002277 1049595.000000 1133839 1007811 
55160 0.002259 1042326.000000 1082121 992991 
55170 0.002253 1053968.000000 1082692 1023006 
55180 0.002271 1036744.000000 1100229 995538 
55190 0.002251 1059025.000000 1148902 992920 
55200 0.002263 1040767.000000 1106682 999523 
55210 0.002259 1054407.000000 1109411 1010658 
55220 0.002253 1046635.000000 1118073 993805 
55230 0.002264 1062672.000000 1113934 1002984 
55240 0.002276 1057852.000000 1102484 1022429 
55250 0.002258 1067500.000000 1148893 1002093 
55260 0.002259 1051781.000000 1158146 983147 
55270 0.002265 1045626.000000 1094040 988425 
55280 0.002271 1054585.000000 1119711 991408 
55290 0.002274 1053451.000000 1126304 980297 
55300 0.002258 1052153.000000 1136791 1011734 
55310 0.002262 1057589.000000 1208942 1009406 
55320 0.002268 1063240.000000 1179574 997327 
55330 0.002280 1056692.000000 1124298 1020211 
55340 0.002274 1032275.000000 1079919 994189 
55350 0.002247 1058066.000000 1136632 1010006 
55360 0.002281 1054518.000000 1104871 1001642 
55370 0.002273 1041276.000000 1070380 1009008 
55380 0.002273 1050788.000000 1225897 990609 
55390 0.002283 1069879.000000 1150819 1039797 
55400 0.002275 1055140.000000 1138632 997989 
55410 0.002269 1048417.000000 1079030 1009958 
55420 0.002271 1034511.000000 1045154 1005428 
55430 0.002272 1050711.000000 1091416 994993 
55440 0.002287 1056807.000000 1118997 986915 
55450 0.002262 1066615.000000 1139948 999021 
55460 0.002289 1071123.000000 1123316 1001965 
55470 0.002280 1064585.000000 1124131 982272 
55480 0.002267 1042878.000000 1155840 995866 
55490 0.002291 1039920.000000 1137481 968877 
55500 0.002274 1057072.000000 1109770 1031776 
55510 0.002277 1053747.000000 1098807 1006589 
55520 0.002290 1049022.000000 1127975 1012040 
55530 0.002302 1044492.000000 1092329 1000989 
55540 0.002273 1048706.000000 1103694 1001321 
55550 0.002284 1056174.000000 1242576 1007308 
55560 0.002285 1043935.000000 1096352 991547 
55570 0.002287 1037946.000000 1093183 1000170 
55580 0.002278 1072199.000000 1150074 1015155 
55590 0.002292 1051426.000000 1130223 1010769 
55600 0.002282 1074897.000000 1132221 1013544 
55610 0.002268 1059457.000000 1147640 1021677 
55620 0.002301 1053288.000000 1124535 1005204 
55630 0.002284 1076796.000000 1156144 1007885 
55640 0.002291 1048717.000000 1078534 1021907 
55650 0.002292 1061938.000000 1112508 1027219 
55660 0.002292 1049220.000000 1088193 1014544 
55670 0.002300 1063900.000000 1176059 1019940 
55680 0.002280 1082329.000000 1151803 1020919 
55690 0.002278 1074947.000000 1169764 1024652 
55700 0.002283 1059186.000000 1099482 1019287 
55710 0.002290 1057401.000000 1126324 1004199 
55720 0.002298 1046366.000000 1091385 1008880 
55730 0.002277 1058530.000000 1141099 1007810 
55740 0.002279 1054273.000000 1112853 1018254 
55750 0.002285 1073184.000000 1150193 1018674 
55760 0.002296 1061216.000000 1143951 1023175 
55770 0.002289 1084965.000000 1122218 1045620 
55780 0.002301 1068209.000000 1139248 1002787 
55790 0.002284 1076757.000000 1135609 1052692 
55800 0.002299 1046426.000000 1121405 992459 
55810 0.002297 1055199.000000 1117620 1014308 
55820 0.002276 1057697.000000 1106081 1005570 
55830 0.002292 1065060.000000 1143473 1015845 
55840 0.002287 1059279.000000 1099608 1009436 
55850 0.002288 1065760.000000 1120753 1029987 
55860 0.002296 1062337.000000 1131017 1033230 
55870 0.002300 1060363.000000 1162161 997344 
55880 0.002282 1054870.000000 1123739 1026425 
55890 0.002280 1048930.000000 1111503 1022578 
55900 0.002306 1051925.000000 1108845 1021228 
55910 0.002329 1062348.000000 1125774 1006864 
55920 0.002306 1066349.000000 1142311 1008632 
55930 0.002302 1054924.000000 1096605 1010816 
55940 0.002308 1055783.000000 1096512 1028472 
55950 0.002297 1052671.000000 1103756 1020878 
55960 0.002292 1055129.000000 1120691 1005380 
55970 0.002301 1075004.000000 1138934 1002119 
55980 0.002306 1073223.000000 1171208 1013223 
55990 0.002313 1058772.000000 1116809 1015184 
56000 0.002298 1059420.000000 1095831 1017998 
56010 0.002292 1053473.000000 1110764 1019361 
56020 0.002301 1059668.000000 1121752 1034910 
56030 0.002305 1069483.000000 1117303 1026066 
56040 0.002322 1041385.000000 1080568 1018818 
56050 0.002310 1073385.000000 1162486 1012594 
56060 0.002298 1062616.000000 1133161 1018519 
56070 0.002299 1082587.000000 1152877 1030084 
56080 0.002299 1059646.000000 1169017 1008117 
56090 0.002306 1067624.000000 1190749 1035919 
56100 0.002306 1073655.000000 1128746 1019782 
56110 0.002316 1083369.000000 1180946 1021488 
56120 0.002316 1061082.000000 1169671 1015822 
56130 0.002309 1073695.000000 1197746 1024234 
56140 0.002304 1087900.000000 1127143 1030363 
56150 0.002305 1060240.000000 1084604 1016988 
56160 0.002313 1049007.000000 1097698 1022325 
56170 0.002313 1055800.000000 1093081 1014656 
56180 0.002298 1075514.000000 1163809 1012022 
56190 0.002312 1080316.000000 1140599 1018260 
56200 0.002326 1074517.000000 1107010 1036211 
56210 0.002322 1087103.000000 1144077 1025624 
56220 0.002321 1091248.000000 1181797 1031552 
56230 0.002305 1056495.000000 1106228 1024686 
56240 0.002299 1073284.000000 1130959 1015144 
56250 0.002297 1071204.000000 1135868 1018945 
56260 0.002314 1067390.000000 1179721 1009047 
56270 0.002318 1068003.000000 1115984 1025249 
56280 0.002314 1065230.000000 1134092 1027273 
56290 0.002334 1063182.000000 1154288 1020364 
56300 0.002313 1057737.000000 1119469 1016732 
56310 0.002326 1085834.000000 1169780 1005697 
56320 0.002319 1061859.000000 1099175 1038551 
56330 0.002331 1062560.000000 1097741 1005828 
56340 0.002321 1081146.000000 1218674 1036878 
56350 0.002316 1074773.000000 1161853 1019835 
56360 0.002324 1067390.000000 1164456 1014167 
56370 0.002324 1066907.000000 1139885 1021900 
56380 0.002323 1102339.000000 1139017 1058237 
56390 0.002329 1046700.000000 1079580 1025635 
56400 0.002320 1081097.000000 1137164 1029042 
56410 0.002310 1081183.000000 1147748 1039831 
56420 0.002326 1061772.000000 1120120 999669 
56430 0.002331 1085517.000000 1166951 1043101 
56440 0.002321 1058641.000000 1084164 1027157 
56450 0.002314 1070508.000000 1124481 1041629 
56460 0.002312 1059296.000000 1106836 998769 
56470 0.002315 1081437.000000 1142305 1027515 
56480 0.002304 1075158.000000 1117705 1044730 
56490 0.002322 1064502.000000 1095554 1029177 
56500 0.002345 1079772.000000 1117938 1022522 
56510 0.002338 1059327.000000 1084668 1032824 
56520 0.002323 1080839.000000 1134193 1055086 
56530 0.002329 1070464.000000 1120050 1015182 
56540 0.002331 1074963.000000 1157064 1019830 
56550 0.002324 1070216.000000 1113293 1017473 
56560 0.002328 1072142.000000 1133424 1029420 
56570 0.002318 1097138.000000 1216861 1035809 
56580 0.002331 1082988.000000 1158524 1029059 
56590 0.002323 1120525.000000 1236479 1049603 
56600 0.002327 1079149.000000 1124205 1042279 
56610 0.002332 1092438.000000 1151113 1029305 
56620 0.002320 1059944.000000 1100870 1034827 
56630 0.002338 1079153.000000 1157624 1041980 
56640 0.002327 1084993.000000 1140530 1011277 
56650 0.002328 1076440.000000 1110590 1045684 
56660 0.002314 1070361.000000 1138913 1021507 
56670 0.002322 1095009.000000 1155526 1046650 
56680 0.002347 1082252.000000 1122376 1042346 
56690 0.002321 1080328.000000 1163392 1041928 
56700 0.002310 1078595.000000 1116593 1036947 
56710 0.002336 1095674.000000 1196803 1039367 
56720 0.002326 1071441.000000 1112895 1033618 
56730 0.002338 1075330.000000 1125310 1027294 
56740 0.002350 1070305.000000 1159912 1017689 
56750 0.002331 1086047.000000 1159834 1028005 
56760 0.002336 1090551.000000 1129236 1033481 
56770 0.002331 1061454.000000 1086205 1032368 
56780 0.002343 1083285.000000 1135544 1047286 
56790 0.002330 1080645.000000 1128507 1012827 
56800 0.002340 1085610.000000 1150017 1031664 
56810 0.002330 1089155.000000 1134126 1038071 
56820 0.002349 1087740.000000 1134044 1042405 
56830 0.002335 1087266.000000 1142303 1030783 
56840 0.002347 1091757.000000 1156871 1019266 
56850 0.002347 1084067.000000 1147598 1061078 
56860 0.002344 1091719.000000 1152258 1041682 
56870 0.002347 1102110.000000 1176717 1037578 
56880 0.002349 1075296.000000 1131628 1027744 
56890 0.002339 1087715.000000 1154486 1047676 
56900 0.002332 1096004.000000 1126013 1069820 
56910 0.002352 1083602.000000 1154783 1012558 
56920 0.002343 1061485.000000 1090792 1039156 
56930 0.002344 1094823.000000 1193001 1032685 
56940 0.002337 1094273.000000 1181423 1040442 
56950 0.002364 1083536.000000 1160406 1037258 
56960 0.002357 1083339.000000 1133528 1048419 
56970 0.002341 1106655.000000 1240602 1035543 
56980 0.002356 1094065.000000 1203470 1029825 
56990 0.002346 1078790.000000 1160391 1036644 
57000 0.002351 1064666.000000 1089039 1037592 
57010 0.002347 1081247.000000 1143629 1037236 
57020 0.002341 1079053.000000 1174564 1032960 
57030 0.002347 1079464.000000 1150185 1031275 
57040 0.002370 1098707.000000 1163826 1041702 
57050 0.002364 1065572.000000 1131756 1026618 
57060 0.002341 1084541.000000 1116383 1049302 
57070 0.002361 1086797.000000 1129725 1037651 
57080 0.002345 1084894.000000 1125902 1057124 
57090 0.002350 1086825.000000 1129515 1038101 
57100 0.002376 1109230.000000 1186885 1026761 
57110 0.002350 1070909.000000 1123142 1032666 
57120 0.002352 1090363.000000 1155813 1054314 
57130 0.002360 1084232.000000 1135198 1052097 
57140 0.002328 1106959.000000 1203556 1062167 
57150 0.002350 1075379.000000 1106703 1031291 
57160 0.002338 1097994.000000 1173102 1041485 
57170 0.002358 1073660.000000 1165644 1031686 
57180 0.002363 1082781.000000 1137424 1040526 
57190 0.002353 1078985.000000 1111531 1041270 
57200 0.002367 1089385.000000 1134324 1039933 
57210 0.002360 1090471.000000 1137624 1057476 
57220 0.002364 1091693.000000 1141473 1063758 
57230 0.002362 1114105.000000 1180658 1040390 
57240 0.002361 1089698.000000 1134414 1040816 
57250 0.002362 1102503.000000 1156522 1048356 
57260 0.002364 1097036.000000 1182759 1026810 
57270 0.002368 1078668.000000 1116308 1034938 
57280 0.002366 1075862.000000 1118513 1036536 
57290 0.002361 1095888.000000 1185778 1055949 
57300 0.002367 1116696.000000 1210629 1052008 
57310 0.002366 1101237.000000 1161891 1051615 
57320 0.002365 1091113.000000 1147318 1053984 
57330 0.002367 1102830.000000 1216621 1053089 
57340 0.002362 1092431.000000 1136841 1061397 
57350 0.002374 1087382.000000 1146463 1043839 
57360 0.002371 1105624.000000 1167617 1044510 
57370 0.002369 1078648.000000 1123930 1035057 
57380 0.002363 1110640.000000 1192763 1045389 
57390 0.002364 1107284.000000 1206592 1036465 
57400 0.002357 1093538.000000 1165449 1040490 
57410 0.002369 1097452.000000 1160848 1042510 
57420 0.002356 1085466.000000 1114062 1026819 
57430 0.002365 1075136.000000 1113633 1052655 
57440 0.002384 1080348.000000 1107562 1039843 
57450 0.002364 1089698.000000 1128490 1056405 
57460 0.002380 1111144.000000 1146073 1066465 
57470 0.002381 1081914.000000 1134612 1035515 
57480 0.002377 1092000.000000 1126357 1059156 
57490 0.002367 1093250.000000 1161430 1046644 
57500 0.002369 1087300.000000 1142764 1048194 
57510 0.002370 1090703.000000 1137872 1053247 
57520 0.002364 1107093.000000 1132953 1066455 
57530 0.002377 1092068.000000 1146990 1053077 
57540 0.002363 1106938.000000 1178652 1052500 
57550 0.002382 1093508.000000 1164492 1031339 
57560 0.002378 1104137.000000 1153536 1065221 
57570 0.002374 1096075.000000 1124465 1059695 
57580 0.002358 1095314.000000 1136922 1055148 
57590 0.002376 1112270.000000 1257385 1067935 
57600 0.002372 1096961.000000 1155660 1029479 
57610 0.002375 1085935.000000 1141032 1041013 
57620 0.002378 1111559.000000 1167340 1071935 
57630 0.002364 1107602.000000 1170131 1065922 
57640 0.002375 1083481.000000 1116431 1061520 
57650 0.002364 1100438.000000 1153329 1040320 
57660 0.002372 1096622.000000 1306219 1046878 
57670 0.002392 1100106.000000 1133393 1058683 
57680 0.002363 1103863.000000 1143613 1056290 
57690 0.002387 1108863.000000 1188096 1042453 
57700 0.002374 1091748.000000 1158500 1051867 
57710 0.002369 1096067.000000 1176799 1055863 
57720 0.002375 1110302.000000 1182710 1056547 
57730 0.002387 1093583.000000 1170866 1054468 
57740 0.002369 1101968.000000 1151584 1054676 
57750 0.002380 1105587.000000 1172318 1054596 
57760 0.002389 1098599.000000 1153401 1055340 
57770 0.002387 1090575.000000 1151820 1031950 
57780 0.002388 1100855.000000 1172679 1055457 
57790 0.002409 1102380.000000 1166183 1063809 
57800 0.002386 1096305.000000 1180479 1060844 
57810 0.002402 1090321.000000 1179476 1037017 
57820 0.002384 1106038.000000 1193487 1063977 
57830 0.002394 1082142.000000 1140620 1043314 
57840 0.002391 1113347.000000 1160044 1044949 
57850 0.002369 1106564.000000 1140964 1049413 
57860 0.002384 1102108.000000 1164190 1070782 
57870 0.002396 1103013.000000 1149592 1064677 
57880 0.002393 1095976.000000 1184040 1026390 
57890 0.002377 1097382.000000 1136108 1045379 
57900 0.002384 1099571.000000 1163214 1055826 
57910 0.002388 1112437.000000 1194155 1068729 
57920 0.002392 1111516.000000 1202854 1044736 
57930 0.002413 1096169.000000 1181708 1051147 
57940 0.002391 1086648.000000 1191542 1041787 
57950 0.002386 1100763.000000 1154003 1049732 
57960 0.002399 1108009.000000 1160901 1077616 
57970 0.002406 1107144.000000 1226146 1051007 
57980 0.002389 1113316.000000 1144930 1051434 
57990 0.002389 1100053.000000 1247506 1050869 
58000 0.002397 1115466.000000 1207241 1068034 
58010 0.002372 1112831.000000 1196770 1069768 
58020 0.002402 1118364.000000 1188689 1064675 
58030 0.002405 1107585.000000 1232956 1061746 
58040 0.002377 1120581.000000 1262885 1063187 
58050 0.002400 1109240.000000 1158172 1050273 
58060 0.002399 1108448.000000 1191315 1051796 
58070 0.002384 1114815.000000 1178303 1066151 
58080 0.002392 1120201.000000 1205910 1079075 
58090 0.002405 1101085.000000 1130808 1058551 
58100 0.002403 1131059.000000 1205968 1078439 
58110 0.002384 1108717.000000 1167447 1073334 
58120 0.002399 1107781.000000 1184646 1055822 
58130 0.002385 1105947.000000 1138966 1069339 
58140 0.002396 1131415.000000 1249480 1070444 
58150 0.002404 1117178.000000 1157062 1068967 
58160 0.002411 1094999.000000 1154623 1047983 
58170 0.002379 1112458.000000 1145557 1063465 
58180 0.002392 1108440.000000 1154887 1064704 
58190 0.002419 1137669.000000 1244925 1058660 
58200 0.002417 1104599.000000 1219448 1051142 
58210 0.002410 1138164.000000 1277055 1045655 
58220 0.002403 1113661.000000 1216425 1060734 
58230 0.002408 1093118.000000 1133394 1049539 
58240 0.002411 1144778.000000 1212103 1061146 
58250 0.002423 1112547.000000 1183934 1057145 
58260 0.002407 1110494.000000 1185594 1076797 
58270 0.002407 1114128.000000 1219885 1071288 
58280 0.002414 1107464.000000 1162356 1067791 
58290 0.002420 1120958.000000 1183690 1075860 
58300 0.002413 1140262.000000 1208303 1076096 
58310 0.002401 1114971.000000 1192475 1079682 
58320 0.002409 1129033.000000 1213653 1071465 
58330 0.002424 1112125.000000 1190154 1061209 
58340 0.002404 1105556.000000 1141147 1073134 
58350 0.002432 1122989.000000 1196376 1061523 
58360 0.002408 1105434.000000 1169568 1067129 
58370 0.002422 1119419.000000 1191957 1076329 
58380 0.002439 1120618.000000 1174462 1045124 
58390 0.002410 1111862.000000 1178720 1060274 
58400 0.002396 1118892.000000 1158827 1048261 
58410 0.002408 1104589.000000 1159951 1052915 
58420 0.002416 1102623.000000 1194242 1072975 
58430 0.002408 1107304.000000 1166594 1042276 
58440 0.002412 1132912.000000 1214403 1065370 
58450 0.002407 1127863.000000 1189022 1070701 
58460 0.002412 1111788.000000 1193167 1053498 
58470 0.002412 1119089.000000 1157159 1068547 
58480 0.002417 1117444.000000 1205320 1067014 
58490 0.002411 1118559.000000 1151873 1078035 
58500 0.002426 1125542.000000 1176930 1077289 
58510 0.002428 1112249.000000 1153882 1084725 
58520 0.002416 1108530.000000 1139084 1055921 
58530 0.002403 1130440.000000 1231744 1065604 
58540 0.002481 1123463.000000 1205467 1052891 
58550 0.002446 1104384.000000 1162969 1065706 
58560 0.002434 1116069.000000 1204442 1047132 
58570 0.002440 1117921.000000 1201253 1068098 
58580 0.002427 1113198.000000 1199874 1076417 
58590 0.002426 1135571.000000 1195967 1079001 
58600 0.002411 1115816.000000 1158180 1066261 
58610 0.002420 1111621.000000 1151508 1076113 
58620 0.002425 1103340.000000 1178458 1051375 
58630 0.002424 1130665.000000 1229264 1067978 
58640 0.002420 1125220.000000 1172436 1085743 
58650 0.002426 1105120.000000 1144745 1062008 
58660 0.002435 1121464.000000 1179334 1067187 
58670 0.002446 1164063.000000 1265911 1088088 
58680 0.002430 1102723.000000 1181397 1081877 
58690 0.002439 1094897.000000 1133469 1056844 
58700 0.002442 1130092.000000 1234009 1071415 
58710 0.002432 1142112.000000 1193751 1089397 
58720 0.002436 1115380.000000 1172514 1082278 
58730 0.002435 1132842.000000 1213683 1049707 
58740 0.002431 1112941.000000 1151908 1060999 
58750 0.002431 1116646.000000 1160328 1055957 
58760 0.002425 1110427.000000 1165611 1073017 
58770 0.002450 1116612.000000 1192604 1066834 
58780 0.002419 1135269.000000 1180255 1078239 
58790 0.002429 1135773.000000 1243217 1080539 
58800 0.002433 1109853.000000 1171076 1072186 
58810 0.002444 1096852.000000 1140787 1064211 
58820 0.002446 1109776.000000 1197871 1049976 
58830 0.002446 1119072.000000 1143216 1088202 
58840 0.002431 1119460.000000 1171003 1087877 
58850 0.002432 1111634.000000 1142250 1084784 
58860 0.002443 1112578.000000 1164517 1086372 
58870 0.002509 1101342.000000 1162067 1056149 
58880 0.002601 1113098.000000 1161596 1070634 
58890 0.002476 1130893.000000 1201137 1071467 
58900 0.002432 1126557.000000 1194886 1089792 
58910 0.002450 1142584.000000 1200962 1101262 
58920 0.002433 1134084.000000 1168424 1075686 
58930 0.002459 1105913.000000 1149997 1047517 
58940 0.002448 1106947.000000 1169555 1055400 
58950 0.002437 1134807.000000 1196340 1086505 
58960 0.002449 1131948.000000 1184472 1090045 
58970 0.002442 1130054.000000 1204913 1071380 
58980 0.002437 1132360.000000 1220912 1073934 
58990 0.002445 1119333.000000 1168487 1074933 
59000 0.002444 1120396.000000 1192546 1056516 
59010 0.002441 1134504.000000 1223278 1091289 
59020 0.002465 1114275.000000 1185660 1075285 
59030 0.002468 1142843.000000 1221880 1068643 
59040 0.002461 1116194.000000 1166341 1075033 
59050 0.002446 1116639.000000 1182502 1078542 
59060 0.002455 1102898.000000 1120125 1066476 
59070 0.002447 1105181.000000 1161210 1071887 
59080 0.002443 1123693.000000 1198932 1075627 
59090 0.002454 1118212.000000 1146090 1073595 
59100 0.002458 1121300.000000 1151094 1096375 
59110 0.002463 1127232.000000 1209608 1086224 
59120 0.002454 1116676.000000 1151770 1086732 
59130 0.002452 1136523.000000 1181534 1099237 
59140 0.002441 1113558.000000 1151623 1088929 
59150 0.002453 1128906.000000 1178443 1084115 
59160 0.002457 1133127.000000 1191345 1076392 
59170 0.002450 1138093.000000 1244430 1093070 
59180 0.002445 1129479.000000 1178838 1095160 
59190 0.002448 1142215.000000 1188259 1092086 
59200 0.002443 1121105.000000 1181755 1085969 
59210 0.002462 1145901.000000 1268993 1059248 
59220 0.002458 1153970.000000 1245555 1075695 
59230 0.002449 1141506.000000 1277535 1074661 
59240 0.002454 1121196.000000 1195484 1060729 
59250 0.002467 1130926.000000 1227045 1082192 
59260 0.002468 1146975.000000 1281744 1083134 
59270 0.002434 1127539.000000 1176655 1084067 
59280 0.002449 1137439.000000 1235796 1096465 
59290 0.002459 1146846.000000 1260282 1093734 
59300 0.002457 1120180.000000 1157435 1065477 
59310 0.002464 1136124.000000 1199324 1091143 
59320 0.002471 1150969.000000 1284482 1062983 
59330 0.002460 1130418.000000 1164281 1091679 
59340 0.002459 1146924.000000 1191767 1097125 
59350 0.002442 1157358.000000 1216931 1064603 
59360 0.002471 1112830.000000 1143093 1078762 
59370 0.002448 1128436.000000 1201806 1078405 
59380 0.002468 1136634.000000 1213043 1091210 
59390 0.002453 1132209.000000 1202556 1076308 
59400 0.002474 1137090.000000 1213161 1080971 
59410 0.002442 1136287.000000 1201975 1100016 
59420 0.002463 1137998.000000 1222380 1069216 
59430 0.002453 1138244.000000 1182539 1093993 
59440 0.002466 1132960.000000 1225893 1077710 
59450 0.002461 1129740.000000 1190688 1073541 
59460 0.002465 1126341.000000 1192575 1087090 
59470 0.002474 1137813.000000 1184956 1092019 
59480 0.002459 1134711.000000 1218108 1107904 
59490 0.002451 1143484.000000 1210672 1100682 
59500 0.002474 1133435.000000 1244468 1071734 
59510 0.002468 1145728.000000 1203257 1092472 
59520 0.002461 1130339.000000 1197880 1105156 
59530 0.002458 1143415.000000 1262754 1092748 
59540 0.002471 1141671.000000 1231811 1058413 
59550 0.002486 1135817.000000 1185631 1107135 
59560 0.002469 1138124.000000 1201094 1103653 
59570 0.002460 1165293.000000 1202912 1136417 
59580 0.002476 1133202.000000 1202260 1080693 
59590 0.002474 1142900.000000 1189429 1102608 
59600 0.002487 1172871.000000 1258229 1113152 
59610 0.002472 1158283.000000 1212749 1095482 
59620 0.002489 1157526.000000 1329451 1105546 
59630 0.002454 1162297.000000 1259767 1070585 
59640 0.002444 1163028.000000 1324503 1102927 
59650 0.002462 1152592.000000 1199857 1098264 
59660 0.002474 1162703.000000 1268204 1108371 
59670 0.002474 1161290.000000 1215561 1075660 
59680 0.002462 1161366.000000 1260453 1072732 
59690 0.002480 1156111.000000 1245763 1117460 
59700 0.002471 1148623.000000 1212906 1073066 
59710 0.002462 1135659.000000 1167959 1099114 
59720 0.002474 1138115.000000 1181394 1097671 
59730 0.002475 1151665.000000 1231435 1066961 
59740 0.002488 1130806.000000 1166624 1084290 
59750 0.002463 1155612.000000 1226364 1092423 
59760 0.002478 1147098.000000 1252168 1097514 
59770 0.002473 1168392.000000 1228649 1112592 
59780 0.002469 1157741.000000 1221309 1097838 
59790 0.002472 1137122.000000 1170355 1092474 
59800 0.002486 1162696.000000 1256464 1108122 
59810 0.002470 1139510.000000 1182045 1097098 
59820 0.002488 1153596.000000 1208815 1100823 
59830 0.002493 1146097.000000 1186977 1098866 
59840 0.002459 1164838.000000 1237229 1130140 
59850 0.002492 1156858.000000 1217901 1095025 
59860 0.002469 1135647.000000 1181285 1108610 
59870 0.002485 1137006.000000 1199471 1078056 
59880 0.002487 1138910.000000 1207579 1082488 
59890 0.002482 1159677.000000 1301536 1090411 
59900 0.002455 1150257.000000 1179635 1081233 
59910 0.002394 1146966.000000 1207916 1096136 
59920 0.002416 1133405.000000 1157790 1092965 
59930 0.002422 1143212.000000 1306106 1105444 
59940 0.002443 1143456.000000 1176239 1099570 
59950 0.002436 1138343.000000 1216203 1114221 
59960 0.002444 1160751.000000 1202355 1098824 
59970 0.002428 1142594.000000 1189577 1110283 
59980 0.002442 1141842.000000 1225049 1093426 
59990 0.002448 1174274.000000 1218687 1118038 
60000 0.002434 1147597.000000 1231196 1098639 
60010 0.002449 1153158.000000 1188718 1103609 
60020 0.002445 1158150.000000 1271380 1078275 
60030 0.002452 1151763.000000 1235898 1111135 
60040 0.002447 1142019.000000 1217122 1084302 
60050 0.002439 1167075.000000 1297215 1095953 
60060 0.002440 1169855.000000 1212860 1139581 
60070 0.002452 1171799.000000 1234338 1106452 
60080 0.003038 1125831.000000 1174735 1086326 
60090 0.002455 1135259.000000 1163668 1084565 
60100 0.002463 1144624.000000 1179946 1125848 
60110 0.002464 1169406.000000 1296721 1097469 
60120 0.002448 1148248.000000 1207497 1095908 
60130 0.002457 1138174.000000 1195156 1099271 
60140 0.002438 1144527.000000 1186237 1113335 
60150 0.002465 1154368.000000 1208471 1102727 
60160 0.002467 1151958.000000 1207989 1112358 
60170 0.002452 1150688.000000 1241430 1119267 
60180 0.002446 1141861.000000 1214646 1097517 
60190 0.002451 1163711.000000 1196891 1130124 
60200 0.002450 1153008.000000 1242051 1102375 
60210 0.002461 1175158.000000 1229399 1113796 
60220 0.002465 1163079.000000 1225531 1088196 
60230 0.002442 1159747.000000 1243023 1105272 
60240 0.002456 1162987.000000 1281920 1097439 
60250 0.002438 1150539.000000 1214775 1096025 
60260 0.002448 1164889.000000 1227111 1116053 
60270 0.002456 1128604.000000 1174099 1103520 
60280 0.002455 1156469.000000 1203107 1122603 
60290 0.002480 1131630.000000 1225148 1093785 
60300 0.002482 1152772.000000 1232836 1096061 
60310 0.002461 1138138.000000 1178537 1095104 
60320 0.002468 1134131.000000 1163173 1097850 
60330 0.002484 1167203.000000 1271718 1123863 
60340 0.002463 1152279.000000 1230813 1096128 
60350 0.002470 1146745.000000 1206232 1110184 
60360 0.002465 1158879.000000 1235736 1094430 
60370 0.002463 1163890.000000 1226565 1129952 
60380 0.002478 1160131.000000 1231901 1125347 
60390 0.002448 1144573.000000 1188852 1089874 
60400 0.002464 1162256.000000 1204906 1109907 
60410 0.002450 1141008.000000 1203569 1101653 
60420 0.002477 1162179.000000 1230338 1113082 
60430 0.002466 1152314.000000 1192015 1111919 
60440 0.002469 1145915.000000 1180605 1089489 
60450 0.002465 1138457.000000 1204192 1112732 
60460 0.002455 1159120.000000 1204883 1120958 
60470 0.002473 1167707.000000 1256428 1117425 
60480 0.002476 1162197.000000 1207449 1121517 
60490 0.002481 1157997.000000 1272049 1093695 
60500 0.002467 1156059.000000 1237057 1127527 
60510 0.002484 1180564.000000 1311094 1105420 
60520 0.002467 1161742.000000 1221380 1107590 
60530 0.002483 1166381.000000 1220259 1119774 
60540 0.002483 1135590.000000 1230729 1096983 
60550 0.002475 1162356.000000 1212289 1096129 
60560 0.002470 1150034.000000 1237810 1110233 
60570 0.002469 1152814.000000 1275708 1087355 
60580 0.002466 1181262.000000 1233147 1158218 
60590 0.002470 1170608.000000 1277377 1119862 
60600 0.002467 1168036.000000 1221271 1137307 
60610 0.002469 1150118.000000 1290712 1104772 
60620 0.002473 1170271.000000 1250413 1098459 
60630 0.002481 1154720.000000 1231805 1100119 
60640 0.002492 1167643.000000 1233846 1122235 
60650 0.002471 1178182.000000 1247034 1127078 
60660 0.002463 1172034.000000 1272233 1118689 
60670 0.002470 1174850.000000 1233364 1131714 
60680 0.002480 1164377.000000 1222100 1119617 
60690 0.002477 1180656.000000 1229875 1139500 
60700 0.002483 1151273.000000 1248430 1115799 
60710 0.002479 1173218.000000 1270470 1127375 
60720 0.002464 1171676.000000 1233229 1132723 
60730 0.002498 1146449.000000 1217090 1109083 
60740 0.002486 1151236.000000 1238086 1102594 
60750 0.002470 1171112.000000 1267229 1121845 
60760 0.002478 1173456.000000 1226344 1125825 
60770 0.002474 1167476.000000 1212243 1104829 
60780 0.002475 1170482.000000 1218176 1126243 
60790 0.002485 1177416.000000 1293804 1117368 
60800 0.002482 1163663.000000 1265587 1077221 
60810 0.002480 1171053.000000 1214943 1125026 
60820 0.002477 1170795.000000 1251518 1134526 
60830 0.002485 1148735.000000 1212675 1098362 
60840 0.002485 1181240.000000 1298246 1129529 
60850 0.002486 1157255.000000 1220075 1125220 
60860 0.002489 1167735.000000 1241546 1105332 
60870 0.002482 1158936.000000 1193336 1114659 
60880 0.002502 1161751.000000 1196113 1131705 
60890 0.002485 1175973.000000 1234713 1108496 
60900 0.002493 1165883.000000 1238275 1102406 
60910 0.002489 1160070.000000 1248989 1113790 
60920 0.002489 1148023.000000 1212304 1103207 
60930 0.002498 1157009.000000 1196647 1124479 
60940 0.002491 1159494.000000 1242860 1117238 
60950 0.002482 1188054.000000 1315339 1122018 
60960 0.002471 1158432.000000 1245584 1108008 
60970 0.002486 1184570.000000 1277907 1125734 
60980 0.002480 1175272.000000 1255796 1134232 
60990 0.002498 1157579.000000 1197925 1111062 
61000 0.002500 1170274.000000 1235600 1131846 
61010 0.002488 1163007.000000 1241034 1128970 
61020 0.002501 1175159.000000 1248166 1106849 
61030 0.002487 1167045.000000 1203493 1122867 
61040 0.002497 1157727.000000 1241009 1107027 
61050 0.002505 1168348.000000 1238864 1127085 
61060 0.002497 1166995.000000 1233519 1121189 
61070 0.002504 1177348.000000 1246850 1108830 
61080 0.002517 1173364.000000 1241027 1104164 
61090 0.002511 1180876.000000 1264646 1130459 
61100 0.002498 1161896.000000 1209870 1107580 
61110 0.002506 1182723.000000 1330528 1126704 
61120 0.002500 1167233.000000 1223017 1127839 
61130 0.002478 1176433.000000 1228618 1117022 
61140 0.002501 1162987.000000 1222088 1094067 
61150 0.002503 1176386.000000 1278462 1127798 
61160 0.002518 1184688.000000 1276667 1127431 
61170 0.002502 1189597.000000 1256314 1130066 
61180 0.002502 1154224.000000 1196033 1106935 
61190 0.002487 1182642.000000 1265946 1112760 
61200 0.002496 1163135.000000 1207616 1112579 
61210 0.002504 1178610.000000 1255182 1103450 
61220 0.002514 1164998.000000 1250031 1125809 
61230 0.002499 1176714.000000 1241841 1122077 
61240 0.002497 1182669.000000 1234047 1114115 
61250 0.002494 1180300.000000 1259042 1127212 
61260 0.002494 1182333.000000 1264198 1110664 
61270 0.002508 1184063.000000 1222831 1145121 
61280 0.002506 1176413.000000 1256164 1120520 
61290 0.002507 1176726.000000 1223664 1122750 
61300 0.002487 1173578.000000 1219067 1128703 
61310 0.002515 1174511.000000 1258945 1133473 
61320 0.002519 1166809.000000 1197824 1134354 
61330 0.002506 1179906.000000 1212311 1147661 
61340 0.002507 1154637.000000 1229758 1110533 
61350 0.002500 1188337.000000 1291828 1134538 
61360 0.002502 1176120.000000 1225972 1119879 
61370 0.002504 1175227.000000 1201780 1136649 
61380 0.002501 1159416.000000 1223833 1111066 
61390 0.002513 1170291.000000 1228145 1114048 
61400 0.002525 1185685.000000 1210765 1145412 
61410 0.002523 1159027.000000 1228338 1105756 
61420 0.002530 1176904.000000 1307848 1123893 
61430 0.002512 1191467.000000 1352594 1113633 
61440 0.002519 1170714.000000 1265921 1122447 
61450 0.002526 1175255.000000 1288869 1125062 
61460 0.002537 1168495.000000 1315940 1124828 
61470 0.002517 1190393.000000 1265787 1127810 
61480 0.002525 1192295.000000 1410085 1140069 
61490 0.002638 1172151.000000 1238005 1127272 
61500 0.002663 1164261.000000 1228018 1126745 
61510 0.002540 1179577.000000 1282359 1135886 
61520 0.002552 1160056.000000 1226781 1121660 
61530 0.002535 1186110.000000 1216162 1138707 
61540 0.002547 1177460.000000 1235295 1092958 
61550 0.002574 1200392.000000 1299319 1153838 
61560 0.002656 1191108.000000 1226823 1147794 
61570 0.002582 1170935.000000 1211147 1096715 
61580 0.002571 1177469.000000 1240082 1126655 
61590 0.002568 1202893.000000 1298560 1152015 
61600 0.002572 1183708.000000 1253376 1133892 
61610 0.002556 1182097.000000 1240454 1133249 
61620 0.002583 1171128.000000 1218727 1112899 
61630 0.002582 1178519.000000 1217249 1142548 
61640 0.002596 1198423.000000 1271333 1118675 
61650 0.002580 1180039.000000 1210217 1148621 
61660 0.002575 1166238.000000 1215108 1126264 
61670 0.002559 1189830.000000 1272483 1131658 
61680 0.002584 1192812.000000 1271760 1133742 
61690 0.002569 1193703.000000 1310560 1147258 
61700 0.002579 1178392.000000 1200849 1149787 
61710 0.002565 1184535.000000 1226477 1140060 
61720 0.002566 1184441.000000 1232648 1130074 
61730 0.002572 1169859.000000 1234371 1124529 
61740 0.002583 1179062.000000 1269268 1144438 
61750 0.002580 1184857.000000 1240259 1139154 
61760 0.002577 1181766.000000 1280416 1114840 
61770 0.002586 1184990.000000 1221185 1166248 
61780 0.002559 1194789.000000 1238253 1136283 
61790 0.002565 1187120.000000 1245124 1129341 
61800 0.002583 1186702.000000 1228328 1154358 
61810 0.002561 1183807.000000 1213033 1141239 
61820 0.002605 1207969.000000 1398581 1141693 
61830 0.002603 1181155.000000 1291466 1116401 
61840 0.002579 1182120.000000 1224274 1139872 
61850 0.002573 1197718.000000 1256814 1142283 
61860 0.002582 1175565.000000 1212664 1136761 
61870 0.002565 1192411.000000 1234333 1153147 
61880 0.002568 1170598.000000 1199230 1139854 
61890 0.002567 1185388.000000 1258602 1111848 
61900 0.002574 1179049.000000 1220893 1129461 
61910 0.002571 1189854.000000 1267767 1140518 
61920 0.002587 1214753.000000 1308035 1148618 
61930 0.002574 1198674.000000 1269388 1133169 
61940 0.002568 1193455.000000 1255746 1141857 
61950 0.002557 1186735.000000 1229526 1161159 
61960 0.002586 1163054.000000 1211678 1123627 
61970 0.002574 1207525.000000 1240470 1155563 
61980 0.002571 1203511.000000 1334245 1141857 
61990 0.002584 1194656.000000 1249397 1118197 
62000 0.002572 1202591.000000 1268458 1173825 
62010 0.002570 1174366.000000 1247722 1128479 
62020 0.002589 1203420.000000 1287281 1141644 
62030 0.002591 1187467.000000 1288185 1139188 
62040 0.002582 1177084.000000 1285998 1134724 
62050 0.002581 1195476.000000 1275223 1153834 
62060 0.002582 1190385.000000 1283156 1137762 
62070 0.002586 1204558.000000 1338496 1145698 
62080 0.002597 1179402.000000 1224025 1126408 
62090 0.002610 1209258.000000 1276401 1140759 
62100 0.002593 1197448.000000 1251177 1129748 
62110 0.002694 1217113.000000 1315671 1156705 
62120 0.002613 1193682.000000 1266898 1138468 
62130 0.002485 1176283.000000 1257516 1125467 
62140 0.002546 1206681.000000 1356068 1146202 
62150 0.002559 1206400.000000 1263692 1169900 
62160 0.002551 1190008.000000 1282172 1135770 
62170 0.002584 1173249.000000 1214812 1142508 
62180 0.002567 1187323.000000 1313118 1133442 
62190 0.002549 1197813.000000 1270916 1137776 
62200 0.002576 1189456.000000 1258821 1135205 
62210 0.002553 1196853.000000 1265384 1141695 
62220 0.002637 1212989.000000 1248823 1171438 
62230 0.002547 1190449.000000 1252711 1138687 
62240 0.002561 1193100.000000 1277987 1135752 
62250 0.002623 1180867.000000 1296243 1128131 
62260 0.002598 1220269.000000 1317293 1146320 
62270 0.002627 1225881.000000 1305425 1162655 
62280 0.002600 1182826.000000 1242330 1136598 
62290 0.002625 1184966.000000 1243072 1141544 
62300 0.002602 1199865.000000 1258929 1134098 
62310 0.002608 1173641.000000 1214368 1142778 
62320 0.002615 1192234.000000 1253630 1147212 
62330 0.002613 1208426.000000 1313579 1175394 
62340 0.002604 1214110.000000 1284266 1133311 
62350 0.002610 1196885.000000 1230385 1142607 
62360 0.002568 1195691.000000 1272302 1143605 
62370 0.002551 1198790.000000 1248095 1168044 
62380 0.002560 1197064.000000 1276176 1123841 
62390 0.002559 1205963.000000 1269508 1145229 
62400 0.002569 1190948.000000 1254922 1138652 
62410 0.002552 1198721.000000 1297453 1125511 
62420 0.002542 1183034.000000 1248591 1140622 
62430 0.002562 1197032.000000 1237390 1160764 
62440 0.002591 1208027.000000 1261998 1170993 
62450 0.002624 1212113.000000 1252664 1169508 
62460 0.002618 1192359.000000 1244460 1153471 
62470 0.002621 1213679.000000 1295986 1145437 
62480 0.002623 1206726.000000 1271261 1148397 
62490 0.002610 1206863.000000 1265019 1160965 
62500 0.002598 1189470.000000 1231948 1138638 
62510 0.002604 1193977.000000 1246576 1163552 
62520 0.002621 1205485.000000 1331637 1119686 
62530 0.002623 1211993.000000 1266866 1185484 
62540 0.002598 1203601.000000 1252635 1150357 
62550 0.002618 1191413.000000 1261951 1150870 
62560 0.002617 1237788.000000 1330636 1158843 
62570 0.002622 1188692.000000 1247510 1136490 
62580 0.002603 1212336.000000 1284385 1167850 
62590 0.002625 1191377.000000 1245653 1145011 
62600 0.002623 1207308.000000 1246848 1162473 
62610 0.002612 1202253.000000 1257038 1172104 
62620 0.002620 1216037.000000 1281186 1167267 
62630 0.002623 1232584.000000 1323418 1168910 
62640 0.002638 1218820.000000 1332573 1179350 
62650 0.002856 1209364.000000 1287981 1149964 
62660 0.002678 1192950.000000 1221626 1154345 
62670 0.002689 1193818.000000 1285843 1144762 
62680 0.002619 1191874.000000 1244714 1148288 
62690 0.002530 1216929.000000 1254674 1182242 
62700 0.002680 1184677.000000 1217201 1161552 
62710 0.002623 1207525.000000 1321619 1138512 
62720 0.002629 1191138.000000 1261676 1142402 
62730 0.002590 1216104.000000 1291667 1147163 
62740 0.002606 1205377.000000 1256743 1148382 
62750 0.002598 1209067.000000 1280891 1161107 
62760 0.002575 1212980.000000 1275958 1167836 
62770 0.002597 1191658.000000 1253894 1150596 
62780 0.002575 1219752.000000 1313425 1160374 
62790 0.002570 1211286.000000 1264379 1173386 
62800 0.002583 1208659.000000 1303451 1155644 
62810 0.002571 1214362.000000 1302718 1155334 
62820 0.002595 1214215.000000 1302200 1144371 
62830 0.002592 1206276.000000 1258865 1173573 
62840 0.002594 1204393.000000 1259691 1174856 
62850 0.002594 1206674.000000 1255792 1176398 
62860 0.002579 1226483.000000 1286534 1159494 
62870 0.002586 1213840.000000 1296306 1142448 
62880 0.002587 1196309.000000 1230422 1154275 
62890 0.002601 1196517.000000 1242574 1131318 
62900 0.002575 1216893.000000 1352078 1149429 
62910 0.002592 1214566.000000 1275560 1166196 
62920 0.002594 1226722.000000 1346850 1168663 
62930 0.002595 1233384.000000 1295022 1185589 
62940 0.002589 1210759.000000 1257659 1178701 
62950 0.002571 1198241.000000 1252406 1157086 
62960 0.002597 1219888.000000 1297196 1152748 
62970 0.002590 1229745.000000 1294587 1142459 
62980 0.002583 1192771.000000 1248161 1162960 
62990 0.002573 1213805.000000 1298618 1140055 
63000 0.002587 1203285.000000 1237491 1172665 
63010 0.002574 1207888.000000 1286850 1165102 
63020 0.002590 1220228.000000 1274297 1184082 
63030 0.002602 1223221.000000 1292786 1140729 
63040 0.002584 1218231.000000 1301793 1156092 
63050 0.002591 1214842.000000 1304995 1169169 
63060 0.002601 1226444.000000 1297508 1173151 
63070 0.002590 1214823.000000 1304717 1177261 
63080 0.002605 1212131.000000 1289356 1155030 
63090 0.002597 1212489.000000 1299497 1163964 
63100 0.002591 1182446.000000 1229933 1155073 
63110 0.002597 1221007.000000 1277336 1179424 
63120 0.002579 1214736.000000 1259580 1181904 
63130 0.002604 1211899.000000 1276066 1179535 
63140 0.002600 1193944.000000 1251892 1154024 
63150 0.002613 1225730.000000 1334284 1156368 
63160 0.002577 1213411.000000 1272621 1180677 
63170 0.002575 1224512.000000 1321344 1161911 
63180 0.002598 1216061.000000 1294558 1147780 
63190 0.002612 1235155.000000 1299405 1182820 
63200 0.002592 1218346.000000 1339196 1123427 
63210 0.002606 1210556.000000 1265843 1135094 
63220 0.002614 1212111.000000 1250377 1134034 
63230 0.002597 1212696.000000 1345915 1147917 
63240 0.002606 1226305.000000 1295459 1163634 
63250 0.002596 1224053.000000 1317193 1175877 
63260 0.002601 1231224.000000 1349429 1154527 
63270 0.002615 1241980.000000 1351754 1186421 
63280 0.002600 1231254.000000 1310723 1166039 
63290 0.002611 1216381.000000 1267500 1172291 
63300 0.002593 1216348.000000 1281258 1175957 
63310 0.002622 1198879.000000 1247322 1141793 
63320 0.002605 1242973.000000 1376656 1204320 
63330 0.002615 1211824.000000 1287710 1156306 
63340 0.002602 1219765.000000 1310660 1179793 
63350 0.002604 1213294.000000 1254655 1160291 
63360 0.002600 1208918.000000 1288590 1156394 
63370 0.002605 1243640.000000 1297007 1186510 
63380 0.002612 1216526.000000 1310776 1158492 
63390 0.002618 1217235.000000 1290960 1174084 
63400 0.002605 1215335.000000 1310563 1155623 
63410 0.002608 1244407.000000 1344554 1194844 
63420 0.002620 1219896.000000 1276240 1152771 
63430 0.002618 1226993.000000 1366150 1164448 
63440 0.002624 1234126.000000 1279151 1204342 
63450 0.002609 1222626.000000 1276270 1172300 
63460 0.002631 1207729.000000 1267242 1165722 
63470 0.002618 1228996.000000 1277663 1181300 
63480 0.002598 1223645.000000 1309313 1186742 
63490 0.002612 1216999.000000 1282597 1167905 
63500 0.002616 1222953.000000 1307396 1179628 
63510 0.002614 1212873.000000 1253492 1163349 
63520 0.002638 1244083.000000 1362896 1183665 
63530 0.002618 1243274.000000 1398303 1170714 
63540 0.002613 1218120.000000 1274082 1167753 
63550 0.002645 1241451.000000 1334284 1139208 
63560 0.002620 1215539.000000 1289373 1171669 
63570 0.002610 1204415.000000 1238754 1170664 
63580 0.002614 1247946.000000 1391588 1179144 
63590 0.002620 1238149.000000 1333801 1161577 
63600 0.002605 1257693.000000 1320924 1178715 
63610 0.002625 1238817.000000 1351537 1194013 
63620 0.002616 1230969.000000 1271231 1182915 
63630 0.002649 1225090.000000 1350882 1149893 
63640 0.002617 1247795.000000 1318359 1188959 
63650 0.002613 1216799.000000 1267542 1157467 
63660 0.002616 1230080.000000 1269839 1185699 
63670 0.002614 1216321.000000 1275403 1164643 
63680 0.002613 1228893.000000 1277580 1161393 
63690 0.002615 1209411.000000 1241258 1165665 
63700 0.002614 1221799.000000 1261447 1183672 
63710 0.002616 1232020.000000 1299961 1169024 
63720 0.002631 1241897.000000 1335715 1181438 
63730 0.002622 1225668.000000 1290227 1175032 
63740 0.002617 1226766.000000 1301610 1169119 
63750 0.002621 1238403.000000 1318671 1164488 
63760 0.002629 1231322.000000 1303811 1177065 
63770 0.002629 1222213.000000 1299847 1177679 
63780 0.002627 1223175.000000 1304045 1153696 
63790 0.002612 1211881.000000 1257598 1182793 
63800 0.002613 1227761.000000 1362100 1178533 
63810 0.002644 1248661.000000 1406162 1186293 
63820 0.002626 1231554.000000 1292507 1193279 
63830 0.002625 1255963.000000 1417442 1186971 
63840 0.002612 1211424.000000 1245124 1178965 
63850 0.002639 1235715.000000 1283753 1189536 
63860 0.002633 1228782.000000 1322071 1164338 
63870 0.002637 1234964.000000 1281354 1186959 
63880 0.002634 1212517.000000 1234884 1181307 
63890 0.002658 1228777.000000 1313928 1177734 
63900 0.002632 1224937.000000 1329069 1167442 
63910 0.002645 1243970.000000 1365658 1161116 
63920 0.002624 1238114.000000 1310864 1182753 
63930 0.002623 1245149.000000 1308101 1179312 
63940 0.002646 1234006.000000 1326078 1189570 
63950 0.002611 1236605.000000 1310874 1193191 
63960 0.002646 1240026.000000 1329123 1180308 
63970 0.002619 1216375.000000 1251734 1181012 
63980 0.002652 1228322.000000 1339995 1185378 
63990 0.002643 1219701.000000 1254894 1174598 
64000 0.002619 1242034.000000 1338828 1202700 
64010 0.002638 1237183.000000 1309175 1165695 
64020 0.002629 1243061.000000 1296132 1203170 
64030 0.002639 1225661.000000 1281004 1162024 
64040 0.002633 1252966.000000 1380548 1173335 
64050 0.002655 1229314.000000 1370195 1157952 
64060 0.002642 1230760.000000 1279780 1191045 
64070 0.002635 1223151.000000 1300083 1141070 
64080 0.002652 1233162.000000 1295705 1179864 
64090 0.002616 1223786.000000 1258288 1196511 
64100 0.002630 1226011.000000 1300698 1158451 
64110 0.002635 1224161.000000 1286893 1159282 
64120 0.002623 1243927.000000 1314211 1181221 
64130 0.002621 1262181.000000 1431000 1171399 
64140 0.002644 1236239.000000 1328916 1192879 
64150 0.002639 1233463.000000 1295585 1148786 
64160 0.002654 1249461.000000 1326790 1192679 
64170 0.002653 1238199.000000 1274209 1176052 
64180 0.002641 1241355.000000 1294645 1189339 
64190 0.002637 1255022.000000 1376675 1175820 
64200 0.002647 1251144.000000 1299400 1181955 
64210 0.002643 1250284.000000 1355424 1163270 
64220 0.002646 1220675.000000 1307161 1172886 
64230 0.002657 1232785.000000 1339120 1168005 
64240 0.002632 1250433.000000 1397023 1153867 
64250 0.002625 1232418.000000 1282444 1171291 
64260 0.002651 1253775.000000 1355922 1185614 
64270 0.002651 1220900.000000 1244794 1192333 
64280 0.002625 1240961.000000 1310083 1186224 
64290 0.002649 1239870.000000 1347450 1169619 
64300 0.002632 1243629.000000 1298240 1193754 
64310 0.002634 1250132.000000 1340300 1206356 
64320 0.002659 1269419.000000 1367975 1198189 
64330 0.002659 1269642.000000 1384835 1166767 
64340 0.002651 1250647.000000 1310214 1186625 
64350 0.002816 1239072.000000 1268095 1169882 
64360 0.002680 1236231.000000 1306336 1206466 
64370 0.002653 1245850.000000 1318429 1184020 
64380 0.002681 1259635.000000 1307658 1215509 
64390 0.002654 1234093.000000 1304976 1175180 
64400 0.002650 1253497.000000 1315122 1217530 
64410 0.002675 1226117.000000 1276815 1170180 
64420 0.002652 1234509.000000 1284449 1198119 
64430 0.002673 1224229.000000 1264798 1184417 
64440 0.002688 1238147.000000 1331906 1203176 
64450 0.002670 1235734.000000 1325884 1173771 
64460 0.002644 1243798.000000 1299796 1184708 
64470 0.002668 1242552.000000 1326300 1192230 
64480 0.002655 1233116.000000 1325335 1174357 
64490 0.002676 1232684.000000 1346295 1171345 
64500 0.002641 1259485.000000 1357338 1186969 
64510 0.002647 1232668.000000 1291855 1191419 
64520 0.002655 1248743.000000 1343379 1199988 
64530 0.002656 1226768.000000 1273995 1200887 
64540 0.002656 1238215.000000 1282509 1185073 
64550 0.002672 1256950.000000 1330834 1178863 
64560 0.002646 1248684.000000 1292950 1180877 
64570 0.002654 1226473.000000 1328641 1173989 
64580 0.002649 1229407.000000 1274085 1176271 
64590 0.002653 1262921.000000 1326510 1211331 
64600 0.002674 1239077.000000 1324471 1179523 
64610 0.002672 1276619.000000 1339392 1201427 
64620 0.002672 1245805.000000 1304182 1173735 
64630 0.002680 1229406.000000 1285423 1164010 
64640 0.002661 1250411.000000 1326794 1191828 
64650 0.002658 1230596.000000 1290795 1182030 
64660 0.002675 1242285.000000 1344207 1181462 
64670 0.002667 1270402.000000 1345792 1204715 
64680 0.002651 1253033.000000 1313909 1190768 
64690 0.002656 1231792.000000 1308146 1179150 
64700 0.002665 1229948.000000 1274587 1179729 
64710 0.002694 1266789.000000 1375391 1177635 
64720 0.002669 1246920.000000 1347383 1188914 
64730 0.002677 1249602.000000 1340905 1192893 
64740 0.002661 1238139.000000 1290156 1203440 
64750 0.002664 1250837.000000 1286714 1202295 
64760 0.002662 1256518.000000 1304316 1206176 
64770 0.002661 1254186.000000 1324085 1163094 
64780 0.002684 1249857.000000 1305582 1210648 
64790 0.002684 1259787.000000 1344017 1210940 
64800 0.002676 1267111.000000 1312020 1207012 
64810 0.002687 1249265.000000 1319884 1200346 
64820 0.002672 1241312.000000 1265083 1195122 
64830 0.002687 1248578.000000 1276271 1206525 
64840 0.002664 1254304.000000 1342058 1185099 
64850 0.002665 1234122.000000 1304337 1169624 
64860 0.002666 1253090.000000 1344666 1215354 
64870 0.002668 1257127.000000 1327783 1217597 
64880 0.002696 1242238.000000 1293041 1202694 
64890 0.002692 1271779.000000 1327346 1220873 
64900 0.002699 1220881.000000 1323110 1180847 
64910 0.002671 1251200.000000 1345521 1192823 
64920 0.002687 1227856.000000 1268141 1169198 
64930 0.002699 1267781.000000 1330370 1223812 
64940 0.002680 1242897.000000 1277100 1192963 
64950 0.002661 1269612.000000 1340335 1185598 
64960 0.002674 1264143.000000 1350718 1212805 
64970 0.002671 1252963.000000 1339914 1196719 
64980 0.002706 1243985.000000 1290050 1179955 
64990 0.002666 1254603.000000 1309239 1209485 
65000 0.002662 1236477.000000 1294081 1203096 
65010 0.002680 1271974.000000 1393005 1209558 
65020 0.002686 1249482.000000 1292953 1214953 
65030 0.002691 1296967.000000 1402698 1221386 
65040 0.002686 1235197.000000 1289084 1199244 
65050 0.002687 1255662.000000 1293645 1215002 
65060 0.002700 1255436.000000 1292839 1210784 
65070 0.002690 1265690.000000 1333309 1203795 
65080 0.002688 1244122.000000 1302633 1203051 
65090 0.002695 1267432.000000 1389520 1213746 
65100 0.002687 1260576.000000 1302685 1213299 
65110 0.002668 1265042.000000 1337803 1193031 
65120 0.002678 1250826.000000 1292203 1210646 
65130 0.002696 1239016.000000 1306622 1197135 
65140 0.002675 1252301.000000 1317305 1209704 
65150 0.002680 1262164.000000 1331927 1209226 
65160 0.002718 1264930.000000 1340852 1203264 
65170 0.002694 1261277.000000 1333949 1189350 
65180 0.002694 1254002.000000 1331003 1204260 
65190 0.002700 1250718.000000 1312505 1206585 
65200 0.002686 1256172.000000 1334743 1193311 
65210 0.002686 1273610.000000 1352060 1225610 
65220 0.002703 1273196.000000 1312854 1203575 
65230 0.002702 1252730.000000 1297345 1203791 
65240 0.002720 1286957.000000 1363273 1222474 
65250 0.002691 1278999.000000 1341405 1214827 
65260 0.002700 1261477.000000 1304282 1188848 
65270 0.002677 1267246.000000 1339463 1228810 
65280 0.002693 1281150.000000 1354788 1199649 
65290 0.002689 1252781.000000 1330308 1226637 
65300 0.002692 1284261.000000 1379326 1199347 
65310 0.002686 1250907.000000 1324949 1204712 
65320 0.002685 1261538.000000 1309960 1193102 
65330 0.002700 1265850.000000 1373386 1176680 
65340 0.002703 1270701.000000 1323023 1226667 
65350 0.002709 1262270.000000 1368945 1186842 
65360 0.002704 1254824.000000 1338176 1214699 
65370 0.002688 1260061.000000 1335146 1202786 
65380 0.002688 1262333.000000 1399611 1219979 
65390 0.002701 1256945.000000 1310228 1218278 
65400 0.002713 1252622.000000 1315976 1197810 
65410 0.002703 1270716.000000 1343698 1211035 
65420 0.002694 1264600.000000 1323304 1197790 
65430 0.002697 1303348.000000 1371852 1266153 
65440 0.002705 1272764.000000 1371677 1213636 
65450 0.002685 1258434.000000 1297221 1220831 
65460 0.002701 1257060.000000 1333639 1210018 
65470 0.002693 1270346.000000 1311210 1208956 
65480 0.002703 1271708.000000 1351360 1215701 
65490 0.002684 1259775.000000 1301782 1200265 
65500 0.002697 1268035.000000 1358110 1232183 
65510 0.002704 1272816.000000 1391940 1214487 
65520 0.002730 1255837.000000 1410148 1200991 
65530 0.002691 1269745.000000 1316065 1235202 
65540 0.002698 1252827.000000 1324217 1190686 
65550 0.002681 1255935.000000 1391465 1192878 
65560 0.002699 1303874.000000 1436535 1233064 
65570 0.002707 1259450.000000 1299096 1205733 
65580 0.002723 1272199.000000 1387024 1213396 
65590 0.002707 1259349.000000 1297645 1213016 
65600 0.002706 1280508.000000 1323791 1232024 
65610 0.002717 1275092.000000 1355794 1234066 
65620 0.002703 1244480.000000 1273300 1213675 
65630 0.002717 1272874.000000 1330192 1195207 
65640 0.002717 1289884.000000 1341737 1231800 
65650 0.002708 1248927.000000 1309768 1192792 
65660 0.002726 1273319.000000 1407880 1201486 
65670 0.002709 1271292.000000 1324235 1211956 
65680 0.002727 1281519.000000 1303327 1238276 
65690 0.002708 1259479.000000 1348004 1194890 
65700 0.002708 1260642.000000 1342724 1217733 
65710 0.002711 1262730.000000 1332235 1219210 
65720 0.002725 1287344.000000 1344291 1211616 
65730 0.002711 1277176.000000 1380984 1206977 
65740 0.002712 1254063.000000 1280170 1217350 
65750 0.002717 1275469.000000 1339531 1223972 
65760 0.002718 1287623.000000 1354940 1219190 
65770 0.002718 1271440.000000 1362108 1217578 
65780 0.002714 1270052.000000 1398376 1207107 
65790 0.002712 1277423.000000 1343159 1234345 
65800 0.002701 1271639.000000 1345196 1219145 
65810 0.002722 1259246.000000 1325474 1213595 
65820 0.002710 1277347.000000 1346323 1200337 
65830 0.002717 1298357.000000 1355867 1191881 
65840 0.002706 1270020.000000 1339843 1224747 
65850 0.002722 1287615.000000 1341454 1235873 
65860 0.002745 1278388.000000 1346636 1222023 
65870 0.002741 1284751.000000 1336491 1218641 
65880 0.002714 1272703.000000 1384549 1231578 
65890 0.002710 1293440.000000 1383901 1226014 
65900 0.002725 1272682.000000 1378481 1231273 
65910 0.002741 1294462.000000 1484551 1229538 
65920 0.002722 1293593.000000 1352372 1255564 
65930 0.002722 1280203.000000 1356958 1237948 
65940 0.002718 1277010.000000 1354482 1219525 
65950 0.002727 1300719.000000 1376594 1223195 
65960 0.002728 1282397.000000 1369527 1255064 
65970 0.002714 1273913.000000 1347859 1211291 
65980 0.002733 1261678.000000 1299755 1224807 
65990 0.002732 1264949.000000 1317684 1218244 
66000 0.002722 1276722.000000 1334585 1211075 
66010 0.002741 1279188.000000 1418699 1222016 
66020 0.002737 1262241.000000 1316103 1196471 
66030 0.002733 1283997.000000 1371799 1229095 
66040 0.002738 1278766.000000 1325805 1224989 
66050 0.002716 1294826.000000 1418808 1203634 
66060 0.002732 1262078.000000 1344879 1203873 
66070 0.002733 1291625.000000 1397179 1220795 
66080 0.002729 1277410.000000 1324758 1244345 
66090 0.002724 1295857.000000 1473150 1230097 
66100 0.002728 1261625.000000 1299872 1235714 
66110 0.002721 1270986.000000 1306226 1234367 
66120 0.002725 1286608.000000 1388507 1242242 
66130 0.002723 1270900.000000 1332959 1204255 
66140 0.002737 1292070.000000 1351271 1249228 
66150 0.002713 1270194.000000 1311818 1229409 
66160 0.002741 1248178.000000 1303776 1208950 
66170 0.002742 1287936.000000 1341975 1249025 
66180 0.002731 1259921.000000 1289450 1231249 
66190 0.002723 1281540.000000 1378342 1217199 
66200 0.002743 1275545.000000 1330505 1235526 
66210 0.002736 1302084.000000 1411519 1217530 
66220 0.002736 1289023.000000 1455476 1219331 
66230 0.002733 1288130.000000 1371171 1224455 
66240 0.002735 1290020.000000 1341384 1246802 
66250 0.002743 1300084.000000 1343383 1237092 
66260 0.002750 1285412.000000 1361064 1233263 
66270 0.002742 1283948.000000 1348218 1235748 
66280 0.002726 1280764.000000 1358825 1235176 
66290 0.002731 1278880.000000 1353034 1231074 
66300 0.002745 1267878.000000 1301133 1240585 
66310 0.002763 1275406.000000 1337225 1218579 
66320 0.002746 1292940.000000 1412014 1244925 
66330 0.002739 1275263.000000 1340064 1235022 
66340 0.002725 1282354.000000 1379225 1207360 
66350 0.002735 1268257.000000 1367572 1213012 
66360 0.002751 1288505.000000 1382495 1232889 
66370 0.002732 1303941.000000 1440314 1244761 
66380 0.002727 1281614.000000 1315799 1237216 
66390 0.002763 1281689.000000 1319784 1236607 
66400 0.002754 1288865.000000 1368592 1214869 
66410 0.002754 1282883.000000 1362228 1222302 
66420 0.002744 1295344.000000 1400410 1232593 
66430 0.002728 1280805.000000 1339158 1232626 
66440 0.002736 1283439.000000 1344961 1224559 
66450 0.002741 1270938.000000 1317070 1233844 
66460 0.002721 1304604.000000 1343599 1253844 
66470 0.002741 1301784.000000 1431208 1254558 
66480 0.002740 1279250.000000 1349490 1250978 
66490 0.002756 1314142.000000 1424002 1208571 
66500 0.002749 1285351.000000 1359389 1229329 
66510 0.002736 1266346.000000 1354366 1213433 
66520 0.002746 1286440.000000 1364544 1233765 
66530 0.002749 1280369.000000 1337685 1234191 
66540 0.002770 1270889.000000 1324738 1201876 
66550 0.002768 1285880.000000 1350026 1228100 
66560 0.002743 1318556.000000 1410616 1264126 
66570 0.002734 1283379.000000 1336053 1234684 
66580 0.002767 1277274.000000 1350033 1206841 
66590 0.002769 1281425.000000 1317421 1222606 
66600 0.002757 1289588.000000 1407794 1191008 
66610 0.002762 1277096.000000 1344264 1246077 
66620 0.002746 1288743.000000 1355857 1220455 
66630 0.002726 1301107.000000 1364988 1259477 
66640 0.002748 1303087.000000 1385494 1237805 
66650 0.002772 1284948.000000 1351843 1210259 
66660 0.002765 1288730.000000 1378029 1252300 
66670 0.002768 1253187.000000 1340052 1223167 
66680 0.002743 1293151.000000 1380453 1252886 
66690 0.002739 1305000.000000 1397293 1234633 
66700 0.002751 1299573.000000 1387952 1246712 
66710 0.002732 1303872.000000 1398129 1252063 
66720 0.002743 1315958.000000 1402151 1234640 
66730 0.002747 1296911.000000 1382852 1218748 
66740 0.002753 1305292.000000 1463496 1267566 
66750 0.002773 1306496.000000 1355395 1258949 
66760 0.002764 1305234.000000 1406949 1232632 
66770 0.002780 1297604.000000 1386494 1239359 
66780 0.002779 1293193.000000 1330779 1233772 
66790 0.002764 1296152.000000 1356441 1239441 
66800 0.002764 1306899.000000 1371010 1239642 
66810 0.002764 1303750.000000 1430148 1251899 
66820 0.002762 1293533.000000 1344380 1271749 
66830 0.002766 1271577.000000 1345089 1220106 
66840 0.002744 1307017.000000 1380964 1229213 
66850 0.002772 1297884.000000 1364963 1225575 
66860 0.002782 1297941.000000 1348508 1241360 
66870 0.002766 1286733.000000 1407609 1225457 
66880 0.002772 1283833.000000 1370804 1218804 
66890 0.002771 1295690.000000 1372791 1216546 
66900 0.002764 1304463.000000 1404944 1206554 
66910 0.002766 1288806.000000 1358908 1233758 
66920 0.002771 1291197.000000 1348470 1222367 
66930 0.002759 1291990.000000 1356656 1233594 
66940 0.002767 1304668.000000 1416951 1258054 
66950 0.002767 1296241.000000 1360553 1256042 
66960 0.002774 1292999.000000 1315734 1266353 
66970 0.002776 1281378.000000 1358092 1226961 
66980 0.002777 1301938.000000 1339038 1241902 
66990 0.002760 1306787.000000 1336704 1253240 
67000 0.002775 1290613.000000 1410384 1232392 
67010 0.002789 1287761.000000 1426209 1234253 
67020 0.002775 1290309.000000 1359546 1253323 
67030 0.002802 1284940.000000 1351453 1224702 
67040 0.002789 1272964.000000 1294668 1238620 
67050 0.002772 1312645.000000 1369959 1265814 
67060 0.002776 1276160.000000 1355409 1227141 
67070 0.002796 1293301.000000 1355416 1246355 
67080 0.002793 1300137.000000 1395575 1234273 
67090 0.002774 1296137.000000 1354278 1213934 
67100 0.002784 1304552.000000 1374681 1252443 
67110 0.002790 1303097.000000 1380328 1229001 
67120 0.002779 1305898.000000 1354210 1241561 
67130 0.002780 1314602.000000 1385741 1263172 
67140 0.002799 1319231.000000 1447380 1239455 
67150 0.002794 1290148.000000 1332210 1246987 
67160 0.002764 1291191.000000 1363454 1239724 
67170 0.002799 1324562.000000 1377503 1261844 
67180 0.002779 1281983.000000 1342961 1244830 
67190 0.002779 1283450.000000 1399396 1246447 
67200 0.002775 1290497.000000 1327143 1255175 
67210 0.002790 1281768.000000 1335131 1241563 
67220 0.002795 1304987.000000 1350486 1278252 
67230 0.002782 1285423.000000 1327023 1241370 
67240 0.002781 1288118.000000 1320694 1243357 
67250 0.002789 1296694.000000 1362266 1254941 
67260 0.002782 1305440.000000 1400365 1238943 
67270 0.002774 1307509.000000 1402528 1240291 
67280 0.002792 1290652.000000 1357445 1252415 
67290 0.002807 1302539.000000 1393519 1248425 
67300 0.002785 1289736.000000 1370021 1241363 
67310 0.002803 1295987.000000 1365751 1241540 
67320 0.002791 1319970.000000 1358291 1279515 
67330 0.002789 1301721.000000 1396522 1227529 
67340 0.002787 1292943.000000 1333485 1269511 
67350 0.002790 1307929.000000 1364707 1251457 
67360 0.002781 1286876.000000 1363129 1248675 
67370 0.002786 1301972.000000 1387812 1248562 
67380 0.002789 1303606.000000 1390596 1250228 
67390 0.002782 1302494.000000 1379072 1207689 
67400 0.002782 1292581.000000 1325643 1250407 
67410 0.002772 1319748.000000 1414084 1271081 
67420 0.002792 1316126.000000 1424031 1219416 
67430 0.002775 1296534.000000 1334780 1247783 
67440 0.002774 1302413.000000 1366888 1254099 
67450 0.002765 1297543.000000 1336545 1240070 
67460 0.002795 1324298.000000 1387720 1246495 
67470 0.002775 1300908.000000 1407513 1256328 
67480 0.002802 1325076.000000 1374208 1284486 
67490 0.002781 1293086.000000 1342904 1256422 
67500 0.002808 1310103.000000 1354736 1278780 
67510 0.002819 1293027.000000 1314081 1251541 
67520 0.002814 1302349.000000 1386076 1252693 
67530 0.002806 1330394.000000 1450811 1258902 
67540 0.002824 1328321.000000 1393940 1258958 
67550 0.002802 1319259.000000 1409605 1264873 
67560 0.002809 1310854.000000 1382891 1241091 
67570 0.002818 1293009.000000 1365003 1232921 
67580 0.002802 1334002.000000 1407715 1279531 
67590 0.002797 1301292.000000 1390515 1235346 
67600 0.002786 1317197.000000 1397832 1269029 
67610 0.002819 1317024.000000 1364226 1280998 
67620 0.002804 1308424.000000 1363960 1249611 
67630 0.002803 1322381.000000 1467380 1243274 
67640 0.002801 1312598.000000 1399827 1248657 
67650 0.002809 1314815.000000 1383504 1264049 
67660 0.002818 1315086.000000 1370387 1245830 
67670 0.002801 1292054.000000 1335495 1250378 
67680 0.002820 1313623.000000 1407670 1265598 
67690 0.002791 1297723.000000 1407550 1255589 
67700 0.002811 1292547.000000 1329367 1236340 
67710 0.002812 1308389.000000 1383261 1260559 
67720 0.002807 1309810.000000 1357916 1226443 
67730 0.002798 1306633.000000 1388930 1274427 
67740 0.002805 1325227.000000 1379865 1257247 
67750 0.002813 1285969.000000 1343843 1229713 
67760 0.002801 1333557.000000 1416911 1246483 
67770 0.002804 1306574.000000 1346821 1279283 
67780 0.002806 1316093.000000 1387187 1233874 
67790 0.002813 1338435.000000 1405896 1289269 
67800 0.002821 1347061.000000 1432748 1240136 
67810 0.002817 1319433.000000 1415999 1261416 
67820 0.002811 1307564.000000 1368497 1277666 
67830 0.002821 1301276.000000 1339530 1268354 
67840 0.002808 1329884.000000 1403782 1245769 
67850 0.002798 1312377.000000 1392725 1267516 
67860 0.002800 1354387.000000 1477816 1286899 
67870 0.002809 1327551.000000 1435969 1248170 
67880 0.002822 1289241.000000 1324257 1251759 
67890 0.002823 1330407.000000 1429577 1247645 
67900 0.002814 1326784.000000 1379131 1294978 
67910 0.002822 1308907.000000 1437787 1258583 
67920 0.002839 1302568.000000 1368321 1269786 
67930 0.002808 1305287.000000 1342268 1265836 
67940 0.002823 1306069.000000 1357744 1258312 
67950 0.002817 1310859.000000 1347607 1282638 
67960 0.002838 1344940.000000 1411434 1252458 
67970 0.002818 1299047.000000 1338753 1264113 
67980 0.002822 1333782.000000 1413412 1250314 
67990 0.002821 1330979.000000 1384529 1251029 
68000 0.002812 1337099.000000 1394823 1291600 
68010 0.002822 1307961.000000 1361486 1259947 
68020 0.002811 1322196.000000 1397314 1280493 
68030 0.002822 1312047.000000 1410380 1253295 
68040 0.002817 1304550.000000 1370470 1261609 
68050 0.002812 1323192.000000 1390563 1273063 
68060 0.002787 1321996.000000 1430013 1273736 
68070 0.002818 1309766.000000 1345531 1242342 
68080 0.002827 1306830.000000 1353889 1266282 
68090 0.002816 1330490.000000 1407749 1282500 
68100 0.002808 1316729.000000 1352621 1255147 
68110 0.002818 1325192.000000 1377839 1282938 
68120 0.002808 1315568.000000 1430058 1267092 
68130 0.002813 1331877.000000 1421962 1255608 
68140 0.002809 1332745.000000 1416185 1288805 
68150 0.002809 1305124.000000 1412314 1245994 
68160 0.002824 1330974.000000 1402359 1243439 
68170 0.002825 1325603.000000 1406907 1265335 
68180 0.002799 1309636.000000 1342926 1267765 
68190 0.002840 1321029.000000 1394889 1255644 
68200 0.002817 1324625.000000 1392430 1267336 
68210 0.002826 1310646.000000 1396216 1263292 
68220 0.002816 1321959.000000 1408031 1280489 
68230 0.002814 1325179.000000 1361020 1281084 
68240 0.002806 1314848.000000 1386927 1261658 
68250 0.002821 1340409.000000 1422611 1277427 
68260 0.002835 1327922.000000 1494730 1257465 
68270 0.002844 1323140.000000 1366492 1276155 
68280 0.002830 1329661.000000 1451613 1278393 
68290 0.002841 1324517.000000 1398767 1271038 
68300 0.002853 1301889.000000 1341306 1246849 
68310 0.002836 1355483.000000 1435647 1289956 
68320 0.002831 1323236.000000 1404253 1278630 
68330 0.002814 1310909.000000 1374193 1262077 
68340 0.002846 1314325.000000 1454789 1260369 
68350 0.002831 1331607.000000 1365280 1297034 
68360 0.002832 1304851.000000 1350522 1251369 
68370 0.002822 1349119.000000 1414933 1315145 
68380 0.002828 1310592.000000 1382463 1252076 
68390 0.002846 1348364.000000 1393089 1287714 
68400 0.002837 1320030.000000 1385061 1248669 
68410 0.002834 1346935.000000 1425938 1284170 
68420 0.002838 1312334.000000 1371282 1271421 
68430 0.002826 1316184.000000 1407627 1255467 
68440 0.002913 1321938.000000 1461270 1273082 
68450 0.003020 1357356.000000 1474228 1270948 
68460 0.002877 1336469.000000 1436840 1269049 
68470 0.002811 1316265.000000 1362916 1267439 
68480 0.002831 1316122.000000 1365402 1268858 
68490 0.002860 1314216.000000 1366871 1252945 
68500 0.002851 1329316.000000 1402837 1299204 
68510 0.002839 1312858.000000 1350238 1268004 
68520 0.002864 1339409.000000 1480208 1277147 
68530 0.002832 1332764.000000 1378279 1277800 
68540 0.002847 1330061.000000 1370283 1298512 
68550 0.002858 1314928.000000 1356993 1276079 
68560 0.002840 1330590.000000 1419272 1282713 
68570 0.002842 1349303.000000 1418814 1289209 
68580 0.002856 1337171.000000 1445348 1260029 
68590 0.002863 1335556.000000 1432244 1273112 
68600 0.002841 1314297.000000 1380703 1261531 
68610 0.002857 1327789.000000 1442072 1272852 
68620 0.002855 1304166.000000 1360372 1263257 
68630 0.002847 1325286.000000 1437520 1278542 
68640 0.002837 1314240.000000 1355616 1273251 
68650 0.002859 1352543.000000 1422438 1298147 
68660 0.002846 1345613.000000 1472835 1261748 
68670 0.002855 1313164.000000 1390100 1263272 
68680 0.002839 1341106.000000 1440057 1266976 
68690 0.002867 1339980.000000 1440360 1278795 
68700 0.002838 1361497.000000 1445488 1290309 
68710 0.002848 1310464.000000 1345269 1273883 
68720 0.002849 1328104.000000 1428716 1260191 
68730 0.002843 1328738.000000 1361865 1290669 
68740 0.002838 1329684.000000 1405592 1267949 
68750 0.002862 1327657.000000 1372372 1254132 
68760 0.002841 1348097.000000 1417610 1297762 
68770 0.002844 1336150.000000 1406238 1249264 
68780 0.002856 1342622.000000 1427835 1276911 
68790 0.002845 1336190.000000 1408767 1286599 
68800 0.002841 1342148.000000 1417351 1280031 
68810 0.002848 1333534.000000 1481902 1291715 
68820 0.002863 1322133.000000 1365743 1294546 
68830 0.002849 1337607.000000 1440775 1282792 
68840 0.002838 1353764.000000 1438794 1277998 
68850 0.002851 1353107.000000 1447936 1281269 
68860 0.002864 1313986.000000 1387489 1273548 
68870 0.002839 1330292.000000 1432574 1274320 
68880 0.002862 1318976.000000 1384790 1280985 
68890 0.002871 1335118.000000 1409933 1286901 
68900 0.002851 1336840.000000 1407495 1285729 
68910 0.002868 1347226.000000 1444634 1299212 
68920 0.002861 1350499.000000 1415404 1314431 
68930 0.002871 1319337.000000 1403929 1282410 
68940 0.002863 1338306.000000 1423548 1284491 
68950 0.002868 1364140.000000 1468685 1295476 
68960 0.002846 1363206.000000 1414660 1285834 
68970 0.002854 1346293.000000 1418618 1266480 
68980 0.002873 1335569.000000 1445386 1268224 
68990 0.002859 1345503.000000 1426631 1297075 
69000 0.002866 1354998.000000 1524846 1293530 
69010 0.002879 1319146.000000 1369458 1278994 
69020 0.002870 1331867.000000 1373444 1275530 
69030 0.002871 1334185.000000 1401075 1266993 
69040 0.002873 1370171.000000 1520837 1316156 
69050 0.002857 1360478.000000 1479533 1290019 
69060 0.002861 1357105.000000 1465472 1302904 
69070 0.002877 1332863.000000 1371199 1271427 
69080 0.002882 1335145.000000 1391442 1294709 
69090 0.002878 1341173.000000 1409435 1287689 
69100 0.002876 1344729.000000 1434105 1299496 
69110 0.002885 1321627.000000 1370749 1287971 
69120 0.002877 1358587.000000 1450074 1282711 
69130 0.002857 1327896.000000 1370742 1280254 
69140 0.002879 1350205.000000 1398758 1308350 
69150 0.002867 1348596.000000 1467002 1273454 
69160 0.002887 1335188.000000 1387276 1293685 
69170 0.002869 1349953.000000 1452181 1296185 
69180 0.002866 1343196.000000 1414962 1307170 
69190 0.002883 1352667.000000 1435009 1293536 
69200 0.002868 1343142.000000 1402417 1298359 
69210 0.002875 1332517.000000 1404495 1268475 
69220 0.002858 1347102.000000 1425711 1262063 
69230 0.002877 1353544.000000 1427921 1284661 
69240 0.002894 1356414.000000 1479941 1307260 
69250 0.002884 1324825.000000 1391102 1270623 
69260 0.002889 1363340.000000 1504106 1282343 
69270 0.002865 1343920.000000 1396164 1304480 
69280 0.002873 1357874.000000 1466895 1279065 
69290 0.002879 1357985.000000 1400762 1310944 
69300 0.002900 1353096.000000 1454043 1290032 
69310 0.002877 1380085.000000 1443644 1308408 
69320 0.002862 1351318.000000 1470348 1284485 
69330 0.002889 1330909.000000 1456947 1261314 
69340 0.002873 1356879.000000 1431498 1309195 
69350 0.002880 1335260.000000 1403864 1278713 
69360 0.002884 1343211.000000 1454673 1299452 
69370 0.002873 1350357.000000 1419163 1266572 
69380 0.002889 1325494.000000 1390273 1272599 
69390 0.002893 1358139.000000 1470761 1262187 
69400 0.002898 1354400.000000 1438687 1303106 
69410 0.002886 1352282.000000 1475484 1284551 
69420 0.002879 1361659.000000 1441154 1305484 
69430 0.002882 1357520.000000 1435720 1296808 
69440 0.002885 1353766.000000 1430200 1309391 
69450 0.002905 1367050.000000 1468930 1280391 
69460 0.002907 1329803.000000 1365503 1283498 
69470 0.002872 1352864.000000 1445756 1290841 
69480 0.002885 1343805.000000 1512512 1280141 
69490 0.002882 1348557.000000 1394355 1290961 
69500 0.002875 1349489.000000 1409601 1286474 
69510 0.002883 1341136.000000 1394671 1306451 
69520 0.002877 1348431.000000 1423666 1291889 
69530 0.002884 1393528.000000 1579689 1309655 
69540 0.002898 1345577.000000 1422275 1284671 
69550 0.002904 1359447.000000 1462822 1286943 
69560 0.002884 1364712.000000 1468810 1320546 
69570 0.002902 1364176.000000 1453638 1274394 
69580 0.002906 1343802.000000 1431063 1299104 
69590 0.002900 1383061.000000 1532421 1322548 
69600 0.002897 1356086.000000 1501375 1294685 
69610 0.002884 1353686.000000 1448924 1286213 
69620 0.002891 1360286.000000 1477897 1285170 
69630 0.002881 1339291.000000 1375999 1306534 
69640 0.002883 1351310.000000 1398365 1298784 
69650 0.002895 1370415.000000 1427113 1323814 
69660 0.002876 1361397.000000 1430989 1315091 
69670 0.002901 1356407.000000 1425374 1290622 
69680 0.002903 1338387.000000 1415051 1275477 
69690 0.002913 1355113.000000 1383358 1321242 
69700 0.002879 1353855.000000 1407424 1287258 
69710 0.002898 1377022.000000 1439481 1328090 
69720 0.002915 1359830.000000 1497455 1286397 
69730 0.002901 1367008.000000 1430064 1325169 
69740 0.002892 1343930.000000 1429625 1295776 
69750 0.002884 1358587.000000 1422511 1310707 
69760 0.002912 1360702.000000 1446847 1291259 
69770 0.002918 1379977.000000 1552138 1265925 
69780 0.002918 1346013.000000 1366038 1321155 
69790 0.002902 1336105.000000 1386386 1303166 
69800 0.002905 1355681.000000 1434564 1301673 
69810 0.002914 1366632.000000 1583528 1274797 
69820 0.002902 1351702.000000 1464918 1298432 
69830 0.002903 1362732.000000 1420120 1304069 
69840 0.002906 1350141.000000 1392250 1322020 
69850 0.002920 1358004.000000 1465297 1324484 
69860 0.002913 1351960.000000 1437566 1295112 
69870 0.002885 1387731.000000 1431831 1339108 
69880 0.002909 1373967.000000 1496453 1276322 
69890 0.002908 1347186.000000 1408022 1296182 
69900 0.002902 1357864.000000 1461336 1309239 
69910 0.002899 1359250.000000 1413327 1292640 
69920 0.002907 1375991.000000 1460764 1309984 
69930 0.002918 1366442.000000 1420525 1315587 
69940 0.002910 1326775.000000 1367868 1289615 
69950 0.002910 1352329.000000 1452955 1277108 
69960 0.002909 1361619.000000 1459002 1307942 
69970 0.002896 1344384.000000 1403687 1320034 
69980 0.002899 1371748.000000 1425646 1337412 
69990 0.002899 1365217.000000 1459900 1286015 
70000 0.002911 1349947.000000 1430086 1287806 
70010 0.002884 1363348.000000 1403311 1313434 
70020 0.002912 1353461.000000 1438742 1280803 
70030 0.002914 1403021.000000 1558861 1302038 
70040 0.002930 1349608.000000 1436080 1322179 
70050 0.002925 1350200.000000 1393999 1294649 
70060 0.002919 1356546.000000 1425982 1321692 
70070 0.002912 1357198.000000 1427272 1304035 
70080 0.002914 1359538.000000 1473264 1293674 
70090 0.002910 1352491.000000 1404922 1302508 
70100 0.002922 1358679.000000 1424265 1305647 
70110 0.002890 1350574.000000 1404929 1308931 
70120 0.002909 1352869.000000 1452487 1316870 
70130 0.002905 1353794.000000 1417256 1310124 
70140 0.002907 1367201.000000 1422825 1321050 
70150 0.002923 1369110.000000 1458030 1307379 
70160 0.002918 1358692.000000 1429893 1312745 
70170 0.002920 1367516.000000 1443038 1318325 
70180 0.002921 1357562.000000 1464042 1286342 
70190 0.002904 1363754.000000 1469519 1330891 
70200 0.002912 1366698.000000 1422448 1293350 
70210 0.002935 1370617.000000 1441434 1305427 
70220 0.002934 1344485.000000 1400323 1281030 
70230 0.002918 1357715.000000 1544152 1285612 
70240 0.002923 1338518.000000 1424321 1269623 
70250 0.002920 1356721.000000 1398033 1287585 
70260 0.002930 1394055.000000 1538231 1325905 
70270 0.002905 1383380.000000 1470823 1331888 
70280 0.002902 1364082.000000 1410832 1336917 
70290 0.002929 1365983.000000 1444606 1303821 
70300 0.002919 1362090.000000 1419308 1318615 
70310 0.002932 1366192.000000 1462784 1289014 
70320 0.002928 1347441.000000 1437689 1301363 
70330 0.002911 1391574.000000 1445670 1321050 
70340 0.002931 1367520.000000 1528841 1285314 
70350 0.002922 1376344.000000 1499577 1314852 
70360 0.002917 1374980.000000 1417857 1317429 
70370 0.002910 1374574.000000 1449611 1313249 
70380 0.002930 1373307.000000 1425710 1339422 
70390 0.002925 1382933.000000 1484308 1320537 
70400 0.002915 1356254.000000 1439584 1309625 
70410 0.002907 1365198.000000 1488628 1294950 
70420 0.002930 1392309.000000 1478381 1311576 
70430 0.002921 1386534.000000 1453439 1328784 
70440 0.002917 1356482.000000 1435003 1325293 
70450 0.002929 1377494.000000 1429197 1326227 
70460 0.002934 1385803.000000 1462307 1343354 
70470 0.002943 1351206.000000 1463396 1298922 
70480 0.002931 1356248.000000 1399774 1305845 
70490 0.002933 1391369.000000 1488561 1326422 
70500 0.002959 1376337.000000 1438895 1314970 
70510 0.002952 1375826.000000 1436050 1334889 
70520 0.002927 1390965.000000 1457605 1332347 
70530 0.002933 1390005.000000 1477841 1327160 
70540 0.002935 1407906.000000 1465000 1368498 
70550 0.002942 1367834.000000 1441587 1315145 
70560 0.002926 1381069.000000 1465876 1324358 
70570 0.002932 1392080.000000 1444912 1343053 
70580 0.002933 1377596.000000 1432852 1338788 
70590 0.002931 1355051.000000 1421909 1316364 
70600 0.002923 1382490.000000 1493515 1333499 
70610 0.002952 1371507.000000 1411000 1333327 
70620 0.002921 1376427.000000 1442745 1318129 
70630 0.002955 1372564.000000 1440997 1302129 
70640 0.002946 1375968.000000 1526540 1316088 
70650 0.002958 1404470.000000 1501054 1352364 
70660 0.002935 1374216.000000 1495876 1290092 
70670 0.002961 1363780.000000 1458249 1294203 
70680 0.002933 1366732.000000 1457506 1318756 
70690 0.002940 1392532.000000 1484926 1338243 
70700 0.002940 1384058.000000 1483085 1302346 
70710 0.002952 1369693.000000 1437594 1331231 
70720 0.002933 1386611.000000 1483665 1313347 
70730 0.002950 1410469.000000 1470417 1355443 
70740 0.002951 1357944.000000 1398056 1309582 
70750 0.002948 1377738.000000 1427709 1296716 
70760 0.002954 1366962.000000 1416125 1334607 
70770 0.002936 1377271.000000 1443677 1311520 
70780 0.002930 1385874.000000 1444972 1334826 
70790 0.002946 1373173.000000 1471606 1289841 
70800 0.002933 1369889.000000 1417253 1320639 
70810 0.002966 1360035.000000 1413559 1328956 
70820 0.002928 1393346.000000 1461970 1339229 
70830 0.002960 1396008.000000 1485192 1325464 
70840 0.002942 1370970.000000 1450363 1324926 
70850 0.002946 1406468.000000 1542132 1299169 
70860 0.002934 1366663.000000 1442209 1317986 
70870 0.002939 1366642.000000 1402425 1305404 
70880 0.002954 1351182.000000 1427912 1307300 
70890 0.002956 1376170.000000 1494514 1321224 
70900 0.002936 1404434.000000 1496373 1303581 
70910 0.002948 1360095.000000 1436608 1292806 
70920 0.002947 1371314.000000 1450118 1308587 
70930 0.002957 1391164.000000 1451619 1325609 
70940 0.002950 1404844.000000 1462230 1331164 
70950 0.002968 1366179.000000 1455462 1321274 
70960 0.002957 1372914.000000 1425113 1322084 
70970 0.002956 1400398.000000 1543108 1335403 
70980 0.002946 1379658.000000 1433315 1346852 
70990 0.002949 1423576.000000 1516648 1342181 
71000 0.002955 1374345.000000 1473361 1317530 
71010 0.002953 1368762.000000 1436067 1310416 
71020 0.002941 1418202.000000 1518029 1346302 
71030 0.002940 1404202.000000 1517578 1323787 
71040 0.002970 1397409.000000 1491584 1303998 
71050 0.002936 1401604.000000 1444488 1339737 
71060 0.002948 1393224.000000 1469794 1344972 
71070 0.002943 1395712.000000 1496528 1331195 
71080 0.002962 1401662.000000 1548321 1305168 
71090 0.002963 1379091.000000 1466710 1327661 
71100 0.002951 1390385.000000 1463290 1343554 
71110 0.002969 1386889.000000 1484832 1325896 
71120 0.002970 1388291.000000 1456717 1334573 
71130 0.002950 1383554.000000 1459377 1318031 
71140 0.002964 1399408.000000 1481141 1330750 
71150 0.002970 1402440.000000 1486094 1347476 
71160 0.002954 1408309.000000 1472184 1350492 
71170 0.002972 1391989.000000 1472503 1303284 
71180 0.002957 1384925.000000 1484525 1295767 
71190 0.002959 1396272.000000 1485219 1345213 
71200 0.002953 1381303.000000 1481349 1347308 
71210 0.002948 1377693.000000 1435552 1335679 
71220 0.002966 1393530.000000 1466914 1313680 
71230 0.003193 1412320.000000 1507055 1318978 
71240 0.003060 1399808.000000 1520575 1322218 
71250 0.002916 1369092.000000 1434266 1318100 
71260 0.002918 1380686.000000 1451304 1336957 
71270 0.002951 1358502.000000 1417005 1303947 
71280 0.002943 1400751.000000 1475260 1339582 
71290 0.002965 1395247.000000 1497029 1316998 
71300 0.002957 1378870.000000 1469411 1321163 
71310 0.002959 1378070.000000 1418715 1335415 
71320 0.002948 1377421.000000 1423671 1328430 
71330 0.002977 1413132.000000 1488070 1319920 
71340 0.002968 1371808.000000 1536359 1304571 
71350 0.002952 1417596.000000 1500680 1369060 
71360 0.002976 1388459.000000 1447433 1353662 
71370 0.002942 1427009.000000 1676569 1352116 
71380 0.002952 1394311.000000 1466785 1302503 
71390 0.002965 1392561.000000 1590634 1326035 
71400 0.002968 1385680.000000 1422731 1344003 
71410 0.002984 1352892.000000 1385040 1326432 
71420 0.002969 1366862.000000 1405718 1332526 
71430 0.002969 1384418.000000 1448631 1329686 
71440 0.002958 1399541.000000 1438101 1358229 
71450 0.002979 1388253.000000 1413714 1353729 
71460 0.002986 1378698.000000 1481978 1307963 
71470 0.002989 1400738.000000 1507763 1329017 
71480 0.002953 1389537.000000 1489814 1334421 
71490 0.002968 1404123.000000 1474672 1335081 
71500 0.002960 1418658.000000 1583323 1316434 
71510 0.002966 1405104.000000 1484242 1342040 
71520 0.002964 1381503.000000 1479218 1330006 
71530 0.002962 1381273.000000 1470082 1325881 
71540 0.002980 1380428.000000 1429313 1334234 
71550 0.002970 1392810.000000 1572206 1338567 
71560 0.002986 1397947.000000 1446010 1362129 
71570 0.002966 1388750.000000 1453687 1325548 
71580 0.002949 1405999.000000 1539958 1338421 
71590 0.002992 1383662.000000 1424832 1341550 
71600 0.002941 1392417.000000 1470069 1323293 
71610 0.002992 1421765.000000 1577848 1337184 
71620 0.002976 1414789.000000 1523024 1365253 
71630 0.002951 1401613.000000 1426063 1340284 
71640 0.002982 1381595.000000 1415585 1337795 
71650 0.002973 1413446.000000 1522912 1329892 
71660 0.002976 1405702.000000 1506721 1336095 
71670 0.002966 1411866.000000 1503946 1381328 
71680 0.002975 1428989.000000 1534163 1343208 
71690 0.002961 1401804.000000 1446640 1338997 
71700 0.002972 1393760.000000 1494386 1317500 
71710 0.002974 1405403.000000 1532736 1308603 
71720 0.002976 1405806.000000 1475457 1320326 
71730 0.002983 1386690.000000 1550848 1334497 
71740 0.002991 1412424.000000 1447551 1378120 
71750 0.002982 1368039.000000 1477845 1321007 
71760 0.002983 1431266.000000 1502244 1346425 
71770 0.002995 1388739.000000 1492104 1326541 
71780 0.002986 1395118.000000 1461027 1346344 
71790 0.002975 1388452.000000 1505905 1322091 
71800 0.002971 1393200.000000 1528714 1310096 
71810 0.002992 1422662.000000 1505265 1353179 
71820 0.002981 1366305.000000 1410438 1327774 
71830 0.002977 1425500.000000 1512893 1362518 
71840 0.002977 1388859.000000 1429197 1338225 
71850 0.002987 1384251.000000 1470545 1332695 
71860 0.002999 1399285.000000 1502001 1324268 
71870 0.002966 1401834.000000 1463582 1331425 
71880 0.002972 1381568.000000 1417358 1346808 
71890 0.002990 1416984.000000 1492685 1350393 
71900 0.002974 1389784.000000 1438919 1338660 
71910 0.002981 1404334.000000 1452041 1360597 
71920 0.002978 1392808.000000 1437146 1362250 
71930 0.003010 1391963.000000 1480030 1329863 
71940 0.002996 1426809.000000 1478357 1357407 
71950 0.002992 1401913.000000 1486235 1353533 
71960 0.002993 1390019.000000 1447309 1345840 
71970 0.002966 1401663.000000 1478764 1339915 
71980 0.002983 1420542.000000 1595570 1316402 
71990 0.002990 1384771.000000 1448447 1344880 
72000 0.002998 1387283.000000 1473647 1351658 
72010 0.003001 1399784.000000 1459002 1372010 
72020 0.002976 1412982.000000 1485722 1380274 
72030 0.002988 1393709.000000 1457950 1337484 
72040 0.003004 1406849.000000 1535214 1340560 
72050 0.002985 1389697.000000 1462721 1335739 
72060 0.002993 1382460.000000 1441001 1351639 
72070 0.003001 1405629.000000 1484089 1350170 
72080 0.002994 1412455.000000 1480756 1364398 
72090 0.002993 1408992.000000 1487483 1365546 
72100 0.003003 1388179.000000 1495327 1327549 
72110 0.003001 1425222.000000 1666421 1356621 
72120 0.002987 1411029.000000 1506394 1355793 
72130 0.003004 1404960.000000 1509783 1355334 
72140 0.002999 1415649.000000 1483241 1328233 
72150 0.003021 1409521.000000 1533133 1331153 
72160 0.003014 1409356.000000 1459126 1377269 
72170 0.003002 1418534.000000 1492372 1350252 
72180 0.002994 1428699.000000 1508675 1340559 
72190 0.002997 1408233.000000 1472587 1361409 
72200 0.002995 1392137.000000 1491330 1329916 
72210 0.003013 1426609.000000 1497489 1323636 
72220 0.003020 1389855.000000 1445320 1349936 
72230 0.003014 1392635.000000 1465694 1331958 
72240 0.003029 1396613.000000 1463524 1338313 
72250 0.003020 1384975.000000 1416294 1327842 
72260 0.003001 1404994.000000 1488864 1346024 
72270 0.002982 1412962.000000 1444144 1390501 
72280 0.003033 1426614.000000 1495871 1342343 
72290 0.003018 1414978.000000 1486596 1340992 
72300 0.003013 1441450.000000 1541265 1343282 
72310 0.002997 1435809.000000 1559389 1355989 
72320 0.003020 1417730.000000 1571319 1333730 
72330 0.002990 1408408.000000 1478023 1356799 
72340 0.003001 1412993.000000 1462737 1374223 
72350 0.003009 1418513.000000 1533897 1368898 
72360 0.003011 1429951.000000 1513679 1386984 
72370 0.003004 1403936.000000 1452801 1360743 
72380 0.003002 1431327.000000 1483781 1370431 
72390 0.003008 1412283.000000 1460552 1351113 
72400 0.003012 1419672.000000 1508697 1352197 
72410 0.003030 1447400.000000 1560117 1374323 
72420 0.003009 1393651.000000 1434788 1355887 
72430 0.003019 1417422.000000 1573765 1365355 
72440 0.003013 1413024.000000 1470979 1364345 
72450 0.002992 1422870.000000 1512563 1355657 
72460 0.003018 1437714.000000 1484429 1372693 
72470 0.003024 1414570.000000 1496251 1358509 
72480 0.003004 1407815.000000 1459260 1340237 
72490 0.003014 1411906.000000 1473255 1329190 
72500 0.003018 1399694.000000 1473031 1346781 
72510 0.003008 1422438.000000 1464937 1373593 
72520 0.003008 1398610.000000 1491680 1332415 
72530 0.003023 1411895.000000 1465166 1369564 
72540 0.003030 1425490.000000 1503267 1369069 
72550 0.003040 1422797.000000 1533661 1328104 
72560 0.003001 1444755.000000 1509273 1392386 
72570 0.003009 1434656.000000 1517818 1373979 
72580 0.003023 1411921.000000 1456358 1364407 
72590 0.003004 1437717.000000 1508478 1369693 
72600 0.003023 1425838.000000 1475454 1361146 
72610 0.003028 1396356.000000 1466396 1346264 
72620 0.003036 1437073.000000 1507749 1371357 
72630 0.003045 1410999.000000 1523965 1324028 
72640 0.003044 1412255.000000 1535440 1339632 
72650 0.003039 1403104.000000 1482705 1359927 
72660 0.003039 1437690.000000 1520110 1375428 
72670 0.003033 1401122.000000 1463648 1346184 
72680 0.003024 1421343.000000 1486745 1343923 
72690 0.003022 1403054.000000 1493824 1351816 
72700 0.003034 1430808.000000 1496013 1340717 
72710 0.003041 1431300.000000 1491385 1349215 
72720 0.003015 1429384.000000 1492020 1377255 
72730 0.003027 1420126.000000 1520616 1349219 
72740 0.003022 1429246.000000 1497155 1348960 
72750 0.003030 1403748.000000 1471154 1347261 
72760 0.003028 1425726.000000 1498000 1363579 
72770 0.003027 1425303.000000 1533382 1378850 
72780 0.003027 1420942.000000 1525340 1350840 
72790 0.003012 1427351.000000 1457121 1377638 
72800 0.003019 1410672.000000 1507954 1335746 
72810 0.003036 1432493.000000 1538278 1366894 
72820 0.003024 1420098.000000 1501623 1332338 
72830 0.003017 1422122.000000 1528622 1362612 
72840 0.003023 1433170.000000 1501003 1359411 
72850 0.003026 1430348.000000 1496604 1380749 
72860 0.003033 1429143.000000 1465767 1338591 
72870 0.003052 1416612.000000 1472987 1378472 
72880 0.003025 1416400.000000 1514516 1368601 
72890 0.003055 1393631.000000 1459117 1320386 
72900 0.003045 1444267.000000 1566928 1391837 
72910 0.003025 1421965.000000 1466552 1353249 
72920 0.003038 1415956.000000 1489879 1352685 
72930 0.003043 1440307.000000 1479124 1372199 
72940 0.003027 1414362.000000 1466574 1375524 
72950 0.003033 1431758.000000 1559314 1371685 
72960 0.003043 1415045.000000 1476724 1356395 
72970 0.003020 1447590.000000 1525516 1372190 
72980 0.003048 1411901.000000 1453654 1361830 
72990 0.003042 1416611.000000 1545739 1325049 
73000 0.003048 1424675.000000 1484909 1358697 
73010 0.003041 1475195.000000 1595183 1380887 
73020 0.003035 1405448.000000 1471579 1370959 
73030 0.003048 1427842.000000 1547908 1347762 
73040 0.003043 1423431.000000 1494098 1355916 
73050 0.003034 1421260.000000 1475797 1366179 
73060 0.003043 1428215.000000 1461340 1365643 
73070 0.003040 1421232.000000 1558188 1369053 
73080 0.003035 1420330.000000 1467462 1369766 
73090 0.003067 1457587.000000 1527913 1391539 
73100 0.003046 1433665.000000 1522872 1367128 
73110 0.003033 1431978.000000 1480090 1386895 
73120 0.003056 1431866.000000 1519759 1382585 
73130 0.003041 1420760.000000 1472191 1378310 
73140 0.003026 1422169.000000 1513679 1346976 
73150 0.003048 1434102.000000 1486906 1380019 
73160 0.003033 1465611.000000 1577653 1400386 
73170 0.003044 1438828.000000 1560783 1370657 
73180 0.003036 1429614.000000 1528472 1366405 
73190 0.003049 1422675.000000 1471339 1364923 
73200 0.003082 1466418.000000 1689241 1353728 
73210 0.003061 1407032.000000 1504411 1350817 
73220 0.003055 1429098.000000 1490211 1380727 
73230 0.003056 1412028.000000 1472283 1361455 
73240 0.003077 1443389.000000 1524297 1390300 
73250 0.003042 1444807.000000 1512360 1377919 
73260 0.003034 1435741.000000 1502222 1375049 
73270 0.003036 1456528.000000 1566568 1376952 
73280 0.003043 1399524.000000 1430941 1367790 
73290 0.003049 1406988.000000 1441910 1339970 
73300 0.003049 1442099.000000 1508934 1389604 
73310 0.003053 1472353.000000 1648601 1394070 
73320 0.003055 1440741.000000 1524245 1365461 
73330 0.003059 1413698.000000 1449016 1369915 
73340 0.003064 1422988.000000 1485855 1379134 
73350 0.003064 1434475.000000 1506167 1364510 
73360 0.003072 1441411.000000 1518781 1385026 
73370 0.003058 1430914.000000 1524627 1369437 
73380 0.003043 1430921.000000 1525637 1378718 
73390 0.003047 1428408.000000 1574893 1345274 
73400 0.003058 1431630.000000 1471826 1383735 
73410 0.003069 1448685.000000 1523858 1365957 
73420 0.003069 1450562.000000 1526945 1351496 
73430 0.003054 1468375.000000 1609104 1376637 
73440 0.003073 1434922.000000 1495577 1339538 
73450 0.003071 1419858.000000 1460838 1382116 
73460 0.003079 1452124.000000 1550685 1390323 
73470 0.003049 1443524.000000 1504004 1366388 
73480 0.003062 1475942.000000 1557743 1412485 
73490 0.003067 1465811.000000 1552246 1383346 
73500 0.003076 1447088.000000 1503707 1367873 
73510 0.003087 1470424.000000 1612155 1389099 
73520 0.003069 1467082.000000 1528983 1403440 
73530 0.003075 1447391.000000 1557808 1375651 
73540 0.003070 1446590.000000 1518125 1401768 
73550 0.003051 1427680.000000 1525395 1355408 
73560 0.003069 1436995.000000 1546538 1380625 
73570 0.003059 1432227.000000 1557786 1364772 
73580 0.003067 1418335.000000 1468797 1378490 
73590 0.003059 1427940.000000 1493597 1387107 
73600 0.003064 1423530.000000 1520963 1366512 
73610 0.003072 1423366.000000 1521823 1356709 
73620 0.003040 1425453.000000 1466292 1374817 
73630 0.003088 1441083.000000 1537620 1376267 
73640 0.003067 1476988.000000 1638223 1403903 
73650 0.003055 1458420.000000 1565539 1393459 
73660 0.003058 1443411.000000 1512400 1368833 
73670 0.003080 1462812.000000 1536214 1399973 
73680 0.003070 1449249.000000 1517255 1383429 
73690 0.003065 1448247.000000 1524160 1391711 
73700 0.003068 1461623.000000 1534971 1406989 
73710 0.003070 1415488.000000 1469587 1363725 
73720 0.003055 1433796.000000 1547375 1362749 
73730 0.003066 1446757.000000 1577495 1359139 
73740 0.003068 1440337.000000 1545861 1377223 
73750 0.003066 1478261.000000 1557783 1422797 
73760 0.003088 1444936.000000 1503007 1407798 
73770 0.003069 1425416.000000 1554226 1376265 
73780 0.003070 1418507.000000 1558483 1372797 
73790 0.003072 1430039.000000 1501293 1367387 
73800 0.003075 1436025.000000 1480337 1387648 
73810 0.003071 1454410.000000 1538814 1387377 
73820 0.003092 1453327.000000 1494939 1413369 
73830 0.003084 1449154.000000 1556185 1362592 
73840 0.003060 1474160.000000 1572984 1398306 
73850 0.003082 1432879.000000 1586161 1386242 
73860 0.003093 1457201.000000 1588060 1396380 
73870 0.003070 1473326.000000 1598921 1413028 
73880 0.003074 1437207.000000 1516242 1369929 
73890 0.003078 1433436.000000 1543250 1381894 
73900 0.003061 1429423.000000 1516790 1383050 
73910 0.003078 1457158.000000 1559865 1391207 
73920 0.003075 1476587.000000 1566686 1408721 
73930 0.003086 1431903.000000 1489250 1382088 
73940 0.003071 1435583.000000 1525852 1352550 
73950 0.003066 1461464.000000 1537956 1410998 
73960 0.003122 1472370.000000 1536249 1412805 
73970 0.003159 1448116.000000 1576457 1364146 
73980 0.003083 1454161.000000 1519451 1411200 
73990 0.003059 1462212.000000 1550105 1376594 
74000 0.003147 1422245.000000 1465677 1361565 
74010 0.003132 1438131.000000 1475723 1395720 
74020 0.003148 1462500.000000 1491286 1418870 
74030 0.003154 1456350.000000 1595237 1387979 
74040 0.003154 1439490.000000 1526766 1355945 
74050 0.003141 1428224.000000 1464306 1370082 
74060 0.003137 1446750.000000 1552140 1396337 
74070 0.003162 1467636.000000 1590312 1391248 
74080 0.003166 1447377.000000 1504051 1392331 
74090 0.003157 1445934.000000 1571265 1374819 
74100 0.003146 1442822.000000 1476192 1411132 
74110 0.003141 1418750.000000 1460167 1369973 
74120 0.003165 1419953.000000 1458821 1365894 
74130 0.003142 1470599.000000 1644362 1400196 
74140 0.003171 1483301.000000 1552293 1401317 
74150 0.003169 1468229.000000 1555392 1359748 
74160 0.003142 1453402.000000 1562638 1373597 
74170 0.003133 1455685.000000 1522506 1395192 
74180 0.003152 1477208.000000 1622454 1385793 
74190 0.003175 1452370.000000 1509648 1364650 
74200 0.003162 1435837.000000 1506530 1385136 
74210 0.003138 1464884.000000 1523544 1404360 
74220 0.003146 1489001.000000 1598848 1421414 
74230 0.003138 1465614.000000 1569588 1417853 
74240 0.003151 1478511.000000 1545888 1410521 
74250 0.003153 1465290.000000 1526068 1387026 
74260 0.003149 1453029.000000 1509434 1410218 
74270 0.003160 1437480.000000 1499211 1385026 
74280 0.003151 1459031.000000 1543061 1412101 
74290 0.003148 1438161.000000 1514596 1391358 
74300 0.003154 1445711.000000 1518562 1414298 
74310 0.003143 1464448.000000 1527555 1413302 
74320 0.003161 1453954.000000 1514574 1397927 
74330 0.003157 1447894.000000 1518740 1404505 
74340 0.003173 1422669.000000 1462772 1393850 
74350 0.003167 1446231.000000 1513541 1377931 
74360 0.003144 1465589.000000 1562835 1379996 
74370 0.003175 1485256.000000 1569940 1399184 
74380 0.003190 1442188.000000 1472984 1384841 
74390 0.003169 1458507.000000 1540738 1398883 
74400 0.003149 1463962.000000 1504798 1424361 
74410 0.003162 1460789.000000 1545985 1425084 
74420 0.003149 1480509.000000 1634633 1407037 
74430 0.003156 1478779.000000 1647542 1419493 
74440 0.003144 1460718.000000 1529254 1406748 
74450 0.003182 1463582.000000 1554861 1384187 
74460 0.003171 1444541.000000 1482128 1411594 
74470 0.003152 1450303.000000 1567488 1407469 
74480 0.003153 1453322.000000 1517754 1400828 
74490 0.003164 1461468.000000 1555715 1395407 
74500 0.003170 1454087.000000 1523629 1398729 
74510 0.003168 1450238.000000 1586438 1370756 
74520 0.003179 1450072.000000 1523110 1410960 
74530 0.003173 1469381.000000 1556569 1409218 
74540 0.003171 1456150.000000 1585896 1396215 
74550 0.003173 1458110.000000 1547552 1399302 
74560 0.003147 1437110.000000 1493685 1399783 
74570 0.003182 1456259.000000 1539280 1366810 
74580 0.003179 1468730.000000 1542398 1413766 
74590 0.003175 1462438.000000 1600616 1400094 
74600 0.003171 1459984.000000 1580260 1374666 
74610 0.003193 1432841.000000 1536630 1379183 
74620 0.003172 1485467.000000 1604613 1430563 
74630 0.003175 1453238.000000 1576673 1386795 
74640 0.003190 1509169.000000 1579828 1435613 
74650 0.003169 1460064.000000 1530253 1386912 
74660 0.003180 1472234.000000 1632271 1417269 
74670 0.003181 1462405.000000 1549279 1410655 
74680 0.003175 1455753.000000 1538219 1416475 
74690 0.003185 1447918.000000 1482815 1401798 
74700 0.003176 1456300.000000 1539697 1390189 
74710 0.003175 1451974.000000 1471826 1428287 
74720 0.003178 1501481.000000 1581305 1425780 
74730 0.003180 1470302.000000 1529704 1400867 
74740 0.003167 1468992.000000 1513211 1388750 
74750 0.003159 1479006.000000 1593317 1415054 
74760 0.003171 1454106.000000 1551858 1404694 
74770 0.003183 1488012.000000 1539100 1420695 
74780 0.003161 1465200.000000 1549814 1408596 
74790 0.003210 1509946.000000 1571383 1407405 
74800 0.003169 1458607.000000 1530663 1425700 
74810 0.003182 1442944.000000 1541243 1386541 
74820 0.003186 1468235.000000 1573629 1409793 
74830 0.003152 1451868.000000 1502504 1394295 
74840 0.003173 1443239.000000 1496113 1401595 
74850 0.003219 1445479.000000 1516525 1406817 
74860 0.003188 1452344.000000 1519599 1388627 
74870 0.003193 1460240.000000 1548073 1396515 
74880 0.003180 1483266.000000 1553976 1439939 
74890 0.003205 1467326.000000 1608634 1384097 
74900 0.003159 1462453.000000 1523589 1422043 
74910 0.003188 1446871.000000 1489621 1400800 
74920 0.003170 1470756.000000 1520769 1430809 
74930 0.003184 1448918.000000 1563175 1407250 
74940 0.003193 1448944.000000 1533929 1373434 
74950 0.003196 1463184.000000 1545402 1421356 
74960 0.003203 1482785.000000 1715835 1396392 
74970 0.003198 1462096.000000 1522427 1421670 
74980 0.003184 1470002.000000 1538125 1413627 
74990 0.003187 1463756.000000 1525961 1411655 
75000 0.003185 1477002.000000 1569259 1421974 
75010 0.003186 1461955.000000 1510854 1422814 
75020 0.003218 1452943.000000 1506555 1401840 
75030 0.003209 1494096.000000 1579402 1429787 
75040 0.003187 1463036.000000 1546233 1415834 
75050 0.003179 1474982.000000 1606522 1407385 
75060 0.003202 1459381.000000 1507711 1415442 
75070 0.003211 1480389.000000 1568363 1410639 
75080 0.003214 1449282.000000 1512097 1405412 
75090 0.003194 1467350.000000 1555176 1420897 
75100 0.003204 1437203.000000 1501530 1385871 
75110 0.003206 1457627.000000 1524398 1409709 
75120 0.003183 1475720.000000 1553520 1428497 
75130 0.003207 1483302.000000 1572770 1413393 
75140 0.003197 1462653.000000 1578367 1402223 
75150 0.003198 1504067.000000 1646153 1428836 
75160 0.003203 1491306.000000 1612572 1415667 
75170 0.003174 1480070.000000 1521889 1431465 
75180 0.003197 1509876.000000 1588804 1450988 
75190 0.003183 1494004.000000 1542899 1435550 
75200 0.003199 1455230.000000 1518503 1395554 
75210 0.003205 1476518.000000 1538450 1404651 
75220 0.003183 1467000.000000 1607683 1402781 
75230 0.003217 1469841.000000 1532968 1425436 
75240 0.003196 1471185.000000 1534388 1426220 
75250 0.003197 1469455.000000 1533425 1399270 
75260 0.003215 1474563.000000 1588930 1413492 
75270 0.003198 1486382.000000 1579830 1413344 
75280 0.003202 1477210.000000 1584072 1400149 
75290 0.003207 1486689.000000 1593712 1417439 
75300 0.003206 1465463.000000 1514734 1412315 
75310 0.003208 1495232.000000 1573955 1412151 
75320 0.003204 1471601.000000 1558722 1403043 
75330 0.003196 1456804.000000 1493413 1420257 
75340 0.003220 1477011.000000 1523597 1396775 
75350 0.003202 1489713.000000 1560375 1443759 
75360 0.003216 1478084.000000 1555170 1398349 
75370 0.003218 1465303.000000 1536466 1407735 
75380 0.003199 1487271.000000 1650848 1444553 
75390 0.003200 1443595.000000 1505926 1390034 
75400 0.003207 1448244.000000 1517804 1414674 
75410 0.003205 1475470.000000 1517745 1445524 
75420 0.003217 1482961.000000 1578398 1400527 
75430 0.003210 1477001.000000 1531807 1424352 
75440 0.003213 1490095.000000 1584004 1422127 
75450 0.003660 1454443.000000 1517764 1388413 
75460 0.003146 1476120.000000 1652971 1414501 
75470 0.003197 1483035.000000 1565357 1421141 
75480 0.003223 1472504.000000 1539023 1404427 
75490 0.003207 1452507.000000 1526680 1401848 
75500 0.003213 1473430.000000 1575882 1402251 
75510 0.003215 1480861.000000 1535270 1424150 
75520 0.003227 1458877.000000 1530287 1390348 
75530 0.003231 1476982.000000 1522572 1440690 
75540 0.003208 1462591.000000 1558608 1390122 
75550 0.003211 1468837.000000 1525396 1421701 
75560 0.003237 1465955.000000 1636175 1376455 
75570 0.003219 1464016.000000 1531366 1426596 
75580 0.003201 1470196.000000 1520601 1429305 
75590 0.003222 1475868.000000 1542672 1440731 
75600 0.003224 1496414.000000 1568503 1394245 
75610 0.003217 1459538.000000 1506223 1389973 
75620 0.003222 1516138.000000 1589150 1471272 
75630 0.003227 1488741.000000 1614663 1408816 
75640 0.003231 1462240.000000 1515357 1416049 
75650 0.003214 1476292.000000 1588083 1439029 
75660 0.003237 1483410.000000 1558985 1435404 
75670 0.003216 1473200.000000 1510248 1431840 
75680 0.003219 1491106.000000 1591321 1437992 
75690 0.003206 1490896.000000 1597220 1431247 
75700 0.003201 1504829.000000 1567443 1449271 
75710 0.003211 1484660.000000 1527796 1422078 
75720 0.003210 1505017.000000 1597995 1466379 
75730 0.003220 1509182.000000 1566643 1443639 
75740 0.003220 1519365.000000 1620141 1468980 
75750 0.003222 1467782.000000 1515079 1436806 
75760 0.003213 1496167.000000 1610839 1441060 
75770 0.003230 1457284.000000 1542900 1388032 
75780 0.003225 1505596.000000 1578309 1423502 
75790 0.003226 1481128.000000 1600264 1391593 
75800 0.003243 1475782.000000 1669071 1414840 
75810 0.003217 1493809.000000 1667652 1429879 
75820 0.003225 1481949.000000 1584156 1430338 
75830 0.003219 1502342.000000 1630476 1440236 
75840 0.003206 1509432.000000 1609155 1441859 
75850 0.003227 1485947.000000 1532843 1433314 
75860 0.003212 1495441.000000 1587577 1419484 
75870 0.003249 1495702.000000 1584931 1452699 
75880 0.003246 1497539.000000 1610873 1439698 
75890 0.003241 1479196.000000 1537738 1438217 
75900 0.003248 1473979.000000 1526623 1428584 
75910 0.003213 1480108.000000 1558356 1438746 
75920 0.003221 1502367.000000 1557293 1455687 
75930 0.003252 1470795.000000 1517565 1395206 
75940 0.003223 1484535.000000 1534428 1430141 
75950 0.003221 1488735.000000 1561447 1438997 
75960 0.003222 1516750.000000 1693798 1437984 
75970 0.003252 1480369.000000 1537925 1442009 
75980 0.003229 1487473.000000 1567688 1409701 
75990 0.003229 1492028.000000 1604065 1417732 
76000 0.003232 1503714.000000 1585046 1431992 
76010 0.003237 1480256.000000 1576372 1404455 
76020 0.003241 1483646.000000 1527716 1445999 
76030 0.003259 1505963.000000 1770547 1449820 
76040 0.003237 1494177.000000 1527047 1462386 
76050 0.003257 1496153.000000 1591129 1417362 
76060 0.003226 1477244.000000 1523149 1429581 
76070 0.003219 1487061.000000 1581709 1435855 
76080 0.003223 1494912.000000 1597502 1429417 
76090 0.003251 1509886.000000 1598175 1425083 
76100 0.003244 1493883.000000 1590644 1435380 
76110 0.003245 1544974.000000 1674705 1413139 
76120 0.003260 1515765.000000 1572930 1448680 
76130 0.003227 1508935.000000 1561632 1454174 
76140 0.003227 1504841.000000 1589875 1419083 
76150 0.003246 1526293.000000 1640192 1432292 
76160 0.003234 1500885.000000 1544264 1421851 
76170 0.003248 1481001.000000 1546790 1417339 
76180 0.003232 1499136.000000 1588434 1469091 
76190 0.003253 1532674.000000 1630248 1407174 
76200 0.003225 1498736.000000 1561757 1383471 
76210 0.003263 1499974.000000 1678287 1451711 
76220 0.003233 1503881.000000 1609462 1453587 
76230 0.003256 1519473.000000 1647237 1436595 
76240 0.003253 1498022.000000 1596696 1426110 
76250 0.003263 1489150.000000 1538471 1419753 
76260 0.003246 1495517.000000 1586154 1451295 
76270 0.003258 1511211.000000 1591823 1441861 
76280 0.003246 1521000.000000 1658121 1432024 
76290 0.003228 1495363.000000 1546311 1449446 
76300 0.003249 1476921.000000 1521099 1420936 
76310 0.003222 1491459.000000 1551798 1444527 
76320 0.003256 1492507.000000 1584886 1432598 
76330 0.003246 1502107.000000 1556390 1421151 
76340 0.003235 1502013.000000 1588723 1441076 
76350 0.003245 1492414.000000 1546228 1409889 
76360 0.003250 1478223.000000 1563381 1437283 
76370 0.003256 1510060.000000 1612526 1431459 
76380 0.003264 1486791.000000 1598700 1422742 
76390 0.003259 1503908.000000 1624271 1441509 
76400 0.003236 1514844.000000 1572020 1462294 
76410 0.003239 1528642.000000 1740876 1450359 
76420 0.003255 1522261.000000 1716270 1430732 
76430 0.003241 1516086.000000 1610667 1457630 
76440 0.003233 1530246.000000 1683478 1419387 
76450 0.003261 1499993.000000 1580012 1424411 
76460 0.003254 1486015.000000 1540212 1446970 
76470 0.003253 1505248.000000 1564060 1443950 
76480 0.003274 1478312.000000 1560796 1428361 
76490 0.003248 1503945.000000 1571824 1449226 
76500 0.003289 1502952.000000 1585778 1439421 
76510 0.003260 1476330.000000 1521984 1411926 
76520 0.003234 1490713.000000 1556212 1443284 
76530 0.003272 1485442.000000 1561903 1428428 
76540 0.003255 1502009.000000 1605750 1427590 
76550 0.003255 1520385.000000 1592101 1448923 
76560 0.003263 1482026.000000 1527862 1413989 
76570 0.003262 1505300.000000 1629338 1450912 
76580 0.003267 1487555.000000 1560876 1415805 
76590 0.003251 1532680.000000 1653478 1459438 
76600 0.003255 1488220.000000 1561564 1417187 
76610 0.003253 1492585.000000 1528281 1440456 
76620 0.003269 1511946.000000 1609489 1421763 
76630 0.003244 1511162.000000 1567554 1467172 
76640 0.003285 1524964.000000 1641991 1421504 
76650 0.003258 1497633.000000 1569944 1437222 
76660 0.003288 1506266.000000 1574282 1452501 
76670 0.003264 1518025.000000 1700357 1430411 
76680 0.003258 1504459.000000 1579575 1450549 
76690 0.003269 1490210.000000 1536369 1439163 
76700 0.003283 1491796.000000 1582199 1430685 
76710 0.003276 1497706.000000 1546599 1455113 
76720 0.003244 1505271.000000 1551880 1413976 
76730 0.003262 1510395.000000 1634263 1442898 
76740 0.003249 1525714.000000 1597475 1433987 
76750 0.003268 1531565.000000 1603297 1477581 
76760 0.003265 1500403.000000 1578974 1446456 
76770 0.003271 1499459.000000 1561889 1441198 
76780 0.003269 1504615.000000 1665070 1415890 
76790 0.003257 1510067.000000 1574538 1459183 
76800 0.003273 1517446.000000 1671780 1441732 
76810 0.003270 1524332.000000 1623106 1432297 
76820 0.003294 1538775.000000 1620682 1468278 
76830 0.003287 1508145.000000 1581082 1461258 
76840 0.003287 1516675.000000 1639333 1443253 
76850 0.003249 1527125.000000 1570964 1469389 
76860 0.003285 1489975.000000 1526120 1450064 
76870 0.003274 1519281.000000 1586999 1469729 
76880 0.003258 1526016.000000 1574324 1457072 
76890 0.003285 1515999.000000 1618871 1467223 
76900 0.003262 1506093.000000 1610261 1455308 
76910 0.003265 1491098.000000 1568095 1423052 
76920 0.003280 1510437.000000 1581262 1469696 
76930 0.003291 1489333.000000 1560605 1417469 
76940 0.003280 1517467.000000 1586107 1446778 
76950 0.003278 1485053.000000 1529516 1423601 
76960 0.003273 1518279.000000 1599955 1461141 
76970 0.003276 1511970.000000 1596899 1434607 
76980 0.003278 1509419.000000 1571905 1463719 
76990 0.003308 1517553.000000 1645921 1436910 
77000 0.003274 1507410.000000 1565496 1459426 
77010 0.003284 1522864.000000 1638831 1481211 
77020 0.003287 1515939.000000 1573791 1450120 
77030 0.003302 1531292.000000 1666788 1459346 
77040 0.003277 1510215.000000 1573306 1467996 
77050 0.003281 1507405.000000 1561503 1470536 
77060 0.003294 1520807.000000 1591196 1439948 
77070 0.003300 1494537.000000 1544542 1459837 
77080 0.003308 1528398.000000 1669173 1471382 
77090 0.003265 1512690.000000 1587095 1472724 
77100 0.003285 1505639.000000 1542494 1472016 
77110 0.003253 1547545.000000 1646280 1487075 
77120 0.003302 1503346.000000 1554702 1425927 
77130 0.003292 1527672.000000 1619952 1477146 
77140 0.003283 1525961.000000 1583898 1478732 
77150 0.003283 1506129.000000 1570441 1432798 
77160 0.003290 1528522.000000 1648744 1442850 
77170 0.003315 1542964.000000 1693029 1443630 
77180 0.003286 1507673.000000 1596597 1454378 
77190 0.003280 1520223.000000 1549554 1459837 
77200 0.003301 1526454.000000 1605400 1438483 
77210 0.003279 1528584.000000 1612335 1465633 
77220 0.003284 1527087.000000 1617020 1465421 
77230 0.003311 1520306.000000 1609390 1427325 
77240 0.003290 1521594.000000 1627726 1464917 
77250 0.003301 1525142.000000 1586371 1451333 
77260 0.003299 1530903.000000 1587453 1493467 
77270 0.003308 1505338.000000 1607317 1464737 
77280 0.003321 1547635.000000 1651722 1468732 
77290 0.003300 1525665.000000 1597371 1466451 
77300 0.003309 1506133.000000 1572261 1447594 
77310 0.003264 1529325.000000 1673488 1478952 
77320 0.003286 1507614.000000 1588660 1450574 
77330 0.003283 1542052.000000 1610038 1481056 
77340 0.003304 1539617.000000 1596246 1443436 
77350 0.003294 1516246.000000 1649433 1472275 
77360 0.003317 1533431.000000 1593870 1433477 
77370 0.003316 1527313.000000 1616026 1454235 
77380 0.003306 1517383.000000 1593722 1463183 
77390 0.003318 1536434.000000 1633566 1453078 
77400 0.003322 1525332.000000 1652241 1468130 
77410 0.003418 1515675.000000 1601001 1462053 
77420 0.003351 1506528.000000 1611255 1435159 
77430 0.003379 1522799.000000 1666400 1452819 
77440 0.003443 1526627.000000 1684624 1454974 
77450 0.003435 1564441.000000 1631737 1487653 
77460 0.004301 1515550.000000 1606445 1449713 
77470 0.003502 1536325.000000 1619412 1449403 
77480 0.003273 1541179.000000 1613930 1436681 
77490 0.003219 1537386.000000 1659969 1441560 
77500 0.003254 1534824.000000 1605125 1467600 
77510 0.003300 1525778.000000 1697356 1456238 
77520 0.003284 1520312.000000 1578459 1451221 
77530 0.003258 1523480.000000 1642563 1463414 
77540 0.003249 1517680.000000 1572333 1451872 
77550 0.003253 1531341.000000 1638381 1448369 
77560 0.003258 1522503.000000 1593143 1465211 
77570 0.003276 1557975.000000 1702509 1467003 
77580 0.003263 1504118.000000 1614082 1435189 
77590 0.003232 1525316.000000 1578758 1484226 
77600 0.003242 1525851.000000 1619763 1487361 
77610 0.003270 1498340.000000 1531587 1445797 
77620 0.003248 1537576.000000 1616118 1478330 
77630 0.003267 1512293.000000 1590556 1472727 
77640 0.003259 1525681.000000 1610223 1490665 
77650 0.003271 1531747.000000 1612866 1466496 
77660 0.003271 1538208.000000 1622855 1472180 
77670 0.003279 1563002.000000 1697664 1467789 
77680 0.003264 1523029.000000 1620208 1463552 
77690 0.003269 1527527.000000 1627942 1438853 
77700 0.003264 1518546.000000 1556391 1457511 
77710 0.003294 1512456.000000 1558287 1470062 
77720 0.003295 1503672.000000 1548963 1452199 
77730 0.003256 1518542.000000 1580447 1473842 
77740 0.003289 1533239.000000 1704241 1467555 
77750 0.003255 1576886.000000 1815783 1489028 
77760 0.003273 1507550.000000 1561095 1471798 
77770 0.003275 1539229.000000 1594659 1467545 
77780 0.003288 1554367.000000 1637221 1478611 
77790 0.003271 1521880.000000 1565647 1481885 
77800 0.003295 1541541.000000 1692640 1445626 
77810 0.003266 1552599.000000 1655960 1447195 
77820 0.003272 1523150.000000 1587670 1481401 
77830 0.003288 1519560.000000 1598467 1467330 
77840 0.003280 1555577.000000 1636246 1457465 
77850 0.003297 1504756.000000 1610719 1437795 
77860 0.003303 1510788.000000 1594708 1430839 
77870 0.003280 1526386.000000 1600219 1472168 
77880 0.003292 1542982.000000 1593741 1462557 
77890 0.003301 1540899.000000 1636694 1473347 
77900 0.003288 1541646.000000 1609376 1484307 
77910 0.003293 1527903.000000 1598243 1464894 
77920 0.003282 1529788.000000 1580095 1472357 
77930 0.003288 1576196.000000 1767169 1466618 
77940 0.003278 1557185.000000 1676680 1500362 
77950 0.003282 1525920.000000 1619197 1455498 
77960 0.003278 1531969.000000 1600557 1471881 
77970 0.003264 1540709.000000 1596056 1479435 
77980 0.003280 1528133.000000 1647928 1475004 
77990 0.003286 1561249.000000 1660095 1491540 
78000 0.003291 1536704.000000 1639062 1481649 
78010 0.003282 1535235.000000 1617699 1489333 
78020 0.003266 1545990.000000 1634412 1480010 
78030 0.003272 1496644.000000 1535774 1444695 
78040 0.003278 1523448.000000 1603432 1458649 
78050 0.003282 1520726.000000 1565353 1461817 
78060 0.003284 1565809.000000 1599584 1526596 
78070 0.003270 1575227.000000 1727442 1483204 
78080 0.003284 1544502.000000 1611855 1453835 
78090 0.003300 1521053.000000 1574345 1473580 
78100 0.003291 1522875.000000 1645407 1455061 
78110 0.003299 1578253.000000 1739137 1474572 
78120 0.003280 1533519.000000 1607297 1487970 
78130 0.003278 1542508.000000 1613269 1463063 
78140 0.003276 1509787.000000 1576378 1480221 
78150 0.003294 1521819.000000 1720495 1464781 
78160 0.003290 1548580.000000 1604155 1492725 
78170 0.003285 1566237.000000 1704744 1492978 
78180 0.003289 1506772.000000 1576140 1452064 
78190 0.003290 1554875.000000 1618827 1499454 
78200 0.003305 1543301.000000 1664303 1469254 
78210 0.003274 1542051.000000 1669202 1469945 
78220 0.003293 1519639.000000 1633417 1453143 
78230 0.003305 1508353.000000 1602177 1456758 
78240 0.003302 1516880.000000 1550981 1462824 
78250 0.003291 1529154.000000 1582673 1469502 
78260 0.003300 1539034.000000 1632391 1479542 
78270 0.003284 1532060.000000 1602352 1469596 
78280 0.003289 1528735.000000 1575048 1472292 
78290 0.003289 1541974.000000 1604512 1474116 
78300 0.003297 1570497.000000 1674091 1492468 
78310 0.003285 1535730.000000 1599798 1484786 
78320 0.003321 1522241.000000 1563067 1473718 
78330 0.003297 1547746.000000 1619100 1454824 
78340 0.003304 1524201.000000 1597144 1485320 
78350 0.003322 1538010.000000 1626790 1480251 
78360 0.003307 1549225.000000 1633374 1495497 
78370 0.003302 1542309.000000 1638672 1486242 
78380 0.003295 1537794.000000 1628065 1440551 
78390 0.003294 1554676.000000 1659132 1496539 
78400 0.003304 1560503.000000 1679331 1484947 
78410 0.003292 1532510.000000 1621641 1446408 
78420 0.003295 1551998.000000 1657099 1492958 
78430 0.003321 1545410.000000 1765164 1487497 
78440 0.003323 1523083.000000 1601568 1450205 
78450 0.003321 1555680.000000 1647120 1498656 
78460 0.003281 1527340.000000 1584657 1468757 
78470 0.003296 1554505.000000 1660130 1480148 
78480 0.003310 1539858.000000 1614796 1456576 
78490 0.003280 1558918.000000 1660457 1501552 
78500 0.003320 1569033.000000 1642966 1465165 
78510 0.003301 1558374.000000 1639754 1469610 
78520 0.003325 1535844.000000 1601964 1459564 
78530 0.003303 1552714.000000 1603228 1488622 
78540 0.003300 1566687.000000 1667090 1483267 
78550 0.003296 1534281.000000 1579197 1490231 
78560 0.003301 1556354.000000 1664939 1458989 
78570 0.003311 1544670.000000 1576769 1493383 
78580 0.003333 1547867.000000 1662833 1454786 
78590 0.003299 1552489.000000 1632443 1486549 
78600 0.003309 1529076.000000 1553930 1497127 
78610 0.003324 1530270.000000 1557728 1475536 
78620 0.003320 1571451.000000 1665692 1461803 
78630 0.003299 1538760.000000 1682868 1489336 
78640 0.003298 1519510.000000 1615448 1468148 
78650 0.003305 1542360.000000 1592063 1499096 
78660 0.003283 1575042.000000 1639008 1477414 
78670 0.003312 1526174.000000 1592852 1465658 
78680 0.003312 1543168.000000 1610353 1488678 
78690 0.003307 1534871.000000 1592189 1482806 
78700 0.003318 1561149.000000 1685944 1466475 
78710 0.003319 1533861.000000 1592180 1480036 
78720 0.003336 1539501.000000 1646898 1469597 
78730 0.003316 1544430.000000 1627529 1476161 
78740 0.003270 1554233.000000 1678374 1486378 
78750 0.003313 1567143.000000 1636992 1530727 
78760 0.003312 1517891.000000 1555975 1462753 
78770 0.003286 1555040.000000 1690867 1436305 
78780 0.003296 1544143.000000 1634836 1512033 
78790 0.003291 1546408.000000 1600598 1499438 
78800 0.003310 1564685.000000 1651503 1533410 
78810 0.003306 1563746.000000 1657670 1469376 
78820 0.003327 1584869.000000 1672876 1497680 
78830 0.003314 1569791.000000 1691433 1488541 
78840 0.003325 1520016.000000 1555410 1482924 
78850 0.003304 1561836.000000 1638185 1499333 
78860 0.003298 1581144.000000 1733269 1537230 
78870 0.003307 1553863.000000 1592853 1516459 
78880 0.003333 1566940.000000 1629270 1470130 
78890 0.003310 1533141.000000 1594458 1473381 
78900 0.003327 1548728.000000 1609529 1494185 
78910 0.003318 1562137.000000 1630483 1502257 
78920 0.003285 1561104.000000 1671514 1496116 
78930 0.003313 1526430.000000 1578815 1477012 
78940 0.003324 1553494.000000 1627617 1471358 
78950 0.003303 1554082.000000 1624936 1503569 
78960 0.003269 1565787.000000 1605172 1515239 
78970 0.003304 1556746.000000 1648587 1474258 
78980 0.003309 1569569.000000 1655795 1515657 
78990 0.003319 1559775.000000 1688145 1478609 
79000 0.003347 1587032.000000 1698787 1533028 
79010 0.003331 1554184.000000 1645954 1504698 
79020 0.003305 1563636.000000 1645437 1510993 
79030 0.003353 1541267.000000 1603877 1488003 
79040 0.003311 1550653.000000 1639483 1499098 
79050 0.003316 1539340.000000 1642063 1472908 
79060 0.003302 1544300.000000 1644172 1494647 
79070 0.003334 1537857.000000 1697578 1474285 
79080 0.003363 1547802.000000 1638276 1502271 
79090 0.003321 1580604.000000 1641448 1504213 
79100 0.003317 1556131.000000 1673013 1473211 
79110 0.003325 1559008.000000 1671270 1495775 
79120 0.003313 1557935.000000 1750902 1457687 
79130 0.003322 1575609.000000 1629807 1510261 
79140 0.003327 1563180.000000 1629631 1497570 
79150 0.003318 1545338.000000 1708058 1501453 
79160 0.003367 1579361.000000 1695571 1511545 
79170 0.003320 1579888.000000 1698959 1511799 
79180 0.003341 1536607.000000 1583405 1491658 
79190 0.003332 1531971.000000 1585494 1493844 
79200 0.003334 1571956.000000 1837411 1497314 
79210 0.003336 1550289.000000 1658382 1474467 
79220 0.003309 1552702.000000 1623515 1494066 
79230 0.003325 1597105.000000 1724531 1482361 
79240 0.003354 1558892.000000 1636538 1497582 
79250 0.003344 1576376.000000 1659888 1518089 
79260 0.003338 1542303.000000 1648436 1458544 
79270 0.003323 1570874.000000 1669486 1494346 
79280 0.003327 1543028.000000 1649142 1467574 
79290 0.003326 1565402.000000 1619209 1517392 
79300 0.003326 1543380.000000 1621621 1471656 
79310 0.003318 1564350.000000 1713427 1496860 
79320 0.003334 1538692.000000 1593924 1487976 
79330 0.003357 1581089.000000 1723176 1505709 
79340 0.003329 1578902.000000 1699354 1496904 
79350 0.003332 1566431.000000 1671098 1507922 
79360 0.003343 1562491.000000 1699535 1505837 
79370 0.003361 1550406.000000 1656064 1488934 
79380 0.003336 1580180.000000 1636359 1503900 
79390 0.003340 1561865.000000 1722455 1480745 
79400 0.003360 1593575.000000 1692216 1510560 
79410 0.003334 1576459.000000 1655292 1506730 
79420 0.003326 1558862.000000 1724246 1491021 
79430 0.003324 1546237.000000 1613229 1494987 
79440 0.003335 1568242.000000 1631042 1493319 
79450 0.003342 1561925.000000 1651472 1496436 
79460 0.003355 1544322.000000 1589261 1475645 
79470 0.003338 1593891.000000 1669532 1527764 
79480 0.003327 1578009.000000 1664335 1508681 
79490 0.003322 1573085.000000 1645230 1502061 
79500 0.003372 1580898.000000 1706997 1510592 
79510 0.003324 1552045.000000 1613806 1472951 
79520 0.003344 1588903.000000 1669898 1523189 
79530 0.003347 1598152.000000 1635158 1546069 
79540 0.003365 1569481.000000 1635985 1495364 
79550 0.003575 1552409.000000 1612407 1495210 
79560 0.003811 1585788.000000 1682708 1507333 
79570 0.003570 1558475.000000 1635394 1512599 
79580 0.003366 1559227.000000 1713926 1489643 
79590 0.003320 1610672.000000 1818727 1502242 
79600 0.003373 1560033.000000 1654358 1487931 
79610 0.003367 1570187.000000 1763592 1496198 
79620 0.003353 1565460.000000 1642836 1500426 
79630 0.003382 1600064.000000 1784195 1514136 
79640 0.003390 1565094.000000 1639285 1508518 
79650 0.003358 1569471.000000 1758382 1519630 
79660 0.003390 1555077.000000 1635491 1495601 
79670 0.003364 1569671.000000 1612465 1531786 
79680 0.003347 1587818.000000 1729237 1534277 
79690 0.003373 1594691.000000 1754899 1500284 
79700 0.003370 1546029.000000 1675119 1476469 
79710 0.003342 1589615.000000 1698110 1493953 
79720 0.003367 1563623.000000 1639587 1499750 
79730 0.003346 1591839.000000 1663959 1537291 
79740 0.003366 1563242.000000 1633449 1484125 
79750 0.003385 1584362.000000 1681268 1511632 
79760 0.003365 1581116.000000 1672589 1495147 
79770 0.003323 1575667.000000 1640005 1490035 
79780 0.003356 1574163.000000 1673773 1485118 
79790 0.003386 1568195.000000 1612082 1539644 
79800 0.003297 1557886.000000 1618397 1514549 
79810 0.003370 1562855.000000 1647937 1524471 
79820 0.003403 1552694.000000 1735135 1473893 
79830 0.003419 1591412.000000 1656386 1527242 
79840 0.003401 1580350.000000 1737476 1489875 
79850 0.003402 1572924.000000 1623724 1488753 
79860 0.003415 1586069.000000 1635340 1528391 
79870 0.003427 1576076.000000 1766750 1486018 
79880 0.003407 1569936.000000 1645707 1499535 
79890 0.003409 1587796.000000 1678944 1508957 
79900 0.003424 1566512.000000 1652883 1517250 
79910 0.003425 1596998.000000 1796556 1512013 
79920 0.003435 1584488.000000 1693765 1509370 
79930 0.003433 1584069.000000 1632241 1520515 
79940 0.003413 1590213.000000 1681071 1516434 
79950 0.003418 1574754.000000 1654442 1512695 
79960 0.003417 1585773.000000 1655831 1532264 
79970 0.003425 1589479.000000 1668767 1488617 
79980 0.003418 1568444.000000 1651991 1503536 
79990 0.003432 1596204.000000 1706849 1533461 
80000 0.003421 1553938.000000 1683073 1481513 
80010 0.003422 1582037.000000 1678158 1497821 
80020 0.003414 1559347.000000 1634853 1485917 
80030 0.003463 1592632.000000 1675216 1489053 
80040 0.003443 1572535.000000 1655999 1508111 
80050 0.003407 1585175.000000 1665110 1539133 
80060 0.003418 1558965.000000 1695526 1492776 
80070 0.003446 1577107.000000 1693506 1522708 
80080 0.003446 1561905.000000 1636738 1473452 
80090 0.003427 1577964.000000 1651001 1523688 
80100 0.003437 1552781.000000 1611339 1493687 
80110 0.003406 1580736.000000 1664264 1546743 
80120 0.003436 1603611.000000 1697018 1487128 
80130 0.003429 1583159.000000 1664878 1503422 
80140 0.003449 1603102.000000 1710666 1490255 
80150 0.003464 1565249.000000 1632939 1526876 
80160 0.003428 1606302.000000 1712467 1487823 
80170 0.003437 1555891.000000 1592477 1507108 
80180 0.003449 1580327.000000 1673266 1490203 
80190 0.003437 1598798.000000 1693937 1519277 
80200 0.003455 1588451.000000 1695596 1515971 
80210 0.003421 1579566.000000 1747113 1513340 
80220 0.003456 1541140.000000 1614233 1493261 
80230 0.003454 1599408.000000 1688288 1527824 
80240 0.003432 1564496.000000 1619683 1515106 
80250 0.003424 1578408.000000 1672288 1520696 
80260 0.003434 1575433.000000 1621897 1520095 
80270 0.003453 1583187.000000 1704787 1516140 
80280 0.003459 1578339.000000 1706239 1502950 
80290 0.003428 1581263.000000 1637230 1503569 
80300 0.003436 1570728.000000 1631671 1535385 
80310 0.003442 1616958.000000 1734909 1555088 
80320 0.003441 1612890.000000 1737253 1546620 
80330 0.003452 1560766.000000 1611776 1498558 
80340 0.003436 1564963.000000 1606036 1518920 
80350 0.003448 1580994.000000 1699495 1500077 
80360 0.003451 1577219.000000 1642038 1506412 
80370 0.003449 1569341.000000 1615793 1499549 
80380 0.003453 1573497.000000 1627846 1470292 
80390 0.003438 1580819.000000 1703289 1521037 
80400 0.003451 1583804.000000 1675149 1522972 
80410 0.003449 1585333.000000 1671839 1503713 
80420 0.003438 1586130.000000 1711698 1497061 
80430 0.003445 1582174.000000 1622818 1532376 
80440 0.003438 1593314.000000 1743255 1544481 
80450 0.003450 1601996.000000 1699342 1508840 
80460 0.003448 1583483.000000 1644098 1518114 
80470 0.003464 1599868.000000 1730927 1541637 
80480 0.003438 1605531.000000 1700089 1553756 
80490 0.003469 1599954.000000 1673535 1520690 
80500 0.003448 1601637.000000 1697157 1528814 
80510 0.003475 1607609.000000 1685895 1564574 
80520 0.003455 1601073.000000 1696927 1528599 
80530 0.003452 1588733.000000 1775674 1483937 
80540 0.003469 1583996.000000 1626587 1535961 
80550 0.003460 1602394.000000 1761107 1539865 
80560 0.003483 1664871.000000 2053560 1543980 
80570 0.003479 1598321.000000 1677837 1543257 
80580 0.003483 1608518.000000 1762122 1535534 
80590 0.003434 1605368.000000 1687630 1511182 
80600 0.003467 1602428.000000 1655147 1543674 
80610 0.003458 1597913.000000 1680448 1516064 
80620 0.003453 1605324.000000 1668654 1560264 
80630 0.003448 1600514.000000 1716670 1545668 
80640 0.003481 1582263.000000 1671222 1493402 
80650 0.003458 1589957.000000 1679657 1520935 
80660 0.003457 1586688.000000 1712241 1539447 
80670 0.003459 1591158.000000 1690583 1509842 
80680 0.003479 1599047.000000 1720843 1499447 
80690 0.003458 1586872.000000 1638317 1534073 
80700 0.003468 1583381.000000 1633865 1549265 
80710 0.003456 1587226.000000 1713540 1526596 
80720 0.003454 1608652.000000 1769444 1509626 
80730 0.003458 1614280.000000 1751685 1519797 
80740 0.003456 1625659.000000 1681327 1546702 
80750 0.003444 1606134.000000 1754481 1535949 
80760 0.003447 1612267.000000 1763446 1569094 
80770 0.003488 1569009.000000 1616946 1518487 
80780 0.003456 1604714.000000 1685118 1515296 
80790 0.003456 1589386.000000 1661296 1546499 
80800 0.003445 1582528.000000 1655684 1552057 
80810 0.003459 1580176.000000 1661419 1524647 
80820 0.003464 1590594.000000 1671681 1514804 
80830 0.003458 1597038.000000 1692994 1515043 
80840 0.003479 1609259.000000 1708572 1533308 
80850 0.003483 1612399.000000 1701759 1535788 
80860 0.003541 1607369.000000 1694287 1523360 
80870 0.003437 1602152.000000 1682343 1553633 
80880 0.003471 1606112.000000 1664783 1536754 
80890 0.003471 1590019.000000 1649664 1542423 
80900 0.003477 1596465.000000 1679119 1542012 
80910 0.003474 1592221.000000 1639292 1523529 
80920 0.003459 1619451.000000 1724671 1531866 
80930 0.003471 1616217.000000 1696156 1503322 
80940 0.003482 1592487.000000 1661726 1495376 
80950 0.003470 1585813.000000 1667483 1502386 
80960 0.003469 1586568.000000 1646743 1529415 
80970 0.003498 1591937.000000 1661178 1518576 
80980 0.003464 1597065.000000 1761796 1513366 
80990 0.003452 1598047.000000 1733119 1516330 
81000 0.003469 1588554.000000 1699384 1533609 
81010 0.003472 1569167.000000 1640879 1525899 
81020 0.003477 1608386.000000 1737067 1524459 
81030 0.003472 1597311.000000 1727128 1510742 
81040 0.003474 1610146.000000 1752681 1491332 
81050 0.003493 1649319.000000 1740844 1550949 
81060 0.003507 1617922.000000 1798296 1550202 
81070 0.003462 1648459.000000 1725934 1580917 
81080 0.003461 1629277.000000 1751259 1566705 
81090 0.003462 1585520.000000 1661378 1549811 
81100 0.003466 1626234.000000 1698990 1561257 
81110 0.003449 1607746.000000 1720675 1556622 
81120 0.003491 1608233.000000 1681158 1529941 
81130 0.003500 1615832.000000 1755411 1508673 
81140 0.003502 1591161.000000 1666667 1540817 
81150 0.003476 1590164.000000 1671041 1515965 
81160 0.003504 1593258.000000 1648630 1546914 
81170 0.003487 1595383.000000 1689101 1544103 
81180 0.003488 1617157.000000 1700721 1557832 
81190 0.003483 1602675.000000 1714769 1525866 
81200 0.003468 1621326.000000 1698634 1575838 
81210 0.003488 1602368.000000 1658235 1546955 
81220 0.003476 1624728.000000 1724634 1549882 
81230 0.003491 1594218.000000 1655928 1533759 
81240 0.003467 1608192.000000 1690548 1541486 
81250 0.003461 1601291.000000 1740231 1542790 
81260 0.003492 1591079.000000 1644889 1547745 
81270 0.003472 1594179.000000 1699160 1523084 
81280 0.003507 1635701.000000 1780629 1569740 
81290 0.003495 1588397.000000 1651900 1536950 
81300 0.003479 1604967.000000 1682203 1540658 
81310 0.003496 1609786.000000 1681794 1547323 
81320 0.003504 1595784.000000 1643663 1526551 
81330 0.003493 1627650.000000 1769528 1550040 
81340 0.003489 1601657.000000 1644970 1535763 
81350 0.003499 1611397.000000 1703496 1539435 
81360 0.003471 1620014.000000 1681327 1533470 
81370 0.003473 1606256.000000 1707276 1523723 
81380 0.003486 1591452.000000 1616071 1530370 
81390 0.003487 1622068.000000 1768306 1569063 
81400 0.003486 1597142.000000 1637203 1549434 
81410 0.003497 1615420.000000 1796448 1529576 
81420 0.003506 1610643.000000 1699483 1567185 
81430 0.003487 1636756.000000 1727682 1579790 
81440 0.003496 1610369.000000 1716109 1555452 
81450 0.003482 1618364.000000 1685504 1573760 
81460 0.003490 1623619.000000 1790787 1562506 
81470 0.003503 1596430.000000 1762536 1527261 
81480 0.003495 1663886.000000 1817166 1567512 
81490 0.003481 1609671.000000 1798255 1545184 
81500 0.003500 1601019.000000 1690213 1556073 
81510 0.003483 1628237.000000 1753673 1532876 
81520 0.003500 1586287.000000 1647745 1536879 
81530 0.003489 1610955.000000 1681561 1549554 
81540 0.003494 1610354.000000 1668465 1520764 
81550 0.003495 1616527.000000 1683076 1580936 
81560 0.003526 1605330.000000 1699699 1513705 
81570 0.003502 1584223.000000 1664889 1520164 
81580 0.003514 1603810.000000 1681191 1536352 
81590 0.003510 1620267.000000 1752257 1510370 
81600 0.003496 1610605.000000 1678688 1545506 
81610 0.003514 1624188.000000 1793780 1534520 
81620 0.003496 1604168.000000 1673186 1548024 
81630 0.003497 1610574.000000 1673345 1548124 
81640 0.003491 1611244.000000 1667708 1536453 
81650 0.003512 1630693.000000 1697983 1598681 
81660 0.003504 1622999.000000 1688603 1543653 
81670 0.003499 1594155.000000 1676193 1502170 
81680 0.003497 1599995.000000 1680233 1549666 
81690 0.003497 1615767.000000 1702937 1532920 
81700 0.003498 1595891.000000 1665326 1532728 
81710 0.003501 1613795.000000 1655048 1560341 
81720 0.003494 1607529.000000 1682815 1570214 
81730 0.003510 1625269.000000 1727062 1528885 
81740 0.003483 1628401.000000 1745621 1552401 
81750 0.003509 1623411.000000 1691058 1553297 
81760 0.003500 1603578.000000 1660220 1544442 
81770 0.003513 1592039.000000 1639251 1555680 
81780 0.003491 1635716.000000 1739025 1563750 
81790 0.003488 1618995.000000 1683863 1539396 
81800 0.003503 1613185.000000 1750341 1540889 
81810 0.003497 1636059.000000 1718777 1544884 
81820 0.003517 1622341.000000 1734207 1523249 
81830 0.003528 1586241.000000 1698546 1532834 
81840 0.003495 1626298.000000 1714161 1532448 
81850 0.003524 1654343.000000 1760801 1534854 
81860 0.003524 1624118.000000 1751902 1558354 
81870 0.003508 1629314.000000 1703855 1587010 
81880 0.003505 1623694.000000 1716732 1527310 
81890 0.003529 1649147.000000 1747480 1608738 
81900 0.003516 1613250.000000 1740095 1538626 
81910 0.003500 1603661.000000 1676905 1565220 
81920 0.003523 1623842.000000 1683895 1559776 
81930 0.003531 1608421.000000 1731900 1530201 
81940 0.003515 1633337.000000 1762333 1559924 
81950 0.003528 1605245.000000 1693705 1517492 
81960 0.003516 1624175.000000 1685233 1546204 
81970 0.003508 1625944.000000 1756336 1580025 
81980 0.003515 1614273.000000 1702056 1573205 
81990 0.003523 1607086.000000 1710231 1551407 
82000 0.003536 1609440.000000 1688654 1552437 
82010 0.003539 1600232.000000 1659378 1550111 
82020 0.003524 1613559.000000 1659837 1559700 
82030 0.003540 1594705.000000 1660029 1525829 
82040 0.003516 1616290.000000 1664691 1578645 
82050 0.003532 1614328.000000 1701460 1546285 
82060 0.003522 1629996.000000 1710267 1564104 
82070 0.003505 1645724.000000 1776810 1541250 
82080 0.003530 1588206.000000 1675263 1508612 
82090 0.003527 1643532.000000 1732922 1571992 
82100 0.003522 1612265.000000 1663593 1535783 
82110 0.003515 1666162.000000 1777033 1598145 
82120 0.003516 1645143.000000 1733809 1562134 
82130 0.003541 1625408.000000 1692914 1583164 
82140 0.003516 1620245.000000 1670585 1559664 
82150 0.003530 1606361.000000 1662331 1547647 
82160 0.003516 1628775.000000 1681901 1569811 
82170 0.003522 1621516.000000 1706277 1578151 
82180 0.003526 1603168.000000 1659942 1555213 
82190 0.003532 1616931.000000 1706964 1559294 
82200 0.003538 1593226.000000 1668166 1546539 
82210 0.003555 1605501.000000 1679270 1534254 
82220 0.003507 1646277.000000 1737492 1570472 
82230 0.004103 1632928.000000 1774483 1569160 
82240 0.003542 1636626.000000 1715569 1573852 
82250 0.003559 1679091.000000 1789843 1608687 
82260 0.003547 1637850.000000 1763667 1545559 
82270 0.003531 1618560.000000 1787208 1548310 
82280 0.003533 1635930.000000 1702204 1584006 
82290 0.003532 1635122.000000 1739117 1581848 
82300 0.003525 1613466.000000 1745180 1546930 
82310 0.003525 1619519.000000 1700075 1563208 
82320 0.003519 1627650.000000 1694594 1562212 
82330 0.003511 1619269.000000 1685905 1575121 
82340 0.003526 1614653.000000 1732413 1548050 
82350 0.003527 1633808.000000 1721786 1560332 
82360 0.003547 1645727.000000 1738335 1572251 
82370 0.003521 1641525.000000 1774110 1590719 
82380 0.003526 1611505.000000 1716944 1544598 
82390 0.003523 1630287.000000 1673268 1596963 
82400 0.003542 1624146.000000 1698370 1563397 
82410 0.003532 1638149.000000 1717766 1535430 
82420 0.003524 1652236.000000 1716697 1581911 
82430 0.003556 1654741.000000 1826480 1582696 
82440 0.003563 1641933.000000 1748815 1584387 
82450 0.003551 1645429.000000 1731443 1571229 
82460 0.003545 1648361.000000 1728882 1568623 
82470 0.003539 1624033.000000 1668113 1556384 
82480 0.003545 1631306.000000 1702153 1580121 
82490 0.003530 1645267.000000 1733418 1578962 
82500 0.003538 1625085.000000 1696161 1566256 
82510 0.003568 1641427.000000 1717512 1579918 
82520 0.003539 1618079.000000 1748398 1562672 
82530 0.003551 1605620.000000 1655924 1566854 
82540 0.003562 1627359.000000 1713373 1578736 
82550 0.003533 1636840.000000 1812746 1576816 
82560 0.003543 1624400.000000 1709860 1582003 
82570 0.003541 1647850.000000 1716810 1563217 
82580 0.003542 1635422.000000 1771110 1538030 
82590 0.003534 1640172.000000 1681629 1599704 
82600 0.003533 1626508.000000 1718019 1561315 
82610 0.003544 1634905.000000 1834322 1560251 
82620 0.003560 1640031.000000 1710185 1575480 
82630 0.003547 1633069.000000 1775884 1583110 
82640 0.003566 1641933.000000 1789753 1566808 
82650 0.003523 1663014.000000 1724881 1604665 
82660 0.003566 1654782.000000 1747135 1603087 
82670 0.003567 1625304.000000 1733355 1563913 
82680 0.003539 1651964.000000 1735833 1561501 
82690 0.003561 1622160.000000 1678210 1577540 
82700 0.003560 1642975.000000 1769666 1603525 
82710 0.003554 1627862.000000 1669601 1568095 
82720 0.003573 1650654.000000 1742171 1595872 
82730 0.003546 1653070.000000 1721423 1579770 
82740 0.003556 1649890.000000 1766342 1592920 
82750 0.003561 1663404.000000 1762441 1586142 
82760 0.003551 1643726.000000 1722531 1560682 
82770 0.003557 1632292.000000 1687712 1581383 
82780 0.003548 1633132.000000 1706357 1546072 
82790 0.003562 1633060.000000 1801844 1558425 
82800 0.003537 1635261.000000 1766445 1568227 
82810 0.003542 1634704.000000 1720873 1556139 
82820 0.003561 1666224.000000 1882538 1576761 
82830 0.003563 1627431.000000 1678504 1551096 
82840 0.003531 1632931.000000 1691249 1572624 
82850 0.003547 1635501.000000 1701362 1591595 
82860 0.003542 1650891.000000 1714512 1556425 
82870 0.003556 1650250.000000 1752087 1558645 
82880 0.003542 1644952.000000 1748777 1562597 
82890 0.003581 1665826.000000 1764129 1566989 
82900 0.003555 1635154.000000 1766302 1543485 
82910 0.003587 1645208.000000 1709584 1612591 
82920 0.003580 1680090.000000 1817794 1577991 
82930 0.003554 1667585.000000 1781763 1600209 
82940 0.003568 1626452.000000 1700416 1557423 
82950 0.003559 1620815.000000 1702477 1545386 
82960 0.003568 1665590.000000 1798828 1542083 
82970 0.003563 1632433.000000 1681335 1597658 
82980 0.003574 1644921.000000 1732425 1579231 
82990 0.003569 1659522.000000 1741848 1623199 
83000 0.003575 1620921.000000 1717770 1557940 
83010 0.003570 1651330.000000 1879409 1580844 
83020 0.003568 1636785.000000 1704338 1591445 
83030 0.003584 1636620.000000 1742942 1561465 
83040 0.003560 1623919.000000 1701054 1548858 
83050 0.003578 1643414.000000 1754555 1560809 
83060 0.003546 1665442.000000 1759379 1596214 
83070 0.003537 1673296.000000 1771764 1566577 
83080 0.003578 1674731.000000 1846603 1593661 
83090 0.003592 1643059.000000 1707571 1576172 
83100 0.003566 1644269.000000 1765633 1593684 
83110 0.003577 1649325.000000 1737845 1557839 
83120 0.003569 1621406.000000 1689282 1576728 
83130 0.003589 1658035.000000 1718741 1605531 
83140 0.003578 1652082.000000 1728860 1595773 
83150 0.003570 1636957.000000 1675316 1594425 
83160 0.003558 1639066.000000 1710929 1576587 
83170 0.003586 1639962.000000 1694575 1590259 
83180 0.003601 1668859.000000 1777002 1626701 
83190 0.003591 1644450.000000 1759101 1569940 
83200 0.003592 1665925.000000 1821363 1577954 
83210 0.003563 1651460.000000 1689796 1590385 
83220 0.003596 1627831.000000 1744129 1518576 
83230 0.003584 1643872.000000 1699816 1560465 
83240 0.003580 1643613.000000 1741723 1567621 
83250 0.003602 1670244.000000 1733684 1612189 
83260 0.003578 1645101.000000 1808947 1582396 
83270 0.003578 1666504.000000 1749137 1601438 
83280 0.003595 1665348.000000 1805664 1559398 
83290 0.003573 1646484.000000 1730210 1562945 
83300 0.003566 1629997.000000 1750364 1575355 
83310 0.003602 1617787.000000 1725052 1568402 
83320 0.003567 1680597.000000 1796812 1573566 
83330 0.003586 1681354.000000 1764950 1599890 
83340 0.003601 1649492.000000 1744123 1592282 
83350 0.003589 1645412.000000 1695585 1590994 
83360 0.003568 1644556.000000 1745183 1597933 
83370 0.003555 1642998.000000 1748961 1602619 
83380 0.003579 1654101.000000 1739988 1576242 
83390 0.003598 1670583.000000 1741663 1588994 
83400 0.003568 1657598.000000 1831506 1543454 
83410 0.003594 1651528.000000 1714655 1605408 
83420 0.003596 1658769.000000 1815427 1607427 
83430 0.003610 1638763.000000 1742923 1573950 
83440 0.003579 1704588.000000 1824260 1624142 
83450 0.003605 1659854.000000 1752312 1591853 
83460 0.003566 1666348.000000 1794124 1583478 
83470 0.003592 1638782.000000 1736566 1575306 
83480 0.003598 1610392.000000 1640182 1560359 
83490 0.003573 1677742.000000 1781592 1594191 
83500 0.003611 1628734.000000 1689660 1549438 
83510 0.003617 1656595.000000 1727788 1598216 
83520 0.003579 1650576.000000 1708237 1590080 
83530 0.003637 1674249.000000 1807782 1580683 
83540 0.003578 1643260.000000 1705514 1598667 
83550 0.003582 1656458.000000 1789115 1587064 
83560 0.003601 1647685.000000 1726950 1584054 
83570 0.003581 1695483.000000 1807201 1583173 
83580 0.003633 1628887.000000 1695448 1589902 
83590 0.003610 1638805.000000 1766846 1581235 
83600 0.003592 1694934.000000 1782628 1598672 
83610 0.003627 1647203.000000 1725603 1552969 
83620 0.003598 1661022.000000 1760600 1580722 
83630 0.003602 1638768.000000 1730160 1599174 
83640 0.003596 1649075.000000 1728971 1591890 
83650 0.003598 1648460.000000 1746433 1572561 
83660 0.003579 1661975.000000 1693188 1625084 
83670 0.003574 1673658.000000 1814009 1603853 
83680 0.003603 1626024.000000 1736691 1542779 
83690 0.003594 1664291.000000 1732089 1591088 
83700 0.003597 1649593.000000 1804762 1593518 
83710 0.003600 1645877.000000 1726179 1579700 
83720 0.003584 1665739.000000 1744972 1589636 
83730 0.003598 1633023.000000 1727948 1589012 
83740 0.003600 1648234.000000 1695784 1597048 
83750 0.003603 1658054.000000 1712562 1601797 
83760 0.003584 1651464.000000 1776429 1582912 
83770 0.003599 1689324.000000 1785225 1627798 
83780 0.003602 1697259.000000 1831034 1624494 
83790 0.003606 1635100.000000 1730604 1568269 
83800 0.003628 1664600.000000 1818411 1566605 
83810 0.003608 1694644.000000 1796065 1577044 
83820 0.003612 1681956.000000 1748247 1596556 
83830 0.003579 1649021.000000 1679413 1624382 
83840 0.003613 1653461.000000 1752506 1585817 
83850 0.003613 1647313.000000 1697441 1576406 
83860 0.003612 1667588.000000 1739443 1571450 
83870 0.003606 1647834.000000 1759950 1572340 
83880 0.003589 1650969.000000 1713177 1604780 
83890 0.003603 1639887.000000 1701983 1595912 
83900 0.003614 1666558.000000 1930929 1589518 
83910 0.003613 1680664.000000 1760015 1609257 
83920 0.003599 1699467.000000 1878621 1586807 
83930 0.003609 1678310.000000 1780634 1611389 
83940 0.003609 1649746.000000 1777532 1562332 
83950 0.003645 1691488.000000 1810380 1616003 
83960 0.003600 1652488.000000 1758495 1590523 
83970 0.003618 1685765.000000 1881159 1606197 
83980 0.003615 1661998.000000 1699579 1608849 
83990 0.003629 1644340.000000 1694948 1605360 
84000 0.003601 1672196.000000 1707699 1619481 
84010 0.003628 1684991.000000 1771449 1608743 
84020 0.003632 1672332.000000 1797116 1591552 
84030 0.003629 1693010.000000 1823675 1587642 
84040 0.003621 1666547.000000 1705538 1618365 
84050 0.003623 1649971.000000 1699512 1583848 
84060 0.003623 1700048.000000 1818795 1597492 
84070 0.003621 1670210.000000 1774315 1573918 
84080 0.003622 1666798.000000 1723266 1583822 
84090 0.003632 1693503.000000 1760940 1608779 
84100 0.003608 1687248.000000 1814184 1639643 
84110 0.003655 1676871.000000 1742226 1615755 
84120 0.003639 1709717.000000 1794694 1665191 
84130 0.003608 1658524.000000 1801752 1604444 
84140 0.003606 1668975.000000 1739896 1601425 
84150 0.003598 1673744.000000 1738883 1629688 
84160 0.003642 1697092.000000 1784793 1586832 
84170 0.003636 1674148.000000 1845524 1603317 
84180 0.003600 1682473.000000 1788473 1596423 
84190 0.003616 1680651.000000 1775268 1582568 
84200 0.003649 1659586.000000 1800946 1605609 
84210 0.003615 1655764.000000 1732757 1556118 
84220 0.003593 1680705.000000 1761729 1626301 
84230 0.003613 1664715.000000 1720715 1590999 
84240 0.003611 1661732.000000 1737265 1571704 
84250 0.003615 1662808.000000 1716391 1616223 
84260 0.003623 1669036.000000 1734698 1567614 
84270 0.003621 1665000.000000 1726138 1598456 
84280 0.003636 1683120.000000 1794874 1619678 
84290 0.003616 1661680.000000 1728749 1587229 
84300 0.003649 1660781.000000 1842432 1595344 
84310 0.003686 1657704.000000 1745308 1573096 
84320 0.003643 1667415.000000 1796150 1605089 
84330 0.003624 1692115.000000 1810294 1614356 
84340 0.003608 1659061.000000 1762128 1589335 
84350 0.003654 1674397.000000 1791189 1610345 
84360 0.003645 1694948.000000 1786020 1622619 
84370 0.003649 1690168.000000 1818868 1565123 
84380 0.003639 1659168.000000 1729345 1616238 
84390 0.003621 1649449.000000 1693976 1607933 
84400 0.003625 1667138.000000 1837935 1609805 
84410 0.003621 1685473.000000 1802271 1594897 
84420 0.003658 1651004.000000 1808028 1564852 
84430 0.003637 1663188.000000 1711429 1618153 
84440 0.003647 1699938.000000 1778976 1627705 
84450 0.003654 1677824.000000 1763627 1595481 
84460 0.003644 1655657.000000 1709781 1582586 
84470 0.003628 1669672.000000 1740499 1636253 
84480 0.003630 1677916.000000 1784860 1629341 
84490 0.003659 1684250.000000 1807481 1595446 
84500 0.003649 1699817.000000 1801618 1615499 
84510 0.003619 1695725.000000 1829570 1611961 
84520 0.003654 1717920.000000 1939025 1622726 
84530 0.003636 1663334.000000 1758131 1590406 
84540 0.003621 1699574.000000 1773796 1603586 
84550 0.003678 1675753.000000 1757262 1594389 
84560 0.003640 1687252.000000 1745114 1626303 
84570 0.003639 1666948.000000 1747215 1601972 
84580 0.003626 1686169.000000 1817348 1644466 
84590 0.003624 1696240.000000 1746487 1623972 
84600 0.003639 1705979.000000 1799830 1646143 
84610 0.003649 1651750.000000 1721867 1600149 
84620 0.003639 1676228.000000 1782491 1619066 
84630 0.003643 1671912.000000 1803096 1621785 
84640 0.003664 1672356.000000 1728757 1612089 
84650 0.003656 1686689.000000 1754557 1618870 
84660 0.003625 1700218.000000 1760477 1645818 
84670 0.003662 1671804.000000 1726254 1611598 
84680 0.003650 1695286.000000 1842280 1584848 
84690 0.003641 1670309.000000 1743348 1597445 
84700 0.003647 1696395.000000 1770129 1629656 
84710 0.003651 1651991.000000 1735022 1585462 
84720 0.003643 1674931.000000 1791053 1589393 
84730 0.003651 1675976.000000 1804246 1600414 
84740 0.003696 1679273.000000 1975777 1623530 
84750 0.003654 1667349.000000 1792259 1603426 
84760 0.003679 1657305.000000 1759907 1585194 
84770 0.003649 1683066.000000 1748883 1615787 
84780 0.003716 1678623.000000 1809875 1603669 
84790 0.003590 1692623.000000 1801894 1595803 
84800 0.003587 1699045.000000 1765064 1607784 
84810 0.003601 1652958.000000 1728806 1586493 
84820 0.003626 1660227.000000 1707063 1613286 
84830 0.003631 1708976.000000 1776482 1640751 
84840 0.003612 1698970.000000 1860966 1609858 
84850 0.003612 1692530.000000 1841310 1602721 
84860 0.003608 1676142.000000 1795834 1588319 
84870 0.003582 1702345.000000 1812805 1637888 
84880 0.003605 1661696.000000 1781721 1593753 
84890 0.003602 1702400.000000 1805564 1643810 
84900 0.003602 1673284.000000 1783351 1607847 
84910 0.003597 1673529.000000 1745506 1598688 
84920 0.003597 1678058.000000 1779842 1610561 
84930 0.003584 1665147.000000 1752718 1610600 
84940 0.003578 1688806.000000 1761049 1630071 
84950 0.003607 1651060.000000 1711332 1609808 
84960 0.003628 1692533.000000 1769492 1609641 
84970 0.003621 1700183.000000 1827921 1600446 
84980 0.003622 1704409.000000 1797627 1603319 
84990 0.003611 1670614.000000 1738513 1592929 
85000 0.003597 1694869.000000 1843607 1620236 
85010 0.003609 1691011.000000 1779268 1635752 
85020 0.003623 1714665.000000 1946311 1611571 
85030 0.003607 1657927.000000 1743318 1609190 
85040 0.003652 1671918.000000 1717635 1634774 
85050 0.003628 1664032.000000 1696918 1615828 
85060 0.003620 1668381.000000 1774065 1595796 
85070 0.003647 1693092.000000 1820809 1605517 
85080 0.003621 1690706.000000 1729256 1636893 
85090 0.003609 1674348.000000 1761959 1595557 
85100 0.003610 1680025.000000 1747088 1619319 
85110 0.003627 1653057.000000 1692948 1595454 
85120 0.003612 1705804.000000 1763391 1637128 
85130 0.003621 1687348.000000 1790919 1654415 
85140 0.003642 1676285.000000 1729462 1598235 
85150 0.003642 1687008.000000 1824743 1604695 
85160 0.003603 1709288.000000 1857896 1597642 
85170 0.003614 1723032.000000 1863999 1635461 
85180 0.003637 1702660.000000 1869294 1620426 
85190 0.003624 1712496.000000 1875144 1636624 
85200 0.003612 1675883.000000 1725034 1625750 
85210 0.003653 1696351.000000 1807213 1605003 
85220 0.003622 1689652.000000 1798483 1600930 
85230 0.003622 1705944.000000 1796225 1615125 
85240 0.003640 1725579.000000 1880611 1654550 
85250 0.003619 1712973.000000 1832466 1604580 
85260 0.003617 1705698.000000 1807366 1637384 
85270 0.003603 1702041.000000 1751455 1632634 
85280 0.003636 1706074.000000 1781975 1622204 
85290 0.003630 1717807.000000 1879073 1628857 
85300 0.003633 1706470.000000 1809005 1586935 
85310 0.003620 1699923.000000 1796143 1616281 
85320 0.003631 1678079.000000 1823462 1573123 
85330 0.003623 1699876.000000 1753647 1646756 
85340 0.003627 1709898.000000 1829641 1627326 
85350 0.003639 1676959.000000 1764558 1602148 
85360 0.003631 1722189.000000 1834199 1623195 
85370 0.003605 1679797.000000 1723310 1612385 
85380 0.003637 1676436.000000 1779992 1618485 
85390 0.003626 1702087.000000 1787771 1622923 
85400 0.003620 1701610.000000 1781494 1633484 
85410 0.003623 1723531.000000 1841253 1636833 
85420 0.003638 1678675.000000 1748029 1624812 
85430 0.003628 1683096.000000 1751315 1624403 
85440 0.003619 1711003.000000 1827908 1648884 
85450 0.003627 1695779.000000 1814770 1628906 
85460 0.003643 1701158.000000 1809714 1622885 
85470 0.003666 1676190.000000 1772378 1617472 
85480 0.003655 1686386.000000 1786933 1629182 
85490 0.003631 1684438.000000 1809531 1618655 
85500 0.003657 1681773.000000 1752483 1620532 
85510 0.003640 1721781.000000 1826566 1631935 
85520 0.003644 1693664.000000 1759016 1648636 
85530 0.003644 1695953.000000 1745193 1623345 
85540 0.003649 1697930.000000 1793375 1611095 
85550 0.003650 1706905.000000 1827429 1638517 
85560 0.003622 1692864.000000 1820922 1638559 
85570 0.003648 1684334.000000 1772712 1618376 
85580 0.003644 1713635.000000 1931583 1615156 
85590 0.003638 1675739.000000 1770763 1626644 
85600 0.003631 1704205.000000 1792689 1623873 
85610 0.003664 1716736.000000 1854006 1627500 
85620 0.003635 1699991.000000 1821479 1644324 
85630 0.003654 1692891.000000 1771288 1632467 
85640 0.003653 1697144.000000 1855114 1635011 
85650 0.003638 1679810.000000 1725473 1621751 
85660 0.003651 1708342.000000 1875751 1592713 
85670 0.003643 1671624.000000 1717695 1628513 
85680 0.003645 1710889.000000 1837786 1655899 
85690 0.003648 1718124.000000 1809240 1589361 
85700 0.003624 1704232.000000 1776285 1632281 
85710 0.003660 1673622.000000 1717187 1610465 
85720 0.003641 1707437.000000 1850840 1604421 
85730 0.003651 1705849.000000 1776575 1659074 
85740 0.003651 1719082.000000 1801750 1642244 
85750 0.003624 1712021.000000 1838240 1646399 
85760 0.003645 1713418.000000 1851676 1608522 
85770 0.003647 1721418.000000 1825921 1643170 
85780 0.003657 1688686.000000 1760475 1616824 
85790 0.003668 1687601.000000 1747155 1617633 
85800 0.003631 1702907.000000 1792379 1649486 
85810 0.003664 1690274.000000 1781359 1617577 
85820 0.003658 1701453.000000 1842471 1641247 
85830 0.003649 1709065.000000 1799989 1649847 
85840 0.003655 1710652.000000 1834591 1634627 
85850 0.003642 1700035.000000 1768530 1659742 
85860 0.003651 1699023.000000 1762954 1662389 
85870 0.003658 1700901.000000 1829942 1614147 
85880 0.003652 1712128.000000 1848491 1641045 
85890 0.003642 1735645.000000 1832121 1643261 
85900 0.003680 1707950.000000 1826499 1638190 
85910 0.003656 1728613.000000 1815060 1628492 
85920 0.003662 1707928.000000 1841505 1621405 
85930 0.003661 1709658.000000 1873359 1648254 
85940 0.003653 1686793.000000 1742356 1620601 
85950 0.003662 1741077.000000 1918330 1640578 
85960 0.003674 1725049.000000 1872176 1668012 
85970 0.003652 1684423.000000 1758479 1623551 
85980 0.003667 1748937.000000 1850496 1673131 
85990 0.003654 1723386.000000 1854717 1618922 
86000 0.003651 1726795.000000 1801587 1648682 
86010 0.003666 1700606.000000 1744566 1651299 
86020 0.003654 1713673.000000 1773985 1638273 
86030 0.003646 1722278.000000 1785062 1654498 
86040 0.003669 1719241.000000 1829344 1650457 
86050 0.003695 1722222.000000 1971819 1628974 
86060 0.003675 1696791.000000 1770692 1623293 
86070 0.003673 1675997.000000 1759633 1616543 
86080 0.003650 1708045.000000 1850211 1612982 
86090 0.003653 1731460.000000 1814015 1657339 
86100 0.003684 1725248.000000 1776465 1657688 
86110 0.003656 1709481.000000 1814545 1643374 
86120 0.003675 1725334.000000 1848560 1640639 
86130 0.003666 1693278.000000 1756151 1641908 
86140 0.003666 1705537.000000 1806733 1636514 
86150 0.003669 1735506.000000 1867493 1635395 
86160 0.003643 1712059.000000 1837969 1637162 
86170 0.003668 1733679.000000 1854351 1639200 
86180 0.003657 1698033.000000 1739494 1640961 
86190 0.003667 1708002.000000 1772402 1639049 
86200 0.003664 1724319.000000 1798173 1644517 
86210 0.003661 1755018.000000 1960181 1659254 
86220 0.003671 1737907.000000 1830447 1677752 
86230 0.003648 1699278.000000 1810676 1620031 
86240 0.003672 1699893.000000 1811681 1607740 
86250 0.003668 1719545.000000 1829780 1629097 
86260 0.003675 1708563.000000 1887597 1632906 
86270 0.003703 1726733.000000 1814404 1642092 
86280 0.003679 1701212.000000 1770584 1653107 
86290 0.003672 1685020.000000 1805897 1630071 
86300 0.003684 1750883.000000 1830700 1692449 
86310 0.003688 1693568.000000 1793154 1629486 
86320 0.003693 1715488.000000 1822010 1630933 
86330 0.003676 1703078.000000 1772690 1639188 
86340 0.003684 1706760.000000 1823508 1645993 
86350 0.003677 1717398.000000 1819594 1638363 
86360 0.003669 1712377.000000 1795423 1643526 
86370 0.003658 1756066.000000 1848039 1646874 
86380 0.003688 1693214.000000 1771540 1639141 
86390 0.003685 1727041.000000 1815190 1636594 
86400 0.003676 1722504.000000 1846533 1642134 
86410 0.003686 1710236.000000 1900734 1619863 
86420 0.003700 1695148.000000 1755107 1641532 
86430 0.003686 1725676.000000 1789482 1638147 
86440 0.003697 1711365.000000 1797123 1646690 
86450 0.003692 1722673.000000 1843778 1639648 
86460 0.003679 1725016.000000 1779048 1632042 
86470 0.003700 1711548.000000 1813196 1645325 
86480 0.003670 1720240.000000 1777898 1663190 
86490 0.003692 1706905.000000 1783871 1634473 
86500 0.003697 1706467.000000 1807449 1623684 
86510 0.003671 1731822.000000 1822730 1667160 
86520 0.003679 1706812.000000 1843572 1647074 
86530 0.003691 1718785.000000 1828489 1637177 
86540 0.003679 1710696.000000 1820025 1664972 
86550 0.003683 1708842.000000 1818822 1635227 
86560 0.003684 1713829.000000 1820853 1643105 
86570 0.003661 1705371.000000 1779348 1637441 
86580 0.003688 1731639.000000 1889302 1616578 
86590 0.003674 1714493.000000 1767659 1637744 
86600 0.003689 1726588.000000 1792051 1682723 
86610 0.003680 1731981.000000 1785560 1685221 
86620 0.003694 1734146.000000 1854678 1624026 
86630 0.003676 1694524.000000 1774256 1645434 
86640 0.003708 1716043.000000 1804776 1664050 
86650 0.003697 1732466.000000 1797579 1664585 
86660 0.003691 1732888.000000 1803807 1643936 
86670 0.003682 1741024.000000 1959538 1642100 
86680 0.003685 1714309.000000 1755612 1649941 
86690 0.003696 1697101.000000 1794284 1673245 
86700 0.003667 1737035.000000 1845113 1668686 
86710 0.003684 1735413.000000 1789450 1660848 
86720 0.003711 1738115.000000 1916282 1604053 
86730 0.003684 1720827.000000 1777661 1638062 
86740 0.003696 1737281.000000 1826453 1631032 
86750 0.003671 1749497.000000 1863355 1668921 
86760 0.003719 1752224.000000 1880256 1669623 
86770 0.003672 1771220.000000 1880778 1618997 
86780 0.003716 1738660.000000 1886173 1637787 
86790 0.003698 1741703.000000 1875429 1665383 
86800 0.003686 1711828.000000 1789405 1644919 
86810 0.003701 1743140.000000 1851301 1663961 
86820 0.003728 1702946.000000 1790270 1660793 
86830 0.003693 1730115.000000 1832875 1644902 
86840 0.003716 1700288.000000 1803568 1637604 
86850 0.003681 1728921.000000 1777826 1673509 
86860 0.003709 1717890.000000 1894153 1655942 
86870 0.003709 1698578.000000 1778822 1647118 
86880 0.003718 1727809.000000 1804827 1648903 
86890 0.003688 1715457.000000 1827861 1655827 
86900 0.003719 1704888.000000 1754541 1641498 
86910 0.003706 1716944.000000 1780055 1665207 
86920 0.003698 1752101.000000 1876659 1681564 
86930 0.003716 1720737.000000 1793151 1658242 
86940 0.003716 1736405.000000 1860149 1658963 
86950 0.003717 1724650.000000 1777383 1691336 
86960 0.003681 1696141.000000 1762368 1656229 
86970 0.003704 1712675.000000 1785256 1670059 
86980 0.003705 1730316.000000 1791587 1658944 
86990 0.003715 1756781.000000 1862712 1667405 
87000 0.003726 1729519.000000 1774688 1648983 
87010 0.003709 1714324.000000 1794750 1637578 
87020 0.003695 1724697.000000 1783355 1671899 
87030 0.003696 1752487.000000 1873955 1657711 
87040 0.003699 1749372.000000 1933101 1669530 
87050 0.003709 1712735.000000 1765303 1660266 
87060 0.003697 1757321.000000 1852196 1654904 
87070 0.003698 1725114.000000 1809004 1616410 
87080 0.003710 1754537.000000 1803311 1678216 
87090 0.003714 1721685.000000 1777448 1643947 
87100 0.003705 1721241.000000 1806807 1664139 
87110 0.003719 1718844.000000 1769094 1646994 
87120 0.003708 1744217.000000 1818515 1687207 
87130 0.003712 1718444.000000 1791788 1643038 
87140 0.003727 1741625.000000 1850624 1666617 
87150 0.003713 1718622.000000 1790287 1638000 
87160 0.003738 1721655.000000 1852440 1619667 
87170 0.003742 1756025.000000 1977330 1701377 
87180 0.003720 1728067.000000 1856530 1663151 
87190 0.003717 1719041.000000 1768208 1645861 
87200 0.003721 1722078.000000 1773451 1684437 
87210 0.003747 1729606.000000 1811225 1662071 
87220 0.003714 1746512.000000 1796650 1699726 
87230 0.003718 1726619.000000 1819616 1644817 
87240 0.003719 1792665.000000 1974404 1669726 
87250 0.003725 1740120.000000 1802527 1670305 
87260 0.003745 1705629.000000 1770020 1645704 
87270 0.003719 1737389.000000 1818796 1664524 
87280 0.003740 1758399.000000 1889059 1687322 
87290 0.003738 1717526.000000 1789887 1650622 
87300 0.003726 1730431.000000 1875080 1662411 
87310 0.003718 1755268.000000 1911556 1669095 
87320 0.003743 1730297.000000 1842431 1697774 
87330 0.003729 1742947.000000 1832478 1649319 
87340 0.003730 1717205.000000 1760168 1649892 
87350 0.003726 1761713.000000 1997391 1649921 
87360 0.003729 1735450.000000 1793342 1691741 
87370 0.003692 1741106.000000 1786467 1683863 
87380 0.003741 1725069.000000 1845007 1646159 
87390 0.003743 1713725.000000 1799995 1644809 
87400 0.004368 1734172.000000 1825928 1643641 
87410 0.003615 1723264.000000 1784664 1658395 
87420 0.003732 1697084.000000 1793335 1651555 
87430 0.003749 1720211.000000 1791982 1654624 
87440 0.003732 1714482.000000 1781164 1681964 
87450 0.003749 1732443.000000 1843340 1683393 
87460 0.003735 1733458.000000 1896051 1673120 
87470 0.003717 1742952.000000 1826487 1682339 
87480 0.003742 1759056.000000 1873679 1679637 
87490 0.003724 1738450.000000 1805148 1673237 
87500 0.003729 1735520.000000 1828092 1639647 
87510 0.003729 1745088.000000 1838319 1680473 
87520 0.003748 1739028.000000 1815223 1670824 
87530 0.003742 1741929.000000 1864885 1627149 
87540 0.003737 1755156.000000 1818064 1705371 
87550 0.003756 1753775.000000 1939629 1661084 
87560 0.003739 1767587.000000 1880663 1667880 
87570 0.003729 1772535.000000 1946574 1671664 
87580 0.003727 1743864.000000 1849087 1657185 
87590 0.003727 1739429.000000 1863928 1653945 
87600 0.003735 1735362.000000 1819146 1671124 
87610 0.003732 1724739.000000 1817523 1678599 
87620 0.003719 1766171.000000 1849830 1717059 
87630 0.003759 1718490.000000 1791034 1647982 
87640 0.003747 1751832.000000 1843568 1681313 
87650 0.003734 1726030.000000 1789564 1672117 
87660 0.003744 1736050.000000 1794665 1690019 
87670 0.003749 1729544.000000 1816601 1680501 
87680 0.003724 1755372.000000 1825549 1696840 
87690 0.003746 1735222.000000 1814438 1649183 
87700 0.003730 1748973.000000 1839885 1694395 
87710 0.003747 1715318.000000 1757469 1667565 
87720 0.003738 1722406.000000 1778674 1625925 
87730 0.003768 1743708.000000 1817406 1650181 
87740 0.003768 1701123.000000 1756615 1625769 
87750 0.003749 1769268.000000 1946643 1651354 
87760 0.003747 1719812.000000 1798101 1663619 
87770 0.003750 1770395.000000 1966002 1675524 
87780 0.003756 1721201.000000 1866784 1668560 
87790 0.003738 1722022.000000 1817851 1690621 
87800 0.003751 1744639.000000 1812083 1706990 
87810 0.003750 1767964.000000 1840039 1729890 
87820 0.003733 1783300.000000 1906794 1695478 
87830 0.003749 1742257.000000 1864395 1659913 
87840 0.003737 1739509.000000 1848627 1647693 
87850 0.003740 1737654.000000 1780437 1687798 
87860 0.003737 1715664.000000 1816741 1668579 
87870 0.003749 1744225.000000 1823711 1650571 
87880 0.003750 1748883.000000 1912587 1695438 
87890 0.003740 1753767.000000 1829536 1703089 
87900 0.003764 1764938.000000 1901251 1655164 
87910 0.003749 1759872.000000 1864781 1710679 
87920 0.003768 1766488.000000 1871897 1675748 
87930 0.003775 1748345.000000 1868477 1675093 
87940 0.003740 1762131.000000 1872984 1667851 
87950 0.003760 1742648.000000 1825714 1665078 
87960 0.003756 1742994.000000 1896065 1663624 
87970 0.003752 1751717.000000 1991762 1659518 
87980 0.003741 1741734.000000 1808216 1678369 
87990 0.003751 1782185.000000 1850125 1702541 
88000 0.003742 1791414.000000 1961781 1689652 
88010 0.003755 1775781.000000 1849234 1701432 
88020 0.003775 1753387.000000 1813203 1711065 
88030 0.003733 1742784.000000 1799757 1682226 
88040 0.003768 1787419.000000 1896399 1709900 
88050 0.003738 1755922.000000 1808235 1705976 
88060 0.003749 1761640.000000 1827100 1704133 
88070 0.003756 1768806.000000 1820479 1719652 
88080 0.003756 1754154.000000 1880601 1668280 
88090 0.003749 1762352.000000 1831810 1684853 
88100 0.003752 1763779.000000 1908890 1702483 
88110 0.003772 1745046.000000 1832049 1681825 
88120 0.003770 1772367.000000 1855011 1676704 
88130 0.003765 1734156.000000 1793344 1642502 
88140 0.003729 1732062.000000 1781868 1690134 
88150 0.003739 1758015.000000 1850553 1685744 
88160 0.003763 1773213.000000 1863437 1719366 
88170 0.003744 1757345.000000 1794213 1708058 
88180 0.003782 1757830.000000 1867493 1651763 
88190 0.003769 1753318.000000 1832361 1671684 
88200 0.003784 1740772.000000 1823799 1674290 
88210 0.003765 1752421.000000 1836629 1691899 
88220 0.003743 1769785.000000 1868952 1684721 
88230 0.003758 1771670.000000 1867555 1687810 
88240 0.003798 1737770.000000 1907464 1662445 
88250 0.003780 1766782.000000 1922883 1688337 
88260 0.003758 1732403.000000 1830595 1689674 
88270 0.003742 1760522.000000 1950795 1677021 
88280 0.003738 1766182.000000 1892713 1678313 
88290 0.003750 1783839.000000 1919173 1711284 
88300 0.003759 1756940.000000 1801396 1683569 
88310 0.003761 1770922.000000 1910495 1695244 
88320 0.003774 1746016.000000 1865591 1671204 
88330 0.003761 1756436.000000 1841895 1699657 
88340 0.003755 1785587.000000 1906827 1718352 
88350 0.003789 1732308.000000 1801739 1675504 
88360 0.003755 1766162.000000 1897052 1699321 
88370 0.003756 1762165.000000 1836246 1708878 
88380 0.003775 1758455.000000 1813567 1704082 
88390 0.003768 1733259.000000 1791306 1661659 
88400 0.003765 1744177.000000 1798180 1686778 
88410 0.003778 1752474.000000 1804977 1684903 
88420 0.003760 1770676.000000 1861192 1713837 
88430 0.003780 1765362.000000 1947812 1672835 
88440 0.003782 1744575.000000 1851803 1679188 
88450 0.003770 1770917.000000 1847262 1700074 
88460 0.003765 1776768.000000 1861683 1683685 
88470 0.003781 1756712.000000 1852690 1665430 
88480 0.003748 1756657.000000 1902845 1658638 
88490 0.003753 1761018.000000 1835979 1705761 
88500 0.003789 1764847.000000 1895062 1717629 
88510 0.003802 1764640.000000 1897205 1704671 
88520 0.003764 1752574.000000 1814874 1671948 
88530 0.003761 1763439.000000 1817647 1687435 
88540 0.003797 1758699.000000 1932559 1675810 
88550 0.003775 1735035.000000 1766000 1699378 
88560 0.003790 1754995.000000 1871058 1697592 
88570 0.003801 1765391.000000 1865233 1705833 
88580 0.003785 1787117.000000 1861804 1688831 
88590 0.003790 1755309.000000 1843147 1696042 
88600 0.003786 1743810.000000 1846150 1667334 
88610 0.003794 1772416.000000 1907472 1715402 
88620 0.003811 1751600.000000 1843782 1674313 
88630 0.003782 1764642.000000 1944425 1664397 
88640 0.003804 1753280.000000 1855715 1696401 
88650 0.003801 1780334.000000 1891482 1699814 
88660 0.003792 1756310.000000 1808819 1697377 
88670 0.003773 1773320.000000 1875102 1667413 
88680 0.003798 1761726.000000 1862037 1679790 
88690 0.003809 1770267.000000 1906788 1708999 
88700 0.003790 1768117.000000 1818256 1689959 
88710 0.003791 1739247.000000 1808478 1668799 
88720 0.003797 1783929.000000 1855441 1686206 
88730 0.003795 1766132.000000 1825865 1706699 
88740 0.003769 1766845.000000 1849943 1693626 
88750 0.003802 1749605.000000 1863521 1689000 
88760 0.003810 1764391.000000 1874677 1690843 
88770 0.003792 1785277.000000 1872132 1693828 
88780 0.003792 1790387.000000 1881948 1713172 
88790 0.003814 1781204.000000 1850312 1733812 
88800 0.003811 1763983.000000 1854778 1681446 
88810 0.003770 1774290.000000 1864726 1722578 
88820 0.003767 1771102.000000 1873904 1690263 
88830 0.003785 1779638.000000 1868659 1707460 
88840 0.003816 1763330.000000 1833618 1682739 
88850 0.003786 1767956.000000 1845575 1690304 
88860 0.003820 1744028.000000 1821997 1695684 
88870 0.003814 1762363.000000 1833689 1702071 
88880 0.003795 1774526.000000 1831622 1721785 
88890 0.003793 1782989.000000 1944520 1685534 
88900 0.003809 1794251.000000 1996633 1679894 
88910 0.003800 1792920.000000 1922616 1728652 
88920 0.003798 1770532.000000 1847806 1701308 
88930 0.003776 1782986.000000 1841734 1721548 
88940 0.003791 1783212.000000 1909324 1679670 
88950 0.003796 1791045.000000 1874377 1731571 
88960 0.003778 1767095.000000 1795270 1736492 
88970 0.003837 1747649.000000 1881844 1686067 
88980 0.003790 1809363.000000 1983440 1735695 
88990 0.003801 1736929.000000 1810927 1658710 
89000 0.003788 1770610.000000 1878144 1713549 
89010 0.003797 1794023.000000 1912608 1738910 
89020 0.003794 1748129.000000 1790103 1697875 
89030 0.003800 1791574.000000 1933826 1675970 
89040 0.003815 1810405.000000 1884481 1728251 
89050 0.003800 1770258.000000 1865991 1690631 
89060 0.003815 1794790.000000 1903465 1702790 
89070 0.003808 1781352.000000 1870018 1707079 
89080 0.003825 1768825.000000 1816868 1704911 
89090 0.003815 1806265.000000 1887190 1750003 
89100 0.003823 1807560.000000 1922356 1722738 
89110 0.003816 1804142.000000 1922067 1737311 
89120 0.003809 1775634.000000 1910869 1663615 
89130 0.003816 1798089.000000 1957572 1704271 
89140 0.003821 1771410.000000 1880218 1689700 
89150 0.003838 1757694.000000 1829457 1687039 
89160 0.003797 1779901.000000 1846501 1706968 
89170 0.003821 1777675.000000 1900476 1720791 
89180 0.003834 1759528.000000 1872985 1687555 
89190 0.003830 1762373.000000 1829088 1702914 
89200 0.003829 1785634.000000 1856915 1708468 
89210 0.003812 1781090.000000 1861282 1734852 
89220 0.003816 1781051.000000 1987296 1688963 
89230 0.003827 1797663.000000 1885434 1709436 
89240 0.003833 1781442.000000 1929417 1685110 
89250 0.003810 1775752.000000 1863464 1717293 
89260 0.003819 1778333.000000 1858223 1721328 
89270 0.003819 1803071.000000 1942317 1699827 
89280 0.003822 1799119.000000 1846033 1743406 
89290 0.003841 1768661.000000 1891150 1696655 
89300 0.003815 1779055.000000 1844592 1704006 
89310 0.003813 1753197.000000 1795776 1687655 
89320 0.003806 1781907.000000 1863488 1689667 
89330 0.003823 1781248.000000 1860068 1718388 
89340 0.003828 1795884.000000 1932957 1690449 
89350 0.003814 1786191.000000 1846247 1719166 
89360 0.003818 1788133.000000 1884713 1705865 
89370 0.003794 1781176.000000 1868737 1717911 
89380 0.003825 1767805.000000 1927792 1718708 
89390 0.003855 1805043.000000 1938846 1686906 
89400 0.004462 1781372.000000 1829321 1746371 
89410 0.004276 1825673.000000 1956920 1710999 
89420 0.004505 1816302.000000 1919106 1740943 
89430 0.004047 1792457.000000 1856816 1722801 
89440 0.004128 1751032.000000 1791896 1695754 
89450 0.003923 1790519.000000 1916546 1719228 
89460 0.003892 1779691.000000 1938335 1713389 
89470 0.003921 1784617.000000 1883592 1710008 
89480 0.003859 1787085.000000 1881997 1743886 
89490 0.003873 1802833.000000 1864932 1704602 
89500 0.003902 1786561.000000 1881790 1725056 
89510 0.003918 1781206.000000 1882691 1717436 
89520 0.003920 1821543.000000 1954402 1726922 
89530 0.003874 1780035.000000 1837759 1719732 
89540 0.003878 1795153.000000 1928820 1713178 
89550 0.003840 1780794.000000 1826334 1737229 
89560 0.003853 1789250.000000 1858385 1763028 
89570 0.003862 1812120.000000 1997300 1694074 
89580 0.003854 1781434.000000 1863057 1702167 
89590 0.003836 1807825.000000 1875248 1743379 
89600 0.003864 1803265.000000 1839871 1757000 
89610 0.003859 1740927.000000 1781728 1705781 
89620 0.003859 1792322.000000 1882403 1673634 
89630 0.003853 1802292.000000 1884215 1741303 
89640 0.003854 1774505.000000 1865839 1691053 
89650 0.003878 1754334.000000 1850417 1677005 
89660 0.003861 1768634.000000 1821254 1685337 
89670 0.003850 1824559.000000 1941239 1747760 
89680 0.004183 1774540.000000 1830723 1687516 
89690 0.003849 1821905.000000 1922272 1747710 
89700 0.003839 1793412.000000 1892834 1715162 
89710 0.003835 1771249.000000 1901503 1715217 
89720 0.003868 1806415.000000 1876979 1729938 
89730 0.003863 1820339.000000 1976585 1685483 
89740 0.003856 1784469.000000 1891461 1711067 
89750 0.003833 1809689.000000 1911129 1758053 
89760 0.003831 1777150.000000 1869269 1703189 
89770 0.003864 1812972.000000 1938502 1747377 
89780 0.003863 1782475.000000 1869066 1747430 
89790 0.003847 1822043.000000 1999230 1721440 
89800 0.003875 1816218.000000 1910091 1757823 
89810 0.003866 1781301.000000 1888003 1698865 
89820 0.003870 1814011.000000 1887256 1742613 
89830 0.003867 1790913.000000 1844609 1747530 
89840 0.003855 1801929.000000 1889288 1741685 
89850 0.003854 1787882.000000 1833088 1730212 
89860 0.003848 1776604.000000 1844837 1733890 
89870 0.003869 1798013.000000 1900867 1689476 
89880 0.003840 1768784.000000 1881942 1703023 
89890 0.003891 1791105.000000 1923793 1710250 
89900 0.003866 1779876.000000 1865703 1708331 
89910 0.003854 1769525.000000 1900544 1687671 
89920 0.003838 1798384.000000 1942891 1713405 
89930 0.003859 1818222.000000 1913985 1751199 
89940 0.003862 1799203.000000 1920552 1741922 
89950 0.003876 1807819.000000 1878896 1720988 
89960 0.003856 1788628.000000 1955268 1707407 
89970 0.003859 1801053.000000 1864517 1722944 
89980 0.003857 1809920.000000 1890056 1721914 
89990 0.003856 1780152.000000 1842343 1728084 
90000 0.003902 1797191.000000 1881457 1746616 
90010 0.003893 1782424.000000 1874409 1692755 
90020 0.003861 1763453.000000 1854201 1715762 
90030 0.003885 1803558.000000 1898313 1730616 
90040 0.003878 1788017.000000 1851748 1730727 
90050 0.003894 1779110.000000 1867589 1702548 
90060 0.003850 1811085.000000 1929148 1752120 
90070 0.003855 1810081.000000 1990291 1698372 
90080 0.003873 1785604.000000 1877481 1724987 
90090 0.003852 1796506.000000 1840844 1750929 
90100 0.003850 1825972.000000 1889629 1761090 
90110 0.003871 1845417.000000 1946819 1736201 
90120 0.003856 1789592.000000 1911341 1718674 
90130 0.003907 1861712.000000 2019321 1762817 
90140 0.003884 1786196.000000 1837681 1732615 
90150 0.003855 1807146.000000 1876926 1713425 
90160 0.003875 1802858.000000 1879792 1732667 
90170 0.003866 1807244.000000 1886103 1716477 
90180 0.003877 1799918.000000 1883008 1717403 
90190 0.003872 1808021.000000 1883721 1749787 
90200 0.003850 1783474.000000 1877654 1723320 
90210 0.003857 1796493.000000 1908446 1725470 
90220 0.003871 1788094.000000 1878607 1708454 
90230 0.003859 1808438.000000 1900035 1731439 
90240 0.003861 1798156.000000 1917493 1741657 
90250 0.003887 1798021.000000 1869260 1750288 
90260 0.003869 1824975.000000 1913357 1780811 
90270 0.003862 1802812.000000 1863959 1762309 
90280 0.003879 1792757.000000 1873325 1688305 
90290 0.003904 1816747.000000 2118198 1718736 
90300 0.003890 1824933.000000 1936965 1714221 
90310 0.003892 1817132.000000 1881452 1748196 
90320 0.003877 1804291.000000 1876465 1765524 
90330 0.003858 1803865.000000 1865274 1731627 
90340 0.003871 1821004.000000 1899282 1688908 
90350 0.003883 1819453.000000 1883251 1754169 
90360 0.003864 1766709.000000 1824683 1701120 
90370 0.003846 1791486.000000 1876032 1740992 
90380 0.003890 1807912.000000 1927831 1740163 
90390 0.003871 1824556.000000 1933784 1741472 
90400 0.003884 1812237.000000 1923136 1768417 
90410 0.003857 1841019.000000 1944676 1750049 
90420 0.003890 1807576.000000 2010432 1736845 
90430 0.003852 1831655.000000 1940265 1705236 
90440 0.003885 1826488.000000 1930848 1739218 
90450 0.003882 1802372.000000 1856747 1743192 
90460 0.003868 1782195.000000 1852756 1743426 
90470 0.003894 1791136.000000 1887176 1687532 
90480 0.003861 1785498.000000 1892023 1725463 
90490 0.004762 1813725.000000 1884307 1769703 
90500 0.003907 1800995.000000 1943779 1727286 
90510 0.003872 1819461.000000 1909158 1733927 
90520 0.003862 1838316.000000 1992001 1713821 
90530 0.003884 1769117.000000 1808591 1720167 
90540 0.003855 1853585.000000 1965730 1754341 
90550 0.003854 1830490.000000 1922046 1752169 
90560 0.003868 1807404.000000 1882423 1707618 
90570 0.003903 1817760.000000 1907556 1729325 
90580 0.003887 1837750.000000 1968650 1775832 
90590 0.003900 1836822.000000 1943991 1754634 
90600 0.003851 1833276.000000 2055802 1739833 
90610 0.003877 1775617.000000 1829293 1740961 
90620 0.003864 1784572.000000 1871117 1713606 
90630 0.003890 1839948.000000 1929985 1762673 
90640 0.003855 1796703.000000 1878966 1746515 
90650 0.003878 1840631.000000 1952167 1695777 
90660 0.003858 1807813.000000 1867381 1720978 
90670 0.003857 1813542.000000 1987202 1747027 
90680 0.003873 1808328.000000 1866057 1754099 
90690 0.003865 1798951.000000 1939797 1727691 
90700 0.003851 1810641.000000 1940549 1752616 
90710 0.003883 1849282.000000 2120790 1761909 
90720 0.003875 1819738.000000 1929815 1760403 
90730 0.003857 1795917.000000 1869203 1749756 
90740 0.003885 1806265.000000 1864059 1735292 
90750 0.003856 1829388.000000 1965940 1723763 
90760 0.003888 1793617.000000 1876078 1735174 
90770 0.003857 1804916.000000 1898172 1706170 
90780 0.003854 1829904.000000 1966408 1783296 
90790 0.003861 1805763.000000 1874923 1765672 
90800 0.003875 1814361.000000 1887375 1761316 
90810 0.003891 1782876.000000 1862720 1728814 
90820 0.003897 1782654.000000 1852937 1702578 
90830 0.003894 1787277.000000 1867182 1731131 
90840 0.003882 1837168.000000 1948573 1755882 
90850 0.003884 1803436.000000 1880406 1743975 
90860 0.003881 1839501.000000 1936395 1767824 
90870 0.003884 1799469.000000 1889037 1744972 
90880 0.003900 1804405.000000 1874118 1756131 
90890 0.003874 1800286.000000 1898576 1737432 
90900 0.003872 1830917.000000 1893094 1761429 
90910 0.003868 1814006.000000 1894954 1757513 
90920 0.003871 1792093.000000 1876389 1759028 
90930 0.003889 1787931.000000 2007676 1729433 
90940 0.003884 1842928.000000 1959408 1757653 
90950 0.003883 1800164.000000 1851367 1722990 
90960 0.003901 1782489.000000 1848088 1731184 
90970 0.003881 1820362.000000 1901653 1750519 
90980 0.003896 1818475.000000 1938882 1759003 
90990 0.003880 1814415.000000 1870983 1766647 
91000 0.003867 1846867.000000 1940378 1737428 
91010 0.003860 1808495.000000 1934945 1758412 
91020 0.003859 1828290.000000 1921494 1754402 
91030 0.003876 1825891.000000 1909335 1725438 
91040 0.003894 1802160.000000 1914696 1734932 
91050 0.003860 1823574.000000 1939040 1755951 
91060 0.003904 1809749.000000 1962268 1745402 
91070 0.003869 1826419.000000 1914053 1785390 
91080 0.003876 1805547.000000 1874142 1745874 
91090 0.003881 1842505.000000 1946007 1752747 
91100 0.003891 1811478.000000 1965610 1717329 
91110 0.003893 1828643.000000 1915317 1751629 
91120 0.003893 1800465.000000 1903731 1745223 
91130 0.003918 1802994.000000 1905724 1722665 
91140 0.003903 1831282.000000 1926465 1768571 
91150 0.003886 1818173.000000 1901456 1726631 
91160 0.003903 1855185.000000 2063458 1748611 
91170 0.003898 1879138.000000 2086667 1776705 
91180 0.003902 1829938.000000 2002042 1740494 
91190 0.003880 1811491.000000 1944608 1744762 
91200 0.003864 1805395.000000 1883256 1744655 
91210 0.003893 1827947.000000 1961285 1717329 
91220 0.003894 1836996.000000 1920667 1748025 
91230 0.003925 1840805.000000 1958602 1764246 
91240 0.003901 1819732.000000 1906880 1744282 
91250 0.003901 1832863.000000 1942736 1748462 
91260 0.003901 1868755.000000 2011441 1785723 
91270 0.003912 1827777.000000 1967181 1745911 
91280 0.003893 1844399.000000 1925420 1770200 
91290 0.003887 1846278.000000 1918132 1789446 
91300 0.003899 1814589.000000 1904405 1748236 
91310 0.003884 1812891.000000 1917407 1730659 
91320 0.003924 1809826.000000 1856228 1748989 
91330 0.003938 1819564.000000 1908966 1776225 
91340 0.003896 1815666.000000 1915159 1746684 
91350 0.003923 1775227.000000 1904403 1712827 
91360 0.003930 1814256.000000 1887890 1744866 
91370 0.003881 1801153.000000 1928482 1732629 
91380 0.003904 1810808.000000 1894507 1775495 
91390 0.003882 1842717.000000 2008400 1777073 
91400 0.003904 1834860.000000 1997005 1724229 
91410 0.003911 1830472.000000 1914763 1721301 
91420 0.003908 1847845.000000 2024986 1765392 
91430 0.003922 1852659.000000 1929467 1722795 
91440 0.003910 1832310.000000 1931176 1750703 
91450 0.003914 1821225.000000 1856415 1765370 
91460 0.003891 1824551.000000 1885309 1771591 
91470 0.003921 1844844.000000 1911444 1778058 
91480 0.003899 1843308.000000 1957846 1716411 
91490 0.003887 1819858.000000 1871528 1761496 
91500 0.003908 1809145.000000 1860765 1740815 
91510 0.003904 1828766.000000 1938271 1745458 
91520 0.003889 1817532.000000 1884504 1741525 
91530 0.003909 1823123.000000 1908868 1739474 
91540 0.003921 1798664.000000 1894538 1753713 
91550 0.003912 1841000.000000 1927191 1727736 
91560 0.003905 1832218.000000 2025150 1765652 
91570 0.003885 1845154.000000 1919400 1785862 
91580 0.003895 1834608.000000 1910407 1725351 
91590 0.003912 1875578.000000 2122038 1771005 
91600 0.003920 1847963.000000 1936399 1793900 
91610 0.003928 1861087.000000 2019876 1748056 
91620 0.003924 1844810.000000 1927568 1778435 
91630 0.003934 1837749.000000 1913442 1779882 
91640 0.003907 1844018.000000 1905087 1757643 
91650 0.003902 1822992.000000 1892512 1745504 
91660 0.003926 1840317.000000 1953153 1750294 
91670 0.003900 1868113.000000 1989346 1790661 
91680 0.003905 1865474.000000 2076131 1762725 
91690 0.003912 1815668.000000 1877905 1766505 
91700 0.003899 1829458.000000 1954787 1748132 
91710 0.003922 1883371.000000 1986357 1762865 
91720 0.003920 1825697.000000 1924336 1767323 
91730 0.003898 1824319.000000 1908752 1726428 
91740 0.003895 1826794.000000 1887774 1732219 
91750 0.003906 1859482.000000 1999935 1778074 
91760 0.003917 1865249.000000 1967019 1774125 
91770 0.003921 1854175.000000 1957807 1786538 
91780 0.003928 1843166.000000 1988792 1740248 
91790 0.003910 1808282.000000 1899980 1746853 
91800 0.003888 1829925.000000 1942071 1769994 
91810 0.003905 1839918.000000 1998843 1784833 
91820 0.003902 1830737.000000 1964597 1770289 
91830 0.003925 1877994.000000 1970755 1778016 
91840 0.003935 1822395.000000 1895868 1778518 
91850 0.003916 1831711.000000 1929010 1760379 
91860 0.003922 1803722.000000 1858210 1766757 
91870 0.003935 1868353.000000 2001949 1792955 
91880 0.003924 1822038.000000 1955177 1778432 
91890 0.003909 1816247.000000 1913808 1775369 
91900 0.003926 1857823.000000 2065308 1748516 
91910 0.003919 1831445.000000 1898895 1772432 
91920 0.003934 1805628.000000 1871559 1713624 
91930 0.003903 1828696.000000 1900138 1753311 
91940 0.003931 1828313.000000 1926261 1766081 
91950 0.003898 1866881.000000 1975417 1781821 
91960 0.003917 1857234.000000 1941608 1795578 
91970 0.003918 1870860.000000 1966928 1815157 
91980 0.003905 1869045.000000 2098462 1750375 
91990 0.003918 1893807.000000 2037552 1790341 
92000 0.003927 1862084.000000 1949745 1769702 
92010 0.003951 1880127.000000 1924401 1836617 
92020 0.003923 1851384.000000 1991793 1771991 
92030 0.003906 1855723.000000 1964492 1766982 
92040 0.003930 1860587.000000 1987167 1763419 
92050 0.003965 1849119.000000 1943729 1782312 
92060 0.003928 1853301.000000 1959485 1790358 
92070 0.003923 1868602.000000 2073238 1773898 
92080 0.003955 1856053.000000 1991644 1776109 
92090 0.003925 1822801.000000 1915298 1751770 
92100 0.003939 1805952.000000 1892888 1757127 
92110 0.003928 1840720.000000 2027554 1778297 
92120 0.003957 1828472.000000 1919249 1749659 
92130 0.003943 1843595.000000 1990613 1767172 
92140 0.003954 1834322.000000 1876403 1768310 
92150 0.003922 1824389.000000 1881790 1764157 
92160 0.003922 1842054.000000 1907753 1798672 
92170 0.003940 1849626.000000 1906536 1789915 
92180 0.003957 1843452.000000 1936567 1780606 
92190 0.003952 1844835.000000 1904099 1787744 
92200 0.004152 1826539.000000 1903083 1752865 
92210 0.003994 1860916.000000 1963554 1810737 
92220 0.003928 1858277.000000 1990398 1778475 
92230 0.003971 1835839.000000 1923870 1775874 
92240 0.003968 1832502.000000 1926963 1769100 
92250 0.003948 1837417.000000 1863052 1804051 
92260 0.003954 1855224.000000 1944365 1772630 
92270 0.003972 1868618.000000 1980023 1790010 
92280 0.003953 1862844.000000 1959208 1761744 
92290 0.003945 1846682.000000 1927647 1760192 
92300 0.003960 1846622.000000 1957887 1775509 
92310 0.003951 1838697.000000 1962549 1781358 
92320 0.003995 1846731.000000 2089021 1730553 
92330 0.003932 1858937.000000 1959930 1750215 
92340 0.003997 1831231.000000 1957560 1782320 
92350 0.003954 1860174.000000 2016007 1793703 
92360 0.003983 1842716.000000 1906880 1770068 
92370 0.003970 1842425.000000 1912662 1731297 
92380 0.003983 1845411.000000 2029723 1737643 
92390 0.003982 1829248.000000 1921052 1751382 
92400 0.003979 1808982.000000 1944041 1731117 
92410 0.003971 1865105.000000 1928400 1783375 
92420 0.003953 1849421.000000 1912565 1776064 
92430 0.003975 1833282.000000 1886902 1738347 
92440 0.003956 1832917.000000 1985889 1773711 
92450 0.003973 1865595.000000 1965529 1781002 
92460 0.003996 1851443.000000 1955379 1768752 
92470 0.003965 1847820.000000 1891564 1758127 
92480 0.003941 1842044.000000 1904509 1773963 
92490 0.003960 1852115.000000 1936089 1740616 
92500 0.003960 1852247.000000 1892503 1818106 
92510 0.003982 1831287.000000 1907530 1783002 
92520 0.003972 1852441.000000 1968017 1788319 
92530 0.003962 1881790.000000 1934956 1801373 
92540 0.003951 1849664.000000 1966063 1783188 
92550 0.003981 1840580.000000 2014164 1773336 
92560 0.003973 1872862.000000 2028119 1788834 
92570 0.003980 1866799.000000 1967987 1774467 
92580 0.003956 1865247.000000 1942648 1787043 
92590 0.003983 1828503.000000 1926532 1761072 
92600 0.003986 1853453.000000 2005976 1813961 
92610 0.003988 1871569.000000 1992125 1791251 
92620 0.003962 1868647.000000 1968232 1739815 
92630 0.003991 1874055.000000 1986970 1776387 
92640 0.003983 1846564.000000 1975237 1772080 
92650 0.004235 1864503.000000 1967752 1758027 
92660 0.004013 1868359.000000 2048577 1801608 
92670 0.003968 1837895.000000 1944297 1790258 
92680 0.004008 1876883.000000 1971773 1787992 
92690 0.004000 1864142.000000 1991918 1764913 
92700 0.003976 1843056.000000 1937839 1765238 
92710 0.003975 1859172.000000 1946624 1807031 
92720 0.003972 1839728.000000 1924352 1743645 
92730 0.003999 1835734.000000 1928785 1777544 
92740 0.003979 1852476.000000 1930928 1788635 
92750 0.003979 1851547.000000 1948813 1784176 
92760 0.003999 1817255.000000 1898703 1767035 
92770 0.003984 1847322.000000 1934310 1777200 
92780 0.003972 1847502.000000 1920399 1791958 
92790 0.003977 1834276.000000 1938926 1787100 
92800 0.003991 1850272.000000 2004589 1766546 
92810 0.003997 1854179.000000 1996373 1790453 
92820 0.003998 1840642.000000 1887052 1773265 
92830 0.004001 1871327.000000 1946909 1802294 
92840 0.003986 1876239.000000 2037836 1807155 
92850 0.003990 1846294.000000 1889116 1787448 
92860 0.004005 1887177.000000 1977766 1797483 
92870 0.004015 1846010.000000 1924747 1752405 
92880 0.003970 1869686.000000 1959820 1816185 
92890 0.003968 1857695.000000 1921681 1804815 
92900 0.003977 1847805.000000 1929895 1768217 
92910 0.003988 1878748.000000 2167005 1748892 
92920 0.003990 1866966.000000 1984670 1773517 
92930 0.003979 1851576.000000 1954162 1804420 
92940 0.003991 1844705.000000 1910349 1761592 
92950 0.003987 1862399.000000 1922122 1802654 
92960 0.004007 1846690.000000 1918388 1772887 
92970 0.003995 1866210.000000 1931994 1776657 
92980 0.003999 1845136.000000 1904641 1801169 
92990 0.004001 1836987.000000 1947507 1792931 
93000 0.003991 1859846.000000 2078006 1786538 
93010 0.003983 1899920.000000 2040279 1820292 
93020 0.003989 1845232.000000 1929175 1762892 
93030 0.003996 1854371.000000 1954090 1765505 
93040 0.004020 1868714.000000 1987685 1770186 
93050 0.003986 1891264.000000 1979202 1806308 
93060 0.003998 1858470.000000 1965829 1791597 
93070 0.004005 1841383.000000 1925710 1766117 
93080 0.004033 1855405.000000 2008450 1764599 
93090 0.004013 1839833.000000 1921472 1807221 
93100 0.003991 1895508.000000 2002330 1848460 
93110 0.004014 1855602.000000 1928848 1738221 
93120 0.004023 1823202.000000 1898670 1744462 
93130 0.003996 1910753.000000 1990254 1847639 
93140 0.004015 1888312.000000 1961145 1797545 
93150 0.004009 1873465.000000 2001916 1801606 
93160 0.004014 1822199.000000 1913496 1740755 
93170 0.003979 1860769.000000 1942090 1786355 
93180 0.003981 1884878.000000 1994983 1798433 
93190 0.004007 1912734.000000 2089488 1821182 
93200 0.004016 1847145.000000 1950927 1775786 
93210 0.004015 1887914.000000 2000913 1827171 
93220 0.003997 1867444.000000 1971559 1797488 
93230 0.004034 1861833.000000 2004236 1754474 
93240 0.004010 1874240.000000 1954157 1781062 
93250 0.003980 1847633.000000 1878194 1811606 
93260 0.003994 1876072.000000 1938558 1824633 
93270 0.004013 1883701.000000 2023902 1824550 
93280 0.004012 1859881.000000 1959464 1764260 
93290 0.004024 1854595.000000 1911361 1786694 
93300 0.004006 1897675.000000 2035636 1815837 
93310 0.003999 1891820.000000 1954346 1804656 
93320 0.004005 1853241.000000 1936933 1777996 
93330 0.004007 1857026.000000 1941443 1788054 
93340 0.004001 1831944.000000 1898798 1782504 
93350 0.004022 1862087.000000 1962518 1809222 
93360 0.003992 1876786.000000 1967257 1809465 
93370 0.004031 1850539.000000 1964460 1776801 
93380 0.004006 1868905.000000 1922672 1775173 
93390 0.004010 1883937.000000 1979160 1810899 
93400 0.004000 1885491.000000 1942879 1816871 
93410 0.003992 1852420.000000 1954821 1786628 
93420 0.004004 1900133.000000 2056849 1819732 
93430 0.004032 1892613.000000 2022171 1821012 
93440 0.004013 1863500.000000 1891645 1806658 
93450 0.004001 1913255.000000 2014109 1848958 
93460 0.004020 1836683.000000 1899740 1751522 
93470 0.004010 1892907.000000 1957301 1791414 
93480 0.004001 1881345.000000 1947487 1815427 
93490 0.004022 1847129.000000 1901698 1777375 
93500 0.004021 1868892.000000 1935497 1801597 
93510 0.004016 1893100.000000 2008795 1801894 
93520 0.004011 1869606.000000 1934508 1788938 
93530 0.003991 1868870.000000 1930685 1766622 
93540 0.004042 1867422.000000 1984445 1803607 
93550 0.004024 1849271.000000 1978148 1780335 
93560 0.004003 1878903.000000 1952606 1821352 
93570 0.004010 1877265.000000 2012279 1819320 
93580 0.003997 1860102.000000 1908159 1794773 
93590 0.004039 1859430.000000 1943373 1793625 
93600 0.004003 1848811.000000 1962426 1785828 
93610 0.004016 1883093.000000 2044026 1800686 
93620 0.004019 1853757.000000 1972699 1801054 
93630 0.004003 1867639.000000 1927798 1829361 
93640 0.004039 1873091.000000 1976719 1838217 
93650 0.004017 1882003.000000 1961666 1775224 
93660 0.004020 1874252.000000 2035602 1779593 
93670 0.004030 1869229.000000 1960187 1791684 
93680 0.004048 1871546.000000 1984449 1805775 
93690 0.004002 1856075.000000 1948156 1796441 
93700 0.004064 1888808.000000 1988944 1807936 
93710 0.004013 1871486.000000 2007981 1759088 
93720 0.004032 1898797.000000 1968855 1808097 
93730 0.004037 1907570.000000 2135293 1806223 
93740 0.004034 1889226.000000 2084725 1810836 
93750 0.004024 1886294.000000 1935954 1793133 
93760 0.004029 1873615.000000 1998018 1820552 
93770 0.004025 1872276.000000 2046985 1802237 
93780 0.003988 1874666.000000 1974612 1813034 
93790 0.004055 1894214.000000 2042591 1785986 
93800 0.004014 1897113.000000 1971689 1839508 
93810 0.004066 1850189.000000 1922166 1800155 
93820 0.004011 1840916.000000 1916979 1766254 
93830 0.004002 1874643.000000 1940187 1804952 
93840 0.004034 1885391.000000 1984117 1817293 
93850 0.004019 1889882.000000 1984270 1812493 
93860 0.004038 1875116.000000 1970710 1819396 
93870 0.004046 1896057.000000 2084566 1807392 
93880 0.004047 1900108.000000 1959067 1834214 
93890 0.004012 1883092.000000 2003116 1843700 
93900 0.004057 1906968.000000 2051509 1817052 
93910 0.004038 1873107.000000 1904136 1831646 
93920 0.004038 1887731.000000 2019206 1805036 
93930 0.004112 1890182.000000 1989199 1799619 
93940 0.004027 1914059.000000 2070925 1837703 
93950 0.004049 1931041.000000 2016151 1840514 
93960 0.004025 1855647.000000 1894579 1810289 
93970 0.004018 1895998.000000 1975950 1836673 
93980 0.004041 1873137.000000 2010797 1803630 
93990 0.004020 1863299.000000 1950909 1823791 
94000 0.004012 1916053.000000 2044417 1781263 
94010 0.004043 1896896.000000 2020943 1814862 
94020 0.004038 1880031.000000 1954731 1820770 
94030 0.004026 1907147.000000 2094864 1813681 
94040 0.004054 1899598.000000 2050204 1822368 
94050 0.004034 1870055.000000 1984158 1808359 
94060 0.004045 1887128.000000 1967913 1815448 
94070 0.004039 1916548.000000 2008238 1836437 
94080 0.004024 1895585.000000 2051370 1799374 
94090 0.004040 1884908.000000 1965574 1810284 
94100 0.004051 1884758.000000 2016405 1763791 
94110 0.004040 1881813.000000 1973171 1814864 
94120 0.004044 1900394.000000 2006615 1826336 
94130 0.004044 1899136.000000 2009641 1807968 
94140 0.004077 1889388.000000 2140399 1803589 
94150 0.004082 1889347.000000 2011174 1774644 
94160 0.004046 1888698.000000 1980964 1845799 
94170 0.004026 1902805.000000 2014053 1842634 
94180 0.004047 1870631.000000 1927704 1805459 
94190 0.004075 1946248.000000 2251078 1818723 
94200 0.004026 1900706.000000 2037381 1814684 
94210 0.004053 1875322.000000 1936212 1821051 
94220 0.004032 1862353.000000 1914563 1821296 
94230 0.004064 1929945.000000 2093245 1834444 
94240 0.004041 1852644.000000 1901188 1818618 
94250 0.004039 1918154.000000 2025775 1852932 
94260 0.004086 1895041.000000 2066931 1796423 
94270 0.004070 1876544.000000 1945424 1782581 
94280 0.004043 1892408.000000 1973744 1818918 
94290 0.004059 1877741.000000 2063553 1814938 
94300 0.004049 1884685.000000 1990125 1816420 
94310 0.004060 1902309.000000 1981301 1821698 
94320 0.004052 1864454.000000 1941286 1824454 
94330 0.004042 1863827.000000 1970377 1818673 
94340 0.004156 1869206.000000 1934469 1825567 
94350 0.004071 1901700.000000 2091497 1805742 
94360 0.004826 1887862.000000 2014065 1827709 
94370 0.004117 1882468.000000 1955261 1807319 
94380 0.004138 1896050.000000 1975772 1835463 
94390 0.004131 1861135.000000 2005504 1788241 
94400 0.004152 1886914.000000 1970278 1796976 
94410 0.004123 1873507.000000 1986238 1817887 
94420 0.004135 1933430.000000 2046409 1791887 
94430 0.004137 1943419.000000 2055839 1880049 
94440 0.004149 1894321.000000 1984685 1794847 
94450 0.004137 1892898.000000 1972111 1823613 
94460 0.004168 1916813.000000 2054677 1822259 
94470 0.004058 1888068.000000 1968555 1809929 
94480 0.004090 1917604.000000 2062167 1837470 
94490 0.004075 1894397.000000 1978880 1820168 
94500 0.004138 1899377.000000 2087044 1809527 
94510 0.004186 1901938.000000 2023104 1818978 
94520 0.004172 1867102.000000 1946730 1802243 
94530 0.004184 1901587.000000 1989958 1844408 
94540 0.004197 1887440.000000 1932383 1848247 
94550 0.004227 1889589.000000 1967786 1825376 
94560 0.004189 1879919.000000 1967968 1797748 
94570 0.004164 1900216.000000 2040637 1819157 
94580 0.004169 1873079.000000 1990090 1803627 
94590 0.004142 1890093.000000 1937057 1800500 
94600 0.004155 1884250.000000 1954116 1827516 
94610 0.004153 1879017.000000 1962058 1811750 
94620 0.004119 1893549.000000 2047487 1827949 
94630 0.004158 1913595.000000 2035235 1828377 
94640 0.004137 1900719.000000 1976380 1851947 
94650 0.004169 1877375.000000 1986483 1807673 
94660 0.004124 1903072.000000 2012343 1823666 
94670 0.004170 1882162.000000 2012246 1815019 
94680 0.004164 1872428.000000 1924133 1826002 
94690 0.004147 1882598.000000 2006136 1803627 
94700 0.004136 1886305.000000 1993974 1847752 
94710 0.004161 1904251.000000 1971399 1844415 
94720 0.004122 1909707.000000 2023202 1824317 
94730 0.004163 1897990.000000 1976818 1831545 
94740 0.004133 1904500.000000 2044165 1807876 
94750 0.004166 1927545.000000 2077230 1876199 
94760 0.004158 1943069.000000 2107014 1794201 
94770 0.004139 1910748.000000 2093201 1802667 
94780 0.004170 1916078.000000 2056512 1789523 
94790 0.004165 1851034.000000 1900391 1805291 
94800 0.004138 1900184.000000 2114349 1825875 
94810 0.004150 1889384.000000 2005600 1773927 
94820 0.004144 1943153.000000 2046218 1879525 
94830 0.004130 1918154.000000 2001131 1850651 
94840 0.004145 1872673.000000 1915491 1819042 
94850 0.004119 1898951.000000 2010508 1812958 
94860 0.004132 1892268.000000 1979348 1813965 
94870 0.004126 1885968.000000 1951962 1818098 
94880 0.004148 1876013.000000 2009136 1790331 
94890 0.004172 1898676.000000 1995676 1787958 
94900 0.004164 1876885.000000 1941395 1822458 
94910 0.004126 1905940.000000 1962805 1807302 
94920 0.004143 1902536.000000 2071947 1806120 
94930 0.004120 1915691.000000 1999423 1821505 
94940 0.004139 1929574.000000 2060073 1846869 
94950 0.004141 1884584.000000 1940551 1830981 
94960 0.004135 1900329.000000 1982710 1857841 
94970 0.004168 1907973.000000 1972578 1820932 
94980 0.004157 1887120.000000 1968327 1836460 
94990 0.004130 1896654.000000 1969985 1862506 
95000 0.004150 1920947.000000 2089496 1820662 
95010 0.004153 1881035.000000 1941109 1844152 
95020 0.004147 1893234.000000 2029577 1803830 
95030 0.004156 1921803.000000 2016166 1821879 
95040 0.004142 1911665.000000 1975048 1828476 
95050 0.004149 1906645.000000 2126478 1797725 
95060 0.004126 1904666.000000 2019786 1836261 
95070 0.004131 1913128.000000 2026224 1829032 
95080 0.004140 1947046.000000 2073588 1881176 
95090 0.004147 1957061.000000 2080315 1829673 
95100 0.004198 1880811.000000 1970473 1806451 
95110 0.004140 1906596.000000 1976138 1837725 
95120 0.004151 1903402.000000 1976406 1817857 
95130 0.004118 1936934.000000 2036130 1872651 
95140 0.004145 1896794.000000 1963696 1804931 
95150 0.004139 1891164.000000 1991910 1821950 
95160 0.004149 1925108.000000 2089485 1812558 
95170 0.004145 1879028.000000 1981459 1824772 
95180 0.004156 1912092.000000 1989274 1836790 
95190 0.004155 1944936.000000 2047802 1870070 
95200 0.004162 1890580.000000 1952397 1825936 
95210 0.004152 1883050.000000 1949738 1820686 
95220 0.004158 1963106.000000 2133765 1870603 
95230 0.004164 1925528.000000 2090849 1837210 
95240 0.004165 1923778.000000 1993189 1832048 
95250 0.004150 1875208.000000 1925293 1823799 
95260 0.004151 1926928.000000 2008150 1885625 
95270 0.004187 1920077.000000 2057287 1829448 
95280 0.004165 1945623.000000 2020433 1823425 
95290 0.004164 1895223.000000 2007048 1846387 
95300 0.004144 1941167.000000 1994474 1825433 
95310 0.004174 1907860.000000 1987704 1791424 
95320 0.004180 1874074.000000 1931178 1808876 
95330 0.004133 1922803.000000 2029700 1839560 
95340 0.004176 1909227.000000 2046662 1807308 
95350 0.004158 1921305.000000 2013222 1850199 
95360 0.004152 1892224.000000 2075472 1837956 
95370 0.004169 1898852.000000 1977578 1824844 
95380 0.004163 1918397.000000 2020169 1828608 
95390 0.004133 1901193.000000 2043446 1837117 
95400 0.004168 1871512.000000 1910941 1802395 
95410 0.004152 1914535.000000 1974893 1855966 
95420 0.004194 1911238.000000 2011715 1841493 
95430 0.004146 1937436.000000 2094622 1840090 
95440 0.004167 1921496.000000 2004409 1815920 
95450 0.004154 1914927.000000 1992058 1845816 
95460 0.004168 1928945.000000 2042147 1858618 
95470 0.004171 1932583.000000 2091611 1829665 
95480 0.004048 1936288.000000 2109154 1853145 
95490 0.004086 1936310.000000 2031632 1864238 
95500 0.004090 1919485.000000 1963451 1854074 
95510 0.004110 1898960.000000 1969197 1847950 
95520 0.004095 1919395.000000 2024764 1821016 
95530 0.004102 1893742.000000 1999868 1842976 
95540 0.004102 1909283.000000 1979313 1813391 
95550 0.004110 1905968.000000 1960370 1840427 
95560 0.004144 1915731.000000 2054464 1829976 
95570 0.004114 1925440.000000 2001474 1883664 
95580 0.004117 1898193.000000 1947928 1865496 
95590 0.004118 1922944.000000 2021353 1789454 
95600 0.004090 1912569.000000 2024189 1843294 
95610 0.004104 1939604.000000 2053993 1886010 
95620 0.004110 1915888.000000 1966570 1838798 
95630 0.004092 1944011.000000 2135117 1821456 
95640 0.004103 1914164.000000 2007796 1860781 
95650 0.004105 1936031.000000 2074178 1843260 
95660 0.004128 1882364.000000 1958347 1843780 
95670 0.004107 1921976.000000 2086386 1850866 
95680 0.004120 1945015.000000 2117625 1852444 
95690 0.004100 1930576.000000 1979391 1867559 
95700 0.004091 1893177.000000 1949407 1826553 
95710 0.004132 1938325.000000 2027072 1849434 
95720 0.004122 1931030.000000 1971860 1846267 
95730 0.004170 1930055.000000 2145935 1834548 
95740 0.004102 1962545.000000 2062462 1846510 
95750 0.004124 1941932.000000 2065927 1892156 
95760 0.004102 1905578.000000 1970826 1817344 
95770 0.004133 1935960.000000 2010954 1892522 
95780 0.004127 1958136.000000 2042503 1859680 
95790 0.004130 1920238.000000 2050097 1808908 
95800 0.004136 1914095.000000 1984323 1837936 
95810 0.004089 1926395.000000 1991697 1856178 
95820 0.004124 1920634.000000 1970116 1802474 
95830 0.004114 1909817.000000 1970855 1838131 
95840 0.004128 1927030.000000 2040768 1834279 
95850 0.004106 1924118.000000 2038085 1811122 
95860 0.004137 1941051.000000 2008309 1877864 
95870 0.004116 1927620.000000 2114815 1881347 
95880 0.004151 1942934.000000 2117346 1822162 
95890 0.004113 1930260.000000 2001710 1833696 
95900 0.004130 1889148.000000 1973531 1833768 
95910 0.004159 1908042.000000 2041125 1816353 
95920 0.004115 1920101.000000 2053432 1855827 
95930 0.004132 1922035.000000 2043176 1852384 
95940 0.004111 1913184.000000 2085073 1827125 
95950 0.004123 1891120.000000 1949638 1842777 
95960 0.004126 1930591.000000 2137559 1855455 
95970 0.004136 1936505.000000 1987059 1878990 
95980 0.004188 1906249.000000 1969476 1865482 
95990 0.004170 1894777.000000 1998765 1822219 
96000 0.004166 1924296.000000 2084567 1837854 
96010 0.004151 1932786.000000 2043058 1837011 
96020 0.004214 1906098.000000 2014862 1798005 
96030 0.004195 1895049.000000 1978220 1843286 
96040 0.004193 1942319.000000 1999163 1829391 
96050 0.004154 1939339.000000 2072843 1868989 
96060 0.004213 1914930.000000 1968164 1857603 
96070 0.004159 1946047.000000 2027572 1851433 
96080 0.004132 1929122.000000 2016871 1846850 
96090 0.004151 1933962.000000 2082626 1839954 
96100 0.004172 1922968.000000 2182375 1850011 
96110 0.004124 1925084.000000 2020275 1874642 
96120 0.004141 1907878.000000 2070408 1818764 
96130 0.004158 1905346.000000 1972625 1854652 
96140 0.004174 1951382.000000 2091673 1844597 
96150 0.004174 1921398.000000 1979220 1868580 
96160 0.004134 1964115.000000 2047076 1874796 
96170 0.004148 1930183.000000 2035634 1815771 
96180 0.004146 1960972.000000 2176034 1853840 
96190 0.004140 1945260.000000 2063188 1844155 
96200 0.004168 1896755.000000 1950118 1840038 
96210 0.004158 1926340.000000 1969558 1852939 
96220 0.004150 1925580.000000 2043031 1836793 
96230 0.004145 1928200.000000 2014549 1804494 
96240 0.004171 1911718.000000 1989850 1849962 
96250 0.004165 1959873.000000 2144630 1872853 
96260 0.004147 1926134.000000 2058666 1858586 
96270 0.004151 1907149.000000 1982396 1836311 
96280 0.004160 1973779.000000 2053335 1878619 
96290 0.004144 1936279.000000 2054385 1860668 
96300 0.004146 1951485.000000 2082428 1856709 
96310 0.004174 1920296.000000 2006801 1879568 
96320 0.004159 1973735.000000 2041209 1841694 
96330 0.004160 1946032.000000 2040385 1883083 
96340 0.004151 1921600.000000 1961402 1879351 
96350 0.004163 1918153.000000 2075401 1858044 
96360 0.004159 1973079.000000 2148072 1866269 
96370 0.004160 1944973.000000 2145275 1866143 
96380 0.004179 1955488.000000 2050081 1872126 
96390 0.004182 1932222.000000 2089900 1831576 
96400 0.004206 1937022.000000 2015141 1837467 
96410 0.004519 1925866.000000 2104234 1854145 
96420 0.004196 1987261.000000 2134192 1879996 
96430 0.004190 1909392.000000 1983610 1855521 
96440 0.004151 1940826.000000 2048558 1885072 
96450 0.004187 1960889.000000 2133060 1861199 
96460 0.004165 1978130.000000 2130455 1828861 
96470 0.004153 1950136.000000 2038489 1878107 
96480 0.004156 1944411.000000 2056279 1858792 
96490 0.004193 1960942.000000 2129293 1840667 
96500 0.004173 1923799.000000 2004997 1846991 
96510 0.004190 1940866.000000 2052404 1828333 
96520 0.004160 1956297.000000 2205625 1884367 
96530 0.004177 1999142.000000 2058452 1923525 
96540 0.004137 1936523.000000 2035408 1855701 
96550 0.004186 1988804.000000 2191199 1859903 
96560 0.004166 1976738.000000 2135925 1891656 
96570 0.004180 1989299.000000 2109971 1909064 
96580 0.004161 1931722.000000 1983133 1835033 
96590 0.004165 1955160.000000 2027031 1864965 
96600 0.004137 1962150.000000 2046203 1854361 
96610 0.004162 1929113.000000 1968358 1855886 
96620 0.004135 1940697.000000 2025219 1857383 
96630 0.004154 1925718.000000 2004936 1861698 
96640 0.004209 1933939.000000 2039419 1827293 
96650 0.004173 1916562.000000 2054935 1821715 
96660 0.004149 1937457.000000 2033838 1840534 
96670 0.004183 1958622.000000 2141977 1870451 
96680 0.004176 1969149.000000 2136507 1887888 
96690 0.004162 1950874.000000 2073038 1844703 
96700 0.004175 1965017.000000 2137755 1863398 
96710 0.004174 1928837.000000 2010924 1840597 
96720 0.004181 1904128.000000 2041334 1841978 
96730 0.004169 1941020.000000 2033122 1871949 
96740 0.004163 1951498.000000 2004087 1886495 
96750 0.004198 1951209.000000 2079282 1879287 
96760 0.004195 1971709.000000 2100806 1849121 
96770 0.004191 1938287.000000 2125731 1854113 
96780 0.004171 1943636.000000 2084427 1814200 
96790 0.004176 1956888.000000 2083319 1902912 
96800 0.004182 1927047.000000 2032005 1841226 
96810 0.004197 1921552.000000 1990422 1874646 
96820 0.004182 1908728.000000 1994029 1838042 
96830 0.004182 1932196.000000 2016834 1869559 
96840 0.004165 1923959.000000 1987294 1886333 
96850 0.004172 1952073.000000 2016038 1891743 
96860 0.004189 1924775.000000 1992423 1869914 
96870 0.004216 1937336.000000 2119032 1823249 
96880 0.004214 1957176.000000 2130209 1897273 
96890 0.004186 1950533.000000 2061983 1846868 
96900 0.004199 1936567.000000 2011225 1875966 
96910 0.004184 1920932.000000 1984681 1837434 
96920 0.004164 1974418.000000 2093805 1914155 
96930 0.004184 1949612.000000 2044061 1882846 
96940 0.004201 1904170.000000 1970214 1854368 
96950 0.004181 1951971.000000 2049878 1872256 
96960 0.004179 1943447.000000 2038128 1864916 
96970 0.004163 1994744.000000 2074448 1906669 
96980 0.004220 1935250.000000 2010494 1858343 
96990 0.004217 1925500.000000 2050013 1844146 
97000 0.004194 1957195.000000 2073507 1889967 
97010 0.004186 1974681.000000 2137180 1908311 
97020 0.004217 1939239.000000 2056408 1854133 
97030 0.004221 1964519.000000 2095920 1864808 
97040 0.004179 1943140.000000 2030870 1857218 
97050 0.004187 1951350.000000 2109673 1852664 
97060 0.004186 1935965.000000 2012935 1880289 
97070 0.004192 1954830.000000 2056926 1866996 
97080 0.004190 1913996.000000 2003860 1858746 
97090 0.004193 1941596.000000 2068642 1861683 
97100 0.004212 1946584.000000 2033628 1858188 
97110 0.004198 1965650.000000 2052563 1897815 
97120 0.004182 1966340.000000 2102111 1896381 
97130 0.004202 1945172.000000 2076606 1873802 
97140 0.004191 1952119.000000 2103006 1869647 
97150 0.004192 1971025.000000 2063531 1900559 
97160 0.004200 1926282.000000 2009947 1874795 
97170 0.004201 1945482.000000 2036592 1885890 
97180 0.004180 1957025.000000 2046666 1889435 
97190 0.004199 1978672.000000 2093274 1871251 
97200 0.004192 1942578.000000 2005199 1875877 
97210 0.004178 1985370.000000 2168961 1895440 
97220 0.004190 1939393.000000 2098812 1870692 
97230 0.004173 1991812.000000 2106693 1895362 
97240 0.004204 1978896.000000 2055575 1888685 
97250 0.004214 1981772.000000 2073366 1903691 
97260 0.004192 1939613.000000 2135568 1874943 
97270 0.004211 1946257.000000 2061023 1867378 
97280 0.004216 1947082.000000 2044105 1866295 
97290 0.004196 1989639.000000 2113493 1940100 
97300 0.004191 1985398.000000 2208380 1864764 
97310 0.004234 1944928.000000 1996977 1888342 
97320 0.004214 1940158.000000 2064215 1882757 
97330 0.004222 1956591.000000 2066993 1878530 
97340 0.004213 1957266.000000 2059567 1877156 
97350 0.004231 1944305.000000 1999389 1882192 
97360 0.004204 1956883.000000 2012630 1906008 
97370 0.004216 1973585.000000 2035164 1899549 
97380 0.004230 1975528.000000 2123235 1854372 
97390 0.004224 1956741.000000 2056079 1895204 
97400 0.004199 1934205.000000 2070154 1873574 
97410 0.004233 1962520.000000 2099796 1871844 
97420 0.004201 1959454.000000 2097686 1897979 
97430 0.004218 1949459.000000 2032659 1860036 
97440 0.004201 1964702.000000 2115175 1877057 
97450 0.004194 1988971.000000 2059975 1932940 
97460 0.004205 1935140.000000 2027543 1836997 
97470 0.004212 1949237.000000 2029598 1899800 
97480 0.004185 1963206.000000 2067153 1887263 
97490 0.004200 1941345.000000 2080449 1859946 
97500 0.004219 1963777.000000 2046763 1916496 
97510 0.004224 1958379.000000 2049024 1876260 
97520 0.004228 1961562.000000 2054779 1894477 
97530 0.004204 1962739.000000 2029579 1916287 
97540 0.004195 1941219.000000 2067583 1894622 
97550 0.004197 1957062.000000 2040564 1912234 
97560 0.004220 1952264.000000 2016114 1896368 
97570 0.004219 1948875.000000 2016914 1855929 
97580 0.004212 1981595.000000 2060032 1884719 
97590 0.004194 1952639.000000 2066782 1875072 
97600 0.004225 1978235.000000 2112128 1905392 
97610 0.004193 1946729.000000 1995060 1887611 
97620 0.004191 1980878.000000 2085729 1903073 
97630 0.004224 1973678.000000 2215514 1884090 
97640 0.004230 1945964.000000 2026731 1877395 
97650 0.004216 1957020.000000 2128737 1868887 
97660 0.004214 1975381.000000 2074276 1895240 
97670 0.004211 1938492.000000 2232884 1863643 
97680 0.004215 1940273.000000 2011737 1861019 
97690 0.004199 1947658.000000 2093690 1882570 
97700 0.004211 1980869.000000 2061203 1880977 
97710 0.004227 1959847.000000 2107785 1885380 
97720 0.004193 1945532.000000 2030317 1855374 
97730 0.004193 2004321.000000 2146651 1937095 
97740 0.004217 1956825.000000 2115949 1853924 
97750 0.004234 2027771.000000 2167237 1936374 
97760 0.004222 1977650.000000 2034175 1894356 
97770 0.004215 1988996.000000 2119990 1890295 
97780 0.004231 1955703.000000 2027053 1896938 
97790 0.004251 1955787.000000 1998215 1883682 
97800 0.004236 1992688.000000 2105007 1911812 
97810 0.004204 1966398.000000 2056381 1877164 
97820 0.004228 1983405.000000 2104406 1899720 
97830 0.004236 1983404.000000 2097619 1917892 
97840 0.004245 1940974.000000 2075986 1877180 
97850 0.004236 2000188.000000 2137969 1927596 
97860 0.004247 1960290.000000 2005733 1894928 
97870 0.004233 1977158.000000 2056351 1870925 
97880 0.004246 1951011.000000 2039232 1888952 
97890 0.004231 2004320.000000 2108010 1897985 
97900 0.004203 2017112.000000 2101655 1936880 
97910 0.004238 1999561.000000 2196445 1915152 
97920 0.004191 1949568.000000 1999116 1853091 
97930 0.004218 1962926.000000 2002197 1903751 
97940 0.004216 1948133.000000 2000182 1882024 
97950 0.004227 1951845.000000 2021322 1891136 
97960 0.004257 1958659.000000 2138828 1864206 
97970 0.004225 1966330.000000 2020427 1904082 
97980 0.004236 1973910.000000 2107068 1884642 
97990 0.004228 1994810.000000 2117006 1927781 
98000 0.004266 2028498.000000 2246604 1861492 
98010 0.004246 1975825.000000 2040610 1896725 
98020 0.004248 2029837.000000 2235164 1910152 
98030 0.004238 2001994.000000 2088009 1927561 
98040 0.004253 1952072.000000 2047880 1846832 
98050 0.004214 1995184.000000 2090653 1924449 
98060 0.004253 1932042.000000 2051369 1854427 
98070 0.004249 1933526.000000 1984711 1871713 
98080 0.004241 1966175.000000 2087698 1878954 
98090 0.004208 2005250.000000 2251449 1897521 
98100 0.004224 1971783.000000 2061990 1889453 
98110 0.004221 2006298.000000 2150110 1838485 
98120 0.004234 1993835.000000 2083196 1938046 
98130 0.004228 1951431.000000 2030545 1889321 
98140 0.004239 1962709.000000 2103217 1886408 
98150 0.004235 1981104.000000 2070795 1913679 
98160 0.004250 1967360.000000 2167131 1906349 
98170 0.004224 1983435.000000 2124090 1881064 
98180 0.004251 2017021.000000 2174396 1934252 
98190 0.004226 1991048.000000 2098023 1938566 
98200 0.004273 1951779.000000 2036355 1905236 
98210 0.004222 1972346.000000 2061280 1900585 
98220 0.004256 1967585.000000 2046791 1899934 
98230 0.004259 1945594.000000 2011251 1862197 
98240 0.004261 1969870.000000 2111658 1910966 
98250 0.004260 2034013.000000 2221888 1884442 
98260 0.004260 1979991.000000 2147339 1879806 
98270 0.004494 1965564.000000 2043830 1894128 
98280 0.004403 1956340.000000 2052966 1867333 
98290 0.004506 1961581.000000 2062389 1886796 
98300 0.005102 1971337.000000 2060012 1879075 
98310 0.004695 1974805.000000 2180130 1882880 
98320 0.004346 2008550.000000 2277860 1935000 
98330 0.004575 1971505.000000 2137837 1859244 
98340 0.004390 1965079.000000 2083404 1881591 
98350 0.004325 1990769.000000 2169683 1901535 
98360 0.004309 2019783.000000 2125804 1908513 
98370 0.004286 1966772.000000 2102589 1916743 
98380 0.004293 1968988.000000 2042159 1918615 
98390 0.004310 1969268.000000 2041988 1867859 
98400 0.004312 1959499.000000 2029336 1887601 
98410 0.004322 1982616.000000 2080080 1931593 
98420 0.004324 1987334.000000 2162912 1886288 
98430 0.004324 1961809.000000 2057494 1868360 
98440 0.004301 2029190.000000 2204166 1937089 
98450 0.004267 1997385.000000 2079413 1908679 
98460 0.004285 1996502.000000 2077875 1908063 
98470 0.004272 1961667.000000 2008781 1866907 
98480 0.004267 2007283.000000 2128925 1898600 
98490 0.004251 2008240.000000 2106887 1897924 
98500 0.004292 1982871.000000 2138715 1915935 
98510 0.004283 1992738.000000 2146592 1880665 
98520 0.004309 1971577.000000 2078366 1915863 
98530 0.004301 1970269.000000 2166168 1890837 
98540 0.004281 1991520.000000 2159452 1917902 
98550 0.004328 1994075.000000 2245662 1901110 
98560 0.004403 1984296.000000 2129219 1874455 
98570 0.004347 1967770.000000 2086276 1903225 
98580 0.004302 2010045.000000 2065246 1938383 
98590 0.004347 2000068.000000 2071152 1923669 
98600 0.004304 2027805.000000 2166946 1929744 
98610 0.004307 2024071.000000 2150222 1945662 
98620 0.004319 1973788.000000 2021869 1916437 
98630 0.004328 1986579.000000 2100102 1883894 
98640 0.004305 2007271.000000 2124214 1953204 
98650 0.004329 1978790.000000 2123782 1909308 
98660 0.004304 2008411.000000 2227693 1910196 
98670 0.004305 2026349.000000 2231948 1895190 
98680 0.004351 2009750.000000 2100974 1905106 
98690 0.004346 1960091.000000 2049867 1859546 
98700 0.004341 1989065.000000 2114086 1861730 
98710 0.004300 2012808.000000 2211851 1913382 
98720 0.004319 1983196.000000 2071439 1915606 
98730 0.004308 2009140.000000 2105416 1923265 
98740 0.004339 2015652.000000 2135768 1950967 
98750 0.004368 2021723.000000 2144566 1921821 
98760 0.004343 1987803.000000 2066086 1880972 
98770 0.004319 2021732.000000 2167409 1953563 
98780 0.004332 1980137.000000 2130818 1883318 
98790 0.004312 1984619.000000 2091186 1908502 
98800 0.004317 1990595.000000 2090317 1919573 
98810 0.004346 2013443.000000 2178558 1897799 
98820 0.004297 2009934.000000 2121823 1917955 
98830 0.004321 1996180.000000 2127691 1928524 
98840 0.004300 1975088.000000 2059215 1877241 
98850 0.004353 1961562.000000 2068598 1911098 
98860 0.004323 2001660.000000 2115971 1919749 
98870 0.004293 1984911.000000 2094169 1874436 
98880 0.004316 1975666.000000 2093266 1887021 
98890 0.004283 1974695.000000 2060934 1901281 
98900 0.004295 1993943.000000 2073263 1907839 
98910 0.004313 1946427.000000 1995875 1898712 
98920 0.004317 1994511.000000 2040058 1945132 
98930 0.004382 2004507.000000 2170155 1893142 
98940 0.004445 1975034.000000 2084771 1894834 
98950 0.004326 2018067.000000 2151147 1896609 
98960 0.004358 1997010.000000 2107087 1924049 
98970 0.004337 1989335.000000 2132798 1895166 
98980 0.004325 1994347.000000 2074127 1922762 
98990 0.004307 1968868.000000 2101222 1893634 
99000 0.004309 1994708.000000 2089801 1952561 
99010 0.004338 2010872.000000 2223295 1910096 
99020 0.004309 1990144.000000 2083655 1902212 
99030 0.004312 2017881.000000 2113331 1962410 
99040 0.004417 1967965.000000 2067260 1900513 
99050 0.004300 1970785.000000 2118282 1889144 
99060 0.004329 1990203.000000 2062171 1912065 
99070 0.004314 1984958.000000 2089962 1902373 
99080 0.004305 1990874.000000 2063977 1937981 
99090 0.004313 1989839.000000 2072413 1947544 
99100 0.004391 1990012.000000 2093691 1903890 
99110 0.004407 2033988.000000 2120510 1940135 
99120 0.004255 2029395.000000 2164379 1939698 
99130 0.004365 1994519.000000 2063658 1908653 
99140 0.004348 1970826.000000 2078349 1928449 
99150 0.004362 2036882.000000 2146934 1925062 
99160 0.004315 2026956.000000 2089934 2000801 
99170 0.004320 1993866.000000 2019832 1959264 
99180 0.004307 1995882.000000 2108595 1913145 
99190 0.004339 2073838.000000 2232061 1935603 
99200 0.004312 2009831.000000 2110918 1937363 
99210 0.004305 1993877.000000 2087620 1912823 
99220 0.004324 2009710.000000 2054478 1940709 
99230 0.004329 1977021.000000 2079892 1905460 
99240 0.004354 1997195.000000 2104905 1929010 
99250 0.004347 1962146.000000 1999952 1876028 
99260 0.004330 1969085.000000 2121170 1894984 
99270 0.004332 1973074.000000 2047885 1890345 
99280 0.004336 2007423.000000 2056787 1879266 
99290 0.004325 1999776.000000 2130895 1919515 
99300 0.004327 1960793.000000 2017704 1913827 
99310 0.004320 1994961.000000 2052983 1928138 
99320 0.004325 2015303.000000 2149025 1937175 
99330 0.004346 1980521.000000 2040378 1911370 
99340 0.004340 1985353.000000 2056629 1934907 
99350 0.004341 2004138.000000 2106927 1937906 
99360 0.004310 2025045.000000 2153716 1909681 
99370 0.004320 1998188.000000 2172094 1903026 
99380 0.004481 1978950.000000 2037146 1911968 
99390 0.004498 2008221.000000 2073244 1955011 
99400 0.004398 1999181.000000 2120541 1914771 
99410 0.004292 1987194.000000 2071697 1900808 
99420 0.004326 1991643.000000 2093007 1913334 
99430 0.004317 2008880.000000 2128741 1928470 
99440 0.004332 1965177.000000 2008672 1916556 
99450 0.004313 2007911.000000 2189238 1920440 
99460 0.004334 2026308.000000 2136141 1916282 
99470 0.004350 2017243.000000 2118067 1918462 
99480 0.004303 2021950.000000 2162857 1967812 
99490 0.004313 1991322.000000 2092737 1898412 
99500 0.004323 1980684.000000 2035431 1910320 
99510 0.004303 2011433.000000 2091203 1903161 
99520 0.004340 1997755.000000 2079556 1890679 
99530 0.004338 2014059.000000 2144073 1925944 
99540 0.004328 1974584.000000 2047316 1907914 
99550 0.004323 2035827.000000 2164625 1943607 
99560 0.004334 2021975.000000 2126276 1879759 
99570 0.004352 1981182.000000 2138773 1929565 
99580 0.004333 1992540.000000 2079719 1912631 
99590 0.004341 2019096.000000 2127946 1927915 
99600 0.004346 2008796.000000 2145897 1950803 
99610 0.004341 2023615.000000 2146705 1957317 
99620 0.004362 1982396.000000 2036843 1934524 
99630 0.004362 2074824.000000 2158192 2002091 
99640 0.004366 2021234.000000 2126452 1922327 
99650 0.004349 2015395.000000 2178052 1881957 
99660 0.004311 2013164.000000 2086921 1946114 
99670 0.004344 2026828.000000 2122342 1946697 
99680 0.004371 1988678.000000 2131690 1926535 
99690 0.004361 2049881.000000 2179623 1927781 
99700 0.004325 2019334.000000 2221364 1896634 
99710 0.004322 2016818.000000 2087199 1950580 
99720 0.004346 2002349.000000 2189932 1913123 
99730 0.004364 2010537.000000 2071624 1931736 
99740 0.004332 2036595.000000 2254854 1945594 
99750 0.004331 2008263.000000 2120284 1922115 
99760 0.004351 2031244.000000 2116188 1937549 
99770 0.004329 2016993.000000 2141949 1931221 
99780 0.004357 2019309.000000 2185872 1926805 
99790 0.004340 1987287.000000 2144413 1913549 
99800 0.004317 2011396.000000 2097042 1955828 
99810 0.004343 2037305.000000 2190287 1985262 
99820 0.004337 2032811.000000 2129177 1930922 
99830 0.004334 2005405.000000 2126740 1937216 
99840 0.004346 2023727.000000 2119020 1962882 
99850 0.004366 1990500.000000 2166711 1915531 
99860 0.004306 2018145.000000 2074480 1934516 
99870 0.004341 1993583.000000 2104774 1925861 
99880 0.004334 2055381.000000 2235924 1905473 
99890 0.004323 2041447.000000 2240694 1973640 
99900 0.004336 2000982.000000 2089014 1922465 
99910 0.004333 1996955.000000 2061355 1937103 
99920 0.004311 2032762.000000 2097011 1952180 
99930 0.004333 2029359.000000 2150002 1941864 
99940 0.004335 2011362.000000 2100100 1972590 
99950 0.004343 2015955.000000 2085863 1951140 
99960 0.004347 2017960.000000 2116292 1931028 
99970 0.004344 2016841.000000 2086786 1937386 
99980 0.004338 2021143.000000 2119263 1929155 
99990 0.004353 2024066.000000 2116349 1944293 
100000 0.004333 2050878.000000 2125604 1995677 
