N  Time  average_ob  max_ob  min_ob 
1000 0.0000000750 8.9870000000 10 1 
1001 0.0000000579 8.9880119880 10 1 
1002 0.0000000589 8.9890219561 10 1 
1003 0.0000000518 8.9900299103 10 1 
1004 0.0000000508 8.9910358566 10 1 
1005 0.0000000468 8.9920398010 10 1 
1006 0.0000000457 8.9930417495 10 1 
1007 0.0000000626 8.9940417080 10 1 
1008 0.0000000377 8.9950396825 10 1 
1009 0.0000000367 8.9960356789 10 1 
1010 0.0000000376 8.9970297030 10 1 
1011 0.0000000366 8.9980217606 10 1 
1012 0.0000000375 8.9990118577 10 1 
1013 0.0000000365 9.0000000000 10 1 
1014 0.0000000375 9.0009861933 10 1 
1015 0.0000000384 9.0019704433 10 1 
1016 0.0000000364 9.0029527559 10 1 
1017 0.0000000374 9.0039331367 10 1 
1018 0.0000000363 9.0049115914 10 1 
1019 0.0000000363 9.0058881256 10 1 
1020 0.0000000363 9.0068627451 10 1 
1021 0.0000000539 9.0078354554 10 1 
1022 0.0000000323 9.0088062622 10 1 
1023 0.0000000313 9.0097751711 10 1 
1024 0.0000000400 9.0117187500 11 1 
1025 0.0000000439 9.0136585366 11 1 
1026 0.0000000419 9.0155945419 11 1 
1027 0.0000000419 9.0175267770 11 1 
1028 0.0000000409 9.0194552529 11 1 
1029 0.0000000360 9.0213799806 11 1 
1030 0.0000000350 9.0233009709 11 1 
1031 0.0000000349 9.0252182347 11 1 
1032 0.0000000339 9.0271317829 11 1 
1033 0.0000000339 9.0290416263 11 1 
1034 0.0000000338 9.0309477756 11 1 
1035 0.0000000329 9.0328502415 11 1 
1036 0.0000000299 9.0347490347 11 1 
1037 0.0000000299 9.0366441659 11 1 
1038 0.0000000299 9.0385356455 11 1 
1039 0.0000000298 9.0404234841 11 1 
1040 0.0000000298 9.0423076923 11 1 
1041 0.0000000307 9.0441882805 11 1 
1042 0.0000000403 9.0460652591 11 1 
1043 0.0000000412 9.0479386385 11 1 
1044 0.0000000374 9.0498084291 11 1 
1045 0.0000000775 9.0516746411 11 1 
1046 0.0000000402 9.0535372849 11 1 
1047 0.0000000411 9.0553963706 11 1 
1048 0.0000000382 9.0572519084 11 1 
1049 0.0000000362 9.0591039085 11 1 
1050 0.0000000343 9.0609523810 11 1 
1051 0.0000000485 9.0627973359 11 1 
1052 0.0000000732 9.0646387833 11 1 
1053 0.0000000532 9.0664767331 11 1 
1054 0.0000000436 9.0683111954 11 1 
1055 0.0000000398 9.0701421801 11 1 
1056 0.0000000369 9.0719696970 11 1 
1057 0.0000000341 9.0737937559 11 1 
1058 0.0000000388 9.0756143667 11 1 
1059 0.0000000340 9.0774315392 11 1 
1060 0.0000000321 9.0792452830 11 1 
1061 0.0000000311 9.0810556079 11 1 
1062 0.0000000282 9.0828625235 11 1 
1063 0.0000000273 9.0846660395 11 1 
1064 0.0000000273 9.0864661654 11 1 
1065 0.0000000207 9.0882629108 11 1 
1066 0.0000000197 9.0900562852 11 1 
1067 0.0000000206 9.0918462980 11 1 
1068 0.0000000206 9.0936329588 11 1 
1069 0.0000000206 9.0954162769 11 1 
1070 0.0000000411 9.0971962617 11 1 
1071 0.0000000196 9.0989729225 11 1 
1072 0.0000000196 9.1007462687 11 1 
1073 0.0000000196 9.1025163094 11 1 
1074 0.0000000214 9.1042830540 11 1 
1075 0.0000000195 9.1060465116 11 1 
1076 0.0000000195 9.1078066914 11 1 
1077 0.0000000195 9.1095636026 11 1 
1078 0.0000000195 9.1113172542 11 1 
1079 0.0000000204 9.1130676552 11 1 
1080 0.0000000194 9.1148148148 11 1 
1081 0.0000000194 9.1165587419 11 1 
1082 0.0000000222 9.1182994455 11 1 
1083 0.0000000203 9.1200369344 11 1 
1084 0.0000000203 9.1217712177 11 1 
1085 0.0000000194 9.1235023041 11 1 
1086 0.0000000193 9.1252302026 11 1 
1087 0.0000000193 9.1269549218 11 1 
1088 0.0000000202 9.1286764706 11 1 
1089 0.0000000211 9.1303948577 11 1 
1090 0.0000000193 9.1321100917 11 1 
1091 0.0000000192 9.1338221815 11 1 
1092 0.0000000293 9.1355311355 11 1 
1093 0.0000000192 9.1372369625 11 1 
1094 0.0000000192 9.1389396709 11 1 
1095 0.0000000219 9.1406392694 11 1 
1096 0.0000000201 9.1423357664 11 1 
1097 0.0000000201 9.1440291705 11 1 
1098 0.0000000200 9.1457194900 11 1 
1099 0.0000000191 9.1474067334 11 1 
1100 0.0000000200 9.1490909091 11 1 
1101 0.0000000490 9.1507720254 11 1 
1102 0.0000000499 9.1524500907 11 1 
1103 0.0000000408 9.1541251133 11 1 
1104 0.0000000344 9.1557971014 11 1 
1105 0.0000000308 9.1574660633 11 1 
1106 0.0000000298 9.1591320072 11 1 
1107 0.0000000262 9.1607949413 11 1 
1108 0.0000000334 9.1624548736 11 1 
1109 0.0000000225 9.1641118124 11 1 
1110 0.0000000261 9.1657657658 11 1 
1111 0.0000000189 9.1674167417 11 1 
1112 0.0000000180 9.1690647482 11 1 
1113 0.0000000171 9.1707097934 11 1 
1114 0.0000000171 9.1723518851 11 1 
1115 0.0000000170 9.1739910314 11 1 
1116 0.0000000161 9.1756272401 11 1 
1117 0.0000000170 9.1772605192 11 1 
1118 0.0000000179 9.1788908766 11 1 
1119 0.0000000161 9.1805183199 11 1 
1120 0.0000000161 9.1821428571 11 1 
1121 0.0000000161 9.1837644960 11 1 
1122 0.0000000160 9.1853832442 11 1 
1123 0.0000000160 9.1869991095 11 1 
1124 0.0000000169 9.1886120996 11 1 
1125 0.0000000160 9.1902222222 11 1 
1126 0.0000000187 9.1918294849 11 1 
1127 0.0000000248 9.1934338953 11 1 
1128 0.0000000186 9.1950354610 11 1 
1129 0.0000000159 9.1966341895 11 1 
1130 0.0000000159 9.1982300885 11 1 
1131 0.0000000168 9.1998231653 11 1 
1132 0.0000000265 9.2014134276 11 1 
1133 0.0000000168 9.2030008826 11 1 
1134 0.0000000185 9.2045855379 11 1 
1135 0.0000000167 9.2061674009 11 1 
1136 0.0000000185 9.2077464789 11 1 
1137 0.0000000150 9.2093227792 11 1 
1138 0.0000000141 9.2108963093 11 1 
1139 0.0000000140 9.2124670764 11 1 
1140 0.0000000140 9.2140350877 11 1 
1141 0.0000000167 9.2156003506 11 1 
1142 0.0000000140 9.2171628722 11 1 
1143 0.0000000149 9.2187226597 11 1 
1144 0.0000000140 9.2202797203 11 1 
1145 0.0000000140 9.2218340611 11 1 
1146 0.0000000140 9.2233856894 11 1 
1147 0.0000000166 9.2249346120 11 1 
1148 0.0000000462 9.2264808362 11 1 
1149 0.0000000383 9.2280243690 11 1 
1150 0.0000000313 9.2295652174 11 1 
1151 0.0000000460 9.2311033884 11 1 
1152 0.0000000260 9.2326388889 11 1 
1153 0.0000000425 9.2341717259 11 1 
1154 0.0000000321 9.2357019064 11 1 
1155 0.0000000277 9.2372294372 11 1 
1156 0.0000000260 9.2387543253 11 1 
1157 0.0000000233 9.2402765774 11 1 
1158 0.0000000216 9.2417962003 11 1 
1159 0.0000000207 9.2433132010 11 1 
1160 0.0000000198 9.2448275862 11 1 
1161 0.0000000353 9.2463393626 11 1 
1162 0.0000000258 9.2478485370 11 1 
1163 0.0000000215 9.2493551161 11 1 
1164 0.0000000189 9.2508591065 11 1 
1165 0.0000000163 9.2523605150 11 1 
1166 0.0000000163 9.2538593482 11 1 
1167 0.0000000154 9.2553556127 11 1 
1168 0.0000000146 9.2568493151 11 1 
1169 0.0000000154 9.2583404619 11 1 
1170 0.0000000171 9.2598290598 11 1 
1171 0.0000000154 9.2613151153 11 1 
1172 0.0000000154 9.2627986348 11 1 
1173 0.0000000145 9.2642796249 11 1 
1174 0.0000000170 9.2657580920 11 1 
1175 0.0000000136 9.2672340426 11 1 
1176 0.0000000136 9.2687074830 11 1 
1177 0.0000000136 9.2701784197 11 1 
1178 0.0000000136 9.2716468591 11 1 
1179 0.0000000144 9.2731128075 11 1 
1180 0.0000000136 9.2745762712 11 1 
1181 0.0000000127 9.2760372566 11 1 
1182 0.0000000135 9.2774957699 11 1 
1183 0.0000000135 9.2789518174 11 1 
1184 0.0000000135 9.2804054054 11 1 
1185 0.0000000135 9.2818565401 11 1 
1186 0.0000000135 9.2833052277 11 1 
1187 0.0000000135 9.2847514743 11 1 
1188 0.0000000143 9.2861952862 11 1 
1189 0.0000000135 9.2876366695 11 1 
1190 0.0000000134 9.2890756303 11 1 
1191 0.0000000134 9.2905121746 11 1 
1192 0.0000000134 9.2919463087 11 1 
1193 0.0000000151 9.2933780386 11 1 
1194 0.0000000134 9.2948073702 11 1 
1195 0.0000000134 9.2962343096 11 1 
1196 0.0000000142 9.2976588629 11 1 
1197 0.0000000125 9.2990810359 11 1 
1198 0.0000000134 9.3005008347 11 1 
1199 0.0000000125 9.3019182652 11 1 
1200 0.0000000125 9.3033333333 11 1 
1201 0.0000000133 9.3047460450 11 1 
1202 0.0000000125 9.3061564060 11 1 
1203 0.0000000125 9.3075644223 11 1 
1204 0.0000000133 9.3089700997 11 1 
1205 0.0000000124 9.3103734440 11 1 
1206 0.0000000124 9.3117744610 11 1 
1207 0.0000000133 9.3131731566 11 1 
1208 0.0000000132 9.3145695364 11 1 
1209 0.0000000132 9.3159636063 11 1 
1210 0.0000000124 9.3173553719 11 1 
1211 0.0000000124 9.3187448390 11 1 
1212 0.0000000140 9.3201320132 11 1 
1213 0.0000000132 9.3215169002 11 1 
1214 0.0000000124 9.3228995058 11 1 
1215 0.0000000140 9.3242798354 11 1 
1216 0.0000000123 9.3256578947 11 1 
1217 0.0000000123 9.3270336894 11 1 
1218 0.0000000123 9.3284072250 11 1 
1219 0.0000000131 9.3297785070 11 1 
1220 0.0000000123 9.3311475410 11 1 
1221 0.0000000131 9.3325143325 11 1 
1222 0.0000000123 9.3338788871 11 1 
1223 0.0000000123 9.3352412101 11 1 
1224 0.0000000131 9.3366013072 11 1 
1225 0.0000000122 9.3379591837 11 1 
1226 0.0000000122 9.3393148450 11 1 
1227 0.0000000130 9.3406682967 11 1 
1228 0.0000000138 9.3420195440 11 1 
1229 0.0000000122 9.3433685924 11 1 
1230 0.0000000138 9.3447154472 11 1 
1231 0.0000000122 9.3460601137 11 1 
1232 0.0000000130 9.3474025974 11 1 
1233 0.0000000130 9.3487429035 11 1 
1234 0.0000000138 9.3500810373 11 1 
1235 0.0000000121 9.3514170040 11 1 
1236 0.0000000129 9.3527508091 11 1 
1237 0.0000000121 9.3540824576 11 1 
1238 0.0000000121 9.3554119548 11 1 
1239 0.0000000121 9.3567393059 11 1 
1240 0.0000000137 9.3580645161 11 1 
1241 0.0000000113 9.3593875907 11 1 
1242 0.0000000113 9.3607085346 11 1 
1243 0.0000000129 9.3620273532 11 1 
1244 0.0000000113 9.3633440514 11 1 
1245 0.0000000129 9.3646586345 11 1 
1246 0.0000000120 9.3659711075 11 1 
1247 0.0000000128 9.3672814755 11 1 
1248 0.0000000112 9.3685897436 11 1 
1249 0.0000000144 9.3698959167 11 1 
1250 0.0000000112 9.3712000000 11 1 
1251 0.0000000128 9.3725019984 11 1 
1252 0.0000000112 9.3738019169 11 1 
1253 0.0000000120 9.3750997606 11 1 
1254 0.0000000112 9.3763955343 11 1 
1255 0.0000000112 9.3776892430 11 1 
1256 0.0000000119 9.3789808917 11 1 
1257 0.0000000127 9.3802704853 11 1 
1258 0.0000000111 9.3815580286 11 1 
1259 0.0000000111 9.3828435266 11 1 
1260 0.0000000111 9.3841269841 11 1 
1261 0.0000000111 9.3854084060 11 1 
1262 0.0000000127 9.3866877971 11 1 
1263 0.0000000111 9.3879651623 11 1 
1264 0.0000000111 9.3892405063 11 1 
1265 0.0000000111 9.3905138340 11 1 
1266 0.0000000118 9.3917851501 11 1 
1267 0.0000000110 9.3930544594 11 1 
1268 0.0000000118 9.3943217666 11 1 
1269 0.0000000110 9.3955870764 11 1 
1270 0.0000000102 9.3968503937 11 1 
1271 0.0000000102 9.3981117231 11 1 
1272 0.0000000102 9.3993710692 11 1 
1273 0.0000000118 9.4006284368 11 1 
1274 0.0000000110 9.4018838305 11 1 
1275 0.0000000102 9.4031372549 11 1 
1276 0.0000000102 9.4043887147 11 1 
1277 0.0000000110 9.4056382146 11 1 
1278 0.0000000117 9.4068857590 11 1 
1279 0.0000000102 9.4081313526 11 1 
1280 0.0000000109 9.4093750000 11 1 
1281 0.0000000117 9.4106167057 11 1 
1282 0.0000000109 9.4118564743 11 1 
1283 0.0000000117 9.4130943102 11 1 
1284 0.0000000117 9.4143302181 11 1 
1285 0.0000000101 9.4155642023 11 1 
1286 0.0000000109 9.4167962675 11 1 
1287 0.0000000109 9.4180264180 11 1 
1288 0.0000000109 9.4192546584 11 1 
1289 0.0000000101 9.4204809930 11 1 
1290 0.0000000109 9.4217054264 11 1 
1291 0.0000000108 9.4229279628 11 1 
1292 0.0000000108 9.4241486068 11 1 
1293 0.0000000101 9.4253673627 11 1 
1294 0.0000000100 9.4265842349 11 1 
1295 0.0000000108 9.4277992278 11 1 
1296 0.0000000100 9.4290123457 11 1 
1297 0.0000000116 9.4302235929 11 1 
1298 0.0000000100 9.4314329738 11 1 
1299 0.0000000100 9.4326404927 11 1 
1300 0.0000000108 9.4338461538 11 1 
1301 0.0000000100 9.4350499616 11 1 
1302 0.0000000100 9.4362519201 11 1 
1303 0.0000000115 9.4374520338 11 1 
1304 0.0000000100 9.4386503067 11 1 
1305 0.0000000100 9.4398467433 11 1 
1306 0.0000000100 9.4410413476 11 1 
1307 0.0000000099 9.4422341239 11 1 
1308 0.0000000107 9.4434250765 11 1 
1309 0.0000000107 9.4446142093 11 1 
1310 0.0000000107 9.4458015267 11 1 
1311 0.0000000099 9.4469870328 11 1 
1312 0.0000000099 9.4481707317 11 1 
1313 0.0000000091 9.4493526276 11 1 
1314 0.0000000107 9.4505327245 11 1 
1315 0.0000000091 9.4517110266 11 1 
1316 0.0000000099 9.4528875380 11 1 
1317 0.0000000091 9.4540622627 11 1 
1318 0.0000000106 9.4552352049 11 1 
1319 0.0000000099 9.4564063685 11 1 
1320 0.0000000098 9.4575757576 11 1 
1321 0.0000000098 9.4587433762 11 1 
1322 0.0000000106 9.4599092284 11 1 
1323 0.0000000098 9.4610733182 11 1 
1324 0.0000000098 9.4622356495 11 1 
1325 0.0000000091 9.4633962264 11 1 
1326 0.0000000098 9.4645550528 11 1 
1327 0.0000000106 9.4657121326 11 1 
1328 0.0000000098 9.4668674699 11 1 
1329 0.0000000090 9.4680210685 11 1 
1330 0.0000000090 9.4691729323 11 1 
1331 0.0000000105 9.4703230654 11 1 
1332 0.0000000098 9.4714714715 11 1 
1333 0.0000000098 9.4726181545 11 1 
1334 0.0000000097 9.4737631184 11 1 
1335 0.0000000097 9.4749063670 11 1 
1336 0.0000000090 9.4760479042 11 1 
1337 0.0000000097 9.4771877337 11 1 
1338 0.0000000105 9.4783258595 11 1 
1339 0.0000000090 9.4794622853 11 1 
1340 0.0000000097 9.4805970149 11 1 
1341 0.0000000089 9.4817300522 11 1 
1342 0.0000000097 9.4828614009 11 1 
1343 0.0000000097 9.4839910648 11 1 
1344 0.0000000089 9.4851190476 11 1 
1345 0.0000000104 9.4862453532 11 1 
1346 0.0000000097 9.4873699851 11 1 
1347 0.0000000089 9.4884929473 11 1 
1348 0.0000000089 9.4896142433 11 1 
1349 0.0000000104 9.4907338769 11 1 
1350 0.0000000089 9.4918518519 11 1 
1351 0.0000000096 9.4929681717 11 1 
1352 0.0000000096 9.4940828402 11 1 
1353 0.0000000089 9.4951958610 11 1 
1354 0.0000000096 9.4963072378 11 1 
1355 0.0000000103 9.4974169742 11 1 
1356 0.0000000096 9.4985250737 11 1 
1357 0.0000000096 9.4996315402 11 1 
1358 0.0000000096 9.5007363770 11 1 
1359 0.0000000096 9.5018395879 11 1 
1360 0.0000000103 9.5029411765 11 1 
1361 0.0000000096 9.5040411462 11 1 
1362 0.0000000088 9.5051395007 11 1 
1363 0.0000000088 9.5062362436 11 1 
1364 0.0000000095 9.5073313783 11 1 
1365 0.0000000088 9.5084249084 11 1 
1366 0.0000000088 9.5095168375 11 1 
1367 0.0000000088 9.5106071690 11 1 
1368 0.0000000088 9.5116959064 11 1 
1369 0.0000000095 9.5127830533 11 1 
1370 0.0000000088 9.5138686131 11 1 
1371 0.0000000095 9.5149525894 11 1 
1372 0.0000000087 9.5160349854 11 1 
1373 0.0000000087 9.5171158048 11 1 
1374 0.0000000095 9.5181950509 11 1 
1375 0.0000000087 9.5192727273 11 1 
1376 0.0000000087 9.5203488372 11 1 
1377 0.0000000094 9.5214233842 11 1 
1378 0.0000000094 9.5224963716 11 1 
1379 0.0000000087 9.5235678028 11 1 
1380 0.0000000094 9.5246376812 11 1 
1381 0.0000000087 9.5257060101 11 1 
1382 0.0000000087 9.5267727931 11 1 
1383 0.0000000094 9.5278380333 11 1 
1384 0.0000000087 9.5289017341 11 1 
1385 0.0000000094 9.5299638989 11 1 
1386 0.0000000087 9.5310245310 11 1 
1387 0.0000000087 9.5320836337 11 1 
1388 0.0000000094 9.5331412104 11 1 
1389 0.0000000094 9.5341972642 11 1 
1390 0.0000000086 9.5352517986 11 1 
1391 0.0000000086 9.5363048167 11 1 
1392 0.0000000086 9.5373563218 11 1 
1393 0.0000000093 9.5384063173 11 1 
1394 0.0000000093 9.5394548063 11 1 
1395 0.0000000086 9.5405017921 11 1 
1396 0.0000000086 9.5415472779 11 1 
1397 0.0000000086 9.5425912670 11 1 
1398 0.0000000086 9.5436337625 11 1 
1399 0.0000000100 9.5446747677 11 1 
1400 0.0000000086 9.5457142857 11 1 
1401 0.0000000086 9.5467523198 11 1 
1402 0.0000000093 9.5477888730 11 1 
1403 0.0000000086 9.5488239487 11 1 
1404 0.0000000085 9.5498575499 11 1 
1405 0.0000000085 9.5508896797 11 1 
1406 0.0000000092 9.5519203414 11 1 
1407 0.0000000085 9.5529495380 11 1 
1408 0.0000000085 9.5539772727 11 1 
1409 0.0000000085 9.5550035486 11 1 
1410 0.0000000092 9.5560283688 11 1 
1411 0.0000000085 9.5570517364 11 1 
1412 0.0000000085 9.5580736544 11 1 
1413 0.0000000092 9.5590941260 11 1 
1414 0.0000000078 9.5601131542 11 1 
1415 0.0000000085 9.5611307420 11 1 
1416 0.0000000078 9.5621468927 11 1 
1417 0.0000000085 9.5631616090 11 1 
1418 0.0000000092 9.5641748942 11 1 
1419 0.0000000085 9.5651867512 11 1 
1420 0.0000000085 9.5661971831 11 1 
1421 0.0000000091 9.5672061928 11 1 
1422 0.0000000084 9.5682137834 11 1 
1423 0.0000000084 9.5692199578 11 1 
1424 0.0000000077 9.5702247191 11 1 
1425 0.0000000077 9.5712280702 11 1 
1426 0.0000000084 9.5722300140 11 1 
1427 0.0000000084 9.5732305536 11 1 
1428 0.0000000091 9.5742296919 11 1 
1429 0.0000000077 9.5752274318 11 1 
1430 0.0000000105 9.5762237762 11 1 
1431 0.0000000077 9.5772187282 11 1 
1432 0.0000000084 9.5782122905 11 1 
1433 0.0000000091 9.5792044662 11 1 
1434 0.0000000084 9.5801952580 11 1 
1435 0.0000000091 9.5811846690 11 1 
1436 0.0000000077 9.5821727019 11 1 
1437 0.0000000084 9.5831593598 11 1 
1438 0.0000000083 9.5841446453 11 1 
1439 0.0000000083 9.5851285615 11 1 
1440 0.0000000083 9.5861111111 11 1 
1441 0.0000000083 9.5870922970 11 1 
1442 0.0000000076 9.5880721221 11 1 
1443 0.0000000090 9.5890505891 11 1 
1444 0.0000000083 9.5900277008 11 1 
1445 0.0000000083 9.5910034602 11 1 
1446 0.0000000083 9.5919778700 11 1 
1447 0.0000000083 9.5929509330 11 1 
1448 0.0000000076 9.5939226519 11 1 
1449 0.0000000076 9.5948930297 11 1 
1450 0.0000000110 9.5958620690 11 1 
1451 0.0000000076 9.5968297726 11 1 
1452 0.0000000090 9.5977961433 11 1 
1453 0.0000000076 9.5987611838 11 1 
1454 0.0000000083 9.5997248968 11 1 
1455 0.0000000082 9.6006872852 11 1 
1456 0.0000000089 9.6016483516 11 1 
1457 0.0000000082 9.6026080988 11 1 
1458 0.0000000082 9.6035665295 11 1 
1459 0.0000000082 9.6045236463 11 1 
1460 0.0000000089 9.6054794521 11 1 
1461 0.0000000082 9.6064339493 11 1 
1462 0.0000000075 9.6073871409 11 1 
1463 0.0000000075 9.6083390294 11 1 
1464 0.0000000082 9.6092896175 11 1 
1465 0.0000000089 9.6102389078 11 1 
1466 0.0000000089 9.6111869031 11 1 
1467 0.0000000082 9.6121336060 11 1 
1468 0.0000000082 9.6130790191 11 1 
1469 0.0000000082 9.6140231450 11 1 
1470 0.0000000088 9.6149659864 11 1 
1471 0.0000000082 9.6159075459 11 1 
1472 0.0000000088 9.6168478261 11 1 
1473 0.0000000081 9.6177868296 11 1 
1474 0.0000000088 9.6187245590 11 1 
1475 0.0000000081 9.6196610169 11 1 
1476 0.0000000075 9.6205962060 11 1 
1477 0.0000000081 9.6215301286 11 1 
1478 0.0000000088 9.6224627876 11 1 
1479 0.0000000074 9.6233941853 11 1 
1480 0.0000000074 9.6243243243 11 1 
1481 0.0000000095 9.6252532073 11 1 
1482 0.0000000088 9.6261808367 11 1 
1483 0.0000000081 9.6271072151 11 1 
1484 0.0000000088 9.6280323450 11 1 
1485 0.0000000081 9.6289562290 11 1 
1486 0.0000000081 9.6298788694 11 1 
1487 0.0000000087 9.6308002690 11 1 
1488 0.0000000087 9.6317204301 11 1 
1489 0.0000000081 9.6326393553 11 1 
1490 0.0000000081 9.6335570470 11 1 
1491 0.0000000087 9.6344735077 11 1 
1492 0.0000000080 9.6353887399 11 1 
1493 0.0000000094 9.6363027461 11 1 
1494 0.0000000080 9.6372155288 11 1 
1495 0.0000000080 9.6381270903 11 1 
1496 0.0000000074 9.6390374332 11 1 
1497 0.0000000094 9.6399465598 11 1 
1498 0.0000000080 9.6408544726 11 1 
1499 0.0000000080 9.6417611741 11 1 
1500 0.0000000093 9.6426666667 11 1 
1501 0.0000000080 9.6435709527 11 1 
1502 0.0000000080 9.6444740346 11 1 
1503 0.0000000080 9.6453759148 11 1 
1504 0.0000000080 9.6462765957 11 1 
1505 0.0000000093 9.6471760797 11 1 
1506 0.0000000086 9.6480743692 11 1 
1507 0.0000000080 9.6489714665 11 1 
1508 0.0000000086 9.6498673740 11 1 
1509 0.0000000086 9.6507620941 11 1 
1510 0.0000000079 9.6516556291 11 1 
1511 0.0000000079 9.6525479815 11 1 
1512 0.0000000093 9.6534391534 11 1 
1513 0.0000000079 9.6543291474 11 1 
1514 0.0000000079 9.6552179657 11 1 
1515 0.0000000079 9.6561056106 11 1 
1516 0.0000000086 9.6569920844 11 1 
1517 0.0000000086 9.6578773896 11 1 
1518 0.0000000092 9.6587615283 11 1 
1519 0.0000000079 9.6596445030 11 1 
1520 0.0000000086 9.6605263158 11 1 
1521 0.0000000079 9.6614069691 11 1 
1522 0.0000000085 9.6622864652 11 1 
1523 0.0000000079 9.6631648063 11 1 
1524 0.0000000085 9.6640419948 11 1 
1525 0.0000000079 9.6649180328 11 1 
1526 0.0000000085 9.6657929227 11 1 
1527 0.0000000085 9.6666666667 11 1 
1528 0.0000000079 9.6675392670 11 1 
1529 0.0000000085 9.6684107260 11 1 
1530 0.0000000085 9.6692810458 11 1 
1531 0.0000000078 9.6701502286 11 1 
1532 0.0000000091 9.6710182768 11 1 
1533 0.0000000085 9.6718851924 11 1 
1534 0.0000000078 9.6727509778 11 1 
1535 0.0000000085 9.6736156352 11 1 
1536 0.0000000085 9.6744791667 11 1 
1537 0.0000000078 9.6753415745 11 1 
1538 0.0000000078 9.6762028609 11 1 
1539 0.0000000091 9.6770630279 11 1 
1540 0.0000000084 9.6779220779 11 1 
1541 0.0000000091 9.6787800130 11 1 
1542 0.0000000091 9.6796368353 11 1 
1543 0.0000000084 9.6804925470 11 1 
1544 0.0000000078 9.6813471503 11 1 
1545 0.0000000078 9.6822006472 11 1 
1546 0.0000000078 9.6830530401 11 1 
1547 0.0000000078 9.6839043310 11 1 
1548 0.0000000123 9.6847545220 11 1 
1549 0.0000000077 9.6856036152 11 1 
1550 0.0000000077 9.6864516129 11 1 
1551 0.0000000084 9.6872985171 11 1 
1552 0.0000000084 9.6881443299 11 1 
1553 0.0000000084 9.6889890534 11 1 
1554 0.0000000077 9.6898326898 11 1 
1555 0.0000000090 9.6906752412 11 1 
1556 0.0000000084 9.6915167095 11 1 
1557 0.0000000090 9.6923570970 11 1 
1558 0.0000000083 9.6931964056 11 1 
1559 0.0000000083 9.6940346376 11 1 
1560 0.0000000077 9.6948717949 11 1 
1561 0.0000000077 9.6957078796 11 1 
1562 0.0000000083 9.6965428937 11 1 
1563 0.0000000077 9.6973768394 11 1 
1564 0.0000000083 9.6982097187 11 1 
1565 0.0000000089 9.6990415335 11 1 
1566 0.0000000083 9.6998722861 11 1 
1567 0.0000000077 9.7007019783 11 1 
1568 0.0000000083 9.7015306122 11 1 
1569 0.0000000083 9.7023581899 11 1 
1570 0.0000000083 9.7031847134 11 1 
1571 0.0000000076 9.7040101846 11 1 
1572 0.0000000089 9.7048346056 11 1 
1573 0.0000000083 9.7056579784 11 1 
1574 0.0000000076 9.7064803050 11 1 
1575 0.0000000089 9.7073015873 11 1 
1576 0.0000000082 9.7081218274 11 1 
1577 0.0000000076 9.7089410273 11 1 
1578 0.0000000089 9.7097591888 11 1 
1579 0.0000000076 9.7105763141 11 1 
1580 0.0000000089 9.7113924051 11 1 
1581 0.0000000082 9.7122074636 11 1 
1582 0.0000000082 9.7130214918 11 1 
1583 0.0000000076 9.7138344915 11 1 
1584 0.0000000076 9.7146464646 11 1 
1585 0.0000000088 9.7154574132 11 1 
1586 0.0000000082 9.7162673392 11 1 
1587 0.0000000088 9.7170762445 11 1 
1588 0.0000000088 9.7178841310 11 1 
1589 0.0000000076 9.7186910006 11 1 
1590 0.0000000088 9.7194968553 11 1 
1591 0.0000000075 9.7203016970 11 1 
1592 0.0000000082 9.7211055276 11 1 
1593 0.0000000088 9.7219083490 11 1 
1594 0.0000000082 9.7227101631 11 1 
1595 0.0000000075 9.7235109718 11 1 
1596 0.0000000081 9.7243107769 11 1 
1597 0.0000000081 9.7251095805 11 1 
1598 0.0000000088 9.7259073842 11 1 
1599 0.0000000081 9.7267041901 11 1 
1600 0.0000000081 9.7275000000 11 1 
1601 0.0000000081 9.7282948157 11 1 
1602 0.0000000087 9.7290886392 11 1 
1603 0.0000000081 9.7298814722 11 1 
1604 0.0000000112 9.7306733167 11 1 
1605 0.0000000081 9.7314641745 11 1 
1606 0.0000000081 9.7322540473 11 1 
1607 0.0000000087 9.7330429371 11 1 
1608 0.0000000093 9.7338308458 11 1 
1609 0.0000000081 9.7346177750 11 1 
1610 0.0000000087 9.7354037267 11 1 
1611 0.0000000081 9.7361887027 11 1 
1612 0.0000000074 9.7369727047 11 1 
1613 0.0000000074 9.7377557347 11 1 
1614 0.0000000087 9.7385377943 11 1 
1615 0.0000000080 9.7393188854 11 1 
1616 0.0000000080 9.7400990099 11 1 
1617 0.0000000080 9.7408781694 11 1 
1618 0.0000000080 9.7416563659 11 1 
1619 0.0000000093 9.7424336010 11 1 
1620 0.0000000074 9.7432098765 11 1 
1621 0.0000000080 9.7439851943 11 1 
1622 0.0000000074 9.7447595561 11 1 
1623 0.0000000086 9.7455329636 11 1 
1624 0.0000000080 9.7463054187 11 1 
1625 0.0000000080 9.7470769231 11 1 
1626 0.0000000080 9.7478474785 11 1 
1627 0.0000000080 9.7486170867 11 1 
1628 0.0000000086 9.7493857494 11 1 
1629 0.0000000080 9.7501534684 11 1 
1630 0.0000000086 9.7509202454 11 1 
1631 0.0000000129 9.7516860822 11 1 
1632 0.0000000086 9.7524509804 11 1 
1633 0.0000000080 9.7532149418 11 1 
1634 0.0000000080 9.7539779682 11 1 
1635 0.0000000080 9.7547400612 11 1 
1636 0.0000000092 9.7555012225 11 1 
1637 0.0000000086 9.7562614539 11 1 
1638 0.0000000085 9.7570207570 11 1 
1639 0.0000000085 9.7577791336 11 1 
1640 0.0000000085 9.7585365854 11 1 
1641 0.0000000079 9.7592931140 11 1 
1642 0.0000000079 9.7600487211 11 1 
1643 0.0000000085 9.7608034084 11 1 
1644 0.0000000085 9.7615571776 11 1 
1645 0.0000000079 9.7623100304 11 1 
1646 0.0000000079 9.7630619684 11 1 
1647 0.0000000085 9.7638129933 11 1 
1648 0.0000000079 9.7645631068 11 1 
1649 0.0000000079 9.7653123105 11 1 
1650 0.0000000085 9.7660606061 11 1 
1651 0.0000000085 9.7668079952 11 1 
1652 0.0000000079 9.7675544794 11 1 
1653 0.0000000079 9.7683000605 11 1 
1654 0.0000000085 9.7690447400 11 1 
1655 0.0000000079 9.7697885196 11 1 
1656 0.0000000079 9.7705314010 11 1 
1657 0.0000000103 9.7712733856 11 1 
1658 0.0000000090 9.7720144753 11 1 
1659 0.0000000078 9.7727546715 11 1 
1660 0.0000000084 9.7734939759 11 1 
1661 0.0000000078 9.7742323901 11 1 
1662 0.0000000084 9.7749699158 11 1 
1663 0.0000000090 9.7757065544 11 1 
1664 0.0000000096 9.7764423077 11 1 
1665 0.0000000078 9.7771771772 11 1 
1666 0.0000000084 9.7779111645 11 1 
1667 0.0000000090 9.7786442711 11 1 
1668 0.0000000084 9.7793764988 11 1 
1669 0.0000000090 9.7801078490 11 1 
1670 0.0000000078 9.7808383234 11 1 
1671 0.0000000078 9.7815679234 11 1 
1672 0.0000000084 9.7822966507 11 1 
1673 0.0000000078 9.7830245069 11 1 
1674 0.0000000084 9.7837514934 11 1 
1675 0.0000000084 9.7844776119 11 1 
1676 0.0000000084 9.7852028640 11 1 
1677 0.0000000083 9.7859272510 11 1 
1678 0.0000000089 9.7866507747 11 1 
1679 0.0000000083 9.7873734366 11 1 
1680 0.0000000083 9.7880952381 11 1 
1681 0.0000000077 9.7888161808 11 1 
1682 0.0000000089 9.7895362663 11 1 
1683 0.0000000077 9.7902554961 11 1 
1684 0.0000000077 9.7909738717 11 1 
1685 0.0000000083 9.7916913947 11 1 
1686 0.0000000077 9.7924080664 11 1 
1687 0.0000000089 9.7931238886 11 1 
1688 0.0000000083 9.7938388626 11 1 
1689 0.0000000077 9.7945529899 11 1 
1690 0.0000000083 9.7952662722 11 1 
1691 0.0000000124 9.7959787108 11 1 
1692 0.0000000077 9.7966903073 11 1 
1693 0.0000000077 9.7974010632 11 1 
1694 0.0000000077 9.7981109799 11 1 
1695 0.0000000088 9.7988200590 11 1 
1696 0.0000000083 9.7995283019 11 1 
1697 0.0000000077 9.8002357101 11 1 
1698 0.0000000077 9.8009422850 11 1 
1699 0.0000000088 9.8016480283 11 1 
1700 0.0000000076 9.8023529412 11 1 
1701 0.0000000082 9.8030570253 11 1 
1702 0.0000000088 9.8037602820 11 1 
1703 0.0000000082 9.8044627129 11 1 
1704 0.0000000076 9.8051643192 11 1 
1705 0.0000000082 9.8058651026 11 1 
1706 0.0000000088 9.8065650645 11 1 
1707 0.0000000111 9.8072642062 11 1 
1708 0.0000000082 9.8079625293 11 1 
1709 0.0000000082 9.8086600351 11 1 
1710 0.0000000088 9.8093567251 11 1 
1711 0.0000000076 9.8100526008 11 1 
1712 0.0000000082 9.8107476636 11 1 
1713 0.0000000076 9.8114419148 11 1 
1714 0.0000000076 9.8121353559 11 1 
1715 0.0000000122 9.8128279883 11 1 
1716 0.0000000076 9.8135198135 11 1 
1717 0.0000000105 9.8142108328 11 1 
1718 0.0000000087 9.8149010477 11 1 
1719 0.0000000087 9.8155904596 11 1 
1720 0.0000000081 9.8162790698 11 1 
1721 0.0000000081 9.8169668797 11 1 
1722 0.0000000075 9.8176538908 11 1 
1723 0.0000000081 9.8183401045 11 1 
1724 0.0000000093 9.8190255220 11 1 
1725 0.0000000081 9.8197101449 11 1 
1726 0.0000000087 9.8203939745 11 1 
1727 0.0000000081 9.8210770122 11 1 
1728 0.0000000093 9.8217592593 11 1 
1729 0.0000000081 9.8224407172 11 1 
1730 0.0000000092 9.8231213873 11 1 
1731 0.0000000092 9.8238012709 11 1 
1732 0.0000000081 9.8244803695 11 1 
1733 0.0000000087 9.8251586844 11 1 
1734 0.0000000081 9.8258362168 11 1 
1735 0.0000000081 9.8265129683 11 1 
1736 0.0000000086 9.8271889401 11 1 
1737 0.0000000086 9.8278641336 11 1 
1738 0.0000000081 9.8285385501 11 1 
1739 0.0000000081 9.8292121909 11 1 
1740 0.0000000080 9.8298850575 11 1 
1741 0.0000000092 9.8305571511 11 1 
1742 0.0000000086 9.8312284730 11 1 
1743 0.0000000092 9.8318990247 11 1 
1744 0.0000000086 9.8325688073 11 1 
1745 0.0000000132 9.8332378223 11 1 
1746 0.0000000080 9.8339060710 11 1 
1747 0.0000000080 9.8345735547 11 1 
1748 0.0000000092 9.8352402746 11 1 
1749 0.0000000080 9.8359062321 11 1 
1750 0.0000000080 9.8365714286 11 1 
1751 0.0000000086 9.8372358652 11 1 
1752 0.0000000080 9.8378995434 11 1 
1753 0.0000000086 9.8385624643 11 1 
1754 0.0000000080 9.8392246294 11 1 
1755 0.0000000085 9.8398860399 11 1 
1756 0.0000000080 9.8405466970 11 1 
1757 0.0000000080 9.8412066022 11 1 
1758 0.0000000080 9.8418657565 11 1 
1759 0.0000000085 9.8425241615 11 1 
1760 0.0000000080 9.8431818182 11 1 
1761 0.0000000080 9.8438387280 11 1 
1762 0.0000000079 9.8444948922 11 1 
1763 0.0000000085 9.8451503120 11 1 
1764 0.0000000091 9.8458049887 11 1 
1765 0.0000000079 9.8464589235 11 1 
1766 0.0000000079 9.8471121178 11 1 
1767 0.0000000125 9.8477645727 11 1 
1768 0.0000000079 9.8484162896 11 1 
1769 0.0000000079 9.8490672696 11 1 
1770 0.0000000113 9.8497175141 11 1 
1771 0.0000000079 9.8503670243 11 1 
1772 0.0000000090 9.8510158014 11 1 
1773 0.0000000085 9.8516638466 11 1 
1774 0.0000000085 9.8523111612 11 1 
1775 0.0000000079 9.8529577465 11 1 
1776 0.0000000090 9.8536036036 11 1 
1777 0.0000000084 9.8542487338 11 1 
1778 0.0000000079 9.8548931384 11 1 
1779 0.0000000090 9.8555368184 11 1 
1780 0.0000000079 9.8561797753 11 1 
1781 0.0000000084 9.8568220101 11 1 
1782 0.0000000090 9.8574635241 11 1 
1783 0.0000000084 9.8581043186 11 1 
1784 0.0000000078 9.8587443946 11 1 
1785 0.0000000090 9.8593837535 11 1 
1786 0.0000000084 9.8600223964 11 1 
1787 0.0000000078 9.8606603246 11 1 
1788 0.0000000089 9.8612975391 11 1 
1789 0.0000000084 9.8619340414 11 1 
1790 0.0000000078 9.8625698324 11 1 
1791 0.0000000084 9.8632049135 11 1 
1792 0.0000000089 9.8638392857 11 1 
1793 0.0000000084 9.8644729504 11 1 
1794 0.0000000084 9.8651059086 11 1 
1795 0.0000000078 9.8657381616 11 1 
1796 0.0000000089 9.8663697105 11 1 
1797 0.0000000078 9.8670005565 11 1 
1798 0.0000000089 9.8676307008 11 1 
1799 0.0000000078 9.8682601445 11 1 
1800 0.0000000083 9.8688888889 11 1 
1801 0.0000000089 9.8695169350 11 1 
1802 0.0000000078 9.8701442841 11 1 
1803 0.0000000078 9.8707709373 11 1 
1804 0.0000000089 9.8713968958 11 1 
1805 0.0000000083 9.8720221607 11 1 
1806 0.0000000078 9.8726467331 11 1 
1807 0.0000000077 9.8732706143 11 1 
1808 0.0000000083 9.8738938053 11 1 
1809 0.0000000088 9.8745163074 11 1 
1810 0.0000000083 9.8751381215 11 1 
1811 0.0000000083 9.8757592490 11 1 
1812 0.0000000088 9.8763796909 11 1 
1813 0.0000000083 9.8769994484 11 1 
1814 0.0000000088 9.8776185226 11 1 
1815 0.0000000083 9.8782369146 11 1 
1816 0.0000000083 9.8788546256 11 1 
1817 0.0000000083 9.8794716566 11 1 
1818 0.0000000088 9.8800880088 11 1 
1819 0.0000000088 9.8807036833 11 1 
1820 0.0000000082 9.8813186813 11 1 
1821 0.0000000088 9.8819330038 11 1 
1822 0.0000000110 9.8825466520 11 1 
1823 0.0000000088 9.8831596270 11 1 
1824 0.0000000077 9.8837719298 11 1 
1825 0.0000000088 9.8843835616 11 1 
1826 0.0000000082 9.8849945235 11 1 
1827 0.0000000082 9.8856048166 11 1 
1828 0.0000000082 9.8862144420 11 1 
1829 0.0000000087 9.8868234008 11 1 
1830 0.0000000082 9.8874316940 11 1 
1831 0.0000000082 9.8880393228 11 1 
1832 0.0000000087 9.8886462882 11 1 
1833 0.0000000082 9.8892525914 11 1 
1834 0.0000000093 9.8898582334 11 1 
1835 0.0000000087 9.8904632153 11 1 
1836 0.0000000082 9.8910675381 11 1 
1837 0.0000000109 9.8916712030 11 1 
1838 0.0000000082 9.8922742111 11 1 
1839 0.0000000082 9.8928765633 11 1 
1840 0.0000000082 9.8934782609 11 1 
1841 0.0000000092 9.8940793047 11 1 
1842 0.0000000081 9.8946796960 11 1 
1843 0.0000000109 9.8952794357 11 1 
1844 0.0000000081 9.8958785249 11 1 
1845 0.0000000081 9.8964769648 11 1 
1846 0.0000000087 9.8970747562 11 1 
1847 0.0000000092 9.8976719004 11 1 
1848 0.0000000081 9.8982683983 11 1 
1849 0.0000000081 9.8988642509 11 1 
1850 0.0000000081 9.8994594595 11 1 
1851 0.0000000092 9.9000540249 11 1 
1852 0.0000000081 9.9006479482 11 1 
1853 0.0000000092 9.9012412304 11 1 
1854 0.0000000086 9.9018338727 11 1 
1855 0.0000000086 9.9024258760 11 1 
1856 0.0000000092 9.9030172414 11 1 
1857 0.0000000081 9.9036079698 11 1 
1858 0.0000000081 9.9041980624 11 1 
1859 0.0000000081 9.9047875202 11 1 
1860 0.0000000129 9.9053763441 11 1 
1861 0.0000000086 9.9059645352 11 1 
1862 0.0000000091 9.9065520945 11 1 
1863 0.0000000081 9.9071390231 11 1 
1864 0.0000000086 9.9077253219 11 1 
1865 0.0000000080 9.9083109920 11 1 
1866 0.0000000091 9.9088960343 11 1 
1867 0.0000000086 9.9094804499 11 1 
1868 0.0000000086 9.9100642398 11 1 
1869 0.0000000086 9.9106474050 11 1 
1870 0.0000000091 9.9112299465 11 1 
1871 0.0000000080 9.9118118653 11 1 
1872 0.0000000080 9.9123931624 11 1 
1873 0.0000000085 9.9129738388 11 1 
1874 0.0000000096 9.9135538954 11 1 
1875 0.0000000133 9.9141333333 11 1 
1876 0.0000000085 9.9147121535 11 1 
1877 0.0000000085 9.9152903570 11 1 
1878 0.0000000080 9.9158679446 11 1 
1879 0.0000000106 9.9164449175 11 1 
1880 0.0000000090 9.9170212766 11 1 
1881 0.0000000080 9.9175970229 11 1 
1882 0.0000000101 9.9181721573 11 1 
1883 0.0000000080 9.9187466808 11 1 
1884 0.0000000085 9.9193205945 11 1 
1885 0.0000000090 9.9198938992 11 1 
1886 0.0000000080 9.9204665960 11 1 
1887 0.0000000090 9.9210386857 11 1 
1888 0.0000000079 9.9216101695 11 1 
1889 0.0000000079 9.9221810482 11 1 
1890 0.0000000085 9.9227513228 11 1 
1891 0.0000000090 9.9233209942 11 1 
1892 0.0000000085 9.9238900634 11 1 
1893 0.0000000085 9.9244585314 11 1 
1894 0.0000000095 9.9250263992 11 1 
1895 0.0000000084 9.9255936675 11 1 
1896 0.0000000090 9.9261603376 11 1 
1897 0.0000000079 9.9267264101 11 1 
1898 0.0000000079 9.9272918862 11 1 
1899 0.0000000084 9.9278567667 11 1 
1900 0.0000000116 9.9284210526 11 1 
1901 0.0000000089 9.9289847449 11 1 
1902 0.0000000089 9.9295478444 11 1 
1903 0.0000000089 9.9301103521 11 1 
1904 0.0000000084 9.9306722689 11 1 
1905 0.0000000084 9.9312335958 11 1 
1906 0.0000000089 9.9317943337 11 1 
1907 0.0000000084 9.9323544835 11 1 
1908 0.0000000089 9.9329140461 11 1 
1909 0.0000000094 9.9334730225 11 1 
1910 0.0000000094 9.9340314136 11 1 
1911 0.0000000084 9.9345892203 11 1 
1912 0.0000000084 9.9351464435 11 1 
1913 0.0000000078 9.9357030842 11 1 
1914 0.0000000089 9.9362591432 11 1 
1915 0.0000000078 9.9368146214 11 1 
1916 0.0000000110 9.9373695198 11 1 
1917 0.0000000078 9.9379238393 11 1 
1918 0.0000000083 9.9384775808 11 1 
1919 0.0000000083 9.9390307452 11 1 
1920 0.0000000089 9.9395833333 11 1 
1921 0.0000000083 9.9401353462 11 1 
1922 0.0000000083 9.9406867846 11 1 
1923 0.0000000083 9.9412376495 11 1 
1924 0.0000000088 9.9417879418 11 1 
1925 0.0000000078 9.9423376623 11 1 
1926 0.0000000083 9.9428868120 11 1 
1927 0.0000000083 9.9434353918 11 1 
1928 0.0000000093 9.9439834025 11 1 
1929 0.0000000083 9.9445308450 11 1 
1930 0.0000000083 9.9450777202 11 1 
1931 0.0000000083 9.9456240290 11 1 
1932 0.0000000093 9.9461697723 11 1 
1933 0.0000000103 9.9467149509 11 1 
1934 0.0000000093 9.9472595657 11 1 
1935 0.0000000093 9.9478036176 11 1 
1936 0.0000000108 9.9483471074 11 1 
1937 0.0000000093 9.9488900361 11 1 
1938 0.0000000088 9.9494324045 11 1 
1939 0.0000000083 9.9499742135 11 1 
1940 0.0000000082 9.9505154639 11 1 
1941 0.0000000088 9.9510561566 11 1 
1942 0.0000000093 9.9515962925 11 1 
1943 0.0000000082 9.9521358724 11 1 
1944 0.0000000082 9.9526748971 11 1 
1945 0.0000000082 9.9532133676 11 1 
1946 0.0000000087 9.9537512847 11 1 
1947 0.0000000082 9.9542886492 11 1 
1948 0.0000000087 9.9548254620 11 1 
1949 0.0000000082 9.9553617240 11 1 
1950 0.0000000092 9.9558974359 11 1 
1951 0.0000000082 9.9564325987 11 1 
1952 0.0000000082 9.9569672131 11 1 
1953 0.0000000082 9.9575012801 11 1 
1954 0.0000000092 9.9580348004 11 1 
1955 0.0000000092 9.9585677749 11 1 
1956 0.0000000082 9.9591002045 11 1 
1957 0.0000000087 9.9596320899 11 1 
1958 0.0000000092 9.9601634321 11 1 
1959 0.0000000082 9.9606942318 11 1 
1960 0.0000000082 9.9612244898 11 1 
1961 0.0000000092 9.9617542070 11 1 
1962 0.0000000092 9.9622833843 11 1 
1963 0.0000000092 9.9628120224 11 1 
1964 0.0000000087 9.9633401222 11 1 
1965 0.0000000092 9.9638676845 11 1 
1966 0.0000000081 9.9643947101 11 1 
1967 0.0000000081 9.9649211998 11 1 
1968 0.0000000081 9.9654471545 11 1 
1969 0.0000000091 9.9659725749 11 1 
1970 0.0000000081 9.9664974619 11 1 
1971 0.0000000091 9.9670218163 11 1 
1972 0.0000000081 9.9675456389 11 1 
1973 0.0000000081 9.9680689306 11 1 
1974 0.0000000091 9.9685916920 11 1 
1975 0.0000000091 9.9691139241 11 1 
1976 0.0000000086 9.9696356275 11 1 
1977 0.0000000091 9.9701568032 11 1 
1978 0.0000000091 9.9706774520 11 1 
1979 0.0000000091 9.9711975745 11 1 
1980 0.0000000091 9.9717171717 11 1 
1981 0.0000000091 9.9722362443 11 1 
1982 0.0000000081 9.9727547931 11 1 
1983 0.0000000081 9.9732728190 11 1 
1984 0.0000000081 9.9737903226 11 1 
1985 0.0000000096 9.9743073048 11 1 
1986 0.0000000086 9.9748237664 11 1 
1987 0.0000000086 9.9753397081 11 1 
1988 0.0000000080 9.9758551308 11 1 
1989 0.0000000090 9.9763700352 11 1 
1990 0.0000000080 9.9768844221 11 1 
1991 0.0000000085 9.9773982923 11 1 
1992 0.0000000090 9.9779116466 11 1 
1993 0.0000000085 9.9784244857 11 1 
1994 0.0000000095 9.9789368104 11 1 
1995 0.0000000095 9.9794486216 11 1 
1996 0.0000000080 9.9799599198 11 1 
1997 0.0000000085 9.9804707061 11 1 
1998 0.0000000090 9.9809809810 11 1 
1999 0.0000000085 9.9814907454 11 1 
2000 0.0000000085 9.9820000000 11 1 
2001 0.0000000110 9.9825087456 11 1 
2002 0.0000000085 9.9830169830 11 1 
2003 0.0000000090 9.9835247129 11 1 
2004 0.0000000085 9.9840319361 11 1 
2005 0.0000000090 9.9845386534 11 1 
2006 0.0000000085 9.9850448654 11 1 
2007 0.0000000080 9.9855505730 11 1 
2008 0.0000000090 9.9860557769 11 1 
2009 0.0000000080 9.9865604778 11 1 
2010 0.0000000085 9.9870646766 11 1 
2011 0.0000000085 9.9875683739 11 1 
2012 0.0000000089 9.9880715706 11 1 
2013 0.0000000094 9.9885742673 11 1 
2014 0.0000000094 9.9890764647 11 1 
2015 0.0000000084 9.9895781638 11 1 
2016 0.0000000089 9.9900793651 11 1 
2017 0.0000000084 9.9905800694 11 1 
2018 0.0000000084 9.9910802775 11 1 
2019 0.0000000094 9.9915799901 11 1 
2020 0.0000000089 9.9920792079 11 1 
2021 0.0000000084 9.9925779317 11 1 
2022 0.0000000094 9.9930761622 11 1 
2023 0.0000000094 9.9935739001 11 1 
2024 0.0000000084 9.9940711462 11 1 
2025 0.0000000133 9.9945679012 11 1 
2026 0.0000000084 9.9950641658 11 1 
2027 0.0000000084 9.9955599408 11 1 
2028 0.0000000084 9.9960552268 11 1 
2029 0.0000000094 9.9965500246 11 1 
2030 0.0000000084 9.9970443350 11 1 
2031 0.0000000094 9.9975381585 11 1 
2032 0.0000000084 9.9980314961 11 1 
2033 0.0000000084 9.9985243483 11 1 
2034 0.0000000084 9.9990167158 11 1 
2035 0.0000000113 9.9995085995 11 1 
2036 0.0000000083 10.0000000000 11 1 
2037 0.0000000083 10.0004909180 11 1 
2038 0.0000000093 10.0009813543 11 1 
2039 0.0000000093 10.0014713095 11 1 
2040 0.0000000083 10.0019607843 11 1 
2041 0.0000000093 10.0024497795 11 1 
2042 0.0000000103 10.0029382958 11 1 
2043 0.0000000083 10.0034263338 11 1 
2044 0.0000000083 10.0039138943 11 1 
2045 0.0000000093 10.0044009780 11 1 
2046 0.0000000083 10.0048875855 11 1 
2047 0.0000000083 10.0053737176 11 1 
2048 0.0000000083 10.0063476562 12 1 
2049 0.0000000093 10.0073206442 12 1 
2050 0.0000000083 10.0082926829 12 1 
2051 0.0000000083 10.0092637738 12 1 
2052 0.0000000083 10.0102339181 12 1 
2053 0.0000000093 10.0112031174 12 1 
2054 0.0000000083 10.0121713729 12 1 
2055 0.0000000092 10.0131386861 12 1 
2056 0.0000000083 10.0141050584 12 1 
2057 0.0000000122 10.0150704910 12 1 
2058 0.0000000083 10.0160349854 12 1 
2059 0.0000000092 10.0169985430 12 1 
2060 0.0000000083 10.0179611650 12 1 
2061 0.0000000082 10.0189228530 12 1 
2062 0.0000000087 10.0198836081 12 1 
2063 0.0000000092 10.0208434319 12 1 
2064 0.0000000082 10.0218023256 12 1 
2065 0.0000000082 10.0227602906 12 1 
2066 0.0000000087 10.0237173282 12 1 
2067 0.0000000092 10.0246734398 12 1 
2068 0.0000000082 10.0256286267 12 1 
2069 0.0000000082 10.0265828903 12 1 
2070 0.0000000082 10.0275362319 12 1 
2071 0.0000000092 10.0284886528 12 1 
2072 0.0000000082 10.0294401544 12 1 
2073 0.0000000087 10.0303907381 12 1 
2074 0.0000000082 10.0313404050 12 1 
2075 0.0000000092 10.0322891566 12 1 
2076 0.0000000082 10.0332369942 12 1 
2077 0.0000000091 10.0341839191 12 1 
2078 0.0000000082 10.0351299326 12 1 
2079 0.0000000091 10.0360750361 12 1 
2080 0.0000000082 10.0370192308 12 1 
2081 0.0000000082 10.0379625180 12 1 
2082 0.0000000091 10.0389048991 12 1 
2083 0.0000000110 10.0398463754 12 1 
2084 0.0000000082 10.0407869482 12 1 
2085 0.0000000091 10.0417266187 12 1 
2086 0.0000000081 10.0426653883 12 1 
2087 0.0000000091 10.0436032583 12 1 
2088 0.0000000086 10.0445402299 12 1 
2089 0.0000000086 10.0454763045 12 1 
2090 0.0000000096 10.0464114833 12 1 
2091 0.0000000081 10.0473457676 12 1 
2092 0.0000000091 10.0482791587 12 1 
2093 0.0000000086 10.0492116579 12 1 
2094 0.0000000081 10.0501432665 12 1 
2095 0.0000000086 10.0510739857 12 1 
2096 0.0000000091 10.0520038168 12 1 
2097 0.0000000081 10.0529327611 12 1 
2098 0.0000000086 10.0538608198 12 1 
2099 0.0000000086 10.0547879943 12 1 
2100 0.0000000081 10.0557142857 12 1 
2101 0.0000000090 10.0566396954 12 1 
2102 0.0000000081 10.0575642245 12 1 
2103 0.0000000090 10.0584878745 12 1 
2104 0.0000000081 10.0594106464 12 1 
2105 0.0000000086 10.0603325416 12 1 
2106 0.0000000085 10.0612535613 12 1 
2107 0.0000000095 10.0621737067 12 1 
2108 0.0000000081 10.0630929791 12 1 
2109 0.0000000081 10.0640113798 12 1 
2110 0.0000000090 10.0649289100 12 1 
2111 0.0000000081 10.0658455708 12 1 
2112 0.0000000085 10.0667613636 12 1 
2113 0.0000000090 10.0676762896 12 1 
2114 0.0000000080 10.0685903500 12 1 
2115 0.0000000085 10.0695035461 12 1 
2116 0.0000000104 10.0704158790 12 1 
2117 0.0000000094 10.0713273500 12 1 
2118 0.0000000085 10.0722379603 12 1 
2119 0.0000000085 10.0731477112 12 1 
2120 0.0000000090 10.0740566038 12 1 
2121 0.0000000080 10.0749646393 12 1 
2122 0.0000000080 10.0758718190 12 1 
2123 0.0000000089 10.0767781441 12 1 
2124 0.0000000085 10.0776836158 12 1 
2125 0.0000000089 10.0785882353 12 1 
2126 0.0000000085 10.0794920038 12 1 
2127 0.0000000080 10.0803949224 12 1 
2128 0.0000000085 10.0812969925 12 1 
2129 0.0000000146 10.0821982151 12 1 
2130 0.0000000085 10.0830985915 12 1 
2131 0.0000000084 10.0839981229 12 1 
2132 0.0000000117 10.0848968105 12 1 
2133 0.0000000094 10.0857946554 12 1 
2134 0.0000000094 10.0866916589 12 1 
2135 0.0000000089 10.0875878220 12 1 
2136 0.0000000084 10.0884831461 12 1 
2137 0.0000000094 10.0893776322 12 1 
2138 0.0000000084 10.0902712816 12 1 
2139 0.0000000084 10.0911640954 12 1 
2140 0.0000000093 10.0920560748 12 1 
2141 0.0000000093 10.0929472209 12 1 
2142 0.0000000084 10.0938375350 12 1 
2143 0.0000000089 10.0947270182 12 1 
2144 0.0000000084 10.0956156716 12 1 
2145 0.0000000103 10.0965034965 12 1 
2146 0.0000000084 10.0973904939 12 1 
2147 0.0000000093 10.0982766651 12 1 
2148 0.0000000084 10.0991620112 12 1 
2149 0.0000000093 10.1000465333 12 1 
2150 0.0000000088 10.1009302326 12 1 
2151 0.0000000079 10.1018131102 12 1 
2152 0.0000000084 10.1026951673 12 1 
2153 0.0000000093 10.1035764050 12 1 
2154 0.0000000084 10.1044568245 12 1 
2155 0.0000000084 10.1053364269 12 1 
2156 0.0000000083 10.1062152134 12 1 
2157 0.0000000093 10.1070931850 12 1 
2158 0.0000000139 10.1079703429 12 1 
2159 0.0000000093 10.1088466883 12 1 
2160 0.0000000093 10.1097222222 12 1 
2161 0.0000000083 10.1105969459 12 1 
2162 0.0000000120 10.1114708603 12 1 
2163 0.0000000088 10.1123439667 12 1 
2164 0.0000000083 10.1132162662 12 1 
2165 0.0000000083 10.1140877598 12 1 
2166 0.0000000083 10.1149584488 12 1 
2167 0.0000000120 10.1158283341 12 1 
2168 0.0000000092 10.1166974170 12 1 
2169 0.0000000083 10.1175656985 12 1 
2170 0.0000000092 10.1184331797 12 1 
2171 0.0000000083 10.1192998618 12 1 
2172 0.0000000083 10.1201657459 12 1 
2173 0.0000000092 10.1210308329 12 1 
2174 0.0000000083 10.1218951242 12 1 
2175 0.0000000087 10.1227586207 12 1 
2176 0.0000000083 10.1236213235 12 1 
2177 0.0000000092 10.1244832338 12 1 
2178 0.0000000083 10.1253443526 12 1 
2179 0.0000000083 10.1262046810 12 1 
2180 0.0000000092 10.1270642202 12 1 
2181 0.0000000092 10.1279229711 12 1 
2182 0.0000000087 10.1287809349 12 1 
2183 0.0000000082 10.1296381127 12 1 
2184 0.0000000082 10.1304945055 12 1 
2185 0.0000000092 10.1313501144 12 1 
2186 0.0000000082 10.1322049405 12 1 
2187 0.0000000082 10.1330589849 12 1 
2188 0.0000000091 10.1339122486 12 1 
2189 0.0000000082 10.1347647328 12 1 
2190 0.0000000082 10.1356164384 12 1 
2191 0.0000000091 10.1364673665 12 1 
2192 0.0000000096 10.1373175182 12 1 
2193 0.0000000082 10.1381668947 12 1 
2194 0.0000000082 10.1390154968 12 1 
2195 0.0000000091 10.1398633257 12 1 
2196 0.0000000087 10.1407103825 12 1 
2197 0.0000000082 10.1415566682 12 1 
2198 0.0000000082 10.1424021838 12 1 
2199 0.0000000091 10.1432469304 12 1 
2200 0.0000000086 10.1440909091 12 1 
2201 0.0000000095 10.1449341209 12 1 
2202 0.0000000091 10.1457765668 12 1 
2203 0.0000000095 10.1466182478 12 1 
2204 0.0000000086 10.1474591652 12 1 
2205 0.0000000082 10.1482993197 12 1 
2206 0.0000000091 10.1491387126 12 1 
2207 0.0000000100 10.1499773448 12 1 
2208 0.0000000086 10.1508152174 12 1 
2209 0.0000000091 10.1516523314 12 1 
2210 0.0000000086 10.1524886878 12 1 
2211 0.0000000113 10.1533242877 12 1 
2212 0.0000000095 10.1541591320 12 1 
2213 0.0000000081 10.1549932219 12 1 
2214 0.0000000081 10.1558265583 12 1 
2215 0.0000000095 10.1566591422 12 1 
2216 0.0000000095 10.1574909747 12 1 
2217 0.0000000086 10.1583220568 12 1 
2218 0.0000000086 10.1591523895 12 1 
2219 0.0000000086 10.1599819739 12 1 
2220 0.0000000095 10.1608108108 12 1 
2221 0.0000000090 10.1616389014 12 1 
2222 0.0000000081 10.1624662466 12 1 
2223 0.0000000090 10.1632928475 12 1 
2224 0.0000000081 10.1641187050 12 1 
2225 0.0000000085 10.1649438202 12 1 
2226 0.0000000085 10.1657681941 12 1 
2227 0.0000000121 10.1665918276 12 1 
2228 0.0000000094 10.1674147217 12 1 
2229 0.0000000094 10.1682368775 12 1 
2230 0.0000000094 10.1690582960 12 1 
2231 0.0000000090 10.1698789780 12 1 
2232 0.0000000094 10.1706989247 12 1 
2233 0.0000000090 10.1715181370 12 1 
2234 0.0000000081 10.1723366159 12 1 
2235 0.0000000081 10.1731543624 12 1 
2236 0.0000000081 10.1739713775 12 1 
2237 0.0000000094 10.1747876620 12 1 
2238 0.0000000080 10.1756032172 12 1 
2239 0.0000000085 10.1764180438 12 1 
2240 0.0000000085 10.1772321429 12 1 
2241 0.0000000094 10.1780455154 12 1 
2242 0.0000000089 10.1788581624 12 1 
2243 0.0000000094 10.1796700847 12 1 
2244 0.0000000094 10.1804812834 12 1 
2245 0.0000000094 10.1812917595 12 1 
2246 0.0000000080 10.1821015138 12 1 
2247 0.0000000080 10.1829105474 12 1 
2248 0.0000000093 10.1837188612 12 1 
2249 0.0000000080 10.1845264562 12 1 
2250 0.0000000084 10.1853333333 12 1 
2251 0.0000000080 10.1861394936 12 1 
2252 0.0000000093 10.1869449378 12 1 
2253 0.0000000084 10.1877496671 12 1 
2254 0.0000000084 10.1885536823 12 1 
2255 0.0000000084 10.1893569845 12 1 
2256 0.0000000089 10.1901595745 12 1 
2257 0.0000000089 10.1909614533 12 1 
2258 0.0000000093 10.1917626218 12 1 
2259 0.0000000093 10.1925630810 12 1 
2260 0.0000000084 10.1933628319 12 1 
2261 0.0000000084 10.1941618753 12 1 
2262 0.0000000088 10.1949602122 12 1 
2263 0.0000000097 10.1957578436 12 1 
2264 0.0000000093 10.1965547703 12 1 
2265 0.0000000084 10.1973509934 12 1 
2266 0.0000000084 10.1981465137 12 1 
2267 0.0000000084 10.1989413322 12 1 
2268 0.0000000093 10.1997354497 12 1 
2269 0.0000000084 10.2005288673 12 1 
2270 0.0000000084 10.2013215859 12 1 
2271 0.0000000092 10.2021136063 12 1 
2272 0.0000000084 10.2029049296 12 1 
2273 0.0000000092 10.2036955565 12 1 
2274 0.0000000084 10.2044854881 12 1 
2275 0.0000000084 10.2052747253 12 1 
2276 0.0000000088 10.2060632689 12 1 
2277 0.0000000092 10.2068511199 12 1 
2278 0.0000000083 10.2076382792 12 1 
2279 0.0000000083 10.2084247477 12 1 
2280 0.0000000105 10.2092105263 12 1 
2281 0.0000000092 10.2099956160 12 1 
2282 0.0000000083 10.2107800175 12 1 
2283 0.0000000105 10.2115637319 12 1 
2284 0.0000000092 10.2123467601 12 1 
2285 0.0000000092 10.2131291028 12 1 
2286 0.0000000083 10.2139107612 12 1 
2287 0.0000000092 10.2146917359 12 1 
2288 0.0000000092 10.2154720280 12 1 
2289 0.0000000083 10.2162516383 12 1 
2290 0.0000000083 10.2170305677 12 1 
2291 0.0000000092 10.2178088171 12 1 
2292 0.0000000100 10.2185863874 12 1 
2293 0.0000000083 10.2193632795 12 1 
2294 0.0000000092 10.2201394943 12 1 
2295 0.0000000083 10.2209150327 12 1 
2296 0.0000000091 10.2216898955 12 1 
2297 0.0000000091 10.2224640836 12 1 
2298 0.0000000091 10.2232375979 12 1 
2299 0.0000000096 10.2240104393 12 1 
2300 0.0000000083 10.2247826087 12 1 
2301 0.0000000100 10.2255541069 12 1 
2302 0.0000000091 10.2263249348 12 1 
2303 0.0000000091 10.2270950934 12 1 
2304 0.0000000082 10.2278645833 12 1 
2305 0.0000000091 10.2286334056 12 1 
2306 0.0000000091 10.2294015611 12 1 
2307 0.0000000091 10.2301690507 12 1 
2308 0.0000000100 10.2309358752 12 1 
2309 0.0000000082 10.2317020355 12 1 
2310 0.0000000082 10.2324675325 12 1 
2311 0.0000000091 10.2332323669 12 1 
2312 0.0000000082 10.2339965398 12 1 
2313 0.0000000082 10.2347600519 12 1 
2314 0.0000000091 10.2355229041 12 1 
2315 0.0000000082 10.2362850972 12 1 
2316 0.0000000082 10.2370466321 12 1 
2317 0.0000000091 10.2378075097 12 1 
2318 0.0000000086 10.2385677308 12 1 
2319 0.0000000082 10.2393272962 12 1 
2320 0.0000000086 10.2400862069 12 1 
2321 0.0000000090 10.2408444636 12 1 
2322 0.0000000090 10.2416020672 12 1 
2323 0.0000000082 10.2423590185 12 1 
2324 0.0000000082 10.2431153184 12 1 
2325 0.0000000090 10.2438709677 12 1 
2326 0.0000000082 10.2446259673 12 1 
2327 0.0000000090 10.2453803180 12 1 
2328 0.0000000090 10.2461340206 12 1 
2329 0.0000000090 10.2468870760 12 1 
2330 0.0000000082 10.2476394850 12 1 
2331 0.0000000082 10.2483912484 12 1 
2332 0.0000000094 10.2491423671 12 1 
2333 0.0000000081 10.2498928418 12 1 
2334 0.0000000081 10.2506426735 12 1 
2335 0.0000000081 10.2513918630 12 1 
2336 0.0000000094 10.2521404110 12 1 
2337 0.0000000086 10.2528883184 12 1 
2338 0.0000000086 10.2536355860 12 1 
2339 0.0000000094 10.2543822146 12 1 
2340 0.0000000094 10.2551282051 12 1 
2341 0.0000000081 10.2558735583 12 1 
2342 0.0000000081 10.2566182750 12 1 
2343 0.0000000094 10.2573623560 12 1 
2344 0.0000000094 10.2581058020 12 1 
2345 0.0000000094 10.2588486141 12 1 
2346 0.0000000094 10.2595907928 12 1 
2347 0.0000000094 10.2603323392 12 1 
2348 0.0000000089 10.2610732538 12 1 
2349 0.0000000089 10.2618135377 12 1 
2350 0.0000000089 10.2625531915 12 1 
2351 0.0000000089 10.2632922161 12 1 
2352 0.0000000102 10.2640306122 12 1 
2353 0.0000000081 10.2647683808 12 1 
2354 0.0000000093 10.2655055225 12 1 
2355 0.0000000085 10.2662420382 12 1 
2356 0.0000000081 10.2669779287 12 1 
2357 0.0000000085 10.2677131947 12 1 
2358 0.0000000093 10.2684478372 12 1 
2359 0.0000000085 10.2691818567 12 1 
2360 0.0000000097 10.2699152542 12 1 
2361 0.0000000085 10.2706480305 12 1 
2362 0.0000000085 10.2713801863 12 1 
2363 0.0000000085 10.2721117224 12 1 
2364 0.0000000093 10.2728426396 12 1 
2365 0.0000000085 10.2735729387 12 1 
2366 0.0000000085 10.2743026205 12 1 
2367 0.0000000093 10.2750316857 12 1 
2368 0.0000000093 10.2757601351 12 1 
2369 0.0000000084 10.2764879696 12 1 
2370 0.0000000084 10.2772151899 12 1 
2371 0.0000000093 10.2779417967 12 1 
2372 0.0000000084 10.2786677909 12 1 
2373 0.0000000084 10.2793931732 12 1 
2374 0.0000000093 10.2801179444 12 1 
2375 0.0000000093 10.2808421053 12 1 
2376 0.0000000084 10.2815656566 12 1 
2377 0.0000000080 10.2822885991 12 1 
2378 0.0000000093 10.2830109336 12 1 
2379 0.0000000084 10.2837326608 12 1 
2380 0.0000000084 10.2844537815 12 1 
2381 0.0000000092 10.2851742965 12 1 
2382 0.0000000084 10.2858942065 12 1 
2383 0.0000000084 10.2866135124 12 1 
2384 0.0000000084 10.2873322148 12 1 
2385 0.0000000092 10.2880503145 12 1 
2386 0.0000000084 10.2887678122 12 1 
2387 0.0000000096 10.2894847088 12 1 
2388 0.0000000084 10.2902010050 12 1 
2389 0.0000000092 10.2909167015 12 1 
2390 0.0000000084 10.2916317992 12 1 
2391 0.0000000092 10.2923462986 12 1 
2392 0.0000000079 10.2930602007 12 1 
2393 0.0000000084 10.2937735061 12 1 
2394 0.0000000092 10.2944862155 12 1 
2395 0.0000000092 10.2951983299 12 1 
2396 0.0000000100 10.2959098497 12 1 
2397 0.0000000083 10.2966207760 12 1 
2398 0.0000000092 10.2973311093 12 1 
2399 0.0000000083 10.2980408504 12 1 
2400 0.0000000083 10.2987500000 12 1 
2401 0.0000000083 10.2994585589 12 1 
2402 0.0000000096 10.3001665279 12 1 
2403 0.0000000096 10.3008739076 12 1 
2404 0.0000000092 10.3015806988 12 1 
2405 0.0000000083 10.3022869023 12 1 
2406 0.0000000083 10.3029925187 12 1 
2407 0.0000000091 10.3036975488 12 1 
2408 0.0000000091 10.3044019934 12 1 
2409 0.0000000083 10.3051058531 12 1 
2410 0.0000000091 10.3058091286 12 1 
2411 0.0000000087 10.3065118208 12 1 
2412 0.0000000083 10.3072139303 12 1 
2413 0.0000000087 10.3079154579 12 1 
2414 0.0000000091 10.3086164043 12 1 
2415 0.0000000095 10.3093167702 12 1 
2416 0.0000000083 10.3100165563 12 1 
2417 0.0000000091 10.3107157633 12 1 
2418 0.0000000083 10.3114143921 12 1 
2419 0.0000000091 10.3121124432 12 1 
2420 0.0000000083 10.3128099174 12 1 
2421 0.0000000095 10.3135068154 12 1 
2422 0.0000000091 10.3142031379 12 1 
2423 0.0000000083 10.3148988857 12 1 
2424 0.0000000091 10.3155940594 12 1 
2425 0.0000000103 10.3162886598 12 1 
2426 0.0000000082 10.3169826876 12 1 
2427 0.0000000087 10.3176761434 12 1 
2428 0.0000000095 10.3183690280 12 1 
2429 0.0000000082 10.3190613421 12 1 
2430 0.0000000119 10.3197530864 12 1 
2431 0.0000000090 10.3204442616 12 1 
2432 0.0000000090 10.3211348684 12 1 
2433 0.0000000095 10.3218249075 12 1 
2434 0.0000000094 10.3225143796 12 1 
2435 0.0000000094 10.3232032854 12 1 
2436 0.0000000090 10.3238916256 12 1 
2437 0.0000000086 10.3245794009 12 1 
2438 0.0000000082 10.3252666120 12 1 
2439 0.0000000098 10.3259532595 12 1 
2440 0.0000000094 10.3266393443 12 1 
2441 0.0000000094 10.3273248669 12 1 
2442 0.0000000082 10.3280098280 12 1 
2443 0.0000000086 10.3286942284 12 1 
2444 0.0000000102 10.3293780687 12 1 
2445 0.0000000090 10.3300613497 12 1 
2446 0.0000000086 10.3307440720 12 1 
2447 0.0000000086 10.3314262362 12 1 
2448 0.0000000086 10.3321078431 12 1 
2449 0.0000000102 10.3327888934 12 1 
2450 0.0000000106 10.3334693878 12 1 
2451 0.0000000086 10.3341493268 12 1 
2452 0.0000000090 10.3348287113 12 1 
2453 0.0000000090 10.3355075418 12 1 
2454 0.0000000081 10.3361858191 12 1 
2455 0.0000000086 10.3368635438 12 1 
2456 0.0000000090 10.3375407166 12 1 
2457 0.0000000094 10.3382173382 12 1 
2458 0.0000000081 10.3388934093 12 1 
2459 0.0000000085 10.3395689305 12 1 
2460 0.0000000081 10.3402439024 12 1 
2461 0.0000000093 10.3409183259 12 1 
2462 0.0000000085 10.3415922015 12 1 
2463 0.0000000085 10.3422655298 12 1 
2464 0.0000000081 10.3429383117 12 1 
2465 0.0000000093 10.3436105477 12 1 
2466 0.0000000085 10.3442822384 12 1 
2467 0.0000000093 10.3449533847 12 1 
2468 0.0000000081 10.3456239870 12 1 
2469 0.0000000093 10.3462940462 12 1 
2470 0.0000000085 10.3469635628 12 1 
2471 0.0000000085 10.3476325374 12 1 
2472 0.0000000093 10.3483009709 12 1 
2473 0.0000000093 10.3489688637 12 1 
2474 0.0000000085 10.3496362167 12 1 
2475 0.0000000081 10.3503030303 12 1 
2476 0.0000000085 10.3509693053 12 1 
2477 0.0000000101 10.3516350424 12 1 
2478 0.0000000133 10.3523002421 12 1 
2479 0.0000000081 10.3529649052 12 1 
2480 0.0000000085 10.3536290323 12 1 
2481 0.0000000093 10.3542926239 12 1 
2482 0.0000000089 10.3549556809 12 1 
2483 0.0000000093 10.3556182038 12 1 
2484 0.0000000085 10.3562801932 12 1 
2485 0.0000000101 10.3569416499 12 1 
2486 0.0000000097 10.3576025744 12 1 
2487 0.0000000084 10.3582629674 12 1 
2488 0.0000000092 10.3589228296 12 1 
2489 0.0000000084 10.3595821615 12 1 
2490 0.0000000084 10.3602409639 12 1 
2491 0.0000000104 10.3608992373 12 1 
2492 0.0000000084 10.3615569823 12 1 
2493 0.0000000084 10.3622141998 12 1 
2494 0.0000000088 10.3628708901 12 1 
2495 0.0000000108 10.3635270541 12 1 
2496 0.0000000104 10.3641826923 12 1 
2497 0.0000000104 10.3648378054 12 1 
2498 0.0000000084 10.3654923939 12 1 
2499 0.0000000084 10.3661464586 12 1 
2500 0.0000000120 10.3668000000 12 1 
2501 0.0000000092 10.3674530188 12 1 
2502 0.0000000092 10.3681055156 12 1 
2503 0.0000000100 10.3687574910 12 1 
2504 0.0000000088 10.3694089457 12 1 
2505 0.0000000084 10.3700598802 12 1 
2506 0.0000000084 10.3707102953 12 1 
2507 0.0000000092 10.3713601915 12 1 
2508 0.0000000084 10.3720095694 12 1 
2509 0.0000000104 10.3726584297 12 1 
2510 0.0000000092 10.3733067729 12 1 
2511 0.0000000084 10.3739545998 12 1 
2512 0.0000000092 10.3746019108 12 1 
2513 0.0000000084 10.3752487067 12 1 
2514 0.0000000084 10.3758949881 12 1 
2515 0.0000000103 10.3765407555 12 1 
2516 0.0000000091 10.3771860095 12 1 
2517 0.0000000095 10.3778307509 12 1 
2518 0.0000000095 10.3784749801 12 1 
2519 0.0000000083 10.3791186979 12 1 
2520 0.0000000103 10.3797619048 12 1 
2521 0.0000000095 10.3804046013 12 1 
2522 0.0000000083 10.3810467883 12 1 
2523 0.0000000083 10.3816884661 12 1 
2524 0.0000000091 10.3823296355 12 1 
2525 0.0000000095 10.3829702970 12 1 
2526 0.0000000095 10.3836104513 12 1 
2527 0.0000000091 10.3842500989 12 1 
2528 0.0000000083 10.3848892405 12 1 
2529 0.0000000083 10.3855278766 12 1 
2530 0.0000000111 10.3861660079 12 1 
2531 0.0000000091 10.3868036349 12 1 
2532 0.0000000083 10.3874407583 12 1 
2533 0.0000000083 10.3880773786 12 1 
2534 0.0000000095 10.3887134964 12 1 
2535 0.0000000083 10.3893491124 12 1 
2536 0.0000000087 10.3899842271 12 1 
2537 0.0000000091 10.3906188412 12 1 
2538 0.0000000087 10.3912529551 12 1 
2539 0.0000000095 10.3918865695 12 1 
2540 0.0000000094 10.3925196850 12 1 
2541 0.0000000094 10.3931523022 12 1 
2542 0.0000000083 10.3937844217 12 1 
2543 0.0000000094 10.3944160440 12 1 
2544 0.0000000086 10.3950471698 12 1 
2545 0.0000000094 10.3956777996 12 1 
2546 0.0000000086 10.3963079340 12 1 
2547 0.0000000094 10.3969375736 12 1 
2548 0.0000000102 10.3975667190 12 1 
2549 0.0000000090 10.3981953707 12 1 
2550 0.0000000082 10.3988235294 12 1 
2551 0.0000000094 10.3994511956 12 1 
2552 0.0000000094 10.4000783699 12 1 
2553 0.0000000094 10.4007050529 12 1 
2554 0.0000000094 10.4013312451 12 1 
2555 0.0000000086 10.4019569472 12 1 
2556 0.0000000090 10.4025821596 12 1 
2557 0.0000000086 10.4032068831 12 1 
2558 0.0000000094 10.4038311181 12 1 
2559 0.0000000094 10.4044548652 12 1 
2560 0.0000000082 10.4050781250 12 1 
2561 0.0000000090 10.4057008981 12 1 
2562 0.0000000094 10.4063231850 12 1 
2563 0.0000000086 10.4069449863 12 1 
2564 0.0000000086 10.4075663027 12 1 
2565 0.0000000094 10.4081871345 12 1 
2566 0.0000000094 10.4088074825 12 1 
2567 0.0000000082 10.4094273471 12 1 
2568 0.0000000093 10.4100467290 12 1 
2569 0.0000000105 10.4106656286 12 1 
2570 0.0000000097 10.4112840467 12 1 
2571 0.0000000086 10.4119019837 12 1 
2572 0.0000000086 10.4125194401 12 1 
2573 0.0000000120 10.4131364166 12 1 
2574 0.0000000085 10.4137529138 12 1 
2575 0.0000000105 10.4143689320 12 1 
2576 0.0000000093 10.4149844720 12 1 
2577 0.0000000093 10.4155995343 12 1 
2578 0.0000000093 10.4162141195 12 1 
2579 0.0000000093 10.4168282280 12 1 
2580 0.0000000085 10.4174418605 12 1 
2581 0.0000000132 10.4180550174 12 1 
2582 0.0000000093 10.4186676995 12 1 
2583 0.0000000093 10.4192799071 12 1 
2584 0.0000000085 10.4198916409 12 1 
2585 0.0000000093 10.4205029014 12 1 
2586 0.0000000093 10.4211136891 12 1 
2587 0.0000000104 10.4217240046 12 1 
2588 0.0000000081 10.4223338485 12 1 
2589 0.0000000093 10.4229432213 12 1 
2590 0.0000000081 10.4235521236 12 1 
2591 0.0000000093 10.4241605558 12 1 
2592 0.0000000089 10.4247685185 12 1 
2593 0.0000000085 10.4253760123 12 1 
2594 0.0000000085 10.4259830378 12 1 
2595 0.0000000096 10.4265895954 12 1 
2596 0.0000000085 10.4271956857 12 1 
2597 0.0000000096 10.4278013092 12 1 
2598 0.0000000085 10.4284064665 12 1 
2599 0.0000000096 10.4290111581 12 1 
2600 0.0000000085 10.4296153846 12 1 
2601 0.0000000096 10.4302191465 12 1 
2602 0.0000000085 10.4308224443 12 1 
2603 0.0000000096 10.4314252785 12 1 
2604 0.0000000084 10.4320276498 12 1 
2605 0.0000000096 10.4326295585 12 1 
2606 0.0000000084 10.4332310054 12 1 
2607 0.0000000084 10.4338319908 12 1 
2608 0.0000000084 10.4344325153 12 1 
2609 0.0000000096 10.4350325795 12 1 
2610 0.0000000084 10.4356321839 12 1 
2611 0.0000000092 10.4362313290 12 1 
2612 0.0000000092 10.4368300153 12 1 
2613 0.0000000092 10.4374282434 12 1 
2614 0.0000000084 10.4380260138 12 1 
2615 0.0000000084 10.4386233270 12 1 
2616 0.0000000096 10.4392201835 12 1 
2617 0.0000000084 10.4398165839 12 1 
2618 0.0000000095 10.4404125286 12 1 
2619 0.0000000095 10.4410080183 12 1 
2620 0.0000000092 10.4416030534 12 1 
2621 0.0000000103 10.4421976345 12 1 
2622 0.0000000084 10.4427917620 12 1 
2623 0.0000000091 10.4433854365 12 1 
2624 0.0000000095 10.4439786585 12 1 
2625 0.0000000088 10.4445714286 12 1 
2626 0.0000000091 10.4451637471 12 1 
2627 0.0000000099 10.4457556148 12 1 
2628 0.0000000084 10.4463470320 12 1 
2629 0.0000000084 10.4469379992 12 1 
2630 0.0000000091 10.4475285171 12 1 
2631 0.0000000087 10.4481185861 12 1 
2632 0.0000000087 10.4487082067 12 1 
2633 0.0000000084 10.4492973794 12 1 
2634 0.0000000106 10.4498861048 12 1 
2635 0.0000000087 10.4504743833 12 1 
2636 0.0000000099 10.4510622155 12 1 
2637 0.0000000102 10.4516496018 12 1 
2638 0.0000000121 10.4522365428 12 1 
2639 0.0000000087 10.4528230390 12 1 
2640 0.0000000083 10.4534090909 12 1 
2641 0.0000000095 10.4539946990 12 1 
2642 0.0000000087 10.4545798637 12 1 
2643 0.0000000091 10.4551645857 12 1 
2644 0.0000000091 10.4557488654 12 1 
2645 0.0000000087 10.4563327032 12 1 
2646 0.0000000087 10.4569160998 12 1 
2647 0.0000000094 10.4574990555 12 1 
2648 0.0000000083 10.4580815710 12 1 
2649 0.0000000087 10.4586636467 12 1 
2650 0.0000000094 10.4592452830 12 1 
2651 0.0000000083 10.4598264806 12 1 
2652 0.0000000087 10.4604072398 12 1 
2653 0.0000000121 10.4609875613 12 1 
2654 0.0000000094 10.4615674454 12 1 
2655 0.0000000094 10.4621468927 12 1 
2656 0.0000000083 10.4627259036 12 1 
2657 0.0000000094 10.4633044787 12 1 
2658 0.0000000087 10.4638826185 12 1 
2659 0.0000000109 10.4644603234 12 1 
2660 0.0000000094 10.4650375940 12 1 
2661 0.0000000109 10.4656144307 12 1 
2662 0.0000000083 10.4661908340 12 1 
2663 0.0000000094 10.4667668044 12 1 
2664 0.0000000086 10.4673423423 12 1 
2665 0.0000000083 10.4679174484 12 1 
2666 0.0000000090 10.4684921230 12 1 
2667 0.0000000090 10.4690663667 12 1 
2668 0.0000000086 10.4696401799 12 1 
2669 0.0000000094 10.4702135631 12 1 
2670 0.0000000094 10.4707865169 12 1 
2671 0.0000000094 10.4713590416 12 1 
2672 0.0000000086 10.4719311377 12 1 
2673 0.0000000082 10.4725028058 12 1 
2674 0.0000000116 10.4730740464 12 1 
2675 0.0000000093 10.4736448598 12 1 
2676 0.0000000086 10.4742152466 12 1 
2677 0.0000000101 10.4747852073 12 1 
2678 0.0000000093 10.4753547423 12 1 
2679 0.0000000093 10.4759238522 12 1 
2680 0.0000000086 10.4764925373 12 1 
2681 0.0000000086 10.4770607982 12 1 
2682 0.0000000097 10.4776286353 12 1 
2683 0.0000000093 10.4781960492 12 1 
2684 0.0000000093 10.4787630402 12 1 
2685 0.0000000093 10.4793296089 12 1 
2686 0.0000000086 10.4798957558 12 1 
2687 0.0000000082 10.4804614812 12 1 
2688 0.0000000097 10.4810267857 12 1 
2689 0.0000000093 10.4815916698 12 1 
2690 0.0000000086 10.4821561338 12 1 
2691 0.0000000093 10.4827201784 12 1 
2692 0.0000000093 10.4832838039 12 1 
2693 0.0000000085 10.4838470108 12 1 
2694 0.0000000100 10.4844097996 12 1 
2695 0.0000000093 10.4849721707 12 1 
2696 0.0000000085 10.4855341246 12 1 
2697 0.0000000093 10.4860956618 12 1 
2698 0.0000000104 10.4866567828 12 1 
2699 0.0000000093 10.4872174880 12 1 
2700 0.0000000093 10.4877777778 12 1 
2701 0.0000000100 10.4883376527 12 1 
2702 0.0000000100 10.4888971132 12 1 
2703 0.0000000096 10.4894561598 12 1 
2704 0.0000000092 10.4900147929 12 1 
2705 0.0000000104 10.4905730129 12 1 
2706 0.0000000092 10.4911308204 12 1 
2707 0.0000000092 10.4916882157 12 1 
2708 0.0000000103 10.4922451994 12 1 
2709 0.0000000096 10.4928017719 12 1 
2710 0.0000000096 10.4933579336 12 1 
2711 0.0000000092 10.4939136850 12 1 
2712 0.0000000085 10.4944690265 12 1 
2713 0.0000000103 10.4950239587 12 1 
2714 0.0000000107 10.4955784819 12 1 
2715 0.0000000085 10.4961325967 12 1 
2716 0.0000000096 10.4966863034 12 1 
2717 0.0000000096 10.4972396025 12 1 
2718 0.0000000103 10.4977924945 12 1 
2719 0.0000000099 10.4983449798 12 1 
2720 0.0000000114 10.4988970588 12 1 
2721 0.0000000096 10.4994487321 12 1 
2722 0.0000000096 10.5000000000 12 1 
2723 0.0000000084 10.5005508630 12 1 
2724 0.0000000095 10.5011013216 12 1 
2725 0.0000000084 10.5016513761 12 1 
2726 0.0000000088 10.5022010271 12 1 
2727 0.0000000095 10.5027502750 12 1 
2728 0.0000000095 10.5032991202 12 1 
2729 0.0000000088 10.5038475632 12 1 
2730 0.0000000095 10.5043956044 12 1 
2731 0.0000000095 10.5049432442 12 1 
2732 0.0000000095 10.5054904832 12 1 
2733 0.0000000084 10.5060373216 12 1 
2734 0.0000000102 10.5065837601 12 1 
2735 0.0000000095 10.5071297989 12 1 
2736 0.0000000088 10.5076754386 12 1 
2737 0.0000000102 10.5082206796 12 1 
2738 0.0000000117 10.5087655223 12 1 
2739 0.0000000095 10.5093099671 12 1 
2740 0.0000000084 10.5098540146 12 1 
2741 0.0000000088 10.5103976651 12 1 
2742 0.0000000146 10.5109409190 12 1 
2743 0.0000000095 10.5114837769 12 1 
2744 0.0000000095 10.5120262391 12 1 
2745 0.0000000087 10.5125683060 12 1 
2746 0.0000000087 10.5131099782 12 1 
2747 0.0000000095 10.5136512559 12 1 
2748 0.0000000087 10.5141921397 12 1 
2749 0.0000000095 10.5147326300 12 1 
2750 0.0000000084 10.5152727273 12 1 
2751 0.0000000095 10.5158124318 12 1 
2752 0.0000000087 10.5163517442 12 1 
2753 0.0000000094 10.5168906647 12 1 
2754 0.0000000094 10.5174291939 12 1 
2755 0.0000000094 10.5179673321 12 1 
2756 0.0000000083 10.5185050798 12 1 
2757 0.0000000094 10.5190424374 12 1 
2758 0.0000000094 10.5195794054 12 1 
2759 0.0000000083 10.5201159841 12 1 
2760 0.0000000087 10.5206521739 12 1 
2761 0.0000000098 10.5211879754 12 1 
2762 0.0000000087 10.5217233888 12 1 
2763 0.0000000087 10.5222584148 12 1 
2764 0.0000000098 10.5227930535 12 1 
2765 0.0000000101 10.5233273056 12 1 
2766 0.0000000090 10.5238611714 12 1 
2767 0.0000000087 10.5243946512 12 1 
2768 0.0000000094 10.5249277457 12 1 
2769 0.0000000094 10.5254604550 12 1 
2770 0.0000000105 10.5259927798 12 1 
2771 0.0000000119 10.5265247203 12 1 
2772 0.0000000097 10.5270562771 12 1 
2773 0.0000000087 10.5275874504 12 1 
2774 0.0000000115 10.5281182408 12 1 
2775 0.0000000119 10.5286486486 12 1 
2776 0.0000000086 10.5291786744 12 1 
2777 0.0000000108 10.5297083183 12 1 
2778 0.0000000097 10.5302375810 12 1 
2779 0.0000000094 10.5307664628 12 1 
2780 0.0000000086 10.5312949640 12 1 
2781 0.0000000093 10.5318230852 12 1 
2782 0.0000000119 10.5323508267 12 1 
2783 0.0000000097 10.5328781890 12 1 
2784 0.0000000097 10.5334051724 12 1 
2785 0.0000000097 10.5339317774 12 1 
2786 0.0000000097 10.5344580043 12 1 
2787 0.0000000093 10.5349838536 12 1 
2788 0.0000000090 10.5355093257 12 1 
2789 0.0000000086 10.5360344209 12 1 
2790 0.0000000104 10.5365591398 12 1 
2791 0.0000000086 10.5370834826 12 1 
2792 0.0000000086 10.5376074499 12 1 
2793 0.0000000100 10.5381310419 12 1 
2794 0.0000000104 10.5386542591 12 1 
2795 0.0000000097 10.5391771020 12 1 
2796 0.0000000111 10.5396995708 12 1 
2797 0.0000000097 10.5402216661 12 1 
2798 0.0000000125 10.5407433881 12 1 
2799 0.0000000086 10.5412647374 12 1 
2800 0.0000000089 10.5417857143 12 1 
2801 0.0000000096 10.5423063192 12 1 
2802 0.0000000086 10.5428265525 12 1 
2803 0.0000000096 10.5433464146 12 1 
2804 0.0000000096 10.5438659058 12 1 
2805 0.0000000093 10.5443850267 12 1 
2806 0.0000000135 10.5449037776 12 1 
2807 0.0000000086 10.5454221589 12 1 
2808 0.0000000125 10.5459401709 12 1 
2809 0.0000000085 10.5464578142 12 1 
2810 0.0000000103 10.5469750890 12 1 
2811 0.0000000089 10.5474919957 12 1 
2812 0.0000000092 10.5480085349 12 1 
2813 0.0000000096 10.5485247067 12 1 
2814 0.0000000085 10.5490405117 12 1 
2815 0.0000000096 10.5495559503 12 1 
2816 0.0000000099 10.5500710227 12 1 
2817 0.0000000089 10.5505857295 12 1 
2818 0.0000000106 10.5511000710 12 1 
2819 0.0000000085 10.5516140475 12 1 
2820 0.0000000096 10.5521276596 12 1 
2821 0.0000000096 10.5526409075 12 1 
2822 0.0000000099 10.5531537916 12 1 
2823 0.0000000085 10.5536663124 12 1 
2824 0.0000000099 10.5541784703 12 1 
2825 0.0000000103 10.5546902655 12 1 
2826 0.0000000096 10.5552016985 12 1 
2827 0.0000000096 10.5557127697 12 1 
2828 0.0000000095 10.5562234795 12 1 
2829 0.0000000127 10.5567338282 12 1 
2830 0.0000000113 10.5572438163 12 1 
2831 0.0000000088 10.5577534440 12 1 
2832 0.0000000088 10.5582627119 12 1 
2833 0.0000000106 10.5587716202 12 1 
2834 0.0000000088 10.5592801694 12 1 
2835 0.0000000095 10.5597883598 12 1 
2836 0.0000000095 10.5602961918 12 1 
2837 0.0000000120 10.5608036658 12 1 
2838 0.0000000095 10.5613107822 12 1 
2839 0.0000000088 10.5618175414 12 1 
2840 0.0000000085 10.5623239437 12 1 
2841 0.0000000095 10.5628299894 12 1 
2842 0.0000000095 10.5633356791 12 1 
2843 0.0000000088 10.5638410130 12 1 
2844 0.0000000095 10.5643459916 12 1 
2845 0.0000000098 10.5648506151 12 1 
2846 0.0000000098 10.5653548840 12 1 
2847 0.0000000088 10.5658587987 12 1 
2848 0.0000000088 10.5663623596 12 1 
2849 0.0000000098 10.5668655669 12 1 
2850 0.0000000088 10.5673684211 12 1 
2851 0.0000000088 10.5678709225 12 1 
2852 0.0000000095 10.5683730715 12 1 
2853 0.0000000095 10.5688748686 12 1 
2854 0.0000000095 10.5693763139 12 1 
2855 0.0000000091 10.5698774081 12 1 
2856 0.0000000088 10.5703781513 12 1 
2857 0.0000000116 10.5708785439 12 1 
2858 0.0000000094 10.5713785864 12 1 
2859 0.0000000094 10.5718782791 12 1 
2860 0.0000000087 10.5723776224 12 1 
2861 0.0000000094 10.5728766166 12 1 
2862 0.0000000084 10.5733752621 12 1 
2863 0.0000000105 10.5738735592 12 1 
2864 0.0000000087 10.5743715084 12 1 
2865 0.0000000087 10.5748691099 12 1 
2866 0.0000000147 10.5753663643 12 1 
2867 0.0000000087 10.5758632717 12 1 
2868 0.0000000101 10.5763598326 12 1 
2869 0.0000000087 10.5768560474 12 1 
2870 0.0000000098 10.5773519164 12 1 
2871 0.0000000087 10.5778474399 12 1 
2872 0.0000000087 10.5783426184 12 1 
2873 0.0000000104 10.5788374521 12 1 
2874 0.0000000097 10.5793319415 12 1 
2875 0.0000000108 10.5798260870 12 1 
2876 0.0000000094 10.5803198887 12 1 
2877 0.0000000087 10.5808133472 12 1 
2878 0.0000000097 10.5813064628 12 1 
2879 0.0000000087 10.5817992358 12 1 
2880 0.0000000097 10.5822916667 12 1 
2881 0.0000000108 10.5827837556 12 1 
2882 0.0000000090 10.5832755031 12 1 
2883 0.0000000108 10.5837669095 12 1 
2884 0.0000000087 10.5842579750 12 1 
2885 0.0000000097 10.5847487002 12 1 
2886 0.0000000097 10.5852390852 12 1 
2887 0.0000000104 10.5857291306 12 1 
2888 0.0000000097 10.5862188366 12 1 
2889 0.0000000097 10.5867082035 12 1 
2890 0.0000000097 10.5871972318 12 1 
2891 0.0000000097 10.5876859218 12 1 
2892 0.0000000097 10.5881742739 12 1 
2893 0.0000000086 10.5886622883 12 1 
2894 0.0000000104 10.5891499654 12 1 
2895 0.0000000104 10.5896373057 12 1 
2896 0.0000000100 10.5901243094 12 1 
2897 0.0000000093 10.5906109769 12 1 
2898 0.0000000097 10.5910973085 12 1 
2899 0.0000000090 10.5915833046 12 1 
2900 0.0000000086 10.5920689655 12 1 
2901 0.0000000093 10.5925542916 12 1 
2902 0.0000000096 10.5930392833 12 1 
2903 0.0000000090 10.5935239408 12 1 
2904 0.0000000096 10.5940082645 12 1 
2905 0.0000000096 10.5944922547 12 1 
2906 0.0000000096 10.5949759119 12 1 
2907 0.0000000086 10.5954592363 12 1 
2908 0.0000000096 10.5959422283 12 1 
2909 0.0000000086 10.5964248883 12 1 
2910 0.0000000107 10.5969072165 12 1 
2911 0.0000000096 10.5973892133 12 1 
2912 0.0000000086 10.5978708791 12 1 
2913 0.0000000093 10.5983522142 12 1 
2914 0.0000000096 10.5988332189 12 1 
2915 0.0000000086 10.5993138937 12 1 
2916 0.0000000089 10.5997942387 12 1 
2917 0.0000000106 10.6002742544 12 1 
2918 0.0000000147 10.6007539411 12 1 
2919 0.0000000096 10.6012332991 12 1 
2920 0.0000000096 10.6017123288 12 1 
2921 0.0000000086 10.6021910305 12 1 
2922 0.0000000086 10.6026694045 12 1 
2923 0.0000000103 10.6031474512 12 1 
2924 0.0000000096 10.6036251710 12 1 
2925 0.0000000106 10.6041025641 12 1 
2926 0.0000000085 10.6045796309 12 1 
2927 0.0000000085 10.6050563717 12 1 
2928 0.0000000096 10.6055327869 12 1 
2929 0.0000000102 10.6060088767 12 1 
2930 0.0000000096 10.6064846416 12 1 
2931 0.0000000089 10.6069600819 12 1 
2932 0.0000000095 10.6074351978 12 1 
2933 0.0000000089 10.6079099898 12 1 
2934 0.0000000092 10.6083844581 12 1 
2935 0.0000000092 10.6088586031 12 1 
2936 0.0000000095 10.6093324251 12 1 
2937 0.0000000099 10.6098059244 12 1 
2938 0.0000000119 10.6102791014 12 1 
2939 0.0000000088 10.6107519564 12 1 
2940 0.0000000088 10.6112244898 12 1 
2941 0.0000000095 10.6116967018 12 1 
2942 0.0000000095 10.6121685928 12 1 
2943 0.0000000105 10.6126401631 12 1 
2944 0.0000000099 10.6131114130 12 1 
2945 0.0000000088 10.6135823430 12 1 
2946 0.0000000095 10.6140529532 12 1 
2947 0.0000000139 10.6145232440 12 1 
2948 0.0000000088 10.6149932157 12 1 
2949 0.0000000109 10.6154628688 12 1 
2950 0.0000000112 10.6159322034 12 1 
2951 0.0000000088 10.6164012199 12 1 
2952 0.0000000095 10.6168699187 12 1 
2953 0.0000000105 10.6173383000 12 1 
2954 0.0000000098 10.6178063643 12 1 
2955 0.0000000098 10.6182741117 12 1 
2956 0.0000000098 10.6187415426 12 1 
2957 0.0000000098 10.6192086574 12 1 
2958 0.0000000095 10.6196754564 12 1 
2959 0.0000000108 10.6201419398 12 1 
2960 0.0000000084 10.6206081081 12 1 
2961 0.0000000095 10.6210739615 12 1 
2962 0.0000000098 10.6215395003 12 1 
2963 0.0000000098 10.6220047249 12 1 
2964 0.0000000088 10.6224696356 12 1 
2965 0.0000000088 10.6229342327 12 1 
2966 0.0000000094 10.6233985165 12 1 
2967 0.0000000088 10.6238624874 12 1 
2968 0.0000000088 10.6243261456 12 1 
2969 0.0000000108 10.6247894914 12 1 
2970 0.0000000088 10.6252525253 12 1 
2971 0.0000000088 10.6257152474 12 1 
2972 0.0000000098 10.6261776581 12 1 
2973 0.0000000108 10.6266397578 12 1 
2974 0.0000000118 10.6271015467 12 1 
2975 0.0000000087 10.6275630252 12 1 
2976 0.0000000087 10.6280241935 12 1 
2977 0.0000000124 10.6284850521 12 1 
2978 0.0000000091 10.6289456011 12 1 
2979 0.0000000091 10.6294058409 12 1 
2980 0.0000000097 10.6298657718 12 1 
2981 0.0000000087 10.6303253942 12 1 
2982 0.0000000104 10.6307847082 12 1 
2983 0.0000000104 10.6312437144 12 1 
2984 0.0000000087 10.6317024129 12 1 
2985 0.0000000117 10.6321608040 12 1 
2986 0.0000000325 10.6326188881 12 1 
2987 0.0000000244 10.6330766656 12 1 
2988 0.0000000174 10.6335341365 12 1 
2989 0.0000000144 10.6339913014 12 1 
2990 0.0000000147 10.6344481605 12 1 
2991 0.0000000127 10.6349047141 12 1 
2992 0.0000000120 10.6353609626 12 1 
2993 0.0000000120 10.6358169061 12 1 
2994 0.0000000120 10.6362725451 12 1 
2995 0.0000000150 10.6367278798 12 1 
2996 0.0000000300 10.6371829105 12 1 
2997 0.0000000247 10.6376376376 12 1 
2998 0.0000000213 10.6380920614 12 1 
2999 0.0000000163 10.6385461821 12 1 
3000 0.0000000140 10.6390000000 12 1 
3001 0.0000000133 10.6394535155 12 1 
3002 0.0000000127 10.6399067288 12 1 
3003 0.0000000123 10.6403596404 12 1 
3004 0.0000000156 10.6408122503 12 1 
3005 0.0000000166 10.6412645591 12 1 
3006 0.0000000123 10.6417165669 12 1 
3007 0.0000000123 10.6421682740 12 1 
3008 0.0000000123 10.6426196809 12 1 
3009 0.0000000120 10.6430707876 12 1 
3010 0.0000000123 10.6435215947 12 1 
3011 0.0000000123 10.6439721023 12 1 
3012 0.0000000120 10.6444223108 12 1 
3013 0.0000000116 10.6448722204 12 1 
3014 0.0000000119 10.6453218315 12 1 
3015 0.0000000119 10.6457711443 12 1 
3016 0.0000000116 10.6462201592 12 1 
3017 0.0000000116 10.6466688764 12 1 
3018 0.0000000123 10.6471172962 12 1 
3019 0.0000000116 10.6475654190 12 1 
3020 0.0000000116 10.6480132450 12 1 
3021 0.0000000116 10.6484607746 12 1 
3022 0.0000000113 10.6489080079 12 1 
3023 0.0000000112 10.6493549454 12 1 
3024 0.0000000126 10.6498015873 12 1 
3025 0.0000000112 10.6502479339 12 1 
3026 0.0000000116 10.6506939855 12 1 
3027 0.0000000112 10.6511397423 12 1 
3028 0.0000000112 10.6515852048 12 1 
3029 0.0000000135 10.6520303731 12 1 
3030 0.0000000112 10.6524752475 12 1 
3031 0.0000000106 10.6529198284 12 1 
3032 0.0000000109 10.6533641161 12 1 
3033 0.0000000109 10.6538081108 12 1 
3034 0.0000000112 10.6542518128 12 1 
3035 0.0000000119 10.6546952224 12 1 
3036 0.0000000102 10.6551383399 12 1 
3037 0.0000000122 10.6555811656 12 1 
3038 0.0000000118 10.6560236998 12 1 
3039 0.0000000109 10.6564659427 12 1 
3040 0.0000000112 10.6569078947 12 1 
3041 0.0000000112 10.6573495561 12 1 
3042 0.0000000108 10.6577909270 12 1 
3043 0.0000000112 10.6582320079 12 1 
3044 0.0000000108 10.6586727989 12 1 
3045 0.0000000138 10.6591133005 12 1 
3046 0.0000000112 10.6595535128 12 1 
3047 0.0000000108 10.6599934362 12 1 
3048 0.0000000121 10.6604330709 12 1 
3049 0.0000000118 10.6608724172 12 1 
3050 0.0000000111 10.6613114754 12 1 
3051 0.0000000105 10.6617502458 12 1 
3052 0.0000000121 10.6621887287 12 1 
3053 0.0000000111 10.6626269243 12 1 
3054 0.0000000108 10.6630648330 12 1 
3055 0.0000000121 10.6635024550 12 1 
3056 0.0000000115 10.6639397906 12 1 
3057 0.0000000108 10.6643768400 12 1 
3058 0.0000000114 10.6648136037 12 1 
3059 0.0000000101 10.6652500817 12 1 
3060 0.0000000121 10.6656862745 12 1 
3061 0.0000000105 10.6661221823 12 1 
3062 0.0000000108 10.6665578054 12 1 
3063 0.0000000121 10.6669931440 12 1 
3064 0.0000000114 10.6674281984 12 1 
3065 0.0000000108 10.6678629690 12 1 
3066 0.0000000108 10.6682974560 12 1 
3067 0.0000000111 10.6687316596 12 1 
3068 0.0000000121 10.6691655802 12 1 
3069 0.0000000108 10.6695992180 12 1 
3070 0.0000000117 10.6700325733 12 1 
3071 0.0000000107 10.6704656464 12 1 
3072 0.0000000107 10.6708984375 12 1 
3073 0.0000000114 10.6713309470 12 1 
3074 0.0000000120 10.6717631750 12 1 
3075 0.0000000111 10.6721951220 12 1 
3076 0.0000000111 10.6726267880 12 1 
3077 0.0000000110 10.6730581735 12 1 
3078 0.0000000107 10.6734892788 12 1 
3079 0.0000000107 10.6739201039 12 1 
3080 0.0000000123 10.6743506494 12 1 
3081 0.0000000123 10.6747809153 12 1 
3082 0.0000000104 10.6752109020 12 1 
3083 0.0000000117 10.6756406098 12 1 
3084 0.0000000133 10.6760700389 12 1 
3085 0.0000000110 10.6764991896 12 1 
3086 0.0000000117 10.6769280622 12 1 
3087 0.0000000120 10.6773566569 12 1 
3088 0.0000000100 10.6777849741 12 1 
3089 0.0000000110 10.6782130139 12 1 
3090 0.0000000120 10.6786407767 12 1 
3091 0.0000000113 10.6790682627 12 1 
3092 0.0000000120 10.6794954722 12 1 
3093 0.0000000107 10.6799224054 12 1 
3094 0.0000000120 10.6803490627 12 1 
3095 0.0000000107 10.6807754443 12 1 
3096 0.0000000107 10.6812015504 12 1 
3097 0.0000000110 10.6816273813 12 1 
3098 0.0000000123 10.6820529374 12 1 
3099 0.0000000123 10.6824782188 12 1 
3100 0.0000000106 10.6829032258 12 1 
3101 0.0000000135 10.6833279587 12 1 
3102 0.0000000110 10.6837524178 12 1 
3103 0.0000000106 10.6841766033 12 1 
3104 0.0000000119 10.6846005155 12 1 
3105 0.0000000106 10.6850241546 12 1 
3106 0.0000000103 10.6854475209 12 1 
3107 0.0000000119 10.6858706147 12 1 
3108 0.0000000109 10.6862934363 12 1 
3109 0.0000000103 10.6867159858 12 1 
3110 0.0000000113 10.6871382637 12 1 
3111 0.0000000109 10.6875602700 12 1 
3112 0.0000000106 10.6879820051 12 1 
3113 0.0000000112 10.6884034693 12 1 
3114 0.0000000109 10.6888246628 12 1 
3115 0.0000000106 10.6892455859 12 1 
3116 0.0000000112 10.6896662388 12 1 
3117 0.0000000106 10.6900866218 12 1 
3118 0.0000000106 10.6905067351 12 1 
3119 0.0000000119 10.6909265790 12 1 
3120 0.0000000106 10.6913461538 12 1 
3121 0.0000000103 10.6917654598 12 1 
3122 0.0000000119 10.6921844971 12 1 
3123 0.0000000118 10.6926032661 12 1 
3124 0.0000000109 10.6930217670 12 1 
3125 0.0000000131 10.6934400000 12 1 
3126 0.0000000112 10.6938579655 12 1 
3127 0.0000000102 10.6942756636 12 1 
3128 0.0000000118 10.6946930946 12 1 
3129 0.0000000121 10.6951102589 12 1 
3130 0.0000000102 10.6955271565 12 1 
3131 0.0000000131 10.6959437879 12 1 
3132 0.0000000109 10.6963601533 12 1 
3133 0.0000000134 10.6967762528 12 1 
3134 0.0000000118 10.6971920868 12 1 
3135 0.0000000118 10.6976076555 12 1 
3136 0.0000000105 10.6980229592 12 1 
3137 0.0000000134 10.6984379981 12 1 
3138 0.0000000118 10.6988527725 12 1 
3139 0.0000000102 10.6992672826 12 1 
3140 0.0000000111 10.6996815287 12 1 
3141 0.0000000108 10.7000955110 12 1 
3142 0.0000000111 10.7005092298 12 1 
3143 0.0000000121 10.7009226853 12 1 
3144 0.0000000118 10.7013358779 12 1 
3145 0.0000000108 10.7017488076 12 1 
3146 0.0000000108 10.7021614749 12 1 
3147 0.0000000111 10.7025738799 12 1 
3148 0.0000000118 10.7029860229 12 1 
3149 0.0000000108 10.7033979041 12 1 
3150 0.0000000108 10.7038095238 12 1 
3151 0.0000000121 10.7042208823 12 1 
3152 0.0000000121 10.7046319797 12 1 
3153 0.0000000108 10.7050428164 12 1 
3154 0.0000000108 10.7054533925 12 1 
3155 0.0000000105 10.7058637084 12 1 
3156 0.0000000108 10.7062737643 12 1 
3157 0.0000000108 10.7066835603 12 1 
3158 0.0000000117 10.7070930969 12 1 
3159 0.0000000104 10.7075023742 12 1 
3160 0.0000000104 10.7079113924 12 1 
3161 0.0000000104 10.7083201519 12 1 
3162 0.0000000120 10.7087286528 12 1 
3163 0.0000000114 10.7091368954 12 1 
3164 0.0000000111 10.7095448799 12 1 
3165 0.0000000114 10.7099526066 12 1 
3166 0.0000000107 10.7103600758 12 1 
3167 0.0000000117 10.7107672877 12 1 
3168 0.0000000145 10.7111742424 12 1 
3169 0.0000000107 10.7115809404 12 1 
3170 0.0000000120 10.7119873817 12 1 
3171 0.0000000123 10.7123935667 12 1 
3172 0.0000000107 10.7127994956 12 1 
3173 0.0000000117 10.7132051686 12 1 
3174 0.0000000161 10.7136105860 12 1 
3175 0.0000000117 10.7140157480 12 1 
3176 0.0000000104 10.7144206549 12 1 
3177 0.0000000107 10.7148253069 12 1 
3178 0.0000000120 10.7152297042 12 1 
3179 0.0000000104 10.7156338471 12 1 
3180 0.0000000116 10.7160377358 12 1 
3181 0.0000000107 10.7164413706 12 1 
3182 0.0000000107 10.7168447517 12 1 
3183 0.0000000116 10.7172478794 12 1 
3184 0.0000000104 10.7176507538 12 1 
3185 0.0000000110 10.7180533752 12 1 
3186 0.0000000116 10.7184557439 12 1 
3187 0.0000000107 10.7188578601 12 1 
3188 0.0000000119 10.7192597240 12 1 
3189 0.0000000103 10.7196613358 12 1 
3190 0.0000000103 10.7200626959 12 1 
3191 0.0000000128 10.7204638045 12 1 
3192 0.0000000107 10.7208646617 12 1 
3193 0.0000000119 10.7212652678 12 1 
3194 0.0000000106 10.7216656230 12 1 
3195 0.0000000113 10.7220657277 12 1 
3196 0.0000000119 10.7224655820 12 1 
3197 0.0000000106 10.7228651861 12 1 
3198 0.0000000109 10.7232645403 12 1 
3199 0.0000000119 10.7236636449 12 1 
3200 0.0000000103 10.7240625000 12 1 
3201 0.0000000116 10.7244611059 12 1 
3202 0.0000000144 10.7248594628 12 1 
3203 0.0000000106 10.7252575710 12 1 
3204 0.0000000109 10.7256554307 12 1 
3205 0.0000000119 10.7260530421 12 1 
3206 0.0000000115 10.7264504055 12 1 
3207 0.0000000109 10.7268475210 12 1 
3208 0.0000000118 10.7272443890 12 1 
3209 0.0000000106 10.7276410097 12 1 
3210 0.0000000118 10.7280373832 12 1 
3211 0.0000000106 10.7284335098 12 1 
3212 0.0000000118 10.7288293898 12 1 
3213 0.0000000106 10.7292250233 12 1 
3214 0.0000000100 10.7296204107 12 1 
3215 0.0000000118 10.7300155521 12 1 
3216 0.0000000106 10.7304104478 12 1 
3217 0.0000000109 10.7308050979 12 1 
3218 0.0000000109 10.7311995028 12 1 
3219 0.0000000106 10.7315936626 12 1 
3220 0.0000000118 10.7319875776 12 1 
3221 0.0000000109 10.7323812481 12 1 
3222 0.0000000102 10.7327746741 12 1 
3223 0.0000000102 10.7331678560 12 1 
3224 0.0000000118 10.7335607940 12 1 
3225 0.0000000112 10.7339534884 12 1 
3226 0.0000000115 10.7343459392 12 1 
3227 0.0000000105 10.7347381469 12 1 
3228 0.0000000105 10.7351301115 12 1 
3229 0.0000000121 10.7355218334 12 1 
3230 0.0000000099 10.7359133127 12 1 
3231 0.0000000118 10.7363045497 12 1 
3232 0.0000000108 10.7366955446 12 1 
3233 0.0000000118 10.7370862976 12 1 
3234 0.0000000099 10.7374768089 12 1 
3235 0.0000000108 10.7378670788 12 1 
3236 0.0000000130 10.7382571075 12 1 
3237 0.0000000105 10.7386468953 12 1 
3238 0.0000000117 10.7390364422 12 1 
3239 0.0000000111 10.7394257487 12 1 
3240 0.0000000117 10.7398148148 12 1 
3241 0.0000000099 10.7402036409 12 1 
3242 0.0000000108 10.7405922270 12 1 
3243 0.0000000111 10.7409805735 12 1 
3244 0.0000000108 10.7413686806 12 1 
3245 0.0000000117 10.7417565485 12 1 
3246 0.0000000099 10.7421441774 12 1 
3247 0.0000000120 10.7425315676 12 1 
3248 0.0000000108 10.7429187192 12 1 
3249 0.0000000102 10.7433056325 12 1 
3250 0.0000000142 10.7436923077 12 1 
3251 0.0000000145 10.7440787450 12 1 
3252 0.0000000148 10.7444649446 12 1 
3253 0.0000000117 10.7448509069 12 1 
3254 0.0000000117 10.7452366318 12 1 
3255 0.0000000114 10.7456221198 12 1 
3256 0.0000000101 10.7460073710 12 1 
3257 0.0000000117 10.7463923856 12 1 
3258 0.0000000117 10.7467771639 12 1 
3259 0.0000000104 10.7471617060 12 1 
3260 0.0000000104 10.7475460123 12 1 
3261 0.0000000104 10.7479300828 12 1 
3262 0.0000000107 10.7483139178 12 1 
3263 0.0000000101 10.7486975176 12 1 
3264 0.0000000107 10.7490808824 12 1 
3265 0.0000000101 10.7494640123 12 1 
3266 0.0000000147 10.7498469075 12 1 
3267 0.0000000132 10.7502295684 12 1 
3268 0.0000000116 10.7506119951 12 1 
3269 0.0000000101 10.7509941878 12 1 
3270 0.0000000119 10.7513761468 12 1 
3271 0.0000000107 10.7517578722 12 1 
3272 0.0000000119 10.7521393643 12 1 
3273 0.0000000122 10.7525206233 12 1 
3274 0.0000000101 10.7529016494 12 1 
3275 0.0000000107 10.7532824427 12 1 
3276 0.0000000116 10.7536630037 12 1 
3277 0.0000000116 10.7540433323 12 1 
3278 0.0000000101 10.7544234289 12 1 
3279 0.0000000116 10.7548032937 12 1 
3280 0.0000000116 10.7551829268 12 1 
3281 0.0000000107 10.7555623286 12 1 
3282 0.0000000098 10.7559414991 12 1 
3283 0.0000000128 10.7563204386 12 1 
3284 0.0000000119 10.7566991474 12 1 
3285 0.0000000119 10.7570776256 12 1 
3286 0.0000000107 10.7574558734 12 1 
3287 0.0000000110 10.7578338911 12 1 
3288 0.0000000106 10.7582116788 12 1 
3289 0.0000000119 10.7585892369 12 1 
3290 0.0000000106 10.7589665653 12 1 
3291 0.0000000119 10.7593436645 12 1 
3292 0.0000000103 10.7597205346 12 1 
3293 0.0000000118 10.7600971758 12 1 
3294 0.0000000149 10.7604735883 12 1 
3295 0.0000000118 10.7608497724 12 1 
3296 0.0000000109 10.7612257282 12 1 
3297 0.0000000112 10.7616014559 12 1 
3298 0.0000000112 10.7619769557 12 1 
3299 0.0000000106 10.7623522279 12 1 
3300 0.0000000106 10.7627272727 12 1 
3301 0.0000000115 10.7631020903 12 1 
3302 0.0000000103 10.7634766808 12 1 
3303 0.0000000115 10.7638510445 12 1 
3304 0.0000000106 10.7642251816 12 1 
3305 0.0000000115 10.7645990923 12 1 
3306 0.0000000112 10.7649727768 12 1 
3307 0.0000000106 10.7653462353 12 1 
3308 0.0000000106 10.7657194680 12 1 
3309 0.0000000121 10.7660924751 12 1 
3310 0.0000000100 10.7664652568 12 1 
3311 0.0000000106 10.7668378133 12 1 
3312 0.0000000106 10.7672101449 12 1 
3313 0.0000000118 10.7675822517 12 1 
3314 0.0000000109 10.7679541340 12 1 
3315 0.0000000118 10.7683257919 12 1 
3316 0.0000000106 10.7686972256 12 1 
3317 0.0000000109 10.7690684353 12 1 
3318 0.0000000112 10.7694394213 12 1 
3319 0.0000000108 10.7698101838 12 1 
3320 0.0000000117 10.7701807229 12 1 
3321 0.0000000120 10.7705510388 12 1 
3322 0.0000000105 10.7709211318 12 1 
3323 0.0000000108 10.7712910021 12 1 
3324 0.0000000117 10.7716606498 12 1 
3325 0.0000000120 10.7720300752 12 1 
3326 0.0000000111 10.7723992784 12 1 
3327 0.0000000111 10.7727682597 12 1 
3328 0.0000000117 10.7731370192 12 1 
3329 0.0000000357 10.7735055572 12 1 
3330 0.0000000270 10.7738738739 12 1 
3331 0.0000000174 10.7742419694 12 1 
3332 0.0000000156 10.7746098439 12 1 
3333 0.0000000147 10.7749774977 12 1 
3334 0.0000000135 10.7753449310 12 1 
3335 0.0000000186 10.7757121439 12 1 
3336 0.0000000132 10.7760791367 12 1 
3337 0.0000000171 10.7764459095 12 1 
3338 0.0000000138 10.7768124626 12 1 
3339 0.0000000120 10.7771787960 12 1 
3340 0.0000000135 10.7775449102 12 1 
3341 0.0000000120 10.7779108051 12 1 
3342 0.0000000117 10.7782764811 12 1 
3343 0.0000000263 10.7786419384 12 1 
3344 0.0000000158 10.7790071770 12 1 
3345 0.0000000135 10.7793721973 12 1 
3346 0.0000000120 10.7797369994 12 1 
3347 0.0000000105 10.7801015835 12 1 
3348 0.0000000111 10.7804659498 12 1 
3349 0.0000000110 10.7808300985 12 1 
3350 0.0000000101 10.7811940299 12 1 
3351 0.0000000131 10.7815577440 12 1 
3352 0.0000000119 10.7819212411 12 1 
3353 0.0000000098 10.7822845213 12 1 
3354 0.0000000107 10.7826475850 12 1 
3355 0.0000000101 10.7830104322 12 1 
3356 0.0000000104 10.7833730632 12 1 
3357 0.0000000110 10.7837354781 12 1 
3358 0.0000000128 10.7840976772 12 1 
3359 0.0000000107 10.7844596606 12 1 
3360 0.0000000107 10.7848214286 12 1 
3361 0.0000000104 10.7851829813 12 1 
3362 0.0000000107 10.7855443189 12 1 
3363 0.0000000104 10.7859054416 12 1 
3364 0.0000000107 10.7862663496 12 1 
3365 0.0000000101 10.7866270431 12 1 
3366 0.0000000131 10.7869875223 12 1 
3367 0.0000000107 10.7873477873 12 1 
3368 0.0000000119 10.7877078385 12 1 
3369 0.0000000107 10.7880676759 12 1 
3370 0.0000000095 10.7884272997 12 1 
3371 0.0000000107 10.7887867102 12 1 
3372 0.0000000110 10.7891459075 12 1 
3373 0.0000000110 10.7895048918 12 1 
3374 0.0000000110 10.7898636633 12 1 
3375 0.0000000095 10.7902222222 12 1 
3376 0.0000000355 10.7905805687 12 1 
3377 0.0000000216 10.7909387030 12 1 
3378 0.0000000172 10.7912966252 12 1 
3379 0.0000000112 10.7916543356 12 1 
3380 0.0000000107 10.7920118343 12 1 
3381 0.0000000109 10.7923691216 12 1 
3382 0.0000000109 10.7927261975 12 1 
3383 0.0000000106 10.7930830624 12 1 
3384 0.0000000136 10.7934397163 12 1 
3385 0.0000000112 10.7937961595 12 1 
3386 0.0000000115 10.7941523922 12 1 
3387 0.0000000118 10.7945084145 12 1 
3388 0.0000000295 10.7948642267 12 1 
3389 0.0000000230 10.7952198289 12 1 
3390 0.0000000215 10.7955752212 12 1 
3391 0.0000000186 10.7959304040 12 1 
3392 0.0000000147 10.7962853774 12 1 
3393 0.0000000139 10.7966401415 12 1 
3394 0.0000000130 10.7969946965 12 1 
3395 0.0000000124 10.7973490427 12 1 
3396 0.0000000121 10.7977031802 12 1 
3397 0.0000000124 10.7980571092 12 1 
3398 0.0000000118 10.7984108299 12 1 
3399 0.0000000121 10.7987643425 12 1 
3400 0.0000000124 10.7991176471 12 1 
3401 0.0000000141 10.7994707439 12 1 
3402 0.0000000123 10.7998236332 12 1 
3403 0.0000000123 10.8001763150 12 1 
3404 0.0000000123 10.8005287897 12 1 
3405 0.0000000120 10.8008810573 12 1 
3406 0.0000000120 10.8012331180 12 1 
3407 0.0000000203 10.8015849721 12 1 
3408 0.0000000147 10.8019366197 12 1 
3409 0.0000000132 10.8022880610 12 1 
3410 0.0000000129 10.8026392962 12 1 
3411 0.0000000120 10.8029903254 12 1 
3412 0.0000000126 10.8033411489 12 1 
3413 0.0000000114 10.8036917668 12 1 
3414 0.0000000120 10.8040421793 12 1 
3415 0.0000000114 10.8043923865 12 1 
3416 0.0000000114 10.8047423888 12 1 
3417 0.0000000117 10.8050921861 12 1 
3418 0.0000000117 10.8054417788 12 1 
3419 0.0000000120 10.8057911670 12 1 
3420 0.0000000114 10.8061403509 12 1 
3421 0.0000000114 10.8064893306 12 1 
3422 0.0000000161 10.8068381064 12 1 
3423 0.0000000126 10.8071866784 12 1 
3424 0.0000000114 10.8075350467 12 1 
3425 0.0000000114 10.8078832117 12 1 
3426 0.0000000114 10.8082311734 12 1 
3427 0.0000000114 10.8085789320 12 1 
3428 0.0000000114 10.8089264877 12 1 
3429 0.0000000114 10.8092738408 12 1 
3430 0.0000000114 10.8096209913 12 1 
3431 0.0000000117 10.8099679394 12 1 
3432 0.0000000125 10.8103146853 12 1 
3433 0.0000000119 10.8106612292 12 1 
3434 0.0000000119 10.8110075713 12 1 
3435 0.0000000114 10.8113537118 12 1 
3436 0.0000000111 10.8116996508 12 1 
3437 0.0000000108 10.8120453884 12 1 
3438 0.0000000111 10.8123909250 12 1 
3439 0.0000000099 10.8127362605 12 1 
3440 0.0000000110 10.8130813953 12 1 
3441 0.0000000145 10.8134263296 12 1 
3442 0.0000000107 10.8137710633 12 1 
3443 0.0000000105 10.8141155969 12 1 
3444 0.0000000107 10.8144599303 12 1 
3445 0.0000000107 10.8148040639 12 1 
3446 0.0000000139 10.8151479977 12 1 
3447 0.0000000119 10.8154917319 12 1 
3448 0.0000000119 10.8158352668 12 1 
3449 0.0000000107 10.8161786025 12 1 
3450 0.0000000107 10.8165217391 12 1 
3451 0.0000000099 10.8168646769 12 1 
3452 0.0000000104 10.8172074160 12 1 
3453 0.0000000119 10.8175499566 12 1 
3454 0.0000000110 10.8178922988 12 1 
3455 0.0000000101 10.8182344428 12 1 
3456 0.0000000104 10.8185763889 12 1 
3457 0.0000000119 10.8189181371 12 1 
3458 0.0000000119 10.8192596877 12 1 
3459 0.0000000121 10.8196010408 12 1 
3460 0.0000000133 10.8199421965 12 1 
3461 0.0000000104 10.8202831552 12 1 
3462 0.0000000101 10.8206239168 12 1 
3463 0.0000000118 10.8209644817 12 1 
3464 0.0000000110 10.8213048499 12 1 
3465 0.0000000113 10.8216450216 12 1 
3466 0.0000000118 10.8219849971 12 1 
3467 0.0000000110 10.8223247765 12 1 
3468 0.0000000115 10.8226643599 12 1 
3469 0.0000000115 10.8230037475 12 1 
3470 0.0000000115 10.8233429395 12 1 
3471 0.0000000115 10.8236819360 12 1 
3472 0.0000000124 10.8240207373 12 1 
3473 0.0000000104 10.8243593435 12 1 
3474 0.0000000112 10.8246977547 12 1 
3475 0.0000000121 10.8250359712 12 1 
3476 0.0000000109 10.8253739931 12 1 
3477 0.0000000112 10.8257118205 12 1 
3478 0.0000000124 10.8260494537 12 1 
3479 0.0000000109 10.8263868928 12 1 
3480 0.0000000112 10.8267241379 12 1 
3481 0.0000000109 10.8270611893 12 1 
3482 0.0000000109 10.8273980471 12 1 
3483 0.0000000121 10.8277347115 12 1 
3484 0.0000000121 10.8280711825 12 1 
3485 0.0000000112 10.8284074605 12 1 
3486 0.0000000120 10.8287435456 12 1 
3487 0.0000000120 10.8290794379 12 1 
3488 0.0000000109 10.8294151376 12 1 
3489 0.0000000120 10.8297506449 12 1 
3490 0.0000000117 10.8300859599 12 1 
3491 0.0000000106 10.8304210828 12 1 
3492 0.0000000132 10.8307560137 12 1 
3493 0.0000000109 10.8310907529 12 1 
3494 0.0000000106 10.8314253005 12 1 
3495 0.0000000109 10.8317596567 12 1 
3496 0.0000000097 10.8320938215 12 1 
3497 0.0000000112 10.8324277953 12 1 
3498 0.0000000111 10.8327615780 12 1 
3499 0.0000000111 10.8330951700 12 1 
3500 0.0000000106 10.8334285714 12 1 
3501 0.0000000106 10.8337617823 12 1 
3502 0.0000000117 10.8340948030 12 1 
3503 0.0000000111 10.8344276335 12 1 
3504 0.0000000137 10.8347602740 12 1 
3505 0.0000000120 10.8350927247 12 1 
3506 0.0000000117 10.8354249857 12 1 
3507 0.0000000114 10.8357570573 12 1 
3508 0.0000000114 10.8360889396 12 1 
3509 0.0000000111 10.8364206327 12 1 
3510 0.0000000145 10.8367521368 12 1 
3511 0.0000000117 10.8370834520 12 1 
3512 0.0000000108 10.8374145786 12 1 
3513 0.0000000120 10.8377455167 12 1 
3514 0.0000000120 10.8380762664 12 1 
3515 0.0000000114 10.8384068279 12 1 
3516 0.0000000139 10.8387372014 12 1 
3517 0.0000000119 10.8390673870 12 1 
3518 0.0000000105 10.8393973849 12 1 
3519 0.0000000105 10.8397271952 12 1 
3520 0.0000000114 10.8400568182 12 1 
3521 0.0000000119 10.8403862539 12 1 
3522 0.0000000108 10.8407155026 12 1 
3523 0.0000000148 10.8410445643 12 1 
3524 0.0000000119 10.8413734393 12 1 
3525 0.0000000108 10.8417021277 12 1 
3526 0.0000000105 10.8420306296 12 1 
3527 0.0000000122 10.8423589453 12 1 
3528 0.0000000111 10.8426870748 12 1 
3529 0.0000000111 10.8430150184 12 1 
3530 0.0000000133 10.8433427762 12 1 
3531 0.0000000119 10.8436703483 12 1 
3532 0.0000000116 10.8439977350 12 1 
3533 0.0000000119 10.8443249363 12 1 
3534 0.0000000108 10.8446519525 12 1 
3535 0.0000000110 10.8449787836 12 1 
3536 0.0000000107 10.8453054299 12 1 
3537 0.0000000122 10.8456318914 12 1 
3538 0.0000000116 10.8459581685 12 1 
3539 0.0000000102 10.8462842611 12 1 
3540 0.0000000119 10.8466101695 12 1 
3541 0.0000000110 10.8469358938 12 1 
3542 0.0000000104 10.8472614342 12 1 
3543 0.0000000121 10.8475867909 12 1 
3544 0.0000000124 10.8479119639 12 1 
3545 0.0000000121 10.8482369535 12 1 
3546 0.0000000104 10.8485617597 12 1 
3547 0.0000000110 10.8488863829 12 1 
3548 0.0000000127 10.8492108230 12 1 
3549 0.0000000107 10.8495350803 12 1 
3550 0.0000000101 10.8498591549 12 1 
3551 0.0000000113 10.8501830470 12 1 
3552 0.0000000121 10.8505067568 12 1 
3553 0.0000000107 10.8508302843 12 1 
3554 0.0000000115 10.8511536297 12 1 
3555 0.0000000115 10.8514767932 12 1 
3556 0.0000000104 10.8517997750 12 1 
3557 0.0000000107 10.8521225752 12 1 
3558 0.0000000118 10.8524451939 12 1 
3559 0.0000000104 10.8527676314 12 1 
3560 0.0000000107 10.8530898876 12 1 
3561 0.0000000121 10.8534119629 12 1 
3562 0.0000000109 10.8537338574 12 1 
3563 0.0000000109 10.8540555711 12 1 
3564 0.0000000118 10.8543771044 12 1 
3565 0.0000000121 10.8546984572 12 1 
3566 0.0000000107 10.8550196298 12 1 
3567 0.0000000104 10.8553406224 12 1 
3568 0.0000000118 10.8556614350 12 1 
3569 0.0000000120 10.8559820678 12 1 
3570 0.0000000109 10.8563025210 12 1 
3571 0.0000000118 10.8566227947 12 1 
3572 0.0000000120 10.8569428891 12 1 
3573 0.0000000115 10.8572628044 12 1 
3574 0.0000000120 10.8575825406 12 1 
3575 0.0000000115 10.8579020979 12 1 
3576 0.0000000120 10.8582214765 12 1 
3577 0.0000000109 10.8585406765 12 1 
3578 0.0000000109 10.8588596982 12 1 
3579 0.0000000137 10.8591785415 12 1 
3580 0.0000000120 10.8594972067 12 1 
3581 0.0000000123 10.8598156939 12 1 
3582 0.0000000106 10.8601340034 12 1 
3583 0.0000000120 10.8604521351 12 1 
3584 0.0000000117 10.8607700893 12 1 
3585 0.0000000123 10.8610878661 12 1 
3586 0.0000000137 10.8614054657 12 1 
3587 0.0000000120 10.8617228882 12 1 
3588 0.0000000114 10.8620401338 12 1 
3589 0.0000000120 10.8623572026 12 1 
3590 0.0000000109 10.8626740947 12 1 
3591 0.0000000123 10.8629908104 12 1 
3592 0.0000000120 10.8633073497 12 1 
3593 0.0000000122 10.8636237128 12 1 
3594 0.0000000109 10.8639398998 12 1 
3595 0.0000000103 10.8642559110 12 1 
3596 0.0000000131 10.8645717464 12 1 
3597 0.0000000150 10.8648874062 12 1 
3598 0.0000000122 10.8652028905 12 1 
3599 0.0000000111 10.8655181995 12 1 
3600 0.0000000119 10.8658333333 12 1 
3601 0.0000000122 10.8661482921 12 1 
3602 0.0000000111 10.8664630761 12 1 
3603 0.0000000111 10.8667776853 12 1 
3604 0.0000000122 10.8670921199 12 1 
3605 0.0000000122 10.8674063800 12 1 
3606 0.0000000122 10.8677204659 12 1 
3607 0.0000000111 10.8680343776 12 1 
3608 0.0000000111 10.8683481153 12 1 
3609 0.0000000116 10.8686616791 12 1 
3610 0.0000000122 10.8689750693 12 1 
3611 0.0000000122 10.8692882858 12 1 
3612 0.0000000111 10.8696013289 12 1 
3613 0.0000000119 10.8699141987 12 1 
3614 0.0000000125 10.8702268954 12 1 
3615 0.0000000122 10.8705394191 12 1 
3616 0.0000000111 10.8708517699 12 1 
3617 0.0000000111 10.8711639480 12 1 
3618 0.0000000113 10.8714759536 12 1 
3619 0.0000000119 10.8717877867 12 1 
3620 0.0000000113 10.8720994475 12 1 
3621 0.0000000113 10.8724109362 12 1 
3622 0.0000000113 10.8727222529 12 1 
3623 0.0000000116 10.8730333977 12 1 
3624 0.0000000152 10.8733443709 12 1 
3625 0.0000000124 10.8736551724 12 1 
3626 0.0000000110 10.8739658025 12 1 
3627 0.0000000141 10.8742762614 12 1 
3628 0.0000000107 10.8745865491 12 1 
3629 0.0000000121 10.8748966657 12 1 
3630 0.0000000124 10.8752066116 12 1 
3631 0.0000000113 10.8755163867 12 1 
3632 0.0000000110 10.8758259912 12 1 
3633 0.0000000129 10.8761354253 12 1 
3634 0.0000000118 10.8764446890 12 1 
3635 0.0000000124 10.8767537827 12 1 
3636 0.0000000124 10.8770627063 12 1 
3637 0.0000000113 10.8773714600 12 1 
3638 0.0000000110 10.8776800440 12 1 
3639 0.0000000118 10.8779884584 12 1 
3640 0.0000000124 10.8782967033 12 1 
3641 0.0000000124 10.8786047789 12 1 
3642 0.0000000124 10.8789126853 12 1 
3643 0.0000000113 10.8792204227 12 1 
3644 0.0000000121 10.8795279912 12 1 
3645 0.0000000137 10.8798353909 12 1 
3646 0.0000000121 10.8801426221 12 1 
3647 0.0000000123 10.8804496847 12 1 
3648 0.0000000126 10.8807565789 12 1 
3649 0.0000000112 10.8810633050 12 1 
3650 0.0000000118 10.8813698630 12 1 
3651 0.0000000121 10.8816762531 12 1 
3652 0.0000000120 10.8819824754 12 1 
3653 0.0000000112 10.8822885300 12 1 
3654 0.0000000112 10.8825944171 12 1 
3655 0.0000000112 10.8829001368 12 1 
3656 0.0000000126 10.8832056893 12 1 
3657 0.0000000115 10.8835110747 12 1 
3658 0.0000000120 10.8838162931 12 1 
3659 0.0000000112 10.8841213446 12 1 
3660 0.0000000112 10.8844262295 12 1 
3661 0.0000000117 10.8847309478 12 1 
3662 0.0000000126 10.8850354997 12 1 
3663 0.0000000123 10.8853398853 12 1 
3664 0.0000000120 10.8856441048 12 1 
3665 0.0000000112 10.8859481583 12 1 
3666 0.0000000115 10.8862520458 12 1 
3667 0.0000000115 10.8865557677 12 1 
3668 0.0000000136 10.8868593239 12 1 
3669 0.0000000123 10.8871627146 12 1 
3670 0.0000000123 10.8874659401 12 1 
3671 0.0000000153 10.8877690003 12 1 
3672 0.0000000125 10.8880718954 12 1 
3673 0.0000000112 10.8883746256 12 1 
3674 0.0000000125 10.8886771911 12 1 
3675 0.0000000122 10.8889795918 12 1 
3676 0.0000000122 10.8892818281 12 1 
3677 0.0000000125 10.8895838999 12 1 
3678 0.0000000125 10.8898858075 12 1 
3679 0.0000000114 10.8901875510 12 1 
3680 0.0000000114 10.8904891304 12 1 
3681 0.0000000114 10.8907905460 12 1 
3682 0.0000000136 10.8910917979 12 1 
3683 0.0000000125 10.8913928862 12 1 
3684 0.0000000125 10.8916938111 12 1 
3685 0.0000000125 10.8919945726 12 1 
3686 0.0000000125 10.8922951709 12 1 
3687 0.0000000125 10.8925956062 12 1 
3688 0.0000000125 10.8928958785 12 1 
3689 0.0000000125 10.8931959881 12 1 
3690 0.0000000125 10.8934959350 12 1 
3691 0.0000000125 10.8937957193 12 1 
3692 0.0000000127 10.8940953413 12 1 
3693 0.0000000114 10.8943948010 12 1 
3694 0.0000000114 10.8946940985 12 1 
3695 0.0000000114 10.8949932341 12 1 
3696 0.0000000124 10.8952922078 12 1 
3697 0.0000000127 10.8955910197 12 1 
3698 0.0000000119 10.8958896701 12 1 
3699 0.0000000124 10.8961881590 12 1 
3700 0.0000000127 10.8964864865 12 1 
3701 0.0000000111 10.8967846528 12 1 
3702 0.0000000113 10.8970826580 12 1 
3703 0.0000000119 10.8973805023 12 1 
3704 0.0000000113 10.8976781857 12 1 
3705 0.0000000121 10.8979757085 12 1 
3706 0.0000000121 10.8982730707 12 1 
3707 0.0000000113 10.8985702725 12 1 
3708 0.0000000127 10.8988673139 12 1 
3709 0.0000000127 10.8991641952 12 1 
3710 0.0000000113 10.8994609164 12 1 
3711 0.0000000116 10.8997574778 12 1 
3712 0.0000000113 10.9000538793 12 1 
3713 0.0000000116 10.9003501212 12 1 
3714 0.0000000124 10.9006462036 12 1 
3715 0.0000000137 10.9009421265 12 1 
3716 0.0000000124 10.9012378902 12 1 
3717 0.0000000121 10.9015334948 12 1 
3718 0.0000000126 10.9018289403 12 1 
3719 0.0000000124 10.9021242269 12 1 
3720 0.0000000126 10.9024193548 12 1 
3721 0.0000000124 10.9027143241 12 1 
3722 0.0000000116 10.9030091349 12 1 
3723 0.0000000113 10.9033037873 12 1 
3724 0.0000000115 10.9035982814 12 1 
3725 0.0000000113 10.9038926174 12 1 
3726 0.0000000113 10.9041867955 12 1 
3727 0.0000000129 10.9044808157 12 1 
3728 0.0000000115 10.9047746781 12 1 
3729 0.0000000118 10.9050683829 12 1 
3730 0.0000000115 10.9053619303 12 1 
3731 0.0000000115 10.9056553203 12 1 
3732 0.0000000113 10.9059485531 12 1 
3733 0.0000000115 10.9062416287 12 1 
3734 0.0000000121 10.9065345474 12 1 
3735 0.0000000137 10.9068273092 12 1 
3736 0.0000000155 10.9071199143 12 1 
3737 0.0000000126 10.9074123629 12 1 
3738 0.0000000128 10.9077046549 12 1 
3739 0.0000000128 10.9079967906 12 1 
3740 0.0000000126 10.9082887701 12 1 
3741 0.0000000126 10.9085805934 12 1 
3742 0.0000000128 10.9088722608 12 1 
3743 0.0000000115 10.9091637724 12 1 
3744 0.0000000115 10.9094551282 12 1 
3745 0.0000000115 10.9097463284 12 1 
3746 0.0000000115 10.9100373732 12 1 
3747 0.0000000133 10.9103282626 12 1 
3748 0.0000000120 10.9106189968 12 1 
3749 0.0000000125 10.9109095759 12 1 
3750 0.0000000125 10.9112000000 12 1 
3751 0.0000000128 10.9114902693 12 1 
3752 0.0000000123 10.9117803838 12 1 
3753 0.0000000125 10.9120703437 12 1 
3754 0.0000000128 10.9123601492 12 1 
3755 0.0000000128 10.9126498003 12 1 
3756 0.0000000114 10.9129392971 12 1 
3757 0.0000000136 10.9132286399 12 1 
3758 0.0000000114 10.9135178286 12 1 
3759 0.0000000112 10.9138068635 12 1 
3760 0.0000000114 10.9140957447 12 1 
3761 0.0000000114 10.9143844722 12 1 
3762 0.0000000125 10.9146730463 12 1 
3763 0.0000000138 10.9149614669 12 1 
3764 0.0000000125 10.9152497343 12 1 
3765 0.0000000125 10.9155378486 12 1 
3766 0.0000000130 10.9158258099 12 1 
3767 0.0000000130 10.9161136183 12 1 
3768 0.0000000130 10.9164012739 12 1 
3769 0.0000000127 10.9166887769 12 1 
3770 0.0000000125 10.9169761273 12 1 
3771 0.0000000127 10.9172633254 12 1 
3772 0.0000000127 10.9175503712 12 1 
3773 0.0000000127 10.9178372648 12 1 
3774 0.0000000127 10.9181240064 12 1 
3775 0.0000000127 10.9184105960 12 1 
3776 0.0000000127 10.9186970339 12 1 
3777 0.0000000114 10.9189833201 12 1 
3778 0.0000000114 10.9192694547 12 1 
3779 0.0000000114 10.9195554379 12 1 
3780 0.0000000156 10.9198412698 12 1 
3781 0.0000000114 10.9201269505 12 1 
3782 0.0000000116 10.9204124802 12 1 
3783 0.0000000116 10.9206978588 12 1 
3784 0.0000000116 10.9209830867 12 1 
3785 0.0000000114 10.9212681638 12 1 
3786 0.0000000124 10.9215530903 12 1 
3787 0.0000000127 10.9218378664 12 1 
3788 0.0000000127 10.9221224921 12 1 
3789 0.0000000127 10.9224069675 12 1 
3790 0.0000000129 10.9226912929 12 1 
3791 0.0000000127 10.9229754682 12 1 
3792 0.0000000129 10.9232594937 12 1 
3793 0.0000000129 10.9235433694 12 1 
3794 0.0000000129 10.9238270954 12 1 
3795 0.0000000116 10.9241106719 12 1 
3796 0.0000000126 10.9243940991 12 1 
3797 0.0000000129 10.9246773769 12 1 
3798 0.0000000126 10.9249605055 12 1 
3799 0.0000000129 10.9252434851 12 1 
3800 0.0000000126 10.9255263158 12 1 
3801 0.0000000129 10.9258089976 12 1 
3802 0.0000000116 10.9260915308 12 1 
3803 0.0000000116 10.9263739153 12 1 
3804 0.0000000116 10.9266561514 12 1 
3805 0.0000000116 10.9269382392 12 1 
3806 0.0000000129 10.9272201787 12 1 
3807 0.0000000134 10.9275019701 12 1 
3808 0.0000000126 10.9277836134 12 1 
3809 0.0000000126 10.9280651090 12 1 
3810 0.0000000118 10.9283464567 12 1 
3811 0.0000000115 10.9286276568 12 1 
3812 0.0000000118 10.9289087093 12 1 
3813 0.0000000118 10.9291896145 12 1 
3814 0.0000000118 10.9294703723 12 1 
3815 0.0000000121 10.9297509830 12 1 
3816 0.0000000118 10.9300314465 12 1 
3817 0.0000000113 10.9303117632 12 1 
3818 0.0000000118 10.9305919329 12 1 
3819 0.0000000115 10.9308719560 12 1 
3820 0.0000000115 10.9311518325 12 1 
3821 0.0000000128 10.9314315624 12 1 
3822 0.0000000126 10.9317111460 12 1 
3823 0.0000000141 10.9319905833 12 1 
3824 0.0000000141 10.9322698745 12 1 
3825 0.0000000115 10.9325490196 12 1 
3826 0.0000000115 10.9328280188 12 1 
3827 0.0000000118 10.9331068722 12 1 
3828 0.0000000115 10.9333855799 12 1 
3829 0.0000000115 10.9336641421 12 1 
3830 0.0000000115 10.9339425587 12 1 
3831 0.0000000115 10.9342208301 12 1 
3832 0.0000000115 10.9344989562 12 1 
3833 0.0000000117 10.9347769371 12 1 
3834 0.0000000115 10.9350547731 12 1 
3835 0.0000000115 10.9353324641 12 1 
3836 0.0000000115 10.9356100104 12 1 
3837 0.0000000115 10.9358874120 12 1 
3838 0.0000000117 10.9361646691 12 1 
3839 0.0000000117 10.9364417817 12 1 
3840 0.0000000115 10.9367187500 12 1 
3841 0.0000000117 10.9369955741 12 1 
3842 0.0000000117 10.9372722540 12 1 
3843 0.0000000117 10.9375487900 12 1 
3844 0.0000000120 10.9378251821 12 1 
3845 0.0000000117 10.9381014304 12 1 
3846 0.0000000122 10.9383775351 12 1 
3847 0.0000000122 10.9386534962 12 1 
3848 0.0000000125 10.9389293139 12 1 
3849 0.0000000127 10.9392049883 12 1 
3850 0.0000000153 10.9394805195 12 1 
3851 0.0000000130 10.9397559076 12 1 
3852 0.0000000130 10.9400311526 12 1 
3853 0.0000000130 10.9403062549 12 1 
3854 0.0000000130 10.9405812143 12 1 
3855 0.0000000143 10.9408560311 12 1 
3856 0.0000000140 10.9411307054 12 1 
3857 0.0000000137 10.9414052372 12 1 
3858 0.0000000132 10.9416796267 12 1 
3859 0.0000000124 10.9419538741 12 1 
3860 0.0000000127 10.9422279793 12 1 
3861 0.0000000114 10.9425019425 12 1 
3862 0.0000000114 10.9427757639 12 1 
3863 0.0000000114 10.9430494434 12 1 
3864 0.0000000116 10.9433229814 12 1 
3865 0.0000000116 10.9435963777 12 1 
3866 0.0000000116 10.9438696327 12 1 
3867 0.0000000116 10.9441427463 12 1 
3868 0.0000000116 10.9444157187 12 1 
3869 0.0000000116 10.9446885500 12 1 
3870 0.0000000127 10.9449612403 12 1 
3871 0.0000000119 10.9452337897 12 1 
3872 0.0000000129 10.9455061983 12 1 
3873 0.0000000129 10.9457784663 12 1 
3874 0.0000000152 10.9460505937 12 1 
3875 0.0000000129 10.9463225806 12 1 
3876 0.0000000129 10.9465944272 12 1 
3877 0.0000000157 10.9468661336 12 1 
3878 0.0000000129 10.9471376998 12 1 
3879 0.0000000124 10.9474091261 12 1 
3880 0.0000000119 10.9476804124 12 1 
3881 0.0000000116 10.9479515589 12 1 
3882 0.0000000118 10.9482225657 12 1 
3883 0.0000000118 10.9484934329 12 1 
3884 0.0000000129 10.9487641607 12 1 
3885 0.0000000131 10.9490347490 12 1 
3886 0.0000000129 10.9493051981 12 1 
3887 0.0000000131 10.9495755081 12 1 
3888 0.0000000144 10.9498456790 12 1 
3889 0.0000000131 10.9501157110 12 1 
3890 0.0000000121 10.9503856041 12 1 
3891 0.0000000118 10.9506553585 12 1 
3892 0.0000000121 10.9509249743 12 1 
3893 0.0000000146 10.9511944516 12 1 
3894 0.0000000134 10.9514637904 12 1 
3895 0.0000000128 10.9517329910 12 1 
3896 0.0000000128 10.9520020534 12 1 
3897 0.0000000131 10.9522709777 12 1 
3898 0.0000000128 10.9525397640 12 1 
3899 0.0000000128 10.9528084124 12 1 
3900 0.0000000131 10.9530769231 12 1 
3901 0.0000000131 10.9533452961 12 1 
3902 0.0000000118 10.9536135315 12 1 
3903 0.0000000115 10.9538816295 12 1 
3904 0.0000000115 10.9541495902 12 1 
3905 0.0000000118 10.9544174136 12 1 
3906 0.0000000131 10.9546850998 12 1 
3907 0.0000000133 10.9549526491 12 1 
3908 0.0000000133 10.9552200614 12 1 
3909 0.0000000143 10.9554873369 12 1 
3910 0.0000000130 10.9557544757 12 1 
3911 0.0000000123 10.9560214779 12 1 
3912 0.0000000118 10.9562883436 12 1 
3913 0.0000000118 10.9565550728 12 1 
3914 0.0000000120 10.9568216658 12 1 
3915 0.0000000117 10.9570881226 12 1 
3916 0.0000000130 10.9573544433 12 1 
3917 0.0000000133 10.9576206280 12 1 
3918 0.0000000133 10.9578866769 12 1 
3919 0.0000000130 10.9581525899 12 1 
3920 0.0000000120 10.9584183673 12 1 
3921 0.0000000133 10.9586840092 12 1 
3922 0.0000000130 10.9589495156 12 1 
3923 0.0000000125 10.9592148866 12 1 
3924 0.0000000120 10.9594801223 12 1 
3925 0.0000000117 10.9597452229 12 1 
3926 0.0000000127 10.9600101885 12 1 
3927 0.0000000132 10.9602750191 12 1 
3928 0.0000000130 10.9605397149 12 1 
3929 0.0000000132 10.9608042759 12 1 
3930 0.0000000142 10.9610687023 12 1 
3931 0.0000000130 10.9613329941 12 1 
3932 0.0000000122 10.9615971516 12 1 
3933 0.0000000117 10.9618611747 12 1 
3934 0.0000000119 10.9621250635 12 1 
3935 0.0000000119 10.9623888183 12 1 
3936 0.0000000130 10.9626524390 12 1 
3937 0.0000000132 10.9629159258 12 1 
3938 0.0000000132 10.9631792788 12 1 
3939 0.0000000129 10.9634424981 12 1 
3940 0.0000000129 10.9637055838 12 1 
3941 0.0000000132 10.9639685359 12 1 
3942 0.0000000119 10.9642313546 12 1 
3943 0.0000000119 10.9644940401 12 1 
3944 0.0000000124 10.9647565923 12 1 
3945 0.0000000129 10.9650190114 12 1 
3946 0.0000000132 10.9652812975 12 1 
3947 0.0000000142 10.9655434507 12 1 
3948 0.0000000142 10.9658054711 12 1 
3949 0.0000000132 10.9660673588 12 1 
3950 0.0000000124 10.9663291139 12 1 
3951 0.0000000119 10.9665907365 12 1 
3952 0.0000000116 10.9668522267 12 1 
3953 0.0000000119 10.9671135846 12 1 
3954 0.0000000119 10.9673748103 12 1 
3955 0.0000000131 10.9676359039 12 1 
3956 0.0000000152 10.9678968655 12 1 
3957 0.0000000131 10.9681576952 12 1 
3958 0.0000000136 10.9684183931 12 1 
3959 0.0000000121 10.9686789593 12 1 
3960 0.0000000119 10.9689393939 12 1 
3961 0.0000000134 10.9691996970 12 1 
3962 0.0000000129 10.9694598688 12 1 
3963 0.0000000131 10.9697199092 12 1 
3964 0.0000000124 10.9699798184 12 1 
3965 0.0000000119 10.9702395965 12 1 
3966 0.0000000121 10.9704992436 12 1 
3967 0.0000000134 10.9707587598 12 1 
3968 0.0000000129 10.9710181452 12 1 
3969 0.0000000118 10.9712773998 12 1 
3970 0.0000000131 10.9715365239 12 1 
3971 0.0000000131 10.9717955175 12 1 
3972 0.0000000118 10.9720543807 12 1 
3973 0.0000000123 10.9723131135 12 1 
3974 0.0000000136 10.9725717162 12 1 
3975 0.0000000136 10.9728301887 12 1 
3976 0.0000000133 10.9730885312 12 1 
3977 0.0000000146 10.9733467438 12 1 
3978 0.0000000121 10.9736048265 12 1 
3979 0.0000000121 10.9738627796 12 1 
3980 0.0000000121 10.9741206030 12 1 
3981 0.0000000136 10.9743782969 12 1 
3982 0.0000000136 10.9746358614 12 1 
3983 0.0000000133 10.9748932965 12 1 
3984 0.0000000141 10.9751506024 12 1 
3985 0.0000000133 10.9754077792 12 1 
3986 0.0000000135 10.9756648269 12 1 
3987 0.0000000140 10.9759217457 12 1 
3988 0.0000000135 10.9761785356 12 1 
3989 0.0000000125 10.9764351968 12 1 
3990 0.0000000120 10.9766917293 12 1 
3991 0.0000000135 10.9769481333 12 1 
3992 0.0000000128 10.9772044088 12 1 
3993 0.0000000120 10.9774605560 12 1 
3994 0.0000000130 10.9777165749 12 1 
3995 0.0000000120 10.9779724656 12 1 
3996 0.0000000135 10.9782282282 12 1 
3997 0.0000000135 10.9784838629 12 1 
3998 0.0000000145 10.9787393697 12 1 
3999 0.0000000128 10.9789947487 12 1 
4000 0.0000000123 10.9792500000 12 1 
4001 0.0000000132 10.9795051237 12 1 
4002 0.0000000135 10.9797601199 12 1 
4003 0.0000000135 10.9800149888 12 1 
4004 0.0000000122 10.9802697303 12 1 
4005 0.0000000135 10.9805243446 12 1 
4006 0.0000000140 10.9807788318 12 1 
4007 0.0000000145 10.9810331919 12 1 
4008 0.0000000122 10.9812874251 12 1 
4009 0.0000000125 10.9815415316 12 1 
4010 0.0000000122 10.9817955112 12 1 
4011 0.0000000137 10.9820493642 12 1 
4012 0.0000000122 10.9823030907 12 1 
4013 0.0000000135 10.9825566908 12 1 
4014 0.0000000122 10.9828101644 12 1 
4015 0.0000000122 10.9830635118 12 1 
4016 0.0000000134 10.9833167331 12 1 
4017 0.0000000159 10.9835698282 12 1 
4018 0.0000000134 10.9838227974 12 1 
4019 0.0000000122 10.9840756407 12 1 
4020 0.0000000134 10.9843283582 12 1 
4021 0.0000000154 10.9845809500 12 1 
4022 0.0000000134 10.9848334162 12 1 
4023 0.0000000127 10.9850857569 12 1 
4024 0.0000000122 10.9853379722 12 1 
4025 0.0000000122 10.9855900621 12 1 
4026 0.0000000134 10.9858420268 12 1 
4027 0.0000000134 10.9860938664 12 1 
4028 0.0000000122 10.9863455809 12 1 
4029 0.0000000137 10.9865971705 12 1 
4030 0.0000000136 10.9868486352 12 1 
4031 0.0000000134 10.9870999752 12 1 
4032 0.0000000122 10.9873511905 12 1 
4033 0.0000000131 10.9876022812 12 1 
4034 0.0000000136 10.9878532474 12 1 
4035 0.0000000146 10.9881040892 12 1 
4036 0.0000000131 10.9883548067 12 1 
4037 0.0000000121 10.9886054000 12 1 
4038 0.0000000121 10.9888558692 12 1 
4039 0.0000000134 10.9891062144 12 1 
4040 0.0000000134 10.9893564356 12 1 
4041 0.0000000121 10.9896065330 12 1 
4042 0.0000000121 10.9898565067 12 1 
4043 0.0000000134 10.9901063567 12 1 
4044 0.0000000136 10.9903560831 12 1 
4045 0.0000000129 10.9906056860 12 1 
4046 0.0000000121 10.9908551656 12 1 
4047 0.0000000121 10.9911045219 12 1 
4048 0.0000000136 10.9913537549 12 1 
4049 0.0000000136 10.9916028649 12 1 
4050 0.0000000136 10.9918518519 12 1 
4051 0.0000000136 10.9921007159 12 1 
4052 0.0000000146 10.9923494571 12 1 
4053 0.0000000133 10.9925980755 12 1 
4054 0.0000000123 10.9928465713 12 1 
4055 0.0000000138 10.9930949445 12 1 
4056 0.0000000138 10.9933431953 12 1 
4057 0.0000000133 10.9935913236 12 1 
4058 0.0000000126 10.9938393297 12 1 
4059 0.0000000136 10.9940872136 12 1 
4060 0.0000000148 10.9943349754 12 1 
4061 0.0000000126 10.9945826151 12 1 
4062 0.0000000123 10.9948301329 12 1 
4063 0.0000000138 10.9950775289 12 1 
4064 0.0000000125 10.9953248031 12 1 
4065 0.0000000125 10.9955719557 12 1 
4066 0.0000000160 10.9958189867 12 1 
4067 0.0000000148 10.9960658962 12 1 
4068 0.0000000125 10.9963126844 12 1 
4069 0.0000000138 10.9965593512 12 1 
4070 0.0000000138 10.9968058968 12 1 
4071 0.0000000138 10.9970523213 12 1 
4072 0.0000000123 10.9972986248 12 1 
4073 0.0000000137 10.9975448073 12 1 
4074 0.0000000147 10.9977908689 12 1 
4075 0.0000000133 10.9980368098 12 1 
4076 0.0000000125 10.9982826300 12 1 
4077 0.0000000137 10.9985283297 12 1 
4078 0.0000000125 10.9987739088 12 1 
4079 0.0000000123 10.9990193675 12 1 
4080 0.0000000137 10.9992647059 12 1 
4081 0.0000000137 10.9995099240 12 1 
4082 0.0000000127 10.9997550220 12 1 
4083 0.0000000137 11.0000000000 12 1 
4084 0.0000000137 11.0002448580 12 1 
4085 0.0000000132 11.0004895961 12 1 
4086 0.0000000125 11.0007342144 12 1 
4087 0.0000000137 11.0009787130 12 1 
4088 0.0000000137 11.0012230920 12 1 
4089 0.0000000122 11.0014673514 12 1 
4090 0.0000000125 11.0017114914 12 1 
4091 0.0000000132 11.0019555121 12 1 
4092 0.0000000127 11.0021994135 12 1 
4093 0.0000000134 11.0024431957 12 1 
4094 0.0000000134 11.0026868588 12 1 
4095 0.0000000134 11.0029304029 12 1 
4096 0.0000000122 11.0034179688 13 1 
4097 0.0000000137 11.0039052966 13 1 
4098 0.0000000137 11.0043923865 13 1 
4099 0.0000000124 11.0048792388 13 1 
4100 0.0000000137 11.0053658537 13 1 
4101 0.0000000154 11.0058522312 13 1 
4102 0.0000000124 11.0063383715 13 1 
4103 0.0000000136 11.0068242749 13 1 
4104 0.0000000136 11.0073099415 13 1 
4105 0.0000000136 11.0077953715 13 1 
4106 0.0000000136 11.0082805650 13 1 
4107 0.0000000149 11.0087655223 13 1 
4108 0.0000000124 11.0092502434 13 1 
4109 0.0000000124 11.0097347286 13 1 
4110 0.0000000139 11.0102189781 13 1 
4111 0.0000000126 11.0107029920 13 1 
4112 0.0000000136 11.0111867704 13 1 
4113 0.0000000146 11.0116703136 13 1 
4114 0.0000000126 11.0121536218 13 1 
4115 0.0000000124 11.0126366950 13 1 
4116 0.0000000138 11.0131195335 13 1 
4117 0.0000000134 11.0136021375 13 1 
4118 0.0000000124 11.0140845070 13 1 
4119 0.0000000138 11.0145666424 13 1 
4120 0.0000000126 11.0150485437 13 1 
4121 0.0000000133 11.0155302111 13 1 
4122 0.0000000126 11.0160116448 13 1 
4123 0.0000000138 11.0164928450 13 1 
4124 0.0000000158 11.0169738118 13 1 
4125 0.0000000138 11.0174545455 13 1 
4126 0.0000000141 11.0179350460 13 1 
4127 0.0000000126 11.0184153138 13 1 
4128 0.0000000126 11.0188953488 13 1 
4129 0.0000000140 11.0193751514 13 1 
4130 0.0000000128 11.0198547215 13 1 
4131 0.0000000138 11.0203340595 13 1 
4132 0.0000000150 11.0208131655 13 1 
4133 0.0000000126 11.0212920397 13 1 
4134 0.0000000140 11.0217706821 13 1 
4135 0.0000000140 11.0222490931 13 1 
4136 0.0000000126 11.0227272727 13 1 
4137 0.0000000138 11.0232052212 13 1 
4138 0.0000000150 11.0236829386 13 1 
4139 0.0000000126 11.0241604252 13 1 
4140 0.0000000123 11.0246376812 13 1 
4141 0.0000000138 11.0251147066 13 1 
4142 0.0000000128 11.0255915017 13 1 
4143 0.0000000138 11.0260680666 13 1 
4144 0.0000000138 11.0265444015 13 1 
4145 0.0000000125 11.0270205066 13 1 
4146 0.0000000140 11.0274963821 13 1 
4147 0.0000000130 11.0279720280 13 1 
4148 0.0000000137 11.0284474446 13 1 
4149 0.0000000152 11.0289226320 13 1 
4150 0.0000000128 11.0293975904 13 1 
4151 0.0000000128 11.0298723199 13 1 
4152 0.0000000140 11.0303468208 13 1 
4153 0.0000000128 11.0308210932 13 1 
4154 0.0000000140 11.0312951372 13 1 
4155 0.0000000140 11.0317689531 13 1 
4156 0.0000000125 11.0322425409 13 1 
4157 0.0000000140 11.0327159009 13 1 
4158 0.0000000137 11.0331890332 13 1 
4159 0.0000000137 11.0336619380 13 1 
4160 0.0000000139 11.0341346154 13 1 
4161 0.0000000127 11.0346070656 13 1 
4162 0.0000000139 11.0350792888 13 1 
4163 0.0000000139 11.0355512851 13 1 
4164 0.0000000127 11.0360230548 13 1 
4165 0.0000000139 11.0364945978 13 1 
4166 0.0000000137 11.0369659145 13 1 
4167 0.0000000130 11.0374370050 13 1 
4168 0.0000000142 11.0379078695 13 1 
4169 0.0000000139 11.0383785080 13 1 
4170 0.0000000139 11.0388489209 13 1 
4171 0.0000000151 11.0393191081 13 1 
4172 0.0000000127 11.0397890700 13 1 
4173 0.0000000139 11.0402588066 13 1 
4174 0.0000000141 11.0407283182 13 1 
4175 0.0000000137 11.0411976048 13 1 
4176 0.0000000148 11.0416666667 13 1 
4177 0.0000000129 11.0421355040 13 1 
4178 0.0000000177 11.0426041168 13 1 
4179 0.0000000141 11.0430725054 13 1 
4180 0.0000000141 11.0435406699 13 1 
4181 0.0000000153 11.0440086104 13 1 
4182 0.0000000127 11.0444763271 13 1 
4183 0.0000000127 11.0449438202 13 1 
4184 0.0000000141 11.0454110899 13 1 
4185 0.0000000127 11.0458781362 13 1 
4186 0.0000000141 11.0463449594 13 1 
4187 0.0000000134 11.0468115596 13 1 
4188 0.0000000127 11.0472779370 13 1 
4189 0.0000000141 11.0477440917 13 1 
4190 0.0000000129 11.0482100239 13 1 
4191 0.0000000129 11.0486757337 13 1 
4192 0.0000000141 11.0491412214 13 1 
4193 0.0000000126 11.0496064870 13 1 
4194 0.0000000138 11.0500715308 13 1 
4195 0.0000000138 11.0505363528 13 1 
4196 0.0000000138 11.0510009533 13 1 
4197 0.0000000150 11.0514653324 13 1 
4198 0.0000000126 11.0519294902 13 1 
4199 0.0000000141 11.0523934270 13 1 
4200 0.0000000133 11.0528571429 13 1 
4201 0.0000000140 11.0533206379 13 1 
4202 0.0000000138 11.0537839124 13 1 
4203 0.0000000126 11.0542469665 13 1 
4204 0.0000000138 11.0547098002 13 1 
4205 0.0000000176 11.0551724138 13 1 
4206 0.0000000138 11.0556348074 13 1 
4207 0.0000000128 11.0560969812 13 1 
4208 0.0000000138 11.0565589354 13 1 
4209 0.0000000140 11.0570206700 13 1 
4210 0.0000000138 11.0574821853 13 1 
4211 0.0000000140 11.0579434814 13 1 
4212 0.0000000126 11.0584045584 13 1 
4213 0.0000000138 11.0588654166 13 1 
4214 0.0000000126 11.0593260560 13 1 
4215 0.0000000140 11.0597864769 13 1 
4216 0.0000000128 11.0602466793 13 1 
4217 0.0000000140 11.0607066635 13 1 
4218 0.0000000140 11.0611664296 13 1 
4219 0.0000000140 11.0616259777 13 1 
4220 0.0000000137 11.0620853081 13 1 
4221 0.0000000140 11.0625444208 13 1 
4222 0.0000000142 11.0630033160 13 1 
4223 0.0000000126 11.0634619938 13 1 
4224 0.0000000140 11.0639204545 13 1 
4225 0.0000000133 11.0643786982 13 1 
4226 0.0000000125 11.0648367250 13 1 
4227 0.0000000140 11.0652945351 13 1 
4228 0.0000000128 11.0657521287 13 1 
4229 0.0000000151 11.0662095058 13 1 
4230 0.0000000130 11.0666666667 13 1 
4231 0.0000000142 11.0671236114 13 1 
4232 0.0000000142 11.0675803403 13 1 
4233 0.0000000142 11.0680368533 13 1 
4234 0.0000000142 11.0684931507 13 1 
4235 0.0000000137 11.0689492326 13 1 
4236 0.0000000142 11.0694050992 13 1 
4237 0.0000000130 11.0698607505 13 1 
4238 0.0000000158 11.0703161869 13 1 
4239 0.0000000127 11.0707714084 13 1 
4240 0.0000000142 11.0712264151 13 1 
4241 0.0000000127 11.0716812073 13 1 
4242 0.0000000139 11.0721357850 13 1 
4243 0.0000000134 11.0725901485 13 1 
4244 0.0000000137 11.0730442978 13 1 
4245 0.0000000130 11.0734982332 13 1 
4246 0.0000000141 11.0739519548 13 1 
4247 0.0000000130 11.0744054627 13 1 
4248 0.0000000141 11.0748587571 13 1 
4249 0.0000000144 11.0753118381 13 1 
4250 0.0000000141 11.0757647059 13 1 
4251 0.0000000143 11.0762173606 13 1 
4252 0.0000000143 11.0766698024 13 1 
4253 0.0000000141 11.0771220315 13 1 
4254 0.0000000143 11.0775740480 13 1 
4255 0.0000000143 11.0780258519 13 1 
4256 0.0000000143 11.0784774436 13 1 
4257 0.0000000143 11.0789288231 13 1 
4258 0.0000000139 11.0793799906 13 1 
4259 0.0000000143 11.0798309462 13 1 
4260 0.0000000129 11.0802816901 13 1 
4261 0.0000000146 11.0807322225 13 1 
4262 0.0000000129 11.0811825434 13 1 
4263 0.0000000143 11.0816326531 13 1 
4264 0.0000000134 11.0820825516 13 1 
4265 0.0000000141 11.0825322392 13 1 
4266 0.0000000141 11.0829817159 13 1 
4267 0.0000000143 11.0834309820 13 1 
4268 0.0000000129 11.0838800375 13 1 
4269 0.0000000143 11.0843288826 13 1 
4270 0.0000000133 11.0847775176 13 1 
4271 0.0000000143 11.0852259424 13 1 
4272 0.0000000129 11.0856741573 13 1 
4273 0.0000000138 11.0861221624 13 1 
4274 0.0000000129 11.0865699579 13 1 
4275 0.0000000143 11.0870175439 13 1 
4276 0.0000000131 11.0874649205 13 1 
4277 0.0000000145 11.0879120879 13 1 
4278 0.0000000140 11.0883590463 13 1 
4279 0.0000000143 11.0888057957 13 1 
4280 0.0000000136 11.0892523364 13 1 
4281 0.0000000131 11.0896986685 13 1 
4282 0.0000000140 11.0901447922 13 1 
4283 0.0000000131 11.0905907074 13 1 
4284 0.0000000142 11.0910364146 13 1 
4285 0.0000000128 11.0914819137 13 1 
4286 0.0000000142 11.0919272049 13 1 
4287 0.0000000128 11.0923722883 13 1 
4288 0.0000000152 11.0928171642 13 1 
4289 0.0000000131 11.0932618326 13 1 
4290 0.0000000145 11.0937062937 13 1 
4291 0.0000000131 11.0941505477 13 1 
4292 0.0000000144 11.0945945946 13 1 
4293 0.0000000130 11.0950384347 13 1 
4294 0.0000000142 11.0954820680 13 1 
4295 0.0000000144 11.0959254948 13 1 
4296 0.0000000140 11.0963687151 13 1 
4297 0.0000000142 11.0968117291 13 1 
4298 0.0000000137 11.0972545370 13 1 
4299 0.0000000133 11.0976971389 13 1 
4300 0.0000000144 11.0981395349 13 1 
4301 0.0000000130 11.0985817252 13 1 
4302 0.0000000137 11.0990237099 13 1 
4303 0.0000000128 11.0994654892 13 1 
4304 0.0000000144 11.0999070632 13 1 
4305 0.0000000144 11.1003484321 13 1 
4306 0.0000000137 11.1007895959 13 1 
4307 0.0000000144 11.1012305549 13 1 
4308 0.0000000132 11.1016713092 13 1 
4309 0.0000000146 11.1021118589 13 1 
4310 0.0000000130 11.1025522042 13 1 
4311 0.0000000153 11.1029923452 13 1 
4312 0.0000000132 11.1034322820 13 1 
4313 0.0000000146 11.1038720148 13 1 
4314 0.0000000165 11.1043115438 13 1 
4315 0.0000000146 11.1047508691 13 1 
4316 0.0000000132 11.1051899907 13 1 
4317 0.0000000137 11.1056289090 13 1 
4318 0.0000000146 11.1060676239 13 1 
4319 0.0000000132 11.1065061357 13 1 
4320 0.0000000144 11.1069444444 13 1 
4321 0.0000000130 11.1073825503 13 1 
4322 0.0000000143 11.1078204535 13 1 
4323 0.0000000132 11.1082581541 13 1 
4324 0.0000000146 11.1086956522 13 1 
4325 0.0000000148 11.1091329480 13 1 
4326 0.0000000132 11.1095700416 13 1 
4327 0.0000000148 11.1100069332 13 1 
4328 0.0000000136 11.1104436229 13 1 
4329 0.0000000148 11.1108801109 13 1 
4330 0.0000000136 11.1113163972 13 1 
4331 0.0000000139 11.1117524821 13 1 
4332 0.0000000141 11.1121883657 13 1 
4333 0.0000000136 11.1126240480 13 1 
4334 0.0000000143 11.1130595293 13 1 
4335 0.0000000129 11.1134948097 13 1 
4336 0.0000000143 11.1139298893 13 1 
4337 0.0000000131 11.1143647683 13 1 
4338 0.0000000143 11.1147994467 13 1 
4339 0.0000000143 11.1152339249 13 1 
4340 0.0000000143 11.1156682028 13 1 
4341 0.0000000124 11.1161022806 13 1 
4342 0.0000000138 11.1165361585 13 1 
4343 0.0000000143 11.1169698365 13 1 
4344 0.0000000129 11.1174033149 13 1 
4345 0.0000000143 11.1178365938 13 1 
4346 0.0000000129 11.1182696733 13 1 
4347 0.0000000143 11.1187025535 13 1 
4348 0.0000000143 11.1191352346 13 1 
4349 0.0000000129 11.1195677167 13 1 
4350 0.0000000154 11.1200000000 13 1 
4351 0.0000000129 11.1204320846 13 1 
4352 0.0000000142 11.1208639706 13 1 
4353 0.0000000142 11.1212956582 13 1 
4354 0.0000000142 11.1217271475 13 1 
4355 0.0000000142 11.1221584386 13 1 
4356 0.0000000129 11.1225895317 13 1 
4357 0.0000000147 11.1230204269 13 1 
4358 0.0000000138 11.1234511244 13 1 
4359 0.0000000142 11.1238816242 13 1 
4360 0.0000000142 11.1243119266 13 1 
4361 0.0000000133 11.1247420316 13 1 
4362 0.0000000144 11.1251719395 13 1 
4363 0.0000000144 11.1256016502 13 1 
4364 0.0000000140 11.1260311641 13 1 
4365 0.0000000144 11.1264604811 13 1 
4366 0.0000000128 11.1268896015 13 1 
4367 0.0000000135 11.1273185253 13 1 
4368 0.0000000142 11.1277472527 13 1 
4369 0.0000000140 11.1281757839 13 1 
4370 0.0000000140 11.1286041190 13 1 
4371 0.0000000126 11.1290322581 13 1 
4372 0.0000000144 11.1294602013 13 1 
4373 0.0000000144 11.1298879488 13 1 
4374 0.0000000130 11.1303155007 13 1 
4375 0.0000000130 11.1307428571 13 1 
4376 0.0000000135 11.1311700183 13 1 
4377 0.0000000167 11.1315969842 13 1 
4378 0.0000000146 11.1320237551 13 1 
4379 0.0000000146 11.1324503311 13 1 
4380 0.0000000144 11.1328767123 13 1 
4381 0.0000000130 11.1333028989 13 1 
4382 0.0000000139 11.1337288909 13 1 
4383 0.0000000144 11.1341546886 13 1 
4384 0.0000000130 11.1345802920 13 1 
4385 0.0000000144 11.1350057013 13 1 
4386 0.0000000130 11.1354309166 13 1 
4387 0.0000000153 11.1358559380 13 1 
4388 0.0000000146 11.1362807657 13 1 
4389 0.0000000137 11.1367053999 13 1 
4390 0.0000000139 11.1371298405 13 1 
4391 0.0000000137 11.1375540879 13 1 
4392 0.0000000146 11.1379781421 13 1 
4393 0.0000000146 11.1384020032 13 1 
4394 0.0000000132 11.1388256714 13 1 
4395 0.0000000146 11.1392491468 13 1 
4396 0.0000000143 11.1396724295 13 1 
4397 0.0000000130 11.1400955197 13 1 
4398 0.0000000146 11.1405184175 13 1 
4399 0.0000000134 11.1409411230 13 1 
4400 0.0000000139 11.1413636364 13 1 
4401 0.0000000145 11.1417859577 13 1 
4402 0.0000000141 11.1422080872 13 1 
4403 0.0000000145 11.1426300250 13 1 
4404 0.0000000132 11.1430517711 13 1 
4405 0.0000000134 11.1434733258 13 1 
4406 0.0000000141 11.1438946891 13 1 
4407 0.0000000132 11.1443158611 13 1 
4408 0.0000000138 11.1447368421 13 1 
4409 0.0000000156 11.1451576321 13 1 
4410 0.0000000132 11.1455782313 13 1 
4411 0.0000000145 11.1459986398 13 1 
4412 0.0000000147 11.1464188577 13 1 
4413 0.0000000131 11.1468388851 13 1 
4414 0.0000000136 11.1472587222 13 1 
4415 0.0000000156 11.1476783692 13 1 
4416 0.0000000147 11.1480978261 13 1 
4417 0.0000000131 11.1485170930 13 1 
4418 0.0000000147 11.1489361702 13 1 
4419 0.0000000131 11.1493550577 13 1 
4420 0.0000000131 11.1497737557 13 1 
4421 0.0000000149 11.1501922642 13 1 
4422 0.0000000133 11.1506105834 13 1 
4423 0.0000000133 11.1510287135 13 1 
4424 0.0000000145 11.1514466546 13 1 
4425 0.0000000147 11.1518644068 13 1 
4426 0.0000000133 11.1522819702 13 1 
4427 0.0000000156 11.1526993449 13 1 
4428 0.0000000129 11.1531165312 13 1 
4429 0.0000000138 11.1535335290 13 1 
4430 0.0000000153 11.1539503386 13 1 
4431 0.0000000133 11.1543669601 13 1 
4432 0.0000000138 11.1547833935 13 1 
4433 0.0000000156 11.1551996391 13 1 
4434 0.0000000142 11.1556156969 13 1 
4435 0.0000000140 11.1560315671 13 1 
4436 0.0000000165 11.1564472498 13 1 
4437 0.0000000128 11.1568627451 13 1 
4438 0.0000000137 11.1572780532 13 1 
4439 0.0000000131 11.1576931741 13 1 
4440 0.0000000149 11.1581081081 13 1 
4441 0.0000000133 11.1585228552 13 1 
4442 0.0000000153 11.1589374156 13 1 
4443 0.0000000142 11.1593517893 13 1 
4444 0.0000000146 11.1597659766 13 1 
4445 0.0000000133 11.1601799775 13 1 
4446 0.0000000148 11.1605937922 13 1 
4447 0.0000000171 11.1610074207 13 1 
4448 0.0000000146 11.1614208633 13 1 
4449 0.0000000128 11.1618341200 13 1 
4450 0.0000000144 11.1622471910 13 1 
4451 0.0000000164 11.1626600764 13 1 
4452 0.0000000133 11.1630727763 13 1 
4453 0.0000000141 11.1634852908 13 1 
4454 0.0000000146 11.1638976201 13 1 
4455 0.0000000130 11.1643097643 13 1 
4456 0.0000000135 11.1647217235 13 1 
4457 0.0000000148 11.1651334979 13 1 
4458 0.0000000148 11.1655450875 13 1 
4459 0.0000000135 11.1659564925 13 1 
4460 0.0000000150 11.1663677130 13 1 
4461 0.0000000155 11.1667787492 13 1 
4462 0.0000000134 11.1671896011 13 1 
4463 0.0000000139 11.1676002689 13 1 
4464 0.0000000157 11.1680107527 13 1 
4465 0.0000000132 11.1684210526 13 1 
4466 0.0000000141 11.1688311688 13 1 
4467 0.0000000159 11.1692411014 13 1 
4468 0.0000000150 11.1696508505 13 1 
4469 0.0000000134 11.1700604162 13 1 
4470 0.0000000166 11.1704697987 13 1 
4471 0.0000000148 11.1708789980 13 1 
4472 0.0000000148 11.1712880143 13 1 
4473 0.0000000134 11.1716968478 13 1 
4474 0.0000000148 11.1721054984 13 1 
4475 0.0000000150 11.1725139665 13 1 
4476 0.0000000147 11.1729222520 13 1 
4477 0.0000000150 11.1733303551 13 1 
4478 0.0000000134 11.1737382760 13 1 
4479 0.0000000143 11.1741460147 13 1 
4480 0.0000000147 11.1745535714 13 1 
4481 0.0000000129 11.1749609462 13 1 
4482 0.0000000147 11.1753681392 13 1 
4483 0.0000000156 11.1757751506 13 1 
4484 0.0000000147 11.1761819804 13 1 
4485 0.0000000136 11.1765886288 13 1 
4486 0.0000000149 11.1769950959 13 1 
4487 0.0000000156 11.1774013818 13 1 
4488 0.0000000149 11.1778074866 13 1 
4489 0.0000000136 11.1782134106 13 1 
4490 0.0000000147 11.1786191537 13 1 
4491 0.0000000158 11.1790247161 13 1 
4492 0.0000000149 11.1794300980 13 1 
4493 0.0000000136 11.1798352994 13 1 
4494 0.0000000149 11.1802403204 13 1 
4495 0.0000000151 11.1806451613 13 1 
4496 0.0000000149 11.1810498221 13 1 
4497 0.0000000136 11.1814543029 13 1 
4498 0.0000000147 11.1818586038 13 1 
4499 0.0000000149 11.1822627251 13 1 
4500 0.0000000149 11.1826666667 13 1 
4501 0.0000000131 11.1830704288 13 1 
4502 0.0000000135 11.1834740116 13 1 
4503 0.0000000144 11.1838774151 13 1 
4504 0.0000000160 11.1842806394 13 1 
4505 0.0000000135 11.1846836848 13 1 
4506 0.0000000135 11.1850865513 13 1 
4507 0.0000000151 11.1854892390 13 1 
4508 0.0000000149 11.1858917480 13 1 
4509 0.0000000149 11.1862940785 13 1 
4510 0.0000000135 11.1866962306 13 1 
4511 0.0000000157 11.1870982044 13 1 
4512 0.0000000151 11.1875000000 13 1 
4513 0.0000000160 11.1879016175 13 1 
4514 0.0000000144 11.1883030572 13 1 
4515 0.0000000135 11.1887043189 13 1 
4516 0.0000000142 11.1891054030 13 1 
4517 0.0000000151 11.1895063095 13 1 
4518 0.0000000146 11.1899070385 13 1 
4519 0.0000000148 11.1903075902 13 1 
4520 0.0000000135 11.1907079646 13 1 
4521 0.0000000148 11.1911081619 13 1 
4522 0.0000000166 11.1915081822 13 1 
4523 0.0000000150 11.1919080256 13 1 
4524 0.0000000146 11.1923076923 13 1 
4525 0.0000000130 11.1927071823 13 1 
4526 0.0000000137 11.1931064958 13 1 
4527 0.0000000146 11.1935056329 13 1 
4528 0.0000000148 11.1939045936 13 1 
4529 0.0000000150 11.1943033782 13 1 
4530 0.0000000128 11.1947019868 13 1 
4531 0.0000000150 11.1951004193 13 1 
4532 0.0000000148 11.1954986761 13 1 
4533 0.0000000150 11.1958967571 13 1 
4534 0.0000000161 11.1962946625 13 1 
4535 0.0000000150 11.1966923925 13 1 
4536 0.0000000137 11.1970899471 13 1 
4537 0.0000000132 11.1974873264 13 1 
4538 0.0000000148 11.1978845306 13 1 
4539 0.0000000156 11.1982815598 13 1 
4540 0.0000000150 11.1986784141 13 1 
4541 0.0000000152 11.1990750936 13 1 
4542 0.0000000132 11.1994715984 13 1 
4543 0.0000000147 11.1998679287 13 1 
4544 0.0000000161 11.2002640845 13 1 
4545 0.0000000145 11.2006600660 13 1 
4546 0.0000000132 11.2010558733 13 1 
4547 0.0000000139 11.2014515065 13 1 
4548 0.0000000145 11.2018469657 13 1 
4549 0.0000000158 11.2022422510 13 1 
4550 0.0000000141 11.2026373626 13 1 
4551 0.0000000134 11.2030323006 13 1 
4552 0.0000000134 11.2034270650 13 1 
4553 0.0000000160 11.2038216561 13 1 
4554 0.0000000149 11.2042160738 13 1 
4555 0.0000000149 11.2046103183 13 1 
4556 0.0000000151 11.2050043898 13 1 
4557 0.0000000151 11.2053982883 13 1 
4558 0.0000000149 11.2057920140 13 1 
4559 0.0000000151 11.2061855670 13 1 
4560 0.0000000136 11.2065789474 13 1 
4561 0.0000000140 11.2069721552 13 1 
4562 0.0000000145 11.2073651907 13 1 
4563 0.0000000145 11.2077580539 13 1 
4564 0.0000000147 11.2081507450 13 1 
4565 0.0000000149 11.2085432640 13 1 
4566 0.0000000151 11.2089356110 13 1 
4567 0.0000000149 11.2093277863 13 1 
4568 0.0000000131 11.2097197898 13 1 
4569 0.0000000144 11.2101116218 13 1 
4570 0.0000000147 11.2105032823 13 1 
4571 0.0000000151 11.2108947714 13 1 
4572 0.0000000151 11.2112860892 13 1 
4573 0.0000000149 11.2116772360 13 1 
4574 0.0000000136 11.2120682116 13 1 
4575 0.0000000136 11.2124590164 13 1 
4576 0.0000000146 11.2128496503 13 1 
4577 0.0000000153 11.2132401136 13 1 
4578 0.0000000146 11.2136304063 13 1 
4579 0.0000000149 11.2140205285 13 1 
4580 0.0000000133 11.2144104803 13 1 
4581 0.0000000164 11.2148002620 13 1 
4582 0.0000000133 11.2151898734 13 1 
4583 0.0000000144 11.2155793149 13 1 
4584 0.0000000151 11.2159685864 13 1 
4585 0.0000000150 11.2163576881 13 1 
4586 0.0000000135 11.2167466201 13 1 
4587 0.0000000144 11.2171353826 13 1 
4588 0.0000000150 11.2175239756 13 1 
4589 0.0000000135 11.2179123992 13 1 
4590 0.0000000163 11.2183006536 13 1 
4591 0.0000000135 11.2186887388 13 1 
4592 0.0000000161 11.2190766551 13 1 
4593 0.0000000150 11.2194644024 13 1 
4594 0.0000000170 11.2198519808 13 1 
4595 0.0000000148 11.2202393906 13 1 
4596 0.0000000148 11.2206266319 13 1 
4597 0.0000000148 11.2210137046 13 1 
4598 0.0000000148 11.2214006090 13 1 
4599 0.0000000135 11.2217873451 13 1 
4600 0.0000000133 11.2221739130 13 1 
4601 0.0000000139 11.2225603130 13 1 
4602 0.0000000154 11.2229465450 13 1 
4603 0.0000000148 11.2233326092 13 1 
4604 0.0000000143 11.2237185056 13 1 
4605 0.0000000148 11.2241042345 13 1 
4606 0.0000000143 11.2244897959 13 1 
4607 0.0000000143 11.2248751899 13 1 
4608 0.0000000130 11.2252604167 13 1 
4609 0.0000000137 11.2256454762 13 1 
4610 0.0000000163 11.2260303688 13 1 
4611 0.0000000143 11.2264150943 13 1 
4612 0.0000000150 11.2267996531 13 1 
4613 0.0000000145 11.2271840451 13 1 
4614 0.0000000176 11.2275682705 13 1 
4615 0.0000000147 11.2279523294 13 1 
4616 0.0000000149 11.2283362218 13 1 
4617 0.0000000149 11.2287199480 13 1 
4618 0.0000000143 11.2291035080 13 1 
4619 0.0000000130 11.2294869019 13 1 
4620 0.0000000134 11.2298701299 13 1 
4621 0.0000000141 11.2302531919 13 1 
4622 0.0000000141 11.2306360883 13 1 
4623 0.0000000149 11.2310188189 13 1 
4624 0.0000000149 11.2314013841 13 1 
4625 0.0000000149 11.2317837838 13 1 
4626 0.0000000143 11.2321660182 13 1 
4627 0.0000000158 11.2325480873 13 1 
4628 0.0000000149 11.2329299914 13 1 
4629 0.0000000143 11.2333117304 13 1 
4630 0.0000000136 11.2336933045 13 1 
4631 0.0000000134 11.2340747139 13 1 
4632 0.0000000138 11.2344559585 13 1 
4633 0.0000000140 11.2348370386 13 1 
4634 0.0000000136 11.2352179543 13 1 
4635 0.0000000147 11.2355987055 13 1 
4636 0.0000000149 11.2359792925 13 1 
4637 0.0000000142 11.2363597153 13 1 
4638 0.0000000157 11.2367399741 13 1 
4639 0.0000000149 11.2371200690 13 1 
4640 0.0000000153 11.2375000000 13 1 
4641 0.0000000149 11.2378797673 13 1 
4642 0.0000000140 11.2382593710 13 1 
4643 0.0000000166 11.2386388111 13 1 
4644 0.0000000149 11.2390180879 13 1 
4645 0.0000000144 11.2393972013 13 1 
4646 0.0000000149 11.2397761515 13 1 
4647 0.0000000146 11.2401549387 13 1 
4648 0.0000000144 11.2405335628 13 1 
4649 0.0000000133 11.2409120241 13 1 
4650 0.0000000135 11.2412903226 13 1 
4651 0.0000000135 11.2416684584 13 1 
4652 0.0000000140 11.2420464316 13 1 
4653 0.0000000146 11.2424242424 13 1 
4654 0.0000000148 11.2428018908 13 1 
4655 0.0000000148 11.2431793770 13 1 
4656 0.0000000150 11.2435567010 13 1 
4657 0.0000000150 11.2439338630 13 1 
4658 0.0000000146 11.2443108630 13 1 
4659 0.0000000174 11.2446877012 13 1 
4660 0.0000000170 11.2450643777 13 1 
4661 0.0000000169 11.2454408925 13 1 
4662 0.0000000146 11.2458172458 13 1 
4663 0.0000000157 11.2461934377 13 1 
4664 0.0000000148 11.2465694683 13 1 
4665 0.0000000156 11.2469453376 13 1 
4666 0.0000000148 11.2473210459 13 1 
4667 0.0000000161 11.2476965931 13 1 
4668 0.0000000150 11.2480719794 13 1 
4669 0.0000000152 11.2484472050 13 1 
4670 0.0000000146 11.2488222698 13 1 
4671 0.0000000150 11.2491971741 13 1 
4672 0.0000000148 11.2495719178 13 1 
4673 0.0000000148 11.2499465012 13 1 
4674 0.0000000150 11.2503209243 13 1 
4675 0.0000000130 11.2506951872 13 1 
4676 0.0000000148 11.2510692900 13 1 
4677 0.0000000145 11.2514432328 13 1 
4678 0.0000000150 11.2518170158 13 1 
4679 0.0000000150 11.2521906390 13 1 
4680 0.0000000145 11.2525641026 13 1 
4681 0.0000000145 11.2529374065 13 1 
4682 0.0000000147 11.2533105510 13 1 
4683 0.0000000149 11.2536835362 13 1 
4684 0.0000000143 11.2540563621 13 1 
4685 0.0000000152 11.2544290288 13 1 
4686 0.0000000169 11.2548015365 13 1 
4687 0.0000000134 11.2551738852 13 1 
4688 0.0000000128 11.2555460751 13 1 
4689 0.0000000147 11.2559181062 13 1 
4690 0.0000000136 11.2562899787 13 1 
4691 0.0000000143 11.2566616926 13 1 
4692 0.0000000151 11.2570332481 13 1 
4693 0.0000000151 11.2574046452 13 1 
4694 0.0000000149 11.2577758841 13 1 
4695 0.0000000153 11.2581469649 13 1 
4696 0.0000000149 11.2585178876 13 1 
4697 0.0000000158 11.2588886523 13 1 
4698 0.0000000151 11.2592592593 13 1 
4699 0.0000000164 11.2596297084 13 1 
4700 0.0000000168 11.2600000000 13 1 
4701 0.0000000151 11.2603701340 13 1 
4702 0.0000000142 11.2607401106 13 1 
4703 0.0000000149 11.2611099298 13 1 
4704 0.0000000149 11.2614795918 13 1 
4705 0.0000000140 11.2618490967 13 1 
4706 0.0000000132 11.2622184445 13 1 
4707 0.0000000140 11.2625876354 13 1 
4708 0.0000000130 11.2629566695 13 1 
4709 0.0000000130 11.2633255468 13 1 
4710 0.0000000149 11.2636942675 13 1 
4711 0.0000000149 11.2640628317 13 1 
4712 0.0000000149 11.2644312394 13 1 
4713 0.0000000144 11.2647994908 13 1 
4714 0.0000000151 11.2651675859 13 1 
4715 0.0000000148 11.2655355249 13 1 
4716 0.0000000163 11.2659033079 13 1 
4717 0.0000000151 11.2662709349 13 1 
4718 0.0000000163 11.2666384061 13 1 
4719 0.0000000146 11.2670057216 13 1 
4720 0.0000000159 11.2673728814 13 1 
4721 0.0000000146 11.2677398856 13 1 
4722 0.0000000148 11.2681067344 13 1 
4723 0.0000000146 11.2684734279 13 1 
4724 0.0000000146 11.2688399661 13 1 
4725 0.0000000150 11.2692063492 13 1 
4726 0.0000000144 11.2695725772 13 1 
4727 0.0000000146 11.2699386503 13 1 
4728 0.0000000150 11.2703045685 13 1 
4729 0.0000000152 11.2706703320 13 1 
4730 0.0000000184 11.2710359408 13 1 
4731 0.0000000173 11.2714013951 13 1 
4732 0.0000000150 11.2717666948 13 1 
4733 0.0000000150 11.2721318403 13 1 
4734 0.0000000144 11.2724968314 13 1 
4735 0.0000000154 11.2728616684 13 1 
4736 0.0000000156 11.2732263514 13 1 
4737 0.0000000158 11.2735908803 13 1 
4738 0.0000000150 11.2739552554 13 1 
4739 0.0000000150 11.2743194767 13 1 
4740 0.0000000150 11.2746835443 13 1 
4741 0.0000000146 11.2750474583 13 1 
4742 0.0000000160 11.2754112189 13 1 
4743 0.0000000148 11.2757748261 13 1 
4744 0.0000000143 11.2761382799 13 1 
4745 0.0000000131 11.2765015806 13 1 
4746 0.0000000135 11.2768647282 13 1 
4747 0.0000000135 11.2772277228 13 1 
4748 0.0000000135 11.2775905644 13 1 
4749 0.0000000168 11.2779532533 13 1 
4750 0.0000000147 11.2783157895 13 1 
4751 0.0000000145 11.2786781730 13 1 
4752 0.0000000139 11.2790404040 13 1 
4753 0.0000000149 11.2794024826 13 1 
4754 0.0000000156 11.2797644089 13 1 
4755 0.0000000151 11.2801261830 13 1 
4756 0.0000000143 11.2804878049 13 1 
4757 0.0000000130 11.2808492748 13 1 
4758 0.0000000137 11.2812105927 13 1 
4759 0.0000000149 11.2815717588 13 1 
4760 0.0000000149 11.2819327731 13 1 
4761 0.0000000149 11.2822936358 13 1 
4762 0.0000000149 11.2826543469 13 1 
4763 0.0000000149 11.2830149066 13 1 
4764 0.0000000151 11.2833753149 13 1 
4765 0.0000000147 11.2837355719 13 1 
4766 0.0000000136 11.2840956777 13 1 
4767 0.0000000134 11.2844556325 13 1 
4768 0.0000000145 11.2848154362 13 1 
4769 0.0000000151 11.2851750891 13 1 
4770 0.0000000147 11.2855345912 13 1 
4771 0.0000000147 11.2858939426 13 1 
4772 0.0000000149 11.2862531433 13 1 
4773 0.0000000161 11.2866121936 13 1 
4774 0.0000000149 11.2869710934 13 1 
4775 0.0000000142 11.2873298429 13 1 
4776 0.0000000142 11.2876884422 13 1 
4777 0.0000000136 11.2880468914 13 1 
4778 0.0000000136 11.2884051905 13 1 
4779 0.0000000136 11.2887633396 13 1 
4780 0.0000000151 11.2891213389 13 1 
4781 0.0000000146 11.2894791885 13 1 
4782 0.0000000146 11.2898368883 13 1 
4783 0.0000000148 11.2901944386 13 1 
4784 0.0000000151 11.2905518395 13 1 
4785 0.0000000140 11.2909090909 13 1 
4786 0.0000000134 11.2912661931 13 1 
4787 0.0000000152 11.2916231460 13 1 
4788 0.0000000148 11.2919799499 13 1 
4789 0.0000000152 11.2923366047 13 1 
4790 0.0000000152 11.2926931106 13 1 
4791 0.0000000150 11.2930494678 13 1 
4792 0.0000000150 11.2934056761 13 1 
4793 0.0000000169 11.2937617359 13 1 
4794 0.0000000138 11.2941176471 13 1 
4795 0.0000000138 11.2944734098 13 1 
4796 0.0000000150 11.2948290242 13 1 
4797 0.0000000148 11.2951844903 13 1 
4798 0.0000000150 11.2955398083 13 1 
4799 0.0000000135 11.2958949781 13 1 
4800 0.0000000150 11.2962500000 13 1 
4801 0.0000000152 11.2966048740 13 1 
4802 0.0000000156 11.2969596002 13 1 
4803 0.0000000298 11.2973141786 13 1 
4804 0.0000000262 11.2976686095 13 1 
4805 0.0000000235 11.2980228928 13 1 
4806 0.0000000198 11.2983770287 13 1 
4807 0.0000000198 11.2987310173 13 1 
4808 0.0000000158 11.2990848586 13 1 
4809 0.0000000283 11.2994385527 13 1 
4810 0.0000000247 11.2997920998 13 1 
4811 0.0000000204 11.3001454999 13 1 
4812 0.0000000172 11.3004987531 13 1 
4813 0.0000000179 11.3008518595 13 1 
4814 0.0000000147 11.3012048193 13 1 
4815 0.0000000141 11.3015576324 13 1 
4816 0.0000000239 11.3019102990 13 1 
4817 0.0000000206 11.3022628192 13 1 
4818 0.0000000137 11.3026151930 13 1 
4819 0.0000000139 11.3029674206 13 1 
4820 0.0000000154 11.3033195021 13 1 
4821 0.0000000147 11.3036714375 13 1 
4822 0.0000000143 11.3040232269 13 1 
4823 0.0000000139 11.3043748704 13 1 
4824 0.0000000145 11.3047263682 13 1 
4825 0.0000000166 11.3050777202 13 1 
4826 0.0000000139 11.3054289266 13 1 
4827 0.0000000149 11.3057799876 13 1 
4828 0.0000000153 11.3061309031 13 1 
4829 0.0000000151 11.3064816732 13 1 
4830 0.0000000139 11.3068322981 13 1 
4831 0.0000000135 11.3071827779 13 1 
4832 0.0000000145 11.3075331126 13 1 
4833 0.0000000130 11.3078833023 13 1 
4834 0.0000000147 11.3082333471 13 1 
4835 0.0000000134 11.3085832472 13 1 
4836 0.0000000163 11.3089330025 13 1 
4837 0.0000000136 11.3092826132 13 1 
4838 0.0000000149 11.3096320794 13 1 
4839 0.0000000141 11.3099814011 13 1 
4840 0.0000000134 11.3103305785 13 1 
4841 0.0000000134 11.3106796117 13 1 
4842 0.0000000134 11.3110285006 13 1 
4843 0.0000000151 11.3113772455 13 1 
4844 0.0000000136 11.3117258464 13 1 
4845 0.0000000149 11.3120743034 13 1 
4846 0.0000000147 11.3124226166 13 1 
4847 0.0000000136 11.3127707861 13 1 
4848 0.0000000149 11.3131188119 13 1 
4849 0.0000000136 11.3134666942 13 1 
4850 0.0000000136 11.3138144330 13 1 
4851 0.0000000148 11.3141620284 13 1 
4852 0.0000000148 11.3145094806 13 1 
4853 0.0000000134 11.3148567896 13 1 
4854 0.0000000132 11.3152039555 13 1 
4855 0.0000000136 11.3155509784 13 1 
4856 0.0000000136 11.3158978583 13 1 
4857 0.0000000150 11.3162445954 13 1 
4858 0.0000000150 11.3165911898 13 1 
4859 0.0000000136 11.3169376415 13 1 
4860 0.0000000144 11.3172839506 13 1 
4861 0.0000000138 11.3176301173 13 1 
4862 0.0000000150 11.3179761415 13 1 
4863 0.0000000150 11.3183220234 13 1 
4864 0.0000000150 11.3186677632 13 1 
4865 0.0000000156 11.3190133607 13 1 
4866 0.0000000132 11.3193588163 13 1 
4867 0.0000000148 11.3197041299 13 1 
4868 0.0000000136 11.3200493016 13 1 
4869 0.0000000166 11.3203943315 13 1 
4870 0.0000000136 11.3207392197 13 1 
4871 0.0000000150 11.3210839663 13 1 
4872 0.0000000138 11.3214285714 13 1 
4873 0.0000000133 11.3217730351 13 1 
4874 0.0000000148 11.3221173574 13 1 
4875 0.0000000148 11.3224615385 13 1 
4876 0.0000000150 11.3228055783 13 1 
4877 0.0000000144 11.3231494771 13 1 
4878 0.0000000137 11.3234932349 13 1 
4879 0.0000000150 11.3238368518 13 1 
4880 0.0000000148 11.3241803279 13 1 
4881 0.0000000150 11.3245236632 13 1 
4882 0.0000000147 11.3248668578 13 1 
4883 0.0000000135 11.3252099119 13 1 
4884 0.0000000135 11.3255528256 13 1 
4885 0.0000000135 11.3258955988 13 1 
4886 0.0000000160 11.3262382317 13 1 
4887 0.0000000151 11.3265807244 13 1 
4888 0.0000000139 11.3269230769 13 1 
4889 0.0000000137 11.3272652894 13 1 
4890 0.0000000147 11.3276073620 13 1 
4891 0.0000000159 11.3279492946 13 1 
4892 0.0000000151 11.3282910875 13 1 
4893 0.0000000149 11.3286327406 13 1 
4894 0.0000000137 11.3289742542 13 1 
4895 0.0000000137 11.3293156282 13 1 
4896 0.0000000172 11.3296568627 13 1 
4897 0.0000000151 11.3299979579 13 1 
4898 0.0000000151 11.3303389138 13 1 
4899 0.0000000139 11.3306797306 13 1 
4900 0.0000000171 11.3310204082 13 1 
4901 0.0000000151 11.3313609467 13 1 
4902 0.0000000139 11.3317013464 13 1 
4903 0.0000000139 11.3320416072 13 1 
4904 0.0000000194 11.3323817292 13 1 
4905 0.0000000137 11.3327217125 13 1 
4906 0.0000000141 11.3330615573 13 1 
4907 0.0000000269 11.3334012635 13 1 
4908 0.0000000348 11.3337408313 13 1 
4909 0.0000000273 11.3340802607 13 1 
4910 0.0000000517 11.3344195519 13 1 
4911 0.0000000303 11.3347587049 13 1 
4912 0.0000000438 11.3350977199 13 1 
4913 0.0000000301 11.3354365968 13 1 
4914 0.0000000454 11.3357753358 13 1 
4915 0.0000000309 11.3361139369 13 1 
4916 0.0000000405 11.3364524003 13 1 
4917 0.0000000270 11.3367907261 13 1 
4918 0.0000000238 11.3371289142 13 1 
4919 0.0000000211 11.3374669648 13 1 
4920 0.0000000181 11.3378048780 13 1 
4921 0.0000000161 11.3381426539 13 1 
4922 0.0000000299 11.3384802926 13 1 
4923 0.0000000232 11.3388177940 13 1 
4924 0.0000000201 11.3391551584 13 1 
4925 0.0000000185 11.3394923858 13 1 
4926 0.0000000195 11.3398294762 13 1 
4927 0.0000000168 11.3401664299 13 1 
4928 0.0000000181 11.3405032468 13 1 
4929 0.0000000179 11.3408399270 13 1 
4930 0.0000000160 11.3411764706 13 1 
4931 0.0000000174 11.3415128777 13 1 
4932 0.0000000156 11.3418491484 13 1 
4933 0.0000000154 11.3421852828 13 1 
4934 0.0000000152 11.3425212809 13 1 
4935 0.0000000172 11.3428571429 13 1 
4936 0.0000000154 11.3431928687 13 1 
4937 0.0000000186 11.3435284586 13 1 
4938 0.0000000168 11.3438639125 13 1 
4939 0.0000000152 11.3441992306 13 1 
4940 0.0000000168 11.3445344130 13 1 
4941 0.0000000166 11.3448694596 13 1 
4942 0.0000000202 11.3452043707 13 1 
4943 0.0000000142 11.3455391463 13 1 
4944 0.0000000146 11.3458737864 13 1 
4945 0.0000000133 11.3462082912 13 1 
4946 0.0000000137 11.3465426607 13 1 
4947 0.0000000137 11.3468768951 13 1 
4948 0.0000000168 11.3472109943 13 1 
4949 0.0000000133 11.3475449586 13 1 
4950 0.0000000147 11.3478787879 13 1 
4951 0.0000000133 11.3482124823 13 1 
4952 0.0000000133 11.3485460420 13 1 
4953 0.0000000269 11.3488794670 13 1 
4954 0.0000000236 11.3492127574 13 1 
4955 0.0000000204 11.3495459132 13 1 
4956 0.0000000176 11.3498789346 13 1 
4957 0.0000000159 11.3502118217 13 1 
4958 0.0000000153 11.3505445744 13 1 
4959 0.0000000143 11.3508771930 13 1 
4960 0.0000000149 11.3512096774 13 1 
4961 0.0000000137 11.3515420278 13 1 
4962 0.0000000131 11.3518742443 13 1 
4963 0.0000000163 11.3522063268 13 1 
4964 0.0000000145 11.3525382756 13 1 
4965 0.0000000137 11.3528700906 13 1 
4966 0.0000000145 11.3532017720 13 1 
4967 0.0000000145 11.3535333199 13 1 
4968 0.0000000145 11.3538647343 13 1 
4969 0.0000000133 11.3541960153 13 1 
4970 0.0000000131 11.3545271630 13 1 
4971 0.0000000133 11.3548581774 13 1 
4972 0.0000000137 11.3551890587 13 1 
4973 0.0000000127 11.3555198070 13 1 
4974 0.0000000181 11.3558504222 13 1 
4975 0.0000000137 11.3561809045 13 1 
4976 0.0000000141 11.3565112540 13 1 
4977 0.0000000161 11.3568414708 13 1 
4978 0.0000000139 11.3571715548 13 1 
4979 0.0000000143 11.3575015063 13 1 
4980 0.0000000151 11.3578313253 13 1 
4981 0.0000000139 11.3581610118 13 1 
4982 0.0000000151 11.3584905660 13 1 
4983 0.0000000132 11.3588199880 13 1 
4984 0.0000000183 11.3591492777 13 1 
4985 0.0000000166 11.3594784353 13 1 
4986 0.0000000183 11.3598074609 13 1 
4987 0.0000000162 11.3601363545 13 1 
4988 0.0000000140 11.3604651163 13 1 
4989 0.0000000148 11.3607937462 13 1 
4990 0.0000000130 11.3611222445 13 1 
4991 0.0000000150 11.3614506111 13 1 
4992 0.0000000138 11.3617788462 13 1 
4993 0.0000000134 11.3621069497 13 1 
4994 0.0000000158 11.3624349219 13 1 
4995 0.0000000136 11.3627627628 13 1 
4996 0.0000000132 11.3630904724 13 1 
4997 0.0000000130 11.3634180508 13 1 
4998 0.0000000162 11.3637454982 13 1 
4999 0.0000000136 11.3640728146 13 1 
5000 0.0000000136 11.3644000000 13 1 
5001 0.0000000160 11.3647270546 13 1 
5002 0.0000000152 11.3650539784 13 1 
5003 0.0000000132 11.3653807715 13 1 
5004 0.0000000138 11.3657074341 13 1 
5005 0.0000000156 11.3660339660 13 1 
5006 0.0000000134 11.3663603676 13 1 
5007 0.0000000154 11.3666866387 13 1 
5008 0.0000000140 11.3670127796 13 1 
5009 0.0000000134 11.3673387902 13 1 
5010 0.0000000144 11.3676646707 13 1 
5011 0.0000000154 11.3679904211 13 1 
5012 0.0000000134 11.3683160415 13 1 
5013 0.0000000144 11.3686415320 13 1 
5014 0.0000000144 11.3689668927 13 1 
5015 0.0000000132 11.3692921236 13 1 
5016 0.0000000159 11.3696172249 13 1 
5017 0.0000000132 11.3699421965 13 1 
5018 0.0000000157 11.3702670387 13 1 
5019 0.0000000135 11.3705917513 13 1 
5020 0.0000000159 11.3709163347 13 1 
5021 0.0000000167 11.3712407887 13 1 
5022 0.0000000133 11.3715651135 13 1 
5023 0.0000000135 11.3718893092 13 1 
5024 0.0000000149 11.3722133758 13 1 
5025 0.0000000149 11.3725373134 13 1 
5026 0.0000000135 11.3728611222 13 1 
5027 0.0000000376 11.3731848021 13 1 
5028 0.0000000332 11.3735083532 13 1 
5029 0.0000000251 11.3738317757 13 1 
5030 0.0000000235 11.3741550696 13 1 
5031 0.0000000213 11.3744782349 13 1 
5032 0.0000000300 11.3748012719 13 1 
5033 0.0000000205 11.3751241804 13 1 
5034 0.0000000183 11.3754469607 13 1 
5035 0.0000000145 11.3757696127 13 1 
5036 0.0000000153 11.3760921366 13 1 
5037 0.0000000135 11.3764145325 13 1 
5038 0.0000000155 11.3767368003 13 1 
5039 0.0000000133 11.3770589403 13 1 
5040 0.0000000149 11.3773809524 13 1 
5041 0.0000000212 11.3777028367 13 1 
5042 0.0000000163 11.3780245934 13 1 
5043 0.0000000266 11.3783462225 13 1 
5044 0.0000000232 11.3786677240 13 1 
5045 0.0000000194 11.3789890981 13 1 
5046 0.0000000166 11.3793103448 13 1 
5047 0.0000000166 11.3796314642 13 1 
5048 0.0000000155 11.3799524564 13 1 
5049 0.0000000151 11.3802733214 13 1 
5050 0.0000000311 11.3805940594 13 1 
5051 0.0000000135 11.3809146704 13 1 
5052 0.0000000144 11.3812351544 13 1 
5053 0.0000000129 11.3815555116 13 1 
5054 0.0000000144 11.3818757420 13 1 
5055 0.0000000146 11.3821958457 13 1 
5056 0.0000000146 11.3825158228 13 1 
5057 0.0000000142 11.3828356733 13 1 
5058 0.0000000146 11.3831553974 13 1 
5059 0.0000000132 11.3834749951 13 1 
5060 0.0000000245 11.3837944664 13 1 
5061 0.0000000209 11.3841138115 13 1 
5062 0.0000000196 11.3844330304 13 1 
5063 0.0000000178 11.3847521232 13 1 
5064 0.0000000158 11.3850710900 13 1 
5065 0.0000000146 11.3853899309 13 1 
5066 0.0000000136 11.3857086459 13 1 
5067 0.0000000146 11.3860272351 13 1 
5068 0.0000000130 11.3863456985 13 1 
5069 0.0000000272 11.3866640363 13 1 
5070 0.0000000207 11.3869822485 13 1 
5071 0.0000000203 11.3873003352 13 1 
5072 0.0000000209 11.3876182965 13 1 
5073 0.0000000175 11.3879361325 13 1 
5074 0.0000000183 11.3882538431 13 1 
5075 0.0000000152 11.3885714286 13 1 
5076 0.0000000152 11.3888888889 13 1 
5077 0.0000000132 11.3892062241 13 1 
5078 0.0000000144 11.3895234344 13 1 
5079 0.0000000134 11.3898405198 13 1 
5080 0.0000000150 11.3901574803 13 1 
5081 0.0000000161 11.3904743161 13 1 
5082 0.0000000153 11.3907910272 13 1 
5083 0.0000000138 11.3911076136 13 1 
5084 0.0000000136 11.3914240755 13 1 
5085 0.0000000181 11.3917404130 13 1 
5086 0.0000000136 11.3920566260 13 1 
5087 0.0000000149 11.3923727148 13 1 
5088 0.0000000145 11.3926886792 13 1 
5089 0.0000000136 11.3930045196 13 1 
5090 0.0000000141 11.3933202358 13 1 
5091 0.0000000134 11.3936358279 13 1 
5092 0.0000000151 11.3939512962 13 1 
5093 0.0000000134 11.3942666405 13 1 
5094 0.0000000149 11.3945818610 13 1 
5095 0.0000000135 11.3948969578 13 1 
5096 0.0000000149 11.3952119309 13 1 
5097 0.0000000135 11.3955267805 13 1 
5098 0.0000000135 11.3958415065 13 1 
5099 0.0000000135 11.3961561090 13 1 
5100 0.0000000149 11.3964705882 13 1 
5101 0.0000000147 11.3967849441 13 1 
5102 0.0000000135 11.3970991768 13 1 
5103 0.0000000169 11.3974132863 13 1 
5104 0.0000000151 11.3977272727 13 1 
5105 0.0000000133 11.3980411361 13 1 
5106 0.0000000135 11.3983548766 13 1 
5107 0.0000000145 11.3986684942 13 1 
5108 0.0000000135 11.3989819890 13 1 
5109 0.0000000149 11.3992953611 13 1 
5110 0.0000000135 11.3996086106 13 1 
5111 0.0000000158 11.3999217374 13 1 
5112 0.0000000141 11.4002347418 13 1 
5113 0.0000000137 11.4005476237 13 1 
5114 0.0000000135 11.4008603833 13 1 
5115 0.0000000152 11.4011730205 13 1 
5116 0.0000000147 11.4014855356 13 1 
5117 0.0000000133 11.4017979285 13 1 
5118 0.0000000133 11.4021101993 13 1 
5119 0.0000000145 11.4024223481 13 1 
5120 0.0000000137 11.4027343750 13 1 
5121 0.0000000133 11.4030462800 13 1 
5122 0.0000000144 11.4033580633 13 1 
5123 0.0000000135 11.4036697248 13 1 
5124 0.0000000148 11.4039812646 13 1 
5125 0.0000000168 11.4042926829 13 1 
5126 0.0000000156 11.4046039797 13 1 
5127 0.0000000156 11.4049151551 13 1 
5128 0.0000000166 11.4052262090 13 1 
5129 0.0000000146 11.4055371417 13 1 
5130 0.0000000133 11.4058479532 13 1 
5131 0.0000000170 11.4061586435 13 1 
5132 0.0000000152 11.4064692128 13 1 
5133 0.0000000148 11.4067796610 13 1 
5134 0.0000000181 11.4070899883 13 1 
5135 0.0000000142 11.4074001947 13 1 
5136 0.0000000146 11.4077102804 13 1 
5137 0.0000000144 11.4080202453 13 1 
5138 0.0000000148 11.4083300895 13 1 
5139 0.0000000136 11.4086398132 13 1 
5140 0.0000000150 11.4089494163 13 1 
5141 0.0000000148 11.4092588990 13 1 
5142 0.0000000148 11.4095682614 13 1 
5143 0.0000000167 11.4098775034 13 1 
5144 0.0000000136 11.4101866252 13 1 
5145 0.0000000146 11.4104956268 13 1 
5146 0.0000000167 11.4108045084 13 1 
5147 0.0000000136 11.4111132699 13 1 
5148 0.0000000134 11.4114219114 13 1 
5149 0.0000000157 11.4117304331 13 1 
5150 0.0000000142 11.4120388350 13 1 
5151 0.0000000134 11.4123471171 13 1 
5152 0.0000000163 11.4126552795 13 1 
5153 0.0000000142 11.4129633223 13 1 
5154 0.0000000149 11.4132712456 13 1 
5155 0.0000000153 11.4135790495 13 1 
5156 0.0000000149 11.4138867339 13 1 
5157 0.0000000159 11.4141942990 13 1 
5158 0.0000000151 11.4145017449 13 1 
5159 0.0000000138 11.4148090715 13 1 
5160 0.0000000149 11.4151162791 13 1 
5161 0.0000000140 11.4154233676 13 1 
5162 0.0000000136 11.4157303371 13 1 
5163 0.0000000151 11.4160371877 13 1 
5164 0.0000000147 11.4163439194 13 1 
5165 0.0000000147 11.4166505324 13 1 
5166 0.0000000151 11.4169570267 13 1 
5167 0.0000000139 11.4172634024 13 1 
5168 0.0000000153 11.4175696594 13 1 
5169 0.0000000139 11.4178757980 13 1 
5170 0.0000000139 11.4181818182 13 1 
5171 0.0000000149 11.4184877200 13 1 
5172 0.0000000137 11.4187935035 13 1 
5173 0.0000000143 11.4190991688 13 1 
5174 0.0000000137 11.4194047159 13 1 
5175 0.0000000137 11.4197101449 13 1 
5176 0.0000000147 11.4200154560 13 1 
5177 0.0000000137 11.4203206490 13 1 
5178 0.0000000137 11.4206257242 13 1 
5179 0.0000000158 11.4209306816 13 1 
5180 0.0000000139 11.4212355212 13 1 
5181 0.0000000145 11.4215402432 13 1 
5182 0.0000000137 11.4218448475 13 1 
5183 0.0000000145 11.4221493344 13 1 
5184 0.0000000156 11.4224537037 13 1 
5185 0.0000000143 11.4227579556 13 1 
5186 0.0000000152 11.4230620902 13 1 
5187 0.0000000139 11.4233661076 13 1 
5188 0.0000000135 11.4236700077 13 1 
5189 0.0000000152 11.4239737907 13 1 
5190 0.0000000141 11.4242774566 13 1 
5191 0.0000000150 11.4245810056 13 1 
5192 0.0000000139 11.4248844376 13 1 
5193 0.0000000154 11.4251877527 13 1 
5194 0.0000000137 11.4254909511 13 1 
5195 0.0000000152 11.4257940327 13 1 
5196 0.0000000154 11.4260969977 13 1 
5197 0.0000000135 11.4263998461 13 1 
5198 0.0000000156 11.4267025779 13 1 
5199 0.0000000137 11.4270051933 13 1 
5200 0.0000000152 11.4273076923 13 1 
5201 0.0000000154 11.4276100750 13 1 
5202 0.0000000138 11.4279123414 13 1 
5203 0.0000000154 11.4282144916 13 1 
5204 0.0000000165 11.4285165257 13 1 
5205 0.0000000138 11.4288184438 13 1 
5206 0.0000000156 11.4291202459 13 1 
5207 0.0000000154 11.4294219320 13 1 
5208 0.0000000136 11.4297235023 13 1 
5209 0.0000000144 11.4300249568 13 1 
5210 0.0000000155 11.4303262956 13 1 
5211 0.0000000138 11.4306275187 13 1 
5212 0.0000000146 11.4309286262 13 1 
5213 0.0000000152 11.4312296183 13 1 
5214 0.0000000138 11.4315304948 13 1 
5215 0.0000000140 11.4318312560 13 1 
5216 0.0000000153 11.4321319018 13 1 
5217 0.0000000169 11.4324324324 13 1 
5218 0.0000000136 11.4327328478 13 1 
5219 0.0000000155 11.4330331481 13 1 
5220 0.0000000155 11.4333333333 13 1 
5221 0.0000000140 11.4336334036 13 1 
5222 0.0000000142 11.4339333589 13 1 
5223 0.0000000155 11.4342331993 13 1 
5224 0.0000000140 11.4345329250 13 1 
5225 0.0000000144 11.4348325359 13 1 
5226 0.0000000153 11.4351320321 13 1 
5227 0.0000000140 11.4354314138 13 1 
5228 0.0000000149 11.4357306809 13 1 
5229 0.0000000155 11.4360298336 13 1 
5230 0.0000000140 11.4363288719 13 1 
5231 0.0000000147 11.4366277958 13 1 
5232 0.0000000149 11.4369266055 13 1 
5233 0.0000000139 11.4372253010 13 1 
5234 0.0000000134 11.4375238823 13 1 
5235 0.0000000147 11.4378223496 13 1 
5236 0.0000000138 11.4381207028 13 1 
5237 0.0000000153 11.4384189421 13 1 
5238 0.0000000137 11.4387170676 13 1 
5239 0.0000000139 11.4390150792 13 1 
5240 0.0000000139 11.4393129771 13 1 
5241 0.0000000149 11.4396107613 13 1 
5242 0.0000000137 11.4399084319 13 1 
5243 0.0000000143 11.4402059889 13 1 
5244 0.0000000141 11.4405034325 13 1 
5245 0.0000000135 11.4408007626 13 1 
5246 0.0000000152 11.4410979794 13 1 
5247 0.0000000160 11.4413950829 13 1 
5248 0.0000000149 11.4416920732 13 1 
5249 0.0000000141 11.4419889503 13 1 
5250 0.0000000152 11.4422857143 13 1 
5251 0.0000000143 11.4425823653 13 1 
5252 0.0000000141 11.4428789033 13 1 
5253 0.0000000154 11.4431753284 13 1 
5254 0.0000000135 11.4434716407 13 1 
5255 0.0000000145 11.4437678402 13 1 
5256 0.0000000148 11.4440639269 13 1 
5257 0.0000000145 11.4443599011 13 1 
5258 0.0000000137 11.4446557626 13 1 
5259 0.0000000141 11.4449515117 13 1 
5260 0.0000000154 11.4452471483 13 1 
5261 0.0000000156 11.4455426725 13 1 
5262 0.0000000139 11.4458380844 13 1 
5263 0.0000000152 11.4461333840 13 1 
5264 0.0000000148 11.4464285714 13 1 
5265 0.0000000148 11.4467236467 13 1 
5266 0.0000000154 11.4470186100 13 1 
5267 0.0000000154 11.4473134612 13 1 
5268 0.0000000154 11.4476082005 13 1 
5269 0.0000000133 11.4479028279 13 1 
5270 0.0000000154 11.4481973435 13 1 
5271 0.0000000152 11.4484917473 13 1 
5272 0.0000000138 11.4487860395 13 1 
5273 0.0000000135 11.4490802200 13 1 
5274 0.0000000155 11.4493742890 13 1 
5275 0.0000000135 11.4496682464 13 1 
5276 0.0000000144 11.4499620925 13 1 
5277 0.0000000157 11.4502558272 13 1 
5278 0.0000000152 11.4505494505 13 1 
5279 0.0000000157 11.4508429627 13 1 
5280 0.0000000140 11.4511363636 13 1 
5281 0.0000000155 11.4514296535 13 1 
5282 0.0000000142 11.4517228323 13 1 
5283 0.0000000138 11.4520159001 13 1 
5284 0.0000000151 11.4523088569 13 1 
5285 0.0000000155 11.4526017029 13 1 
5286 0.0000000140 11.4528944381 13 1 
5287 0.0000000140 11.4531870626 13 1 
5288 0.0000000146 11.4534795764 13 1 
5289 0.0000000161 11.4537719796 13 1 
5290 0.0000000164 11.4540642722 13 1 
5291 0.0000000134 11.4543564544 13 1 
5292 0.0000000155 11.4546485261 13 1 
5293 0.0000000155 11.4549404874 13 1 
5294 0.0000000157 11.4552323385 13 1 
5295 0.0000000142 11.4555240793 13 1 
5296 0.0000000142 11.4558157100 13 1 
5297 0.0000000157 11.4561072305 13 1 
5298 0.0000000147 11.4563986410 13 1 
5299 0.0000000140 11.4566899415 13 1 
5300 0.0000000143 11.4569811321 13 1 
5301 0.0000000145 11.4572722128 13 1 
5302 0.0000000155 11.4575631837 13 1 
5303 0.0000000140 11.4578540449 13 1 
5304 0.0000000160 11.4581447964 13 1 
5305 0.0000000155 11.4584354383 13 1 
5306 0.0000000181 11.4587259706 13 1 
5307 0.0000000138 11.4590163934 13 1 
5308 0.0000000141 11.4593067069 13 1 
5309 0.0000000149 11.4595969109 13 1 
5310 0.0000000151 11.4598870056 13 1 
5311 0.0000000153 11.4601769912 13 1 
5312 0.0000000139 11.4604668675 13 1 
5313 0.0000000136 11.4607566347 13 1 
5314 0.0000000156 11.4610462928 13 1 
5315 0.0000000162 11.4613358420 13 1 
5316 0.0000000139 11.4616252822 13 1 
5317 0.0000000139 11.4619146135 13 1 
5318 0.0000000145 11.4622038360 13 1 
5319 0.0000000147 11.4624929498 13 1 
5320 0.0000000158 11.4627819549 13 1 
5321 0.0000000152 11.4630708513 13 1 
5322 0.0000000141 11.4633596392 13 1 
5323 0.0000000141 11.4636483186 13 1 
5324 0.0000000145 11.4639368896 13 1 
5325 0.0000000178 11.4642253521 13 1 
5326 0.0000000163 11.4645137063 13 1 
5327 0.0000000135 11.4648019523 13 1 
5328 0.0000000139 11.4650900901 13 1 
5329 0.0000000154 11.4653781197 13 1 
5330 0.0000000148 11.4656660413 13 1 
5331 0.0000000148 11.4659538548 13 1 
5332 0.0000000141 11.4662415604 13 1 
5333 0.0000000139 11.4665291581 13 1 
5334 0.0000000148 11.4668166479 13 1 
5335 0.0000000150 11.4671040300 13 1 
5336 0.0000000152 11.4673913043 13 1 
5337 0.0000000141 11.4676784711 13 1 
5338 0.0000000141 11.4679655302 13 1 
5339 0.0000000139 11.4682524817 13 1 
5340 0.0000000146 11.4685393258 13 1 
5341 0.0000000152 11.4688260625 13 1 
5342 0.0000000170 11.4691126919 13 1 
5343 0.0000000153 11.4693992139 13 1 
5344 0.0000000153 11.4696856287 13 1 
5345 0.0000000137 11.4699719364 13 1 
5346 0.0000000142 11.4702581369 13 1 
5347 0.0000000142 11.4705442304 13 1 
5348 0.0000000140 11.4708302169 13 1 
5349 0.0000000155 11.4711160965 13 1 
5350 0.0000000157 11.4714018692 13 1 
5351 0.0000000157 11.4716875350 13 1 
5352 0.0000000159 11.4719730942 13 1 
5353 0.0000000140 11.4722585466 13 1 
5354 0.0000000140 11.4725438924 13 1 
5355 0.0000000144 11.4728291317 13 1 
5356 0.0000000153 11.4731142644 13 1 
5357 0.0000000155 11.4733992906 13 1 
5358 0.0000000157 11.4736842105 13 1 
5359 0.0000000136 11.4739690241 13 1 
5360 0.0000000138 11.4742537313 13 1 
5361 0.0000000151 11.4745383324 13 1 
5362 0.0000000149 11.4748228273 13 1 
5363 0.0000000153 11.4751072161 13 1 
5364 0.0000000147 11.4753914989 13 1 
5365 0.0000000142 11.4756756757 13 1 
5366 0.0000000136 11.4759597466 13 1 
5367 0.0000000138 11.4762437116 13 1 
5368 0.0000000147 11.4765275708 13 1 
5369 0.0000000155 11.4768113243 13 1 
5370 0.0000000153 11.4770949721 13 1 
5371 0.0000000142 11.4773785142 13 1 
5372 0.0000000141 11.4776619509 13 1 
5373 0.0000000140 11.4779452820 13 1 
5374 0.0000000141 11.4782285076 13 1 
5375 0.0000000141 11.4785116279 13 1 
5376 0.0000000156 11.4787946429 13 1 
5377 0.0000000151 11.4790775525 13 1 
5378 0.0000000190 11.4793603570 13 1 
5379 0.0000000167 11.4796430563 13 1 
5380 0.0000000143 11.4799256506 13 1 
5381 0.0000000149 11.4802081398 13 1 
5382 0.0000000141 11.4804905240 13 1 
5383 0.0000000143 11.4807728033 13 1 
5384 0.0000000136 11.4810549777 13 1 
5385 0.0000000158 11.4813370474 13 1 
5386 0.0000000158 11.4816190123 13 1 
5387 0.0000000143 11.4819008725 13 1 
5388 0.0000000154 11.4821826281 13 1 
5389 0.0000000154 11.4824642791 13 1 
5390 0.0000000141 11.4827458256 13 1 
5391 0.0000000141 11.4830272677 13 1 
5392 0.0000000178 11.4833086053 13 1 
5393 0.0000000143 11.4835898387 13 1 
5394 0.0000000141 11.4838709677 13 1 
5395 0.0000000150 11.4841519926 13 1 
5396 0.0000000141 11.4844329133 13 1 
5397 0.0000000154 11.4847137298 13 1 
5398 0.0000000165 11.4849944424 13 1 
5399 0.0000000157 11.4852750509 13 1 
5400 0.0000000141 11.4855555556 13 1 
5401 0.0000000143 11.4858359563 13 1 
5402 0.0000000137 11.4861162532 13 1 
5403 0.0000000141 11.4863964464 13 1 
5404 0.0000000150 11.4866765359 13 1 
5405 0.0000000152 11.4869565217 13 1 
5406 0.0000000159 11.4872364040 13 1 
5407 0.0000000157 11.4875161827 13 1 
5408 0.0000000150 11.4877958580 13 1 
5409 0.0000000142 11.4880754298 13 1 
5410 0.0000000155 11.4883548983 13 1 
5411 0.0000000152 11.4886342635 13 1 
5412 0.0000000142 11.4889135255 13 1 
5413 0.0000000142 11.4891926843 13 1 
5414 0.0000000142 11.4894717399 13 1 
5415 0.0000000142 11.4897506925 13 1 
5416 0.0000000137 11.4900295421 13 1 
5417 0.0000000142 11.4903082887 13 1 
5418 0.0000000144 11.4905869324 13 1 
5419 0.0000000142 11.4908654733 13 1 
5420 0.0000000159 11.4911439114 13 1 
5421 0.0000000149 11.4914222468 13 1 
5422 0.0000000159 11.4917004795 13 1 
5423 0.0000000151 11.4919786096 13 1 
5424 0.0000000157 11.4922566372 13 1 
5425 0.0000000170 11.4925345622 13 1 
5426 0.0000000151 11.4928123848 13 1 
5427 0.0000000140 11.4930901050 13 1 
5428 0.0000000142 11.4933677229 13 1 
5429 0.0000000146 11.4936452385 13 1 
5430 0.0000000147 11.4939226519 13 1 
5431 0.0000000157 11.4941999632 13 1 
5432 0.0000000158 11.4944771723 13 1 
5433 0.0000000153 11.4947542794 13 1 
5434 0.0000000156 11.4950312845 13 1 
5435 0.0000000160 11.4953081877 13 1 
5436 0.0000000153 11.4955849890 13 1 
5437 0.0000000151 11.4958616884 13 1 
5438 0.0000000154 11.4961382861 13 1 
5439 0.0000000153 11.4964147821 13 1 
5440 0.0000000160 11.4966911765 13 1 
5441 0.0000000140 11.4969674692 13 1 
5442 0.0000000158 11.4972436604 13 1 
5443 0.0000000158 11.4975197501 13 1 
5444 0.0000000143 11.4977957384 13 1 
5445 0.0000000140 11.4980716253 13 1 
5446 0.0000000141 11.4983474109 13 1 
5447 0.0000000145 11.4986230953 13 1 
5448 0.0000000145 11.4988986784 13 1 
5449 0.0000000156 11.4991741604 13 1 
5450 0.0000000160 11.4994495413 13 1 
5451 0.0000000161 11.4997248211 13 1 
5452 0.0000000154 11.5000000000 13 1 
5453 0.0000000160 11.5002750779 13 1 
5454 0.0000000158 11.5005500550 13 1 
5455 0.0000000161 11.5008249313 13 1 
5456 0.0000000152 11.5010997067 13 1 
5457 0.0000000156 11.5013743815 13 1 
5458 0.0000000154 11.5016489557 13 1 
5459 0.0000000159 11.5019234292 13 1 
5460 0.0000000161 11.5021978022 13 1 
5461 0.0000000165 11.5024720747 13 1 
5462 0.0000000157 11.5027462468 13 1 
5463 0.0000000157 11.5030203185 13 1 
5464 0.0000000168 11.5032942899 13 1 
5465 0.0000000139 11.5035681610 13 1 
5466 0.0000000154 11.5038419319 13 1 
5467 0.0000000145 11.5041156027 13 1 
5468 0.0000000143 11.5043891734 13 1 
5469 0.0000000144 11.5046626440 13 1 
5470 0.0000000166 11.5049360146 13 1 
5471 0.0000000137 11.5052092853 13 1 
5472 0.0000000144 11.5054824561 13 1 
5473 0.0000000143 11.5057555271 13 1 
5474 0.0000000163 11.5060284984 13 1 
5475 0.0000000153 11.5063013699 13 1 
5476 0.0000000159 11.5065741417 13 1 
5477 0.0000000159 11.5068468139 13 1 
5478 0.0000000159 11.5071193866 13 1 
5479 0.0000000151 11.5073918598 13 1 
5480 0.0000000155 11.5076642336 13 1 
5481 0.0000000157 11.5079365079 13 1 
5482 0.0000000157 11.5082086830 13 1 
5483 0.0000000155 11.5084807587 13 1 
5484 0.0000000159 11.5087527352 13 1 
5485 0.0000000153 11.5090246126 13 1 
5486 0.0000000155 11.5092963908 13 1 
5487 0.0000000160 11.5095680700 13 1 
5488 0.0000000160 11.5098396501 13 1 
5489 0.0000000160 11.5101111314 13 1 
5490 0.0000000158 11.5103825137 13 1 
5491 0.0000000160 11.5106537971 13 1 
5492 0.0000000157 11.5109249818 13 1 
5493 0.0000000162 11.5111960677 13 1 
5494 0.0000000146 11.5114670550 13 1 
5495 0.0000000149 11.5117379436 13 1 
5496 0.0000000158 11.5120087336 13 1 
5497 0.0000000155 11.5122794251 13 1 
5498 0.0000000144 11.5125500182 13 1 
5499 0.0000000145 11.5128205128 13 1 
5500 0.0000000144 11.5130909091 13 1 
5501 0.0000000145 11.5133612071 13 1 
5502 0.0000000160 11.5136314068 13 1 
5503 0.0000000154 11.5139015083 13 1 
5504 0.0000000160 11.5141715116 13 1 
5505 0.0000000160 11.5144414169 13 1 
5506 0.0000000154 11.5147112241 13 1 
5507 0.0000000156 11.5149809334 13 1 
5508 0.0000000160 11.5152505447 13 1 
5509 0.0000000176 11.5155200581 13 1 
5510 0.0000000145 11.5157894737 13 1 
5511 0.0000000140 11.5160587915 13 1 
5512 0.0000000143 11.5163280116 13 1 
5513 0.0000000145 11.5165971340 13 1 
5514 0.0000000147 11.5168661589 13 1 
5515 0.0000000145 11.5171350861 13 1 
5516 0.0000000147 11.5174039159 13 1 
5517 0.0000000147 11.5176726482 13 1 
5518 0.0000000188 11.5179412831 13 1 
5519 0.0000000161 11.5182098206 13 1 
5520 0.0000000161 11.5184782609 13 1 
5521 0.0000000156 11.5187466039 13 1 
5522 0.0000000141 11.5190148497 13 1 
5523 0.0000000147 11.5192829984 13 1 
5524 0.0000000145 11.5195510500 13 1 
5525 0.0000000145 11.5198190045 13 1 
5526 0.0000000138 11.5200868621 13 1 
5527 0.0000000145 11.5203546228 13 1 
5528 0.0000000145 11.5206222865 13 1 
5529 0.0000000139 11.5208898535 13 1 
5530 0.0000000161 11.5211573237 13 1 
5531 0.0000000166 11.5214246972 13 1 
5532 0.0000000152 11.5216919740 13 1 
5533 0.0000000155 11.5219591542 13 1 
5534 0.0000000155 11.5222262378 13 1 
5535 0.0000000150 11.5224932249 13 1 
5536 0.0000000159 11.5227601156 13 1 
5537 0.0000000146 11.5230269099 13 1 
5538 0.0000000144 11.5232936078 13 1 
5539 0.0000000143 11.5235602094 13 1 
5540 0.0000000168 11.5238267148 13 1 
5541 0.0000000144 11.5240931240 13 1 
5542 0.0000000159 11.5243594370 13 1 
5543 0.0000000152 11.5246256540 13 1 
5544 0.0000000164 11.5248917749 13 1 
5545 0.0000000144 11.5251577998 13 1 
5546 0.0000000141 11.5254237288 13 1 
5547 0.0000000142 11.5256895619 13 1 
5548 0.0000000160 11.5259552992 13 1 
5549 0.0000000155 11.5262209407 13 1 
5550 0.0000000159 11.5264864865 13 1 
5551 0.0000000151 11.5267519366 13 1 
5552 0.0000000160 11.5270172911 13 1 
5553 0.0000000153 11.5272825500 13 1 
5554 0.0000000149 11.5275477134 13 1 
5555 0.0000000146 11.5278127813 13 1 
5556 0.0000000137 11.5280777538 13 1 
5557 0.0000000173 11.5283426309 13 1 
5558 0.0000000160 11.5286074127 13 1 
5559 0.0000000171 11.5288720993 13 1 
5560 0.0000000138 11.5291366906 13 1 
5561 0.0000000169 11.5294011868 13 1 
5562 0.0000000142 11.5296655879 13 1 
5563 0.0000000146 11.5299298939 13 1 
5564 0.0000000144 11.5301941050 13 1 
5565 0.0000000160 11.5304582210 13 1 
5566 0.0000000178 11.5307222422 13 1 
5567 0.0000000153 11.5309861685 13 1 
5568 0.0000000163 11.5312500000 13 1 
5569 0.0000000142 11.5315137368 13 1 
5570 0.0000000144 11.5317773788 13 1 
5571 0.0000000169 11.5320409262 13 1 
5572 0.0000000145 11.5323043790 13 1 
5573 0.0000000161 11.5325677373 13 1 
5574 0.0000000152 11.5328310011 13 1 
5575 0.0000000149 11.5330941704 13 1 
5576 0.0000000147 11.5333572453 13 1 
5577 0.0000000142 11.5336202259 13 1 
5578 0.0000000142 11.5338831122 13 1 
5579 0.0000000160 11.5341459043 13 1 
5580 0.0000000161 11.5344086022 13 1 
5581 0.0000000156 11.5346712059 13 1 
5582 0.0000000147 11.5349337155 13 1 
5583 0.0000000142 11.5351961311 13 1 
5584 0.0000000170 11.5354584527 13 1 
5585 0.0000000158 11.5357206804 13 1 
5586 0.0000000163 11.5359828142 13 1 
5587 0.0000000149 11.5362448541 13 1 
5588 0.0000000152 11.5365068003 13 1 
5589 0.0000000147 11.5367686527 13 1 
5590 0.0000000161 11.5370304114 13 1 
5591 0.0000000161 11.5372920766 13 1 
5592 0.0000000154 11.5375536481 13 1 
5593 0.0000000147 11.5378151261 13 1 
5594 0.0000000154 11.5380765105 13 1 
5595 0.0000000161 11.5383378016 13 1 
5596 0.0000000168 11.5385989993 13 1 
5597 0.0000000154 11.5388601036 13 1 
5598 0.0000000154 11.5391211147 13 1 
5599 0.0000000145 11.5393820325 13 1 
5600 0.0000000146 11.5396428571 13 1 
5601 0.0000000162 11.5399035886 13 1 
5602 0.0000000154 11.5401642271 13 1 
5603 0.0000000159 11.5404247724 13 1 
5604 0.0000000139 11.5406852248 13 1 
5605 0.0000000152 11.5409455843 13 1 
5606 0.0000000144 11.5412058509 13 1 
5607 0.0000000161 11.5414660246 13 1 
5608 0.0000000155 11.5417261056 13 1 
5609 0.0000000146 11.5419860938 13 1 
5610 0.0000000162 11.5422459893 13 1 
5611 0.0000000151 11.5425057922 13 1 
5612 0.0000000160 11.5427655025 13 1 
5613 0.0000000146 11.5430251203 13 1 
5614 0.0000000169 11.5432846455 13 1 
5615 0.0000000160 11.5435440784 13 1 
5616 0.0000000150 11.5438034188 13 1 
5617 0.0000000158 11.5440626669 13 1 
5618 0.0000000166 11.5443218227 13 1 
5619 0.0000000214 11.5445808863 13 1 
5620 0.0000000201 11.5448398577 13 1 
5621 0.0000000208 11.5450987369 13 1 
5622 0.0000000174 11.5453575240 13 1 
5623 0.0000000162 11.5456162191 13 1 
5624 0.0000000156 11.5458748222 13 1 
5625 0.0000000149 11.5461333333 13 1 
5626 0.0000000160 11.5463917526 13 1 
5627 0.0000000156 11.5466500800 13 1 
5628 0.0000000146 11.5469083156 13 1 
5629 0.0000000144 11.5471664594 13 1 
5630 0.0000000137 11.5474245115 13 1 
5631 0.0000000147 11.5476824720 13 1 
5632 0.0000000151 11.5479403409 13 1 
5633 0.0000000138 11.5481981182 13 1 
5634 0.0000000133 11.5484558040 13 1 
5635 0.0000000149 11.5487133984 13 1 
5636 0.0000000151 11.5489709013 13 1 
5637 0.0000000140 11.5492283129 13 1 
5638 0.0000000156 11.5494856332 13 1 
5639 0.0000000153 11.5497428622 13 1 
5640 0.0000000137 11.5500000000 13 1 
5641 0.0000000138 11.5502570466 13 1 
5642 0.0000000145 11.5505140021 13 1 
5643 0.0000000138 11.5507708666 13 1 
5644 0.0000000161 11.5510276400 13 1 
5645 0.0000000145 11.5512843224 13 1 
5646 0.0000000140 11.5515409139 13 1 
5647 0.0000000151 11.5517974146 13 1 
5648 0.0000000145 11.5520538244 13 1 
5649 0.0000000136 11.5523101434 13 1 
5650 0.0000000166 11.5525663717 13 1 
5651 0.0000000147 11.5528225093 13 1 
5652 0.0000000138 11.5530785563 13 1 
5653 0.0000000149 11.5533345126 13 1 
5654 0.0000000149 11.5535903785 13 1 
5655 0.0000000138 11.5538461538 13 1 
5656 0.0000000154 11.5541018388 13 1 
5657 0.0000000152 11.5543574333 13 1 
5658 0.0000000150 11.5546129374 13 1 
5659 0.0000000159 11.5548683513 13 1 
5660 0.0000000147 11.5551236749 13 1 
5661 0.0000000136 11.5553789083 13 1 
5662 0.0000000152 11.5556340516 13 1 
5663 0.0000000148 11.5558891047 13 1 
5664 0.0000000141 11.5561440678 13 1 
5665 0.0000000157 11.5563989409 13 1 
5666 0.0000000154 11.5566537240 13 1 
5667 0.0000000152 11.5569084172 13 1 
5668 0.0000000153 11.5571630205 13 1 
5669 0.0000000152 11.5574175340 13 1 
5670 0.0000000153 11.5576719577 13 1 
5671 0.0000000159 11.5579262917 13 1 
5672 0.0000000160 11.5581805360 13 1 
5673 0.0000000173 11.5584346906 13 1 
5674 0.0000000153 11.5586887557 13 1 
5675 0.0000000157 11.5589427313 13 1 
5676 0.0000000143 11.5591966173 13 1 
5677 0.0000000153 11.5594504140 13 1 
5678 0.0000000151 11.5597041212 13 1 
5679 0.0000000139 11.5599577390 13 1 
5680 0.0000000151 11.5602112676 13 1 
5681 0.0000000155 11.5604647069 13 1 
5682 0.0000000144 11.5607180570 13 1 
5683 0.0000000153 11.5609713180 13 1 
5684 0.0000000165 11.5612244898 13 1 
5685 0.0000000153 11.5614775726 13 1 
5686 0.0000000151 11.5617305663 13 1 
5687 0.0000000139 11.5619834711 13 1 
5688 0.0000000155 11.5622362869 13 1 
5689 0.0000000142 11.5624890139 13 1 
5690 0.0000000155 11.5627416520 13 1 
5691 0.0000000153 11.5629942014 13 1 
5692 0.0000000134 11.5632466620 13 1 
5693 0.0000000153 11.5634990339 13 1 
5694 0.0000000137 11.5637513172 13 1 
5695 0.0000000149 11.5640035119 13 1 
5696 0.0000000153 11.5642556180 13 1 
5697 0.0000000160 11.5645076356 13 1 
5698 0.0000000153 11.5647595648 13 1 
5699 0.0000000146 11.5650114055 13 1 
5700 0.0000000153 11.5652631579 13 1 
5701 0.0000000154 11.5655148220 13 1 
5702 0.0000000133 11.5657663978 13 1 
5703 0.0000000153 11.5660178853 13 1 
5704 0.0000000151 11.5662692847 13 1 
5705 0.0000000135 11.5665205960 13 1 
5706 0.0000000154 11.5667718191 13 1 
5707 0.0000000144 11.5670229543 13 1 
5708 0.0000000154 11.5672740014 13 1 
5709 0.0000000152 11.5675249606 13 1 
5710 0.0000000149 11.5677758319 13 1 
5711 0.0000000154 11.5680266153 13 1 
5712 0.0000000177 11.5682773109 13 1 
5713 0.0000000149 11.5685279188 13 1 
5714 0.0000000140 11.5687784389 13 1 
5715 0.0000000154 11.5690288714 13 1 
5716 0.0000000135 11.5692792162 13 1 
5717 0.0000000156 11.5695294735 13 1 
5718 0.0000000135 11.5697796432 13 1 
5719 0.0000000163 11.5700297255 13 1 
5720 0.0000000142 11.5702797203 13 1 
5721 0.0000000156 11.5705296277 13 1 
5722 0.0000000152 11.5707794477 13 1 
5723 0.0000000149 11.5710291805 13 1 
5724 0.0000000154 11.5712788260 13 1 
5725 0.0000000161 11.5715283843 13 1 
5726 0.0000000150 11.5717778554 13 1 
5727 0.0000000141 11.5720272394 13 1 
5728 0.0000000155 11.5722765363 13 1 
5729 0.0000000141 11.5725257462 13 1 
5730 0.0000000155 11.5727748691 13 1 
5731 0.0000000164 11.5730239051 13 1 
5732 0.0000000154 11.5732728542 13 1 
5733 0.0000000148 11.5735217164 13 1 
5734 0.0000000155 11.5737704918 13 1 
5735 0.0000000152 11.5740191805 13 1 
5736 0.0000000155 11.5742677824 13 1 
5737 0.0000000146 11.5745162977 13 1 
5738 0.0000000153 11.5747647264 13 1 
5739 0.0000000145 11.5750130685 13 1 
5740 0.0000000157 11.5752613240 13 1 
5741 0.0000000145 11.5755094931 13 1 
5742 0.0000000165 11.5757575758 13 1 
5743 0.0000000157 11.5760055720 13 1 
5744 0.0000000151 11.5762534819 13 1 
5745 0.0000000157 11.5765013055 13 1 
5746 0.0000000158 11.5767490428 13 1 
5747 0.0000000151 11.5769966939 13 1 
5748 0.0000000153 11.5772442589 13 1 
5749 0.0000000141 11.5774917377 13 1 
5750 0.0000000162 11.5777391304 13 1 
5751 0.0000000162 11.5779864371 13 1 
5752 0.0000000156 11.5782336579 13 1 
5753 0.0000000156 11.5784807926 13 1 
5754 0.0000000172 11.5787278415 13 1 
5755 0.0000000155 11.5789748045 13 1 
5756 0.0000000155 11.5792216817 13 1 
5757 0.0000000182 11.5794684732 13 1 
5758 0.0000000156 11.5797151789 13 1 
5759 0.0000000158 11.5799617989 13 1 
5760 0.0000000158 11.5802083333 13 1 
5761 0.0000000167 11.5804547822 13 1 
5762 0.0000000158 11.5807011454 13 1 
5763 0.0000000160 11.5809474232 13 1 
5764 0.0000000160 11.5811936155 13 1 
5765 0.0000000147 11.5814397225 13 1 
5766 0.0000000149 11.5816857440 13 1 
5767 0.0000000158 11.5819316802 13 1 
5768 0.0000000144 11.5821775312 13 1 
5769 0.0000000158 11.5824232969 13 1 
5770 0.0000000140 11.5826689775 13 1 
5771 0.0000000158 11.5829145729 13 1 
5772 0.0000000139 11.5831600832 13 1 
5773 0.0000000158 11.5834055084 13 1 
5774 0.0000000154 11.5836508486 13 1 
5775 0.0000000165 11.5838961039 13 1 
5776 0.0000000140 11.5841412742 13 1 
5777 0.0000000159 11.5843863597 13 1 
5778 0.0000000157 11.5846313603 13 1 
5779 0.0000000151 11.5848762762 13 1 
5780 0.0000000157 11.5851211073 13 1 
5781 0.0000000145 11.5853658537 13 1 
5782 0.0000000150 11.5856105154 13 1 
5783 0.0000000144 11.5858550925 13 1 
5784 0.0000000157 11.5860995851 13 1 
5785 0.0000000157 11.5863439931 13 1 
5786 0.0000000154 11.5865883166 13 1 
5787 0.0000000166 11.5868325557 13 1 
5788 0.0000000142 11.5870767104 13 1 
5789 0.0000000154 11.5873207808 13 1 
5790 0.0000000142 11.5875647668 13 1 
5791 0.0000000157 11.5878086686 13 1 
5792 0.0000000142 11.5880524862 13 1 
5793 0.0000000159 11.5882962196 13 1 
5794 0.0000000152 11.5885398688 13 1 
5795 0.0000000157 11.5887834340 13 1 
5796 0.0000000159 11.5890269151 13 1 
5797 0.0000000145 11.5892703122 13 1 
5798 0.0000000155 11.5895136254 13 1 
5799 0.0000000141 11.5897568546 13 1 
5800 0.0000000157 11.5900000000 13 1 
5801 0.0000000155 11.5902430615 13 1 
5802 0.0000000148 11.5904860393 13 1 
5803 0.0000000157 11.5907289333 13 1 
5804 0.0000000143 11.5909717436 13 1 
5805 0.0000000155 11.5912144703 13 1 
5806 0.0000000160 11.5914571133 13 1 
5807 0.0000000158 11.5916996728 13 1 
5808 0.0000000162 11.5919421488 13 1 
5809 0.0000000153 11.5921845412 13 1 
5810 0.0000000160 11.5924268503 13 1 
5811 0.0000000141 11.5926690759 13 1 
5812 0.0000000163 11.5929112182 13 1 
5813 0.0000000136 11.5931532771 13 1 
5814 0.0000000158 11.5933952528 13 1 
5815 0.0000000143 11.5936371453 13 1 
5816 0.0000000160 11.5938789546 13 1 
5817 0.0000000186 11.5941206808 13 1 
5818 0.0000000158 11.5943623238 13 1 
5819 0.0000000160 11.5946038838 13 1 
5820 0.0000000144 11.5948453608 13 1 
5821 0.0000000151 11.5950867549 13 1 
5822 0.0000000167 11.5953280660 13 1 
5823 0.0000000153 11.5955692942 13 1 
5824 0.0000000161 11.5958104396 13 1 
5825 0.0000000153 11.5960515021 13 1 
5826 0.0000000153 11.5962924820 13 1 
5827 0.0000000158 11.5965333791 13 1 
5828 0.0000000148 11.5967741935 13 1 
5829 0.0000000156 11.5970149254 13 1 
5830 0.0000000161 11.5972555746 13 1 
5831 0.0000000151 11.5974961413 13 1 
5832 0.0000000159 11.5977366255 13 1 
5833 0.0000000161 11.5979770273 13 1 
5834 0.0000000149 11.5982173466 13 1 
5835 0.0000000158 11.5984575835 13 1 
5836 0.0000000158 11.5986977382 13 1 
5837 0.0000000147 11.5989378105 13 1 
5838 0.0000000159 11.5991778006 13 1 
5839 0.0000000161 11.5994177085 13 1 
5840 0.0000000146 11.5996575342 13 1 
5841 0.0000000158 11.5998972779 13 1 
5842 0.0000000163 11.6001369394 13 1 
5843 0.0000000152 11.6003765189 13 1 
5844 0.0000000161 11.6006160164 13 1 
5845 0.0000000161 11.6008554320 13 1 
5846 0.0000000171 11.6010947657 13 1 
5847 0.0000000154 11.6013340174 13 1 
5848 0.0000000159 11.6015731874 13 1 
5849 0.0000000166 11.6018122756 13 1 
5850 0.0000000173 11.6020512821 13 1 
5851 0.0000000162 11.6022902068 13 1 
5852 0.0000000167 11.6025290499 13 1 
5853 0.0000000161 11.6027678114 13 1 
5854 0.0000000155 11.6030064913 13 1 
5855 0.0000000150 11.6032450897 13 1 
5856 0.0000000161 11.6034836066 13 1 
5857 0.0000000155 11.6037220420 13 1 
5858 0.0000000143 11.6039603960 13 1 
5859 0.0000000160 11.6041986687 13 1 
5860 0.0000000171 11.6044368601 13 1 
5861 0.0000000150 11.6046749701 13 1 
5862 0.0000000159 11.6049129990 13 1 
5863 0.0000000160 11.6051509466 13 1 
5864 0.0000000162 11.6053888131 13 1 
5865 0.0000000159 11.6056265985 13 1 
5866 0.0000000164 11.6058643028 13 1 
5867 0.0000000169 11.6061019260 13 1 
5868 0.0000000162 11.6063394683 13 1 
5869 0.0000000155 11.6065769296 13 1 
5870 0.0000000167 11.6068143101 13 1 
5871 0.0000000152 11.6070516096 13 1 
5872 0.0000000157 11.6072888283 13 1 
5873 0.0000000160 11.6075259663 13 1 
5874 0.0000000157 11.6077630235 13 1 
5875 0.0000000155 11.6080000000 13 1 
5876 0.0000000158 11.6082368958 13 1 
5877 0.0000000160 11.6084737111 13 1 
5878 0.0000000162 11.6087104457 13 1 
5879 0.0000000153 11.6089470998 13 1 
5880 0.0000000160 11.6091836735 13 1 
5881 0.0000000160 11.6094201666 13 1 
5882 0.0000000156 11.6096565794 13 1 
5883 0.0000000156 11.6098929118 13 1 
5884 0.0000000160 11.6101291638 13 1 
5885 0.0000000141 11.6103653356 13 1 
5886 0.0000000156 11.6106014271 13 1 
5887 0.0000000161 11.6108374384 13 1 
5888 0.0000000146 11.6110733696 13 1 
5889 0.0000000149 11.6113092206 13 1 
5890 0.0000000160 11.6115449915 13 1 
5891 0.0000000153 11.6117806824 13 1 
5892 0.0000000149 11.6120162933 13 1 
5893 0.0000000153 11.6122518242 13 1 
5894 0.0000000158 11.6124872752 13 1 
5895 0.0000000159 11.6127226463 13 1 
5896 0.0000000153 11.6129579376 13 1 
5897 0.0000000144 11.6131931491 13 1 
5898 0.0000000158 11.6134282808 13 1 
5899 0.0000000158 11.6136633328 13 1 
5900 0.0000000141 11.6138983051 13 1 
5901 0.0000000159 11.6141331978 13 1 
5902 0.0000000161 11.6143680108 13 1 
5903 0.0000000159 11.6146027444 13 1 
5904 0.0000000161 11.6148373984 13 1 
5905 0.0000000146 11.6150719729 13 1 
5906 0.0000000152 11.6153064680 13 1 
5907 0.0000000159 11.6155408837 13 1 
5908 0.0000000168 11.6157752200 13 1 
5909 0.0000000149 11.6160094771 13 1 
5910 0.0000000157 11.6162436548 13 1 
5911 0.0000000161 11.6164777533 13 1 
5912 0.0000000147 11.6167117727 13 1 
5913 0.0000000157 11.6169457128 13 1 
5914 0.0000000159 11.6171795739 13 1 
5915 0.0000000147 11.6174133559 13 1 
5916 0.0000000162 11.6176470588 13 1 
5917 0.0000000177 11.6178806828 13 1 
5918 0.0000000155 11.6181142278 13 1 
5919 0.0000000179 11.6183476939 13 1 
5920 0.0000000166 11.6185810811 13 1 
5921 0.0000000166 11.6188143895 13 1 
5922 0.0000000150 11.6190476190 13 1 
5923 0.0000000162 11.6192807699 13 1 
5924 0.0000000162 11.6195138420 13 1 
5925 0.0000000155 11.6197468354 13 1 
5926 0.0000000150 11.6199797503 13 1 
5927 0.0000000162 11.6202125865 13 1 
5928 0.0000000157 11.6204453441 13 1 
5929 0.0000000179 11.6206780233 13 1 
5930 0.0000000157 11.6209106239 13 1 
5931 0.0000000155 11.6211431462 13 1 
5932 0.0000000162 11.6213755900 13 1 
5933 0.0000000160 11.6216079555 13 1 
5934 0.0000000170 11.6218402427 13 1 
5935 0.0000000153 11.6220724516 13 1 
5936 0.0000000162 11.6223045822 13 1 
5937 0.0000000162 11.6225366347 13 1 
5938 0.0000000158 11.6227686090 13 1 
5939 0.0000000163 11.6230005051 13 1 
5940 0.0000000145 11.6232323232 13 1 
5941 0.0000000157 11.6234640633 13 1 
5942 0.0000000163 11.6236957253 13 1 
5943 0.0000000156 11.6239273094 13 1 
5944 0.0000000170 11.6241588156 13 1 
5945 0.0000000178 11.6243902439 13 1 
5946 0.0000000156 11.6246215943 13 1 
5947 0.0000000166 11.6248528670 13 1 
5948 0.0000000165 11.6250840619 13 1 
5949 0.0000000165 11.6253151790 13 1 
5950 0.0000000166 11.6255462185 13 1 
5951 0.0000000166 11.6257771803 13 1 
5952 0.0000000156 11.6260080645 13 1 
5953 0.0000000146 11.6262388712 13 1 
5954 0.0000000160 11.6264696003 13 1 
5955 0.0000000165 11.6267002519 13 1 
5956 0.0000000156 11.6269308261 13 1 
5957 0.0000000161 11.6271613228 13 1 
5958 0.0000000156 11.6273917422 13 1 
5959 0.0000000159 11.6276220842 13 1 
5960 0.0000000148 11.6278523490 13 1 
5961 0.0000000161 11.6280825365 13 1 
5962 0.0000000163 11.6283126468 13 1 
5963 0.0000000161 11.6285426799 13 1 
5964 0.0000000158 11.6287726358 13 1 
5965 0.0000000171 11.6290025147 13 1 
5966 0.0000000149 11.6292323165 13 1 
5967 0.0000000158 11.6294620412 13 1 
5968 0.0000000163 11.6296916890 13 1 
5969 0.0000000163 11.6299212598 13 1 
5970 0.0000000164 11.6301507538 13 1 
5971 0.0000000157 11.6303801708 13 1 
5972 0.0000000174 11.6306095111 13 1 
5973 0.0000000151 11.6308387745 13 1 
5974 0.0000000159 11.6310679612 13 1 
5975 0.0000000161 11.6312970711 13 1 
5976 0.0000000164 11.6315261044 13 1 
5977 0.0000000164 11.6317550611 13 1 
5978 0.0000000166 11.6319839411 13 1 
5979 0.0000000164 11.6322127446 13 1 
5980 0.0000000157 11.6324414716 13 1 
5981 0.0000000171 11.6326701221 13 1 
5982 0.0000000147 11.6328986961 13 1 
5983 0.0000000157 11.6331271937 13 1 
5984 0.0000000162 11.6333556150 13 1 
5985 0.0000000162 11.6335839599 13 1 
5986 0.0000000164 11.6338122285 13 1 
5987 0.0000000162 11.6340404209 13 1 
5988 0.0000000170 11.6342685371 13 1 
5989 0.0000000149 11.6344965771 13 1 
5990 0.0000000150 11.6347245409 13 1 
5991 0.0000000160 11.6349524286 13 1 
5992 0.0000000164 11.6351802403 13 1 
5993 0.0000000164 11.6354079760 13 1 
5994 0.0000000158 11.6356356356 13 1 
5995 0.0000000180 11.6358632193 13 1 
5996 0.0000000167 11.6360907272 13 1 
5997 0.0000000315 11.6363181591 13 1 
5998 0.0000000267 11.6365455152 13 1 
5999 0.0000000297 11.6367727955 13 1 
6000 0.0000000417 11.6370000000 13 1 
6001 0.0000000737 11.6372271288 13 1 
6002 0.0000000345 11.6374541819 13 1 
6003 0.0000000262 11.6376811594 13 1 
6004 0.0000000273 11.6379080613 13 1 
6005 0.0000000236 11.6381348876 13 1 
6006 0.0000000280 11.6383616384 13 1 
6007 0.0000000246 11.6385883136 13 1 
6008 0.0000000226 11.6388149134 13 1 
6009 0.0000000201 11.6390414378 13 1 
6010 0.0000000190 11.6392678869 13 1 
6011 0.0000000183 11.6394942605 13 1 
6012 0.0000000183 11.6397205589 13 1 
6013 0.0000000276 11.6399467820 13 1 
6014 0.0000000175 11.6401729298 13 1 
6015 0.0000000183 11.6403990025 13 1 
6016 0.0000000186 11.6406250000 13 1 
6017 0.0000000168 11.6408509224 13 1 
6018 0.0000000183 11.6410767697 13 1 
6019 0.0000000181 11.6413025420 13 1 
6020 0.0000000166 11.6415282392 13 1 
6021 0.0000000164 11.6417538615 13 1 
6022 0.0000000171 11.6419794088 13 1 
6023 0.0000000169 11.6422048813 13 1 
6024 0.0000000174 11.6424302789 13 1 
6025 0.0000000183 11.6426556017 13 1 
6026 0.0000000163 11.6428808497 13 1 
6027 0.0000000272 11.6431060229 13 1 
6028 0.0000000264 11.6433311214 13 1 
6029 0.0000000224 11.6435561453 13 1 
6030 0.0000000201 11.6437810945 13 1 
6031 0.0000000182 11.6440059692 13 1 
6032 0.0000000174 11.6442307692 13 1 
6033 0.0000000217 11.6444554948 13 1 
6034 0.0000000174 11.6446801458 13 1 
6035 0.0000000171 11.6449047225 13 1 
6036 0.0000000181 11.6451292247 13 1 
6037 0.0000000169 11.6453536525 13 1 
6038 0.0000000171 11.6455780060 13 1 
6039 0.0000000169 11.6458022851 13 1 
6040 0.0000000185 11.6460264901 13 1 
6041 0.0000000159 11.6462506208 13 1 
6042 0.0000000167 11.6464746773 13 1 
6043 0.0000000179 11.6466986596 13 1 
6044 0.0000000172 11.6469225678 13 1 
6045 0.0000000157 11.6471464020 13 1 
6046 0.0000000174 11.6473701621 13 1 
6047 0.0000000174 11.6475938482 13 1 
6048 0.0000000172 11.6478174603 13 1 
6049 0.0000000174 11.6480409985 13 1 
6050 0.0000000174 11.6482644628 13 1 
6051 0.0000000172 11.6484878532 13 1 
6052 0.0000000172 11.6487111699 13 1 
6053 0.0000000172 11.6489344127 13 1 
6054 0.0000000279 11.6491575818 13 1 
6055 0.0000000157 11.6493806771 13 1 
6056 0.0000000175 11.6496036988 13 1 
6057 0.0000000182 11.6498266469 13 1 
6058 0.0000000170 11.6500495213 13 1 
6059 0.0000000182 11.6502723222 13 1 
6060 0.0000000299 11.6504950495 13 1 
6061 0.0000000262 11.6507177033 13 1 
6062 0.0000000238 11.6509402837 13 1 
6063 0.0000000213 11.6511627907 13 1 
6064 0.0000000237 11.6513852243 13 1 
6065 0.0000000200 11.6516075845 13 1 
6066 0.0000000363 11.6518298714 13 1 
6067 0.0000000224 11.6520520851 13 1 
6068 0.0000000270 11.6522742254 13 1 
6069 0.0000000272 11.6524962926 13 1 
6070 0.0000000249 11.6527182867 13 1 
6071 0.0000000208 11.6529402075 13 1 
6072 0.0000000217 11.6531620553 13 1 
6073 0.0000000229 11.6533838301 13 1 
6074 0.0000000226 11.6536055318 13 1 
6075 0.0000000217 11.6538271605 13 1 
6076 0.0000000184 11.6540487163 13 1 
6077 0.0000000188 11.6542701991 13 1 
6078 0.0000000178 11.6544916091 13 1 
6079 0.0000000212 11.6547129462 13 1 
6080 0.0000000166 11.6549342105 13 1 
6081 0.0000000252 11.6551554021 13 1 
6082 0.0000000271 11.6553765209 13 1 
6083 0.0000000279 11.6555975670 13 1 
6084 0.0000000302 11.6558185404 13 1 
6085 0.0000000265 11.6560394412 13 1 
6086 0.0000000304 11.6562602695 13 1 
6087 0.0000000276 11.6564810251 13 1 
6088 0.0000000243 11.6567017083 13 1 
6089 0.0000000220 11.6569223189 13 1 
6090 0.0000000189 11.6571428571 13 1 
6091 0.0000000187 11.6573633229 13 1 
6092 0.0000000218 11.6575837163 13 1 
6093 0.0000000220 11.6578040374 13 1 
6094 0.0000000176 11.6580242862 13 1 
6095 0.0000000184 11.6582444627 13 1 
6096 0.0000000161 11.6584645669 13 1 
6097 0.0000000172 11.6586845990 13 1 
6098 0.0000000254 11.6589045589 13 1 
6099 0.0000000189 11.6591244466 13 1 
6100 0.0000000177 11.6593442623 13 1 
6101 0.0000000188 11.6595640059 13 1 
6102 0.0000000179 11.6597836775 13 1 
6103 0.0000000229 11.6600032771 13 1 
6104 0.0000000167 11.6602228047 13 1 
6105 0.0000000157 11.6604422604 13 1 
6106 0.0000000254 11.6606616443 13 1 
6107 0.0000000231 11.6608809563 13 1 
6108 0.0000000203 11.6611001965 13 1 
6109 0.0000000203 11.6613193649 13 1 
6110 0.0000000200 11.6615384615 13 1 
6111 0.0000000187 11.6617574865 13 1 
6112 0.0000000173 11.6619764398 13 1 
6113 0.0000000170 11.6621953214 13 1 
6114 0.0000000168 11.6624141315 13 1 
6115 0.0000000154 11.6626328700 13 1 
6116 0.0000000155 11.6628515370 13 1 
6117 0.0000000152 11.6630701324 13 1 
6118 0.0000000150 11.6632886564 13 1 
6119 0.0000000147 11.6635071090 13 1 
6120 0.0000000147 11.6637254902 13 1 
6121 0.0000000147 11.6639438000 13 1 
6122 0.0000000157 11.6641620385 13 1 
6123 0.0000000160 11.6643802058 13 1 
6124 0.0000000152 11.6645983018 13 1 
6125 0.0000000157 11.6648163265 13 1 
6126 0.0000000158 11.6650342801 13 1 
6127 0.0000000158 11.6652521626 13 1 
6128 0.0000000144 11.6654699739 13 1 
6129 0.0000000145 11.6656877141 13 1 
6130 0.0000000142 11.6659053834 13 1 
6131 0.0000000161 11.6661229816 13 1 
6132 0.0000000135 11.6663405088 13 1 
6133 0.0000000155 11.6665579651 13 1 
6134 0.0000000139 11.6667753505 13 1 
6135 0.0000000152 11.6669926650 13 1 
6136 0.0000000140 11.6672099087 13 1 
6137 0.0000000155 11.6674270816 13 1 
6138 0.0000000155 11.6676441838 13 1 
6139 0.0000000155 11.6678612152 13 1 
6140 0.0000000155 11.6680781759 13 1 
6141 0.0000000161 11.6682950660 13 1 
6142 0.0000000156 11.6685118854 13 1 
6143 0.0000000137 11.6687286342 13 1 
6144 0.0000000143 11.6689453125 13 1 
6145 0.0000000138 11.6691619203 13 1 
6146 0.0000000146 11.6693784575 13 1 
6147 0.0000000151 11.6695949244 13 1 
6148 0.0000000148 11.6698113208 13 1 
6149 0.0000000156 11.6700276468 13 1 
6150 0.0000000166 11.6702439024 13 1 
6151 0.0000000161 11.6704600878 13 1 
6152 0.0000000166 11.6706762029 13 1 
6153 0.0000000153 11.6708922477 13 1 
6154 0.0000000159 11.6711082223 13 1 
6155 0.0000000159 11.6713241267 13 1 
6156 0.0000000145 11.6715399610 13 1 
6157 0.0000000151 11.6717557252 13 1 
6158 0.0000000158 11.6719714193 13 1 
6159 0.0000000159 11.6721870434 13 1 
6160 0.0000000156 11.6724025974 13 1 
6161 0.0000000143 11.6726180815 13 1 
6162 0.0000000149 11.6728334956 13 1 
6163 0.0000000144 11.6730488399 13 1 
6164 0.0000000151 11.6732641142 13 1 
6165 0.0000000154 11.6734793187 13 1 
6166 0.0000000156 11.6736944535 13 1 
6167 0.0000000143 11.6739095184 13 1 
6168 0.0000000157 11.6741245136 13 1 
6169 0.0000000149 11.6743394391 13 1 
6170 0.0000000157 11.6745542950 13 1 
6171 0.0000000159 11.6747690812 13 1 
6172 0.0000000157 11.6749837978 13 1 
6173 0.0000000168 11.6751984448 13 1 
6174 0.0000000144 11.6754130224 13 1 
6175 0.0000000167 11.6756275304 13 1 
6176 0.0000000159 11.6758419689 13 1 
6177 0.0000000157 11.6760563380 13 1 
6178 0.0000000151 11.6762706377 13 1 
6179 0.0000000155 11.6764848681 13 1 
6180 0.0000000154 11.6766990291 13 1 
6181 0.0000000157 11.6769131209 13 1 
6182 0.0000000146 11.6771271433 13 1 
6183 0.0000000142 11.6773410966 13 1 
6184 0.0000000158 11.6775549806 13 1 
6185 0.0000000157 11.6777687955 13 1 
6186 0.0000000158 11.6779825412 13 1 
6187 0.0000000145 11.6781962179 13 1 
6188 0.0000000144 11.6784098255 13 1 
6189 0.0000000150 11.6786233640 13 1 
6190 0.0000000158 11.6788368336 13 1 
6191 0.0000000144 11.6790502342 13 1 
6192 0.0000000157 11.6792635659 13 1 
6193 0.0000000166 11.6794768287 13 1 
6194 0.0000000155 11.6796900226 13 1 
6195 0.0000000157 11.6799031477 13 1 
6196 0.0000000163 11.6801162040 13 1 
6197 0.0000000160 11.6803291915 13 1 
6198 0.0000000161 11.6805421104 13 1 
6199 0.0000000163 11.6807549605 13 1 
6200 0.0000000156 11.6809677419 13 1 
6201 0.0000000152 11.6811804548 13 1 
6202 0.0000000140 11.6813930990 13 1 
6203 0.0000000140 11.6816056747 13 1 
6204 0.0000000179 11.6818181818 13 1 
6205 0.0000000158 11.6820306205 13 1 
6206 0.0000000160 11.6822429907 13 1 
6207 0.0000000159 11.6824552924 13 1 
6208 0.0000000163 11.6826675258 13 1 
6209 0.0000000145 11.6828796908 13 1 
6210 0.0000000155 11.6830917874 13 1 
6211 0.0000000158 11.6833038158 13 1 
6212 0.0000000153 11.6835157759 13 1 
6213 0.0000000153 11.6837276678 13 1 
6214 0.0000000142 11.6839394915 13 1 
6215 0.0000000158 11.6841512470 13 1 
6216 0.0000000154 11.6843629344 13 1 
6217 0.0000000142 11.6845745536 13 1 
6218 0.0000000143 11.6847861049 13 1 
6219 0.0000000159 11.6849975880 13 1 
6220 0.0000000154 11.6852090032 13 1 
6221 0.0000000154 11.6854203504 13 1 
6222 0.0000000145 11.6856316297 13 1 
6223 0.0000000157 11.6858428411 13 1 
6224 0.0000000156 11.6860539846 13 1 
6225 0.0000000161 11.6862650602 13 1 
6226 0.0000000159 11.6864760681 13 1 
6227 0.0000000162 11.6866870082 13 1 
6228 0.0000000156 11.6868978805 13 1 
6229 0.0000000165 11.6871086852 13 1 
6230 0.0000000148 11.6873194222 13 1 
6231 0.0000000148 11.6875300915 13 1 
6232 0.0000000157 11.6877406932 13 1 
6233 0.0000000157 11.6879512273 13 1 
6234 0.0000000159 11.6881616939 13 1 
6235 0.0000000146 11.6883720930 13 1 
6236 0.0000000154 11.6885824246 13 1 
6237 0.0000000160 11.6887926888 13 1 
6238 0.0000000160 11.6890028855 13 1 
6239 0.0000000159 11.6892130149 13 1 
6240 0.0000000162 11.6894230769 13 1 
6241 0.0000000155 11.6896330716 13 1 
6242 0.0000000154 11.6898429990 13 1 
6243 0.0000000154 11.6900528592 13 1 
6244 0.0000000147 11.6902626521 13 1 
6245 0.0000000146 11.6904723779 13 1 
6246 0.0000000162 11.6906820365 13 1 
6247 0.0000000155 11.6908916280 13 1 
6248 0.0000000147 11.6911011524 13 1 
6249 0.0000000163 11.6913106097 13 1 
6250 0.0000000155 11.6915200000 13 1 
6251 0.0000000162 11.6917293233 13 1 
6252 0.0000000158 11.6919385797 13 1 
6253 0.0000000174 11.6921477691 13 1 
6254 0.0000000161 11.6923568916 13 1 
6255 0.0000000184 11.6925659472 13 1 
6256 0.0000000157 11.6927749361 13 1 
6257 0.0000000177 11.6929838581 13 1 
6258 0.0000000153 11.6931927133 13 1 
6259 0.0000000161 11.6934015018 13 1 
6260 0.0000000161 11.6936102236 13 1 
6261 0.0000000161 11.6938188788 13 1 
6262 0.0000000147 11.6940274673 13 1 
6263 0.0000000164 11.6942359891 13 1 
6264 0.0000000158 11.6944444444 13 1 
6265 0.0000000160 11.6946528332 13 1 
6266 0.0000000158 11.6948611554 13 1 
6267 0.0000000140 11.6950694112 13 1 
6268 0.0000000161 11.6952776005 13 1 
6269 0.0000000153 11.6954857234 13 1 
6270 0.0000000147 11.6956937799 13 1 
6271 0.0000000156 11.6959017701 13 1 
6272 0.0000000155 11.6961096939 13 1 
6273 0.0000000156 11.6963175514 13 1 
6274 0.0000000164 11.6965253427 13 1 
6275 0.0000000155 11.6967330677 13 1 
6276 0.0000000150 11.6969407266 13 1 
6277 0.0000000162 11.6971483193 13 1 
6278 0.0000000158 11.6973558458 13 1 
6279 0.0000000148 11.6975633063 13 1 
6280 0.0000000159 11.6977707006 13 1 
6281 0.0000000158 11.6979780290 13 1 
6282 0.0000000154 11.6981852913 13 1 
6283 0.0000000161 11.6983924877 13 1 
6284 0.0000000154 11.6985996181 13 1 
6285 0.0000000162 11.6988066826 13 1 
6286 0.0000000145 11.6990136812 13 1 
6287 0.0000000165 11.6992206140 13 1 
6288 0.0000000157 11.6994274809 13 1 
6289 0.0000000156 11.6996342821 13 1 
6290 0.0000000156 11.6998410175 13 1 
6291 0.0000000162 11.7000476872 13 1 
6292 0.0000000159 11.7002542912 13 1 
6293 0.0000000162 11.7004608295 13 1 
6294 0.0000000165 11.7006673022 13 1 
6295 0.0000000156 11.7008737093 13 1 
6296 0.0000000165 11.7010800508 13 1 
6297 0.0000000165 11.7012863268 13 1 
6298 0.0000000151 11.7014925373 13 1 
6299 0.0000000149 11.7016986823 13 1 
6300 0.0000000163 11.7019047619 13 1 
6301 0.0000000157 11.7021107761 13 1 
6302 0.0000000159 11.7023167248 13 1 
6303 0.0000000165 11.7025226083 13 1 
6304 0.0000000154 11.7027284264 13 1 
6305 0.0000000148 11.7029341792 13 1 
6306 0.0000000162 11.7031398668 13 1 
6307 0.0000000162 11.7033454891 13 1 
6308 0.0000000141 11.7035510463 13 1 
6309 0.0000000163 11.7037565383 13 1 
6310 0.0000000158 11.7039619651 13 1 
6311 0.0000000147 11.7041673269 13 1 
6312 0.0000000163 11.7043726236 13 1 
6313 0.0000000157 11.7045778552 13 1 
6314 0.0000000147 11.7047830219 13 1 
6315 0.0000000157 11.7049881235 13 1 
6316 0.0000000169 11.7051931602 13 1 
6317 0.0000000147 11.7053981320 13 1 
6318 0.0000000155 11.7056030389 13 1 
6319 0.0000000154 11.7058078810 13 1 
6320 0.0000000161 11.7060126582 13 1 
6321 0.0000000146 11.7062173707 13 1 
6322 0.0000000163 11.7064220183 13 1 
6323 0.0000000161 11.7066266013 13 1 
6324 0.0000000141 11.7068311195 13 1 
6325 0.0000000164 11.7070355731 13 1 
6326 0.0000000164 11.7072399621 13 1 
6327 0.0000000139 11.7074442864 13 1 
6328 0.0000000163 11.7076485461 13 1 
6329 0.0000000160 11.7078527413 13 1 
6330 0.0000000147 11.7080568720 13 1 
6331 0.0000000156 11.7082609382 13 1 
6332 0.0000000160 11.7084649400 13 1 
6333 0.0000000155 11.7086688773 13 1 
6334 0.0000000147 11.7088727502 13 1 
6335 0.0000000164 11.7090765588 13 1 
6336 0.0000000161 11.7092803030 13 1 
6337 0.0000000153 11.7094839830 13 1 
6338 0.0000000158 11.7096875986 13 1 
6339 0.0000000162 11.7098911500 13 1 
6340 0.0000000147 11.7100946372 13 1 
6341 0.0000000180 11.7102980602 13 1 
6342 0.0000000153 11.7105014191 13 1 
6343 0.0000000164 11.7107047139 13 1 
6344 0.0000000162 11.7109079445 13 1 
6345 0.0000000175 11.7111111111 13 1 
6346 0.0000000162 11.7113142137 13 1 
6347 0.0000000165 11.7115172522 13 1 
6348 0.0000000142 11.7117202268 13 1 
6349 0.0000000148 11.7119231375 13 1 
6350 0.0000000159 11.7121259843 13 1 
6351 0.0000000157 11.7123287671 13 1 
6352 0.0000000164 11.7125314861 13 1 
6353 0.0000000148 11.7127341414 13 1 
6354 0.0000000157 11.7129367328 13 1 
6355 0.0000000156 11.7131392604 13 1 
6356 0.0000000165 11.7133417244 13 1 
6357 0.0000000156 11.7135441246 13 1 
6358 0.0000000162 11.7137464612 13 1 
6359 0.0000000160 11.7139487341 13 1 
6360 0.0000000145 11.7141509434 13 1 
6361 0.0000000162 11.7143530891 13 1 
6362 0.0000000162 11.7145551713 13 1 
6363 0.0000000157 11.7147571900 13 1 
6364 0.0000000162 11.7149591452 13 1 
6365 0.0000000159 11.7151610369 13 1 
6366 0.0000000157 11.7153628652 13 1 
6367 0.0000000148 11.7155646301 13 1 
6368 0.0000000160 11.7157663317 13 1 
6369 0.0000000155 11.7159679699 13 1 
6370 0.0000000160 11.7161695447 13 1 
6371 0.0000000157 11.7163710563 13 1 
6372 0.0000000168 11.7165725047 13 1 
6373 0.0000000162 11.7167738898 13 1 
6374 0.0000000165 11.7169752118 13 1 
6375 0.0000000162 11.7171764706 13 1 
6376 0.0000000149 11.7173776662 13 1 
6377 0.0000000165 11.7175787988 13 1 
6378 0.0000000151 11.7177798683 13 1 
6379 0.0000000166 11.7179808747 13 1 
6380 0.0000000154 11.7181818182 13 1 
6381 0.0000000166 11.7183826986 13 1 
6382 0.0000000152 11.7185835161 13 1 
6383 0.0000000147 11.7187842707 13 1 
6384 0.0000000163 11.7189849624 13 1 
6385 0.0000000160 11.7191855912 13 1 
6386 0.0000000166 11.7193861572 13 1 
6387 0.0000000142 11.7195866604 13 1 
6388 0.0000000163 11.7197871008 13 1 
6389 0.0000000146 11.7199874785 13 1 
6390 0.0000000160 11.7201877934 13 1 
6391 0.0000000153 11.7203880457 13 1 
6392 0.0000000158 11.7205882353 13 1 
6393 0.0000000149 11.7207883623 13 1 
6394 0.0000000174 11.7209884266 13 1 
6395 0.0000000147 11.7211884285 13 1 
6396 0.0000000164 11.7213883677 13 1 
6397 0.0000000147 11.7215882445 13 1 
6398 0.0000000164 11.7217880588 13 1 
6399 0.0000000144 11.7219878106 13 1 
6400 0.0000000164 11.7221875000 13 1 
6401 0.0000000161 11.7223871270 13 1 
6402 0.0000000177 11.7225866917 13 1 
6403 0.0000000159 11.7227861940 13 1 
6404 0.0000000156 11.7229856340 13 1 
6405 0.0000000161 11.7231850117 13 1 
6406 0.0000000156 11.7233843272 13 1 
6407 0.0000000147 11.7235835805 13 1 
6408 0.0000000158 11.7237827715 13 1 
6409 0.0000000159 11.7239819005 13 1 
6410 0.0000000159 11.7241809672 13 1 
6411 0.0000000158 11.7243799719 13 1 
6412 0.0000000156 11.7245789145 13 1 
6413 0.0000000148 11.7247777951 13 1 
6414 0.0000000167 11.7249766137 13 1 
6415 0.0000000161 11.7251753702 13 1 
6416 0.0000000157 11.7253740648 13 1 
6417 0.0000000146 11.7255726975 13 1 
6418 0.0000000157 11.7257712683 13 1 
6419 0.0000000146 11.7259697772 13 1 
6420 0.0000000157 11.7261682243 13 1 
6421 0.0000000154 11.7263666096 13 1 
6422 0.0000000162 11.7265649330 13 1 
6423 0.0000000156 11.7267631948 13 1 
6424 0.0000000165 11.7269613948 13 1 
6425 0.0000000191 11.7271595331 13 1 
6426 0.0000000154 11.7273576097 13 1 
6427 0.0000000157 11.7275556247 13 1 
6428 0.0000000157 11.7277535781 13 1 
6429 0.0000000162 11.7279514699 13 1 
6430 0.0000000140 11.7281493002 13 1 
6431 0.0000000162 11.7283470689 13 1 
6432 0.0000000141 11.7285447761 13 1 
6433 0.0000000160 11.7287424219 13 1 
6434 0.0000000149 11.7289400062 13 1 
6435 0.0000000157 11.7291375291 13 1 
6436 0.0000000166 11.7293349907 13 1 
6437 0.0000000168 11.7295323909 13 1 
6438 0.0000000165 11.7297297297 13 1 
6439 0.0000000149 11.7299270073 13 1 
6440 0.0000000165 11.7301242236 13 1 
6441 0.0000000141 11.7303213787 13 1 
6442 0.0000000168 11.7305184725 13 1 
6443 0.0000000157 11.7307155052 13 1 
6444 0.0000000146 11.7309124767 13 1 
6445 0.0000000155 11.7311093871 13 1 
6446 0.0000000166 11.7313062364 13 1 
6447 0.0000000147 11.7315030247 13 1 
6448 0.0000000164 11.7316997519 13 1 
6449 0.0000000141 11.7318964180 13 1 
6450 0.0000000163 11.7320930233 13 1 
6451 0.0000000143 11.7322895675 13 1 
6452 0.0000000164 11.7324860508 13 1 
6453 0.0000000161 11.7326824733 13 1 
6454 0.0000000144 11.7328788348 13 1 
6455 0.0000000166 11.7330751356 13 1 
6456 0.0000000158 11.7332713755 13 1 
6457 0.0000000166 11.7334675546 13 1 
6458 0.0000000166 11.7336636730 13 1 
6459 0.0000000166 11.7338597306 13 1 
6460 0.0000000159 11.7340557276 13 1 
6461 0.0000000176 11.7342516638 13 1 
6462 0.0000000175 11.7344475395 13 1 
6463 0.0000000166 11.7346433545 13 1 
6464 0.0000000158 11.7348391089 13 1 
6465 0.0000000159 11.7350348028 13 1 
6466 0.0000000165 11.7352304361 13 1 
6467 0.0000000170 11.7354260090 13 1 
6468 0.0000000164 11.7356215213 13 1 
6469 0.0000000148 11.7358169733 13 1 
6470 0.0000000159 11.7360123648 13 1 
6471 0.0000000167 11.7362076959 13 1 
6472 0.0000000156 11.7364029666 13 1 
6473 0.0000000164 11.7365981770 13 1 
6474 0.0000000150 11.7367933272 13 1 
6475 0.0000000154 11.7369884170 13 1 
6476 0.0000000159 11.7371834466 13 1 
6477 0.0000000148 11.7373784159 13 1 
6478 0.0000000167 11.7375733251 13 1 
6479 0.0000000157 11.7377681741 13 1 
6480 0.0000000153 11.7379629630 13 1 
6481 0.0000000170 11.7381576917 13 1 
6482 0.0000000147 11.7383523604 13 1 
6483 0.0000000165 11.7385469690 13 1 
6484 0.0000000173 11.7387415176 13 1 
6485 0.0000000143 11.7389360062 13 1 
6486 0.0000000193 11.7391304348 13 1 
6487 0.0000000166 11.7393248035 13 1 
6488 0.0000000160 11.7395191122 13 1 
6489 0.0000000159 11.7397133611 13 1 
6490 0.0000000180 11.7399075501 13 1 
6491 0.0000000148 11.7401016792 13 1 
6492 0.0000000165 11.7402957486 13 1 
6493 0.0000000159 11.7404897582 13 1 
6494 0.0000000160 11.7406837080 13 1 
6495 0.0000000159 11.7408775982 13 1 
6496 0.0000000160 11.7410714286 13 1 
6497 0.0000000148 11.7412651993 13 1 
6498 0.0000000160 11.7414589104 13 1 
6499 0.0000000163 11.7416525619 13 1 
6500 0.0000000148 11.7418461538 13 1 
6501 0.0000000174 11.7420396862 13 1 
6502 0.0000000152 11.7422331590 13 1 
6503 0.0000000165 11.7424265724 13 1 
6504 0.0000000158 11.7426199262 13 1 
6505 0.0000000151 11.7428132206 13 1 
6506 0.0000000168 11.7430064556 13 1 
6507 0.0000000178 11.7431996312 13 1 
6508 0.0000000160 11.7433927474 13 1 
6509 0.0000000161 11.7435858043 13 1 
6510 0.0000000152 11.7437788018 13 1 
6511 0.0000000167 11.7439717401 13 1 
6512 0.0000000157 11.7441646192 13 1 
6513 0.0000000150 11.7443574390 13 1 
6514 0.0000000158 11.7445501996 13 1 
6515 0.0000000158 11.7447429010 13 1 
6516 0.0000000147 11.7449355433 13 1 
6517 0.0000000161 11.7451281264 13 1 
6518 0.0000000169 11.7453206505 13 1 
6519 0.0000000144 11.7455131155 13 1 
6520 0.0000000150 11.7457055215 13 1 
6521 0.0000000164 11.7458978684 13 1 
6522 0.0000000167 11.7460901564 13 1 
6523 0.0000000161 11.7462823854 13 1 
6524 0.0000000161 11.7464745555 13 1 
6525 0.0000000146 11.7466666667 13 1 
6526 0.0000000165 11.7468587190 13 1 
6527 0.0000000164 11.7470507124 13 1 
6528 0.0000000162 11.7472426471 13 1 
6529 0.0000000172 11.7474345229 13 1 
6530 0.0000000178 11.7476263400 13 1 
6531 0.0000000165 11.7478180983 13 1 
6532 0.0000000156 11.7480097979 13 1 
6533 0.0000000167 11.7482014388 13 1 
6534 0.0000000167 11.7483930211 13 1 
6535 0.0000000167 11.7485845448 13 1 
6536 0.0000000159 11.7487760098 13 1 
6537 0.0000000181 11.7489674162 13 1 
6538 0.0000000150 11.7491587641 13 1 
6539 0.0000000142 11.7493500535 13 1 
6540 0.0000000165 11.7495412844 13 1 
6541 0.0000000165 11.7497324568 13 1 
6542 0.0000000150 11.7499235708 13 1 
6543 0.0000000167 11.7501146263 13 1 
6544 0.0000000144 11.7503056235 13 1 
6545 0.0000000153 11.7504965623 13 1 
6546 0.0000000165 11.7506874427 13 1 
6547 0.0000000157 11.7508782649 13 1 
6548 0.0000000148 11.7510690287 13 1 
6549 0.0000000144 11.7512597343 13 1 
6550 0.0000000168 11.7514503817 13 1 
6551 0.0000000162 11.7516409708 13 1 
6552 0.0000000150 11.7518315018 13 1 
6553 0.0000000156 11.7520219747 13 1 
6554 0.0000000163 11.7522123894 13 1 
6555 0.0000000166 11.7524027460 13 1 
6556 0.0000000182 11.7525930445 13 1 
6557 0.0000000146 11.7527832850 13 1 
6558 0.0000000151 11.7529734675 13 1 
6559 0.0000000163 11.7531635920 13 1 
6560 0.0000000160 11.7533536585 13 1 
6561 0.0000000168 11.7535436671 13 1 
6562 0.0000000145 11.7537336178 13 1 
6563 0.0000000152 11.7539235106 13 1 
6564 0.0000000161 11.7541133455 13 1 
6565 0.0000000163 11.7543031226 13 1 
6566 0.0000000166 11.7544928419 13 1 
6567 0.0000000151 11.7546825034 13 1 
6568 0.0000000172 11.7548721072 13 1 
6569 0.0000000161 11.7550616532 13 1 
6570 0.0000000167 11.7552511416 13 1 
6571 0.0000000152 11.7554405722 13 1 
6572 0.0000000155 11.7556299452 13 1 
6573 0.0000000169 11.7558192606 13 1 
6574 0.0000000169 11.7560085184 13 1 
6575 0.0000000166 11.7561977186 13 1 
6576 0.0000000144 11.7563868613 13 1 
6577 0.0000000167 11.7565759465 13 1 
6578 0.0000000157 11.7567649742 13 1 
6579 0.0000000169 11.7569539444 13 1 
6580 0.0000000147 11.7571428571 13 1 
6581 0.0000000158 11.7573317125 13 1 
6582 0.0000000167 11.7575205105 13 1 
6583 0.0000000160 11.7577092511 13 1 
6584 0.0000000166 11.7578979344 13 1 
6585 0.0000000152 11.7580865604 13 1 
6586 0.0000000152 11.7582751291 13 1 
6587 0.0000000153 11.7584636405 13 1 
6588 0.0000000179 11.7586520947 13 1 
6589 0.0000000158 11.7588404917 13 1 
6590 0.0000000152 11.7590288316 13 1 
6591 0.0000000146 11.7592171142 13 1 
6592 0.0000000181 11.7594053398 13 1 
6593 0.0000000153 11.7595935083 13 1 
6594 0.0000000173 11.7597816197 13 1 
6595 0.0000000158 11.7599696740 13 1 
6596 0.0000000167 11.7601576713 13 1 
6597 0.0000000159 11.7603456116 13 1 
6598 0.0000000171 11.7605334950 13 1 
6599 0.0000000167 11.7607213214 13 1 
6600 0.0000000168 11.7609090909 13 1 
6601 0.0000000158 11.7610968035 13 1 
6602 0.0000000147 11.7612844593 13 1 
6603 0.0000000168 11.7614720582 13 1 
6604 0.0000000159 11.7616596002 13 1 
6605 0.0000000150 11.7618470855 13 1 
6606 0.0000000168 11.7620345141 13 1 
6607 0.0000000150 11.7622218859 13 1 
6608 0.0000000168 11.7624092010 13 1 
6609 0.0000000162 11.7625964594 13 1 
6610 0.0000000153 11.7627836611 13 1 
6611 0.0000000154 11.7629708062 13 1 
6612 0.0000000160 11.7631578947 13 1 
6613 0.0000000171 11.7633449267 13 1 
6614 0.0000000189 11.7635319020 13 1 
6615 0.0000000165 11.7637188209 13 1 
6616 0.0000000169 11.7639056832 13 1 
6617 0.0000000154 11.7640924890 13 1 
6618 0.0000000156 11.7642792384 13 1 
6619 0.0000000165 11.7644659314 13 1 
6620 0.0000000169 11.7646525680 13 1 
6621 0.0000000162 11.7648391482 13 1 
6622 0.0000000171 11.7650256720 13 1 
6623 0.0000000172 11.7652121395 13 1 
6624 0.0000000165 11.7653985507 13 1 
6625 0.0000000169 11.7655849057 13 1 
6626 0.0000000166 11.7657712043 13 1 
6627 0.0000000169 11.7659574468 13 1 
6628 0.0000000175 11.7661436331 13 1 
6629 0.0000000166 11.7663297632 13 1 
6630 0.0000000154 11.7665158371 13 1 
6631 0.0000000163 11.7667018549 13 1 
6632 0.0000000181 11.7668878166 13 1 
6633 0.0000000167 11.7670737223 13 1 
6634 0.0000000163 11.7672595719 13 1 
6635 0.0000000160 11.7674453655 13 1 
6636 0.0000000160 11.7676311031 13 1 
6637 0.0000000166 11.7678167847 13 1 
6638 0.0000000164 11.7680024104 13 1 
6639 0.0000000166 11.7681879801 13 1 
6640 0.0000000152 11.7683734940 13 1 
6641 0.0000000169 11.7685589520 13 1 
6642 0.0000000172 11.7687443541 13 1 
6643 0.0000000172 11.7689297004 13 1 
6644 0.0000000157 11.7691149910 13 1 
6645 0.0000000157 11.7693002257 13 1 
6646 0.0000000163 11.7694854048 13 1 
6647 0.0000000156 11.7696705281 13 1 
6648 0.0000000164 11.7698555957 13 1 
6649 0.0000000179 11.7700406076 13 1 
6650 0.0000000173 11.7702255639 13 1 
6651 0.0000000168 11.7704104646 13 1 
6652 0.0000000177 11.7705953097 13 1 
6653 0.0000000301 11.7707800992 13 1 
6654 0.0000000261 11.7709648332 13 1 
6655 0.0000000231 11.7711495116 13 1 
6656 0.0000000242 11.7713341346 13 1 
6657 0.0000000203 11.7715187021 13 1 
6658 0.0000000186 11.7717032142 13 1 
6659 0.0000000192 11.7718876708 13 1 
6660 0.0000000170 11.7720720721 13 1 
6661 0.0000000168 11.7722564180 13 1 
6662 0.0000000165 11.7724407085 13 1 
6663 0.0000000165 11.7726249437 13 1 
6664 0.0000000171 11.7728091236 13 1 
6665 0.0000000167 11.7729932483 13 1 
6666 0.0000000173 11.7731773177 13 1 
6667 0.0000000172 11.7733613319 13 1 
6668 0.0000000162 11.7735452909 13 1 
6669 0.0000000157 11.7737291948 13 1 
6670 0.0000000160 11.7739130435 13 1 
6671 0.0000000163 11.7740968371 13 1 
6672 0.0000000166 11.7742805755 13 1 
6673 0.0000000163 11.7744642590 13 1 
6674 0.0000000165 11.7746478873 13 1 
6675 0.0000000168 11.7748314607 13 1 
6676 0.0000000172 11.7750149790 13 1 
6677 0.0000000183 11.7751984424 13 1 
6678 0.0000000156 11.7753818509 13 1 
6679 0.0000000172 11.7755652044 13 1 
6680 0.0000000156 11.7757485030 13 1 
6681 0.0000000159 11.7759317467 13 1 
6682 0.0000000156 11.7761149356 13 1 
6683 0.0000000156 11.7762980697 13 1 
6684 0.0000000156 11.7764811490 13 1 
6685 0.0000000156 11.7766641735 13 1 
6686 0.0000000163 11.7768471433 13 1 
6687 0.0000000170 11.7770300583 13 1 
6688 0.0000000172 11.7772129187 13 1 
6689 0.0000000172 11.7773957243 13 1 
6690 0.0000000157 11.7775784753 13 1 
6691 0.0000000169 11.7777611717 13 1 
6692 0.0000000172 11.7779438135 13 1 
6693 0.0000000172 11.7781264007 13 1 
6694 0.0000000155 11.7783089334 13 1 
6695 0.0000000178 11.7784914115 13 1 
6696 0.0000000157 11.7786738351 13 1 
6697 0.0000000172 11.7788562043 13 1 
6698 0.0000000172 11.7790385190 13 1 
6699 0.0000000155 11.7792207792 13 1 
6700 0.0000000155 11.7794029851 13 1 
6701 0.0000000161 11.7795851365 13 1 
6702 0.0000000173 11.7797672337 13 1 
6703 0.0000000170 11.7799492764 13 1 
6704 0.0000000170 11.7801312649 13 1 
6705 0.0000000158 11.7803131991 13 1 
6706 0.0000000157 11.7804950790 13 1 
6707 0.0000000160 11.7806769047 13 1 
6708 0.0000000155 11.7808586762 13 1 
6709 0.0000000186 11.7810403935 13 1 
6710 0.0000000180 11.7812220566 13 1 
6711 0.0000000197 11.7814036656 13 1 
6712 0.0000000156 11.7815852205 13 1 
6713 0.0000000182 11.7817667213 13 1 
6714 0.0000000155 11.7819481680 13 1 
6715 0.0000000156 11.7821295607 13 1 
6716 0.0000000156 11.7823108993 13 1 
6717 0.0000000156 11.7824921840 13 1 
6718 0.0000000155 11.7826734147 13 1 
6719 0.0000000173 11.7828545915 13 1 
6720 0.0000000158 11.7830357143 13 1 
6721 0.0000000174 11.7832167832 13 1 
6722 0.0000000173 11.7833977983 13 1 
6723 0.0000000173 11.7835787595 13 1 
6724 0.0000000174 11.7837596669 13 1 
6725 0.0000000172 11.7839405204 13 1 
6726 0.0000000181 11.7841213202 13 1 
6727 0.0000000187 11.7843020663 13 1 
6728 0.0000000156 11.7844827586 13 1 
6729 0.0000000184 11.7846633972 13 1 
6730 0.0000000172 11.7848439822 13 1 
6731 0.0000000192 11.7850245134 13 1 
6732 0.0000000172 11.7852049911 13 1 
6733 0.0000000171 11.7853854151 13 1 
6734 0.0000000172 11.7855657856 13 1 
6735 0.0000000168 11.7857461024 13 1 
6736 0.0000000169 11.7859263658 13 1 
6737 0.0000000174 11.7861065756 13 1 
6738 0.0000000165 11.7862867320 13 1 
6739 0.0000000174 11.7864668348 13 1 
6740 0.0000000163 11.7866468843 13 1 
6741 0.0000000168 11.7868268803 13 1 
6742 0.0000000200 11.7870068229 13 1 
6743 0.0000000157 11.7871867121 13 1 
6744 0.0000000166 11.7873665480 13 1 
6745 0.0000000188 11.7875463306 13 1 
6746 0.0000000193 11.7877260599 13 1 
6747 0.0000000163 11.7879057359 13 1 
6748 0.0000000164 11.7880853586 13 1 
6749 0.0000000157 11.7882649281 13 1 
6750 0.0000000175 11.7884444444 13 1 
6751 0.0000000169 11.7886239076 13 1 
6752 0.0000000170 11.7888033175 13 1 
6753 0.0000000164 11.7889826744 13 1 
6754 0.0000000184 11.7891619781 13 1 
6755 0.0000000164 11.7893412287 13 1 
6756 0.0000000161 11.7895204263 13 1 
6757 0.0000000154 11.7896995708 13 1 
6758 0.0000000155 11.7898786623 13 1 
6759 0.0000000149 11.7900577008 13 1 
6760 0.0000000149 11.7902366864 13 1 
6761 0.0000000149 11.7904156190 13 1 
6762 0.0000000179 11.7905944987 13 1 
6763 0.0000000176 11.7907733254 13 1 
6764 0.0000000169 11.7909520993 13 1 
6765 0.0000000177 11.7911308204 13 1 
6766 0.0000000164 11.7913094886 13 1 
6767 0.0000000171 11.7914881040 13 1 
6768 0.0000000164 11.7916666667 13 1 
6769 0.0000000148 11.7918451765 13 1 
6770 0.0000000149 11.7920236337 13 1 
6771 0.0000000149 11.7922020381 13 1 
6772 0.0000000164 11.7923803898 13 1 
6773 0.0000000164 11.7925586889 13 1 
6774 0.0000000171 11.7927369353 13 1 
6775 0.0000000171 11.7929151292 13 1 
6776 0.0000000155 11.7930932704 13 1 
6777 0.0000000153 11.7932713590 13 1 
6778 0.0000000149 11.7934493951 13 1 
6779 0.0000000150 11.7936273787 13 1 
6780 0.0000000165 11.7938053097 13 1 
6781 0.0000000149 11.7939831883 13 1 
6782 0.0000000165 11.7941610145 13 1 
6783 0.0000000165 11.7943387881 13 1 
6784 0.0000000165 11.7945165094 13 1 
6785 0.0000000152 11.7946941783 13 1 
6786 0.0000000149 11.7948717949 13 1 
6787 0.0000000150 11.7950493591 13 1 
6788 0.0000000165 11.7952268709 13 1 
6789 0.0000000189 11.7954043305 13 1 
6790 0.0000000169 11.7955817378 13 1 
6791 0.0000000152 11.7957590929 13 1 
6792 0.0000000159 11.7959363958 13 1 
6793 0.0000000183 11.7961136464 13 1 
6794 0.0000000174 11.7962908449 13 1 
6795 0.0000000165 11.7964679912 13 1 
6796 0.0000000178 11.7966450853 13 1 
6797 0.0000000157 11.7968221274 13 1 
6798 0.0000000150 11.7969991174 13 1 
6799 0.0000000165 11.7971760553 13 1 
6800 0.0000000157 11.7973529412 13 1 
6801 0.0000000168 11.7975297750 13 1 
6802 0.0000000148 11.7977065569 13 1 
6803 0.0000000163 11.7978832868 13 1 
6804 0.0000000163 11.7980599647 13 1 
6805 0.0000000163 11.7982365907 13 1 
6806 0.0000000163 11.7984131649 13 1 
6807 0.0000000153 11.7985896871 13 1 
6808 0.0000000147 11.7987661575 13 1 
6809 0.0000000163 11.7989425760 13 1 
6810 0.0000000159 11.7991189427 13 1 
6811 0.0000000179 11.7992952577 13 1 
6812 0.0000000169 11.7994715208 13 1 
6813 0.0000000153 11.7996477323 13 1 
6814 0.0000000167 11.7998238920 13 1 
6815 0.0000000172 11.8000000000 13 1 
6816 0.0000000150 11.8001760563 13 1 
6817 0.0000000148 11.8003520610 13 1 
6818 0.0000000177 11.8005280141 13 1 
6819 0.0000000175 11.8007039155 13 1 
6820 0.0000000157 11.8008797654 13 1 
6821 0.0000000164 11.8010555637 13 1 
6822 0.0000000173 11.8012313105 13 1 
6823 0.0000000157 11.8014070057 13 1 
6824 0.0000000148 11.8015826495 13 1 
6825 0.0000000147 11.8017582418 13 1 
6826 0.0000000167 11.8019337826 13 1 
6827 0.0000000157 11.8021092720 13 1 
6828 0.0000000179 11.8022847100 13 1 
6829 0.0000000148 11.8024600966 13 1 
6830 0.0000000161 11.8026354319 13 1 
6831 0.0000000180 11.8028107159 13 1 
6832 0.0000000161 11.8029859485 13 1 
6833 0.0000000151 11.8031611298 13 1 
6834 0.0000000155 11.8033362599 13 1 
6835 0.0000000161 11.8035113387 13 1 
6836 0.0000000161 11.8036863663 13 1 
6837 0.0000000155 11.8038613427 13 1 
6838 0.0000000173 11.8040362679 13 1 
6839 0.0000000164 11.8042111420 13 1 
6840 0.0000000162 11.8043859649 13 1 
6841 0.0000000162 11.8045607367 13 1 
6842 0.0000000164 11.8047354575 13 1 
6843 0.0000000162 11.8049101271 13 1 
6844 0.0000000177 11.8050847458 13 1 
6845 0.0000000148 11.8052593134 13 1 
6846 0.0000000171 11.8054338300 13 1 
6847 0.0000000162 11.8056082956 13 1 
6848 0.0000000153 11.8057827103 13 1 
6849 0.0000000155 11.8059570740 13 1 
6850 0.0000000164 11.8061313869 13 1 
6851 0.0000000184 11.8063056488 13 1 
6852 0.0000000149 11.8064798599 13 1 
6853 0.0000000172 11.8066540201 13 1 
6854 0.0000000165 11.8068281296 13 1 
6855 0.0000000168 11.8070021882 13 1 
6856 0.0000000149 11.8071761960 13 1 
6857 0.0000000172 11.8073501531 13 1 
6858 0.0000000150 11.8075240595 13 1 
6859 0.0000000178 11.8076979151 13 1 
6860 0.0000000166 11.8078717201 13 1 
6861 0.0000000172 11.8080454744 13 1 
6862 0.0000000173 11.8082191781 13 1 
6863 0.0000000150 11.8083928311 13 1 
6864 0.0000000157 11.8085664336 13 1 
6865 0.0000000169 11.8087399854 13 1 
6866 0.0000000167 11.8089134867 13 1 
6867 0.0000000162 11.8090869375 13 1 
6868 0.0000000170 11.8092603378 13 1 
6869 0.0000000167 11.8094336876 13 1 
6870 0.0000000154 11.8096069869 13 1 
6871 0.0000000178 11.8097802358 13 1 
6872 0.0000000173 11.8099534342 13 1 
6873 0.0000000159 11.8101265823 13 1 
6874 0.0000000176 11.8102996800 13 1 
6875 0.0000000150 11.8104727273 13 1 
6876 0.0000000164 11.8106457243 13 1 
6877 0.0000000166 11.8108186709 13 1 
6878 0.0000000172 11.8109915673 13 1 
6879 0.0000000164 11.8111644134 13 1 
6880 0.0000000186 11.8113372093 13 1 
6881 0.0000000153 11.8115099549 13 1 
6882 0.0000000171 11.8116826504 13 1 
6883 0.0000000166 11.8118552957 13 1 
6884 0.0000000161 11.8120278908 13 1 
6885 0.0000000153 11.8122004357 13 1 
6886 0.0000000170 11.8123729306 13 1 
6887 0.0000000189 11.8125453753 13 1 
6888 0.0000000158 11.8127177700 13 1 
6889 0.0000000154 11.8128901147 13 1 
6890 0.0000000200 11.8130624093 13 1 
6891 0.0000000164 11.8132346539 13 1 
6892 0.0000000155 11.8134068485 13 1 
6893 0.0000000164 11.8135789932 13 1 
6894 0.0000000177 11.8137510879 13 1 
6895 0.0000000164 11.8139231327 13 1 
6896 0.0000000167 11.8140951276 13 1 
6897 0.0000000155 11.8142670726 13 1 
6898 0.0000000165 11.8144389678 13 1 
6899 0.0000000167 11.8146108132 13 1 
6900 0.0000000170 11.8147826087 13 1 
6901 0.0000000168 11.8149543544 13 1 
6902 0.0000000161 11.8151260504 13 1 
6903 0.0000000155 11.8152976967 13 1 
6904 0.0000000177 11.8154692932 13 1 
6905 0.0000000165 11.8156408400 13 1 
6906 0.0000000172 11.8158123371 13 1 
6907 0.0000000152 11.8159837846 13 1 
6908 0.0000000158 11.8161551824 13 1 
6909 0.0000000193 11.8163265306 13 1 
6910 0.0000000169 11.8164978292 13 1 
6911 0.0000000175 11.8166690783 13 1 
6912 0.0000000166 11.8168402778 13 1 
6913 0.0000000174 11.8170114277 13 1 
6914 0.0000000178 11.8171825282 13 1 
6915 0.0000000174 11.8173535792 13 1 
6916 0.0000000168 11.8175245807 13 1 
6917 0.0000000158 11.8176955327 13 1 
6918 0.0000000176 11.8178664354 13 1 
6919 0.0000000153 11.8180372886 13 1 
6920 0.0000000175 11.8182080925 13 1 
6921 0.0000000165 11.8183788470 13 1 
6922 0.0000000173 11.8185495522 13 1 
6923 0.0000000173 11.8187202080 13 1 
6924 0.0000000155 11.8188908146 13 1 
6925 0.0000000173 11.8190613718 13 1 
6926 0.0000000160 11.8192318799 13 1 
6927 0.0000000159 11.8194023387 13 1 
6928 0.0000000172 11.8195727483 13 1 
6929 0.0000000162 11.8197431087 13 1 
6930 0.0000000150 11.8199134199 13 1 
6931 0.0000000172 11.8200836820 13 1 
6932 0.0000000157 11.8202538950 13 1 
6933 0.0000000176 11.8204240588 13 1 
6934 0.0000000157 11.8205941736 13 1 
6935 0.0000000174 11.8207642394 13 1 
6936 0.0000000159 11.8209342561 13 1 
6937 0.0000000167 11.8211042237 13 1 
6938 0.0000000160 11.8212741424 13 1 
6939 0.0000000170 11.8214440121 13 1 
6940 0.0000000167 11.8216138329 13 1 
6941 0.0000000160 11.8217836047 13 1 
6942 0.0000000173 11.8219533276 13 1 
6943 0.0000000160 11.8221230016 13 1 
6944 0.0000000177 11.8222926267 13 1 
6945 0.0000000158 11.8224622030 13 1 
6946 0.0000000176 11.8226317305 13 1 
6947 0.0000000168 11.8228012092 13 1 
6948 0.0000000157 11.8229706390 13 1 
6949 0.0000000177 11.8231400201 13 1 
6950 0.0000000174 11.8233093525 13 1 
6951 0.0000000176 11.8234786362 13 1 
6952 0.0000000186 11.8236478711 13 1 
6953 0.0000000168 11.8238170574 13 1 
6954 0.0000000162 11.8239861950 13 1 
6955 0.0000000170 11.8241552840 13 1 
6956 0.0000000170 11.8243243243 13 1 
6957 0.0000000162 11.8244933161 13 1 
6958 0.0000000170 11.8246622593 13 1 
6959 0.0000000164 11.8248311539 13 1 
6960 0.0000000170 11.8250000000 13 1 
6961 0.0000000182 11.8251687976 13 1 
6962 0.0000000167 11.8253375467 13 1 
6963 0.0000000180 11.8255062473 13 1 
6964 0.0000000154 11.8256748995 13 1 
6965 0.0000000182 11.8258435032 13 1 
6966 0.0000000169 11.8260120586 13 1 
6967 0.0000000164 11.8261805655 13 1 
6968 0.0000000165 11.8263490241 13 1 
6969 0.0000000166 11.8265174344 13 1 
6970 0.0000000171 11.8266857963 13 1 
6971 0.0000000178 11.8268541099 13 1 
6972 0.0000000164 11.8270223752 13 1 
6973 0.0000000163 11.8271905923 13 1 
6974 0.0000000175 11.8273587611 13 1 
6975 0.0000000172 11.8275268817 13 1 
6976 0.0000000165 11.8276949541 13 1 
6977 0.0000000169 11.8278629784 13 1 
6978 0.0000000183 11.8280309544 13 1 
6979 0.0000000153 11.8281988824 13 1 
6980 0.0000000175 11.8283667622 13 1 
6981 0.0000000152 11.8285345939 13 1 
6982 0.0000000178 11.8287023775 13 1 
6983 0.0000000165 11.8288701131 13 1 
6984 0.0000000176 11.8290378007 13 1 
6985 0.0000000153 11.8292054402 13 1 
6986 0.0000000165 11.8293730318 13 1 
6987 0.0000000175 11.8295405754 13 1 
6988 0.0000000159 11.8297080710 13 1 
6989 0.0000000169 11.8298755187 13 1 
6990 0.0000000186 11.8300429185 13 1 
6991 0.0000000159 11.8302102703 13 1 
6992 0.0000000169 11.8303775744 13 1 
6993 0.0000000157 11.8305448305 13 1 
6994 0.0000000180 11.8307120389 13 1 
6995 0.0000000162 11.8308791994 13 1 
6996 0.0000000163 11.8310463122 13 1 
6997 0.0000000160 11.8312133772 13 1 
6998 0.0000000163 11.8313803944 13 1 
6999 0.0000000150 11.8315473639 13 1 
7000 0.0000000173 11.8317142857 13 1 
7001 0.0000000151 11.8318811598 13 1 
7002 0.0000000180 11.8320479863 13 1 
7003 0.0000000176 11.8322147651 13 1 
7004 0.0000000160 11.8323814963 13 1 
7005 0.0000000178 11.8325481799 13 1 
7006 0.0000000150 11.8327148159 13 1 
7007 0.0000000174 11.8328814043 13 1 
7008 0.0000000170 11.8330479452 13 1 
7009 0.0000000181 11.8332144386 13 1 
7010 0.0000000157 11.8333808845 13 1 
7011 0.0000000180 11.8335472828 13 1 
7012 0.0000000157 11.8337136338 13 1 
7013 0.0000000188 11.8338799373 13 1 
7014 0.0000000171 11.8340461933 13 1 
7015 0.0000000174 11.8342124020 13 1 
7016 0.0000000171 11.8343785633 13 1 
7017 0.0000000180 11.8345446772 13 1 
7018 0.0000000162 11.8347107438 13 1 
7019 0.0000000174 11.8348767631 13 1 
7020 0.0000000162 11.8350427350 13 1 
7021 0.0000000177 11.8352086597 13 1 
7022 0.0000000179 11.8353745372 13 1 
7023 0.0000000169 11.8355403674 13 1 
7024 0.0000000174 11.8357061503 13 1 
7025 0.0000000164 11.8358718861 13 1 
7026 0.0000000178 11.8360375747 13 1 
7027 0.0000000181 11.8362032162 13 1 
7028 0.0000000155 11.8363688105 13 1 
7029 0.0000000188 11.8365343577 13 1 
7030 0.0000000171 11.8366998578 13 1 
7031 0.0000000169 11.8368653108 13 1 
7032 0.0000000173 11.8370307167 13 1 
7033 0.0000000165 11.8371960756 13 1 
7034 0.0000000163 11.8373613875 13 1 
7035 0.0000000159 11.8375266525 13 1 
7036 0.0000000173 11.8376918704 13 1 
7037 0.0000000173 11.8378570414 13 1 
7038 0.0000000180 11.8380221654 13 1 
7039 0.0000000165 11.8381872425 13 1 
7040 0.0000000179 11.8383522727 13 1 
7041 0.0000000155 11.8385172561 13 1 
7042 0.0000000175 11.8386821926 13 1 
7043 0.0000000170 11.8388470822 13 1 
7044 0.0000000165 11.8390119250 13 1 
7045 0.0000000169 11.8391767211 13 1 
7046 0.0000000177 11.8393414703 13 1 
7047 0.0000000156 11.8395061728 13 1 
7048 0.0000000180 11.8396708286 13 1 
7049 0.0000000153 11.8398354377 13 1 
7050 0.0000000176 11.8400000000 13 1 
7051 0.0000000169 11.8401645157 13 1 
7052 0.0000000162 11.8403289847 13 1 
7053 0.0000000164 11.8404934071 13 1 
7054 0.0000000162 11.8406577828 13 1 
7055 0.0000000169 11.8408221120 13 1 
7056 0.0000000179 11.8409863946 13 1 
7057 0.0000000169 11.8411506306 13 1 
7058 0.0000000160 11.8413148201 13 1 
7059 0.0000000170 11.8414789630 13 1 
7060 0.0000000181 11.8416430595 13 1 
7061 0.0000000157 11.8418071095 13 1 
7062 0.0000000181 11.8419711130 13 1 
7063 0.0000000156 11.8421350701 13 1 
7064 0.0000000161 11.8422989807 13 1 
7065 0.0000000170 11.8424628450 13 1 
7066 0.0000000161 11.8426266629 13 1 
7067 0.0000000174 11.8427904344 13 1 
7068 0.0000000178 11.8429541596 13 1 
7069 0.0000000181 11.8431178384 13 1 
7070 0.0000000180 11.8432814710 13 1 
7071 0.0000000173 11.8434450573 13 1 
7072 0.0000000161 11.8436085973 13 1 
7073 0.0000000178 11.8437720911 13 1 
7074 0.0000000185 11.8439355386 13 1 
7075 0.0000000157 11.8440989399 13 1 
7076 0.0000000171 11.8442622951 13 1 
7077 0.0000000171 11.8444256041 13 1 
7078 0.0000000195 11.8445888669 13 1 
7079 0.0000000172 11.8447520836 13 1 
7080 0.0000000167 11.8449152542 13 1 
7081 0.0000000178 11.8450783788 13 1 
7082 0.0000000164 11.8452414572 13 1 
7083 0.0000000174 11.8454044896 13 1 
7084 0.0000000164 11.8455674760 13 1 
7085 0.0000000162 11.8457304164 13 1 
7086 0.0000000178 11.8458933108 13 1 
7087 0.0000000183 11.8460561592 13 1 
7088 0.0000000158 11.8462189616 13 1 
7089 0.0000000181 11.8463817182 13 1 
7090 0.0000000175 11.8465444288 13 1 
7091 0.0000000179 11.8467070935 13 1 
7092 0.0000000159 11.8468697124 13 1 
7093 0.0000000180 11.8470322854 13 1 
7094 0.0000000173 11.8471948125 13 1 
7095 0.0000000171 11.8473572939 13 1 
7096 0.0000000186 11.8475197294 13 1 
7097 0.0000000175 11.8476821192 13 1 
7098 0.0000000163 11.8478444632 13 1 
7099 0.0000000166 11.8480067615 13 1 
7100 0.0000000169 11.8481690141 13 1 
7101 0.0000000189 11.8483312210 13 1 
7102 0.0000000182 11.8484933821 13 1 
7103 0.0000000162 11.8486554977 13 1 
7104 0.0000000182 11.8488175676 13 1 
7105 0.0000000173 11.8489795918 13 1 
7106 0.0000000176 11.8491415705 13 1 
7107 0.0000000155 11.8493035036 13 1 
7108 0.0000000173 11.8494653911 13 1 
7109 0.0000000187 11.8496272331 13 1 
7110 0.0000000183 11.8497890295 13 1 
7111 0.0000000159 11.8499507805 13 1 
7112 0.0000000190 11.8501124859 13 1 
7113 0.0000000177 11.8502741459 13 1 
7114 0.0000000163 11.8504357605 13 1 
7115 0.0000000160 11.8505973296 13 1 
7116 0.0000000164 11.8507588533 13 1 
7117 0.0000000177 11.8509203316 13 1 
7118 0.0000000157 11.8510817645 13 1 
7119 0.0000000169 11.8512431521 13 1 
7120 0.0000000181 11.8514044944 13 1 
7121 0.0000000176 11.8515657913 13 1 
7122 0.0000000180 11.8517270430 13 1 
7123 0.0000000159 11.8518882493 13 1 
7124 0.0000000171 11.8520494104 13 1 
7125 0.0000000180 11.8522105263 13 1 
7126 0.0000000163 11.8523715970 13 1 
7127 0.0000000171 11.8525326224 13 1 
7128 0.0000000178 11.8526936027 13 1 
7129 0.0000000167 11.8528545378 13 1 
7130 0.0000000177 11.8530154278 13 1 
7131 0.0000000168 11.8531762726 13 1 
7132 0.0000000179 11.8533370723 13 1 
7133 0.0000000164 11.8534978270 13 1 
7134 0.0000000174 11.8536585366 13 1 
7135 0.0000000188 11.8538192011 13 1 
7136 0.0000000182 11.8539798206 13 1 
7137 0.0000000179 11.8541403951 13 1 
7138 0.0000000171 11.8543009246 13 1 
7139 0.0000000179 11.8544614092 13 1 
7140 0.0000000179 11.8546218487 13 1 
7141 0.0000000167 11.8547822434 13 1 
7142 0.0000000169 11.8549425931 13 1 
7143 0.0000000172 11.8551028979 13 1 
7144 0.0000000189 11.8552631579 13 1 
7145 0.0000000169 11.8554233730 13 1 
7146 0.0000000175 11.8555835432 13 1 
7147 0.0000000157 11.8557436687 13 1 
7148 0.0000000165 11.8559037493 13 1 
7149 0.0000000171 11.8560637851 13 1 
7150 0.0000000179 11.8562237762 13 1 
7151 0.0000000175 11.8563837226 13 1 
7152 0.0000000178 11.8565436242 13 1 
7153 0.0000000171 11.8567034811 13 1 
7154 0.0000000169 11.8568632933 13 1 
7155 0.0000000169 11.8570230608 13 1 
7156 0.0000000161 11.8571827837 13 1 
7157 0.0000000155 11.8573424619 13 1 
7158 0.0000000166 11.8575020956 13 1 
7159 0.0000000175 11.8576616846 13 1 
7160 0.0000000179 11.8578212291 13 1 
7161 0.0000000180 11.8579807289 13 1 
7162 0.0000000165 11.8581401843 13 1 
7163 0.0000000159 11.8582995951 13 1 
7164 0.0000000179 11.8584589615 13 1 
7165 0.0000000172 11.8586182833 13 1 
7166 0.0000000188 11.8587775607 13 1 
7167 0.0000000176 11.8589367936 13 1 
7168 0.0000000165 11.8590959821 13 1 
7169 0.0000000158 11.8592551262 13 1 
7170 0.0000000205 11.8594142259 13 1 
7171 0.0000000190 11.8595732813 13 1 
7172 0.0000000172 11.8597322922 13 1 
7173 0.0000000177 11.8598912589 13 1 
7174 0.0000000174 11.8600501812 13 1 
7175 0.0000000199 11.8602090592 13 1 
7176 0.0000000173 11.8603678930 13 1 
7177 0.0000000174 11.8605266825 13 1 
7178 0.0000000163 11.8606854277 13 1 
7179 0.0000000170 11.8608441287 13 1 
7180 0.0000000169 11.8610027855 13 1 
7181 0.0000000173 11.8611613981 13 1 
7182 0.0000000175 11.8613199666 13 1 
7183 0.0000000180 11.8614784909 13 1 
7184 0.0000000157 11.8616369710 13 1 
7185 0.0000000180 11.8617954071 13 1 
7186 0.0000000177 11.8619537991 13 1 
7187 0.0000000168 11.8621121469 13 1 
7188 0.0000000166 11.8622704508 13 1 
7189 0.0000000159 11.8624287105 13 1 
7190 0.0000000167 11.8625869263 13 1 
7191 0.0000000170 11.8627450980 13 1 
7192 0.0000000168 11.8629032258 13 1 
7193 0.0000000157 11.8630613096 13 1 
7194 0.0000000171 11.8632193495 13 1 
7195 0.0000000165 11.8633773454 13 1 
7196 0.0000000168 11.8635352974 13 1 
7197 0.0000000186 11.8636932055 13 1 
7198 0.0000000167 11.8638510697 13 1 
7199 0.0000000165 11.8640088901 13 1 
7200 0.0000000179 11.8641666667 13 1 
7201 0.0000000181 11.8643243994 13 1 
7202 0.0000000176 11.8644820883 13 1 
7203 0.0000000169 11.8646397334 13 1 
7204 0.0000000160 11.8647973348 13 1 
7205 0.0000000180 11.8649548924 13 1 
7206 0.0000000169 11.8651124063 13 1 
7207 0.0000000178 11.8652698765 13 1 
7208 0.0000000180 11.8654273030 13 1 
7209 0.0000000182 11.8655846858 13 1 
7210 0.0000000157 11.8657420250 13 1 
7211 0.0000000162 11.8658993205 13 1 
7212 0.0000000173 11.8660565724 13 1 
7213 0.0000000177 11.8662137807 13 1 
7214 0.0000000180 11.8663709454 13 1 
7215 0.0000000169 11.8665280665 13 1 
7216 0.0000000179 11.8666851441 13 1 
7217 0.0000000157 11.8668421782 13 1 
7218 0.0000000176 11.8669991687 13 1 
7219 0.0000000155 11.8671561158 13 1 
7220 0.0000000162 11.8673130194 13 1 
7221 0.0000000155 11.8674698795 13 1 
7222 0.0000000169 11.8676266962 13 1 
7223 0.0000000173 11.8677834695 13 1 
7224 0.0000000165 11.8679401993 13 1 
7225 0.0000000169 11.8680968858 13 1 
7226 0.0000000192 11.8682535289 13 1 
7227 0.0000000166 11.8684101287 13 1 
7228 0.0000000177 11.8685666851 13 1 
7229 0.0000000166 11.8687231982 13 1 
7230 0.0000000195 11.8688796680 13 1 
7231 0.0000000160 11.8690360946 13 1 
7232 0.0000000166 11.8691924779 13 1 
7233 0.0000000160 11.8693488179 13 1 
7234 0.0000000162 11.8695051147 13 1 
7235 0.0000000155 11.8696613683 13 1 
7236 0.0000000171 11.8698175788 13 1 
7237 0.0000000158 11.8699737460 13 1 
7238 0.0000000164 11.8701298701 13 1 
7239 0.0000000163 11.8702859511 13 1 
7240 0.0000000164 11.8704419890 13 1 
7241 0.0000000159 11.8705979837 13 1 
7242 0.0000000164 11.8707539354 13 1 
7243 0.0000000155 11.8709098440 13 1 
7244 0.0000000162 11.8710657096 13 1 
7245 0.0000000163 11.8712215321 13 1 
7246 0.0000000164 11.8713773116 13 1 
7247 0.0000000167 11.8715330482 13 1 
7248 0.0000000170 11.8716887417 13 1 
7249 0.0000000164 11.8718443923 13 1 
7250 0.0000000183 11.8720000000 13 1 
7251 0.0000000174 11.8721555647 13 1 
7252 0.0000000183 11.8723110866 13 1 
7253 0.0000000171 11.8724665656 13 1 
7254 0.0000000186 11.8726220017 13 1 
7255 0.0000000174 11.8727773949 13 1 
7256 0.0000000179 11.8729327453 13 1 
7257 0.0000000165 11.8730880529 13 1 
7258 0.0000000167 11.8732433177 13 1 
7259 0.0000000183 11.8733985397 13 1 
7260 0.0000000186 11.8735537190 13 1 
7261 0.0000000172 11.8737088555 13 1 
7262 0.0000000191 11.8738639493 13 1 
7263 0.0000000175 11.8740190004 13 1 
7264 0.0000000187 11.8741740088 13 1 
7265 0.0000000172 11.8743289745 13 1 
7266 0.0000000184 11.8744838976 13 1 
7267 0.0000000178 11.8746387780 13 1 
7268 0.0000000182 11.8747936159 13 1 
7269 0.0000000182 11.8749484111 13 1 
7270 0.0000000164 11.8751031637 13 1 
7271 0.0000000175 11.8752578737 13 1 
7272 0.0000000157 11.8754125413 13 1 
7273 0.0000000165 11.8755671662 13 1 
7274 0.0000000186 11.8757217487 13 1 
7275 0.0000000191 11.8758762887 13 1 
7276 0.0000000175 11.8760307861 13 1 
7277 0.0000000197 11.8761852412 13 1 
7278 0.0000000174 11.8763396538 13 1 
7279 0.0000000187 11.8764940239 13 1 
7280 0.0000000177 11.8766483516 13 1 
7281 0.0000000188 11.8768026370 13 1 
7282 0.0000000177 11.8769568800 13 1 
7283 0.0000000195 11.8771110806 13 1 
7284 0.0000000188 11.8772652389 13 1 
7285 0.0000000187 11.8774193548 13 1 
7286 0.0000000174 11.8775734285 13 1 
7287 0.0000000174 11.8777274599 13 1 
7288 0.0000000172 11.8778814490 13 1 
7289 0.0000000178 11.8780353958 13 1 
7290 0.0000000160 11.8781893004 13 1 
7291 0.0000000160 11.8783431628 13 1 
7292 0.0000000193 11.8784969830 13 1 
7293 0.0000000188 11.8786507610 13 1 
7294 0.0000000195 11.8788044968 13 1 
7295 0.0000000186 11.8789581905 13 1 
7296 0.0000000162 11.8791118421 13 1 
7297 0.0000000175 11.8792654516 13 1 
7298 0.0000000180 11.8794190189 13 1 
7299 0.0000000178 11.8795725442 13 1 
7300 0.0000000178 11.8797260274 13 1 
7301 0.0000000164 11.8798794686 13 1 
7302 0.0000000166 11.8800328677 13 1 
7303 0.0000000183 11.8801862248 13 1 
7304 0.0000000174 11.8803395400 13 1 
7305 0.0000000183 11.8804928131 13 1 
7306 0.0000000172 11.8806460443 13 1 
7307 0.0000000163 11.8807992336 13 1 
7308 0.0000000167 11.8809523810 13 1 
7309 0.0000000159 11.8811054864 13 1 
7310 0.0000000166 11.8812585499 13 1 
7311 0.0000000159 11.8814115716 13 1 
7312 0.0000000186 11.8815645514 13 1 
7313 0.0000000176 11.8817174894 13 1 
7314 0.0000000185 11.8818703856 13 1 
7315 0.0000000170 11.8820232399 13 1 
7316 0.0000000159 11.8821760525 13 1 
7317 0.0000000186 11.8823288233 13 1 
7318 0.0000000174 11.8824815523 13 1 
7319 0.0000000187 11.8826342397 13 1 
7320 0.0000000173 11.8827868852 13 1 
7321 0.0000000187 11.8829394891 13 1 
7322 0.0000000169 11.8830920514 13 1 
7323 0.0000000176 11.8832445719 13 1 
7324 0.0000000173 11.8833970508 13 1 
7325 0.0000000179 11.8835494881 13 1 
7326 0.0000000157 11.8837018837 13 1 
7327 0.0000000164 11.8838542378 13 1 
7328 0.0000000157 11.8840065502 13 1 
7329 0.0000000181 11.8841588211 13 1 
7330 0.0000000161 11.8843110505 13 1 
7331 0.0000000169 11.8844632383 13 1 
7332 0.0000000164 11.8846153846 13 1 
7333 0.0000000180 11.8847674894 13 1 
7334 0.0000000188 11.8849195528 13 1 
7335 0.0000000169 11.8850715746 13 1 
7336 0.0000000168 11.8852235551 13 1 
7337 0.0000000162 11.8853754941 13 1 
7338 0.0000000159 11.8855273917 13 1 
7339 0.0000000164 11.8856792479 13 1 
7340 0.0000000176 11.8858310627 13 1 
7341 0.0000000170 11.8859828361 13 1 
7342 0.0000000192 11.8861345682 13 1 
7343 0.0000000185 11.8862862590 13 1 
7344 0.0000000170 11.8864379085 13 1 
7345 0.0000000173 11.8865895167 13 1 
7346 0.0000000166 11.8867410836 13 1 
7347 0.0000000158 11.8868926092 13 1 
7348 0.0000000180 11.8870440936 13 1 
7349 0.0000000184 11.8871955368 13 1 
7350 0.0000000167 11.8873469388 13 1 
7351 0.0000000170 11.8874982996 13 1 
7352 0.0000000215 11.8876496192 13 1 
7353 0.0000000174 11.8878008976 13 1 
7354 0.0000000166 11.8879521349 13 1 
7355 0.0000000174 11.8881033311 13 1 
7356 0.0000000177 11.8882544861 13 1 
7357 0.0000000179 11.8884056001 13 1 
7358 0.0000000159 11.8885566730 13 1 
7359 0.0000000183 11.8887077049 13 1 
7360 0.0000000173 11.8888586957 13 1 
7361 0.0000000173 11.8890096454 13 1 
7362 0.0000000162 11.8891605542 13 1 
7363 0.0000000179 11.8893114220 13 1 
7364 0.0000000182 11.8894622488 13 1 
7365 0.0000000167 11.8896130346 13 1 
7366 0.0000000181 11.8897637795 13 1 
7367 0.0000000189 11.8899144835 13 1 
7368 0.0000000193 11.8900651466 13 1 
7369 0.0000000180 11.8902157688 13 1 
7370 0.0000000275 11.8903663501 13 1 
7371 0.0000000304 11.8905168905 13 1 
7372 0.0000000286 11.8906673901 13 1 
7373 0.0000000232 11.8908178489 13 1 
7374 0.0000000222 11.8909682669 13 1 
7375 0.0000000209 11.8911186441 13 1 
7376 0.0000000217 11.8912689805 13 1 
7377 0.0000000203 11.8914192761 13 1 
7378 0.0000000202 11.8915695310 13 1 
7379 0.0000000186 11.8917197452 13 1 
7380 0.0000000178 11.8918699187 13 1 
7381 0.0000000195 11.8920200515 13 1 
7382 0.0000000180 11.8921701436 13 1 
7383 0.0000000175 11.8923201950 13 1 
7384 0.0000000177 11.8924702059 13 1 
7385 0.0000000184 11.8926201760 13 1 
7386 0.0000000184 11.8927701056 13 1 
7387 0.0000000171 11.8929199946 13 1 
7388 0.0000000188 11.8930698430 13 1 
7389 0.0000000188 11.8932196508 13 1 
7390 0.0000000185 11.8933694181 13 1 
7391 0.0000000180 11.8935191449 13 1 
7392 0.0000000170 11.8936688312 13 1 
7393 0.0000000187 11.8938184769 13 1 
7394 0.0000000170 11.8939680822 13 1 
7395 0.0000000185 11.8941176471 13 1 
7396 0.0000000170 11.8942671714 13 1 
7397 0.0000000188 11.8944166554 13 1 
7398 0.0000000182 11.8945660989 13 1 
7399 0.0000000176 11.8947155021 13 1 
7400 0.0000000169 11.8948648649 13 1 
7401 0.0000000170 11.8950141873 13 1 
7402 0.0000000193 11.8951634693 13 1 
7403 0.0000000182 11.8953127111 13 1 
7404 0.0000000170 11.8954619125 13 1 
7405 0.0000000211 11.8956110736 13 1 
7406 0.0000000182 11.8957601944 13 1 
7407 0.0000000300 11.8959092750 13 1 
7408 0.0000000254 11.8960583153 13 1 
7409 0.0000000260 11.8962073154 13 1 
7410 0.0000000290 11.8963562753 13 1 
7411 0.0000000166 11.8965051950 13 1 
7412 0.0000000208 11.8966540745 13 1 
7413 0.0000000165 11.8968029138 13 1 
7414 0.0000000178 11.8969517130 13 1 
7415 0.0000000189 11.8971004720 13 1 
7416 0.0000000182 11.8972491909 13 1 
7417 0.0000000163 11.8973978698 13 1 
7418 0.0000000182 11.8975465085 13 1 
7419 0.0000000181 11.8976951072 13 1 
7420 0.0000000162 11.8978436658 13 1 
7421 0.0000000175 11.8979921843 13 1 
7422 0.0000000189 11.8981406629 13 1 
7423 0.0000000158 11.8982891014 13 1 
7424 0.0000000189 11.8984375000 13 1 
7425 0.0000000163 11.8985858586 13 1 
7426 0.0000000180 11.8987341772 13 1 
7427 0.0000000170 11.8988824559 13 1 
7428 0.0000000166 11.8990306947 13 1 
7429 0.0000000172 11.8991788935 13 1 
7430 0.0000000166 11.8993270525 13 1 
7431 0.0000000191 11.8994751716 13 1 
7432 0.0000000175 11.8996232508 13 1 
7433 0.0000000165 11.8997712902 13 1 
7434 0.0000000180 11.8999192897 13 1 
7435 0.0000000165 11.9000672495 13 1 
7436 0.0000000173 11.9002151694 13 1 
7437 0.0000000173 11.9003630496 13 1 
7438 0.0000000182 11.9005108900 13 1 
7439 0.0000000157 11.9006586907 13 1 
7440 0.0000000183 11.9008064516 13 1 
7441 0.0000000171 11.9009541728 13 1 
7442 0.0000000165 11.9011018543 13 1 
7443 0.0000000157 11.9012494962 13 1 
7444 0.0000000183 11.9013970983 13 1 
7445 0.0000000158 11.9015446608 13 1 
7446 0.0000000184 11.9016921837 13 1 
7447 0.0000000158 11.9018396670 13 1 
7448 0.0000000179 11.9019871106 13 1 
7449 0.0000000168 11.9021345147 13 1 
7450 0.0000000164 11.9022818792 13 1 
7451 0.0000000174 11.9024292041 13 1 
7452 0.0000000158 11.9025764895 13 1 
7453 0.0000000193 11.9027237354 13 1 
7454 0.0000000177 11.9028709418 13 1 
7455 0.0000000176 11.9030181087 13 1 
7456 0.0000000176 11.9031652361 13 1 
7457 0.0000000190 11.9033123240 13 1 
7458 0.0000000186 11.9034593725 13 1 
7459 0.0000000161 11.9036063816 13 1 
7460 0.0000000177 11.9037533512 13 1 
7461 0.0000000176 11.9039002815 13 1 
7462 0.0000000182 11.9040471723 13 1 
7463 0.0000000167 11.9041940239 13 1 
7464 0.0000000200 11.9043408360 13 1 
7465 0.0000000175 11.9044876088 13 1 
7466 0.0000000177 11.9046343424 13 1 
7467 0.0000000167 11.9047810366 13 1 
7468 0.0000000182 11.9049276915 13 1 
7469 0.0000000185 11.9050743071 13 1 
7470 0.0000000159 11.9052208835 13 1 
7471 0.0000000165 11.9053674207 13 1 
7472 0.0000000169 11.9055139186 13 1 
7473 0.0000000174 11.9056603774 13 1 
7474 0.0000000161 11.9058067969 13 1 
7475 0.0000000193 11.9059531773 13 1 
7476 0.0000000169 11.9060995185 13 1 
7477 0.0000000185 11.9062458205 13 1 
7478 0.0000000185 11.9063920834 13 1 
7479 0.0000000185 11.9065383073 13 1 
7480 0.0000000186 11.9066844920 13 1 
7481 0.0000000175 11.9068306376 13 1 
7482 0.0000000176 11.9069767442 13 1 
7483 0.0000000198 11.9071228117 13 1 
7484 0.0000000187 11.9072688402 13 1 
7485 0.0000000179 11.9074148297 13 1 
7486 0.0000000176 11.9075607801 13 1 
7487 0.0000000191 11.9077066916 13 1 
7488 0.0000000175 11.9078525641 13 1 
7489 0.0000000167 11.9079983976 13 1 
7490 0.0000000176 11.9081441923 13 1 
7491 0.0000000167 11.9082899479 13 1 
7492 0.0000000187 11.9084356647 13 1 
7493 0.0000000177 11.9085813426 13 1 
7494 0.0000000192 11.9087269816 13 1 
7495 0.0000000183 11.9088725817 13 1 
7496 0.0000000185 11.9090181430 13 1 
7497 0.0000000177 11.9091636655 13 1 
7498 0.0000000188 11.9093091491 13 1 
7499 0.0000000185 11.9094545939 13 1 
7500 0.0000000176 11.9096000000 13 1 
7501 0.0000000184 11.9097453673 13 1 
7502 0.0000000173 11.9098906958 13 1 
7503 0.0000000184 11.9100359856 13 1 
7504 0.0000000163 11.9101812367 13 1 
7505 0.0000000183 11.9103264490 13 1 
7506 0.0000000177 11.9104716227 13 1 
7507 0.0000000167 11.9106167577 13 1 
7508 0.0000000185 11.9107618540 13 1 
7509 0.0000000185 11.9109069117 13 1 
7510 0.0000000166 11.9110519308 13 1 
7511 0.0000000176 11.9111969112 13 1 
7512 0.0000000178 11.9113418530 13 1 
7513 0.0000000177 11.9114867563 13 1 
7514 0.0000000166 11.9116316210 13 1 
7515 0.0000000181 11.9117764471 13 1 
7516 0.0000000184 11.9119212347 13 1 
7517 0.0000000178 11.9120659838 13 1 
7518 0.0000000160 11.9122106943 13 1 
7519 0.0000000172 11.9123553664 13 1 
7520 0.0000000190 11.9125000000 13 1 
7521 0.0000000168 11.9126445951 13 1 
7522 0.0000000182 11.9127891518 13 1 
7523 0.0000000161 11.9129336701 13 1 
7524 0.0000000177 11.9130781499 13 1 
7525 0.0000000170 11.9132225914 13 1 
7526 0.0000000181 11.9133669944 13 1 
7527 0.0000000191 11.9135113591 13 1 
7528 0.0000000165 11.9136556854 13 1 
7529 0.0000000170 11.9137999734 13 1 
7530 0.0000000193 11.9139442231 13 1 
7531 0.0000000169 11.9140884345 13 1 
7532 0.0000000178 11.9142326075 13 1 
7533 0.0000000170 11.9143767423 13 1 
7534 0.0000000177 11.9145208389 13 1 
7535 0.0000000162 11.9146648971 13 1 
7536 0.0000000188 11.9148089172 13 1 
7537 0.0000000180 11.9149528990 13 1 
7538 0.0000000176 11.9150968427 13 1 
7539 0.0000000199 11.9152407481 13 1 
7540 0.0000000171 11.9153846154 13 1 
7541 0.0000000188 11.9155284445 13 1 
7542 0.0000000179 11.9156722355 13 1 
7543 0.0000000162 11.9158159883 13 1 
7544 0.0000000167 11.9159597031 13 1 
7545 0.0000000186 11.9161033797 13 1 
7546 0.0000000191 11.9162470183 13 1 
7547 0.0000000168 11.9163906188 13 1 
7548 0.0000000183 11.9165341812 13 1 
7549 0.0000000160 11.9166777057 13 1 
7550 0.0000000177 11.9168211921 13 1 
7551 0.0000000188 11.9169646404 13 1 
7552 0.0000000159 11.9171080508 13 1 
7553 0.0000000176 11.9172514233 13 1 
7554 0.0000000179 11.9173947577 13 1 
7555 0.0000000163 11.9175380543 13 1 
7556 0.0000000181 11.9176813129 13 1 
7557 0.0000000192 11.9178245335 13 1 
7558 0.0000000169 11.9179677163 13 1 
7559 0.0000000177 11.9181108612 13 1 
7560 0.0000000168 11.9182539683 13 1 
7561 0.0000000161 11.9183970374 13 1 
7562 0.0000000185 11.9185400688 13 1 
7563 0.0000000177 11.9186830623 13 1 
7564 0.0000000171 11.9188260180 13 1 
7565 0.0000000168 11.9189689359 13 1 
7566 0.0000000167 11.9191118160 13 1 
7567 0.0000000169 11.9192546584 13 1 
7568 0.0000000198 11.9193974630 13 1 
7569 0.0000000173 11.9195402299 13 1 
7570 0.0000000188 11.9196829590 13 1 
7571 0.0000000186 11.9198256505 13 1 
7572 0.0000000168 11.9199683043 13 1 
7573 0.0000000168 11.9201109204 13 1 
7574 0.0000000190 11.9202534988 13 1 
7575 0.0000000172 11.9203960396 13 1 
7576 0.0000000178 11.9205385428 13 1 
7577 0.0000000160 11.9206810083 13 1 
7578 0.0000000193 11.9208234363 13 1 
7579 0.0000000183 11.9209658266 13 1 
7580 0.0000000175 11.9211081794 13 1 
7581 0.0000000175 11.9212504947 13 1 
7582 0.0000000166 11.9213927724 13 1 
7583 0.0000000169 11.9215350125 13 1 
7584 0.0000000178 11.9216772152 13 1 
7585 0.0000000194 11.9218193804 13 1 
7586 0.0000000171 11.9219615080 13 1 
7587 0.0000000178 11.9221035983 13 1 
7588 0.0000000177 11.9222456510 13 1 
7589 0.0000000186 11.9223876664 13 1 
7590 0.0000000175 11.9225296443 13 1 
7591 0.0000000175 11.9226715848 13 1 
7592 0.0000000166 11.9228134879 13 1 
7593 0.0000000170 11.9229553536 13 1 
7594 0.0000000176 11.9230971820 13 1 
7595 0.0000000184 11.9232389730 13 1 
7596 0.0000000161 11.9233807267 13 1 
7597 0.0000000172 11.9235224431 13 1 
7598 0.0000000178 11.9236641221 13 1 
7599 0.0000000187 11.9238057639 13 1 
7600 0.0000000175 11.9239473684 13 1 
7601 0.0000000167 11.9240889357 13 1 
7602 0.0000000183 11.9242304657 13 1 
7603 0.0000000160 11.9243719584 13 1 
7604 0.0000000176 11.9245134140 13 1 
7605 0.0000000179 11.9246548323 13 1 
7606 0.0000000172 11.9247962135 13 1 
7607 0.0000000177 11.9249375575 13 1 
7608 0.0000000179 11.9250788644 13 1 
7609 0.0000000181 11.9252201341 13 1 
7610 0.0000000163 11.9253613666 13 1 
7611 0.0000000168 11.9255025621 13 1 
7612 0.0000000177 11.9256437204 13 1 
7613 0.0000000190 11.9257848417 13 1 
7614 0.0000000173 11.9259259259 13 1 
7615 0.0000000169 11.9260669731 13 1 
7616 0.0000000176 11.9262079832 13 1 
7617 0.0000000177 11.9263489563 13 1 
7618 0.0000000171 11.9264898924 13 1 
7619 0.0000000175 11.9266307914 13 1 
7620 0.0000000185 11.9267716535 13 1 
7621 0.0000000176 11.9269124787 13 1 
7622 0.0000000174 11.9270532669 13 1 
7623 0.0000000178 11.9271940181 13 1 
7624 0.0000000193 11.9273347324 13 1 
7625 0.0000000167 11.9274754098 13 1 
7626 0.0000000181 11.9276160504 13 1 
7627 0.0000000180 11.9277566540 13 1 
7628 0.0000000184 11.9278972208 13 1 
7629 0.0000000187 11.9280377507 13 1 
7630 0.0000000172 11.9281782438 13 1 
7631 0.0000000174 11.9283187000 13 1 
7632 0.0000000174 11.9284591195 13 1 
7633 0.0000000172 11.9285995022 13 1 
7634 0.0000000165 11.9287398480 13 1 
7635 0.0000000183 11.9288801572 13 1 
7636 0.0000000206 11.9290204295 13 1 
7637 0.0000000207 11.9291606652 13 1 
7638 0.0000000192 11.9293008641 13 1 
7639 0.0000000185 11.9294410263 13 1 
7640 0.0000000177 11.9295811518 13 1 
7641 0.0000000165 11.9297212407 13 1 
7642 0.0000000181 11.9298612929 13 1 
7643 0.0000000173 11.9300013084 13 1 
7644 0.0000000179 11.9301412873 13 1 
7645 0.0000000170 11.9302812296 13 1 
7646 0.0000000171 11.9304211352 13 1 
7647 0.0000000173 11.9305610043 13 1 
7648 0.0000000171 11.9307008368 13 1 
7649 0.0000000176 11.9308406328 13 1 
7650 0.0000000190 11.9309803922 13 1 
7651 0.0000000195 11.9311201150 13 1 
7652 0.0000000162 11.9312598014 13 1 
7653 0.0000000170 11.9313994512 13 1 
7654 0.0000000180 11.9315390645 13 1 
7655 0.0000000183 11.9316786414 13 1 
7656 0.0000000179 11.9318181818 13 1 
7657 0.0000000180 11.9319576858 13 1 
7658 0.0000000176 11.9320971533 13 1 
7659 0.0000000189 11.9322365844 13 1 
7660 0.0000000178 11.9323759791 13 1 
7661 0.0000000189 11.9325153374 13 1 
7662 0.0000000208 11.9326546594 13 1 
7663 0.0000000170 11.9327939449 13 1 
7664 0.0000000170 11.9329331942 13 1 
7665 0.0000000163 11.9330724070 13 1 
7666 0.0000000181 11.9332115836 13 1 
7667 0.0000000190 11.9333507239 13 1 
7668 0.0000000184 11.9334898279 13 1 
7669 0.0000000185 11.9336288956 13 1 
7670 0.0000000183 11.9337679270 13 1 
7671 0.0000000179 11.9339069222 13 1 
7672 0.0000000188 11.9340458811 13 1 
7673 0.0000000181 11.9341848039 13 1 
7674 0.0000000190 11.9343236904 13 1 
7675 0.0000000165 11.9344625407 13 1 
7676 0.0000000162 11.9346013549 13 1 
7677 0.0000000171 11.9347401329 13 1 
7678 0.0000000164 11.9348788747 13 1 
7679 0.0000000169 11.9350175804 13 1 
7680 0.0000000184 11.9351562500 13 1 
7681 0.0000000177 11.9352948835 13 1 
7682 0.0000000195 11.9354334809 13 1 
7683 0.0000000189 11.9355720422 13 1 
7684 0.0000000181 11.9357105674 13 1 
7685 0.0000000168 11.9358490566 13 1 
7686 0.0000000180 11.9359875098 13 1 
7687 0.0000000186 11.9361259269 13 1 
7688 0.0000000182 11.9362643080 13 1 
7689 0.0000000183 11.9364026531 13 1 
7690 0.0000000177 11.9365409623 13 1 
7691 0.0000000177 11.9366792355 13 1 
7692 0.0000000185 11.9368174727 13 1 
7693 0.0000000181 11.9369556740 13 1 
7694 0.0000000188 11.9370938394 13 1 
7695 0.0000000164 11.9372319688 13 1 
7696 0.0000000178 11.9373700624 13 1 
7697 0.0000000171 11.9375081200 13 1 
7698 0.0000000161 11.9376461419 13 1 
7699 0.0000000166 11.9377841278 13 1 
7700 0.0000000186 11.9379220779 13 1 
7701 0.0000000195 11.9380599922 13 1 
7702 0.0000000177 11.9381978707 13 1 
7703 0.0000000174 11.9383357134 13 1 
7704 0.0000000180 11.9384735202 13 1 
7705 0.0000000183 11.9386112914 13 1 
7706 0.0000000195 11.9387490267 13 1 
7707 0.0000000184 11.9388867264 13 1 
7708 0.0000000184 11.9390243902 13 1 
7709 0.0000000197 11.9391620184 13 1 
7710 0.0000000180 11.9392996109 13 1 
7711 0.0000000184 11.9394371677 13 1 
7712 0.0000000184 11.9395746888 13 1 
7713 0.0000000209 11.9397121743 13 1 
7714 0.0000000180 11.9398496241 13 1 
7715 0.0000000165 11.9399870382 13 1 
7716 0.0000000179 11.9401244168 13 1 
7717 0.0000000175 11.9402617598 13 1 
7718 0.0000000185 11.9403990671 13 1 
7719 0.0000000197 11.9405363389 13 1 
7720 0.0000000166 11.9406735751 13 1 
7721 0.0000000167 11.9408107758 13 1 
7722 0.0000000196 11.9409479409 13 1 
7723 0.0000000190 11.9410850706 13 1 
7724 0.0000000194 11.9412221647 13 1 
7725 0.0000000170 11.9413592233 13 1 
7726 0.0000000176 11.9414962464 13 1 
7727 0.0000000186 11.9416332341 13 1 
7728 0.0000000167 11.9417701863 13 1 
7729 0.0000000172 11.9419071031 13 1 
7730 0.0000000169 11.9420439845 13 1 
7731 0.0000000172 11.9421808304 13 1 
7732 0.0000000175 11.9423176410 13 1 
7733 0.0000000166 11.9424544161 13 1 
7734 0.0000000163 11.9425911559 13 1 
7735 0.0000000176 11.9427278604 13 1 
7736 0.0000000169 11.9428645295 13 1 
7737 0.0000000167 11.9430011632 13 1 
7738 0.0000000193 11.9431377617 13 1 
7739 0.0000000165 11.9432743248 13 1 
7740 0.0000000174 11.9434108527 13 1 
7741 0.0000000183 11.9435473453 13 1 
7742 0.0000000181 11.9436838026 13 1 
7743 0.0000000189 11.9438202247 13 1 
7744 0.0000000186 11.9439566116 13 1 
7745 0.0000000177 11.9440929632 13 1 
7746 0.0000000174 11.9442292796 13 1 
7747 0.0000000172 11.9443655609 13 1 
7748 0.0000000177 11.9445018069 13 1 
7749 0.0000000186 11.9446380178 13 1 
7750 0.0000000168 11.9447741935 13 1 
7751 0.0000000184 11.9449103342 13 1 
7752 0.0000000186 11.9450464396 13 1 
7753 0.0000000190 11.9451825100 13 1 
7754 0.0000000186 11.9453185453 13 1 
7755 0.0000000182 11.9454545455 13 1 
7756 0.0000000179 11.9455905106 13 1 
7757 0.0000000180 11.9457264406 13 1 
7758 0.0000000169 11.9458623357 13 1 
7759 0.0000000171 11.9459981956 13 1 
7760 0.0000000182 11.9461340206 13 1 
7761 0.0000000171 11.9462698106 13 1 
7762 0.0000000182 11.9464055656 13 1 
7763 0.0000000179 11.9465412856 13 1 
7764 0.0000000188 11.9466769706 13 1 
7765 0.0000000176 11.9468126207 13 1 
7766 0.0000000176 11.9469482359 13 1 
7767 0.0000000171 11.9470838161 13 1 
7768 0.0000000180 11.9472193615 13 1 
7769 0.0000000188 11.9473548719 13 1 
7770 0.0000000179 11.9474903475 13 1 
7771 0.0000000178 11.9476257882 13 1 
7772 0.0000000183 11.9477611940 13 1 
7773 0.0000000198 11.9478965650 13 1 
7774 0.0000000188 11.9480319012 13 1 
7775 0.0000000168 11.9481672026 13 1 
7776 0.0000000177 11.9483024691 13 1 
7777 0.0000000188 11.9484377009 13 1 
7778 0.0000000186 11.9485728979 13 1 
7779 0.0000000194 11.9487080602 13 1 
7780 0.0000000172 11.9488431877 13 1 
7781 0.0000000195 11.9489782804 13 1 
7782 0.0000000182 11.9491133385 13 1 
7783 0.0000000190 11.9492483618 13 1 
7784 0.0000000180 11.9493833505 13 1 
7785 0.0000000180 11.9495183044 13 1 
7786 0.0000000190 11.9496532237 13 1 
7787 0.0000000186 11.9497881084 13 1 
7788 0.0000000169 11.9499229584 13 1 
7789 0.0000000164 11.9500577738 13 1 
7790 0.0000000176 11.9501925546 13 1 
7791 0.0000000166 11.9503273007 13 1 
7792 0.0000000190 11.9504620123 13 1 
7793 0.0000000182 11.9505966893 13 1 
7794 0.0000000198 11.9507313318 13 1 
7795 0.0000000173 11.9508659397 13 1 
7796 0.0000000187 11.9510005131 13 1 
7797 0.0000000177 11.9511350519 13 1 
7798 0.0000000190 11.9512695563 13 1 
7799 0.0000000180 11.9514040262 13 1 
7800 0.0000000192 11.9515384615 13 1 
7801 0.0000000192 11.9516728625 13 1 
7802 0.0000000182 11.9518072289 13 1 
7803 0.0000000185 11.9519415609 13 1 
7804 0.0000000179 11.9520758585 13 1 
7805 0.0000000178 11.9522101217 13 1 
7806 0.0000000187 11.9523443505 13 1 
7807 0.0000000182 11.9524785449 13 1 
7808 0.0000000183 11.9526127049 13 1 
7809 0.0000000183 11.9527468306 13 1 
7810 0.0000000182 11.9528809219 13 1 
7811 0.0000000175 11.9530149789 13 1 
7812 0.0000000166 11.9531490015 13 1 
7813 0.0000000170 11.9532829899 13 1 
7814 0.0000000191 11.9534169439 13 1 
7815 0.0000000186 11.9535508637 13 1 
7816 0.0000000182 11.9536847492 13 1 
7817 0.0000000191 11.9538186005 13 1 
7818 0.0000000177 11.9539524175 13 1 
7819 0.0000000165 11.9540862003 13 1 
7820 0.0000000173 11.9542199488 13 1 
7821 0.0000000165 11.9543536632 13 1 
7822 0.0000000190 11.9544873434 13 1 
7823 0.0000000183 11.9546209894 13 1 
7824 0.0000000180 11.9547546012 13 1 
7825 0.0000000188 11.9548881789 13 1 
7826 0.0000000170 11.9550217225 13 1 
7827 0.0000000189 11.9551552319 13 1 
7828 0.0000000199 11.9552887072 13 1 
7829 0.0000000183 11.9554221484 13 1 
7830 0.0000000165 11.9555555556 13 1 
7831 0.0000000181 11.9556889286 13 1 
7832 0.0000000184 11.9558222676 13 1 
7833 0.0000000180 11.9559555726 13 1 
7834 0.0000000168 11.9560888435 13 1 
7835 0.0000000179 11.9562220804 13 1 
7836 0.0000000194 11.9563552833 13 1 
7837 0.0000000181 11.9564884522 13 1 
7838 0.0000000176 11.9566215871 13 1 
7839 0.0000000181 11.9567546881 13 1 
7840 0.0000000179 11.9568877551 13 1 
7841 0.0000000187 11.9570207882 13 1 
7842 0.0000000181 11.9571537873 13 1 
7843 0.0000000180 11.9572867525 13 1 
7844 0.0000000175 11.9574196838 13 1 
7845 0.0000000182 11.9575525813 13 1 
7846 0.0000000192 11.9576854448 13 1 
7847 0.0000000184 11.9578182745 13 1 
7848 0.0000000168 11.9579510703 13 1 
7849 0.0000000194 11.9580838323 13 1 
7850 0.0000000182 11.9582165605 13 1 
7851 0.0000000190 11.9583492549 13 1 
7852 0.0000000171 11.9584819154 13 1 
7853 0.0000000200 11.9586145422 13 1 
7854 0.0000000183 11.9587471352 13 1 
7855 0.0000000178 11.9588796945 13 1 
7856 0.0000000173 11.9590122200 13 1 
7857 0.0000000190 11.9591447117 13 1 
7858 0.0000000183 11.9592771698 13 1 
7859 0.0000000192 11.9594095941 13 1 
7860 0.0000000191 11.9595419847 13 1 
7861 0.0000000179 11.9596743417 13 1 
7862 0.0000000176 11.9598066650 13 1 
7863 0.0000000173 11.9599389546 13 1 
7864 0.0000000183 11.9600712106 13 1 
7865 0.0000000182 11.9602034329 13 1 
7866 0.0000000178 11.9603356217 13 1 
7867 0.0000000173 11.9604677768 13 1 
7868 0.0000000197 11.9605998983 13 1 
7869 0.0000000183 11.9607319863 13 1 
7870 0.0000000169 11.9608640407 13 1 
7871 0.0000000173 11.9609960615 13 1 
7872 0.0000000197 11.9611280488 13 1 
7873 0.0000000180 11.9612600025 13 1 
7874 0.0000000171 11.9613919228 13 1 
7875 0.0000000198 11.9615238095 13 1 
7876 0.0000000179 11.9616556628 13 1 
7877 0.0000000179 11.9617874825 13 1 
7878 0.0000000173 11.9619192688 13 1 
7879 0.0000000181 11.9620510217 13 1 
7880 0.0000000185 11.9621827411 13 1 
7881 0.0000000192 11.9623144271 13 1 
7882 0.0000000203 11.9624460797 13 1 
7883 0.0000000186 11.9625776988 13 1 
7884 0.0000000176 11.9627092846 13 1 
7885 0.0000000165 11.9628408370 13 1 
7886 0.0000000183 11.9629723561 13 1 
7887 0.0000000183 11.9631038418 13 1 
7888 0.0000000171 11.9632352941 13 1 
7889 0.0000000183 11.9633667131 13 1 
7890 0.0000000188 11.9634980989 13 1 
7891 0.0000000170 11.9636294513 13 1 
7892 0.0000000181 11.9637607704 13 1 
7893 0.0000000189 11.9638920563 13 1 
7894 0.0000000175 11.9640233088 13 1 
7895 0.0000000182 11.9641545282 13 1 
7896 0.0000000179 11.9642857143 13 1 
7897 0.0000000175 11.9644168672 13 1 
7898 0.0000000185 11.9645479868 13 1 
7899 0.0000000181 11.9646790733 13 1 
7900 0.0000000170 11.9648101266 13 1 
7901 0.0000000182 11.9649411467 13 1 
7902 0.0000000173 11.9650721336 13 1 
7903 0.0000000164 11.9652030874 13 1 
7904 0.0000000182 11.9653340081 13 1 
7905 0.0000000182 11.9654648956 13 1 
7906 0.0000000172 11.9655957501 13 1 
7907 0.0000000180 11.9657265714 13 1 
7908 0.0000000186 11.9658573596 13 1 
7909 0.0000000167 11.9659881148 13 1 
7910 0.0000000176 11.9661188369 13 1 
7911 0.0000000185 11.9662495260 13 1 
7912 0.0000000167 11.9663801820 13 1 
7913 0.0000000195 11.9665108050 13 1 
7914 0.0000000164 11.9666413950 13 1 
7915 0.0000000173 11.9667719520 13 1 
7916 0.0000000184 11.9669024760 13 1 
7917 0.0000000174 11.9670329670 13 1 
7918 0.0000000169 11.9671634251 13 1 
7919 0.0000000197 11.9672938502 13 1 
7920 0.0000000184 11.9674242424 13 1 
7921 0.0000000186 11.9675546017 13 1 
7922 0.0000000178 11.9676849280 13 1 
7923 0.0000000172 11.9678152215 13 1 
7924 0.0000000184 11.9679454821 13 1 
7925 0.0000000178 11.9680757098 13 1 
7926 0.0000000183 11.9682059046 13 1 
7927 0.0000000179 11.9683360666 13 1 
7928 0.0000000182 11.9684661958 13 1 
7929 0.0000000197 11.9685962921 13 1 
7930 0.0000000185 11.9687263556 13 1 
7931 0.0000000166 11.9688563863 13 1 
7932 0.0000000178 11.9689863843 13 1 
7933 0.0000000180 11.9691163494 13 1 
7934 0.0000000183 11.9692462818 13 1 
7935 0.0000000171 11.9693761815 13 1 
7936 0.0000000166 11.9695060484 13 1 
7937 0.0000000166 11.9696358826 13 1 
7938 0.0000000183 11.9697656841 13 1 
7939 0.0000000180 11.9698954528 13 1 
7940 0.0000000198 11.9700251889 13 1 
7941 0.0000000184 11.9701548923 13 1 
7942 0.0000000190 11.9702845631 13 1 
7943 0.0000000195 11.9704142012 13 1 
7944 0.0000000198 11.9705438066 13 1 
7945 0.0000000189 11.9706733795 13 1 
7946 0.0000000169 11.9708029197 13 1 
7947 0.0000000196 11.9709324273 13 1 
7948 0.0000000179 11.9710619024 13 1 
7949 0.0000000200 11.9711913448 13 1 
7950 0.0000000169 11.9713207547 13 1 
7951 0.0000000185 11.9714501321 13 1 
7952 0.0000000169 11.9715794769 13 1 
7953 0.0000000172 11.9717087891 13 1 
7954 0.0000000185 11.9718380689 13 1 
7955 0.0000000176 11.9719673162 13 1 
7956 0.0000000185 11.9720965309 13 1 
7957 0.0000000172 11.9722257132 13 1 
7958 0.0000000185 11.9723548630 13 1 
7959 0.0000000173 11.9724839804 13 1 
7960 0.0000000193 11.9726130653 13 1 
7961 0.0000000176 11.9727421178 13 1 
7962 0.0000000193 11.9728711379 13 1 
7963 0.0000000188 11.9730001256 13 1 
7964 0.0000000172 11.9731290809 13 1 
7965 0.0000000185 11.9732580038 13 1 
7966 0.0000000177 11.9733868943 13 1 
7967 0.0000000186 11.9735157525 13 1 
7968 0.0000000179 11.9736445783 13 1 
7969 0.0000000184 11.9737733718 13 1 
7970 0.0000000184 11.9739021330 13 1 
7971 0.0000000192 11.9740308619 13 1 
7972 0.0000000178 11.9741595585 13 1 
7973 0.0000000184 11.9742882228 13 1 
7974 0.0000000182 11.9744168548 13 1 
7975 0.0000000186 11.9745454545 13 1 
7976 0.0000000183 11.9746740221 13 1 
7977 0.0000000183 11.9748025574 13 1 
7978 0.0000000179 11.9749310604 13 1 
7979 0.0000000184 11.9750595313 13 1 
7980 0.0000000177 11.9751879699 13 1 
7981 0.0000000187 11.9753163764 13 1 
7982 0.0000000174 11.9754447507 13 1 
7983 0.0000000195 11.9755730928 13 1 
7984 0.0000000175 11.9757014028 13 1 
7985 0.0000000187 11.9758296807 13 1 
7986 0.0000000185 11.9759579264 13 1 
7987 0.0000000188 11.9760861400 13 1 
7988 0.0000000174 11.9762143215 13 1 
7989 0.0000000193 11.9763424709 13 1 
7990 0.0000000181 11.9764705882 13 1 
7991 0.0000000186 11.9765986735 13 1 
7992 0.0000000176 11.9767267267 13 1 
7993 0.0000000180 11.9768547479 13 1 
7994 0.0000000173 11.9769827371 13 1 
7995 0.0000000190 11.9771106942 13 1 
7996 0.0000000186 11.9772386193 13 1 
7997 0.0000000194 11.9773665124 13 1 
7998 0.0000000188 11.9774943736 13 1 
7999 0.0000000181 11.9776222028 13 1 
8000 0.0000000187 11.9777500000 13 1 
8001 0.0000000174 11.9778777653 13 1 
8002 0.0000000185 11.9780054986 13 1 
8003 0.0000000194 11.9781332000 13 1 
8004 0.0000000184 11.9782608696 13 1 
8005 0.0000000169 11.9783885072 13 1 
8006 0.0000000181 11.9785161129 13 1 
8007 0.0000000172 11.9786436868 13 1 
8008 0.0000000191 11.9787712288 13 1 
8009 0.0000000189 11.9788987389 13 1 
8010 0.0000000180 11.9790262172 13 1 
8011 0.0000000185 11.9791536637 13 1 
8012 0.0000000187 11.9792810784 13 1 
8013 0.0000000182 11.9794084613 13 1 
8014 0.0000000177 11.9795358123 13 1 
8015 0.0000000182 11.9796631316 13 1 
8016 0.0000000176 11.9797904192 13 1 
8017 0.0000000186 11.9799176749 13 1 
8018 0.0000000178 11.9800448990 13 1 
8019 0.0000000195 11.9801720913 13 1 
8020 0.0000000176 11.9802992519 13 1 
8021 0.0000000188 11.9804263808 13 1 
8022 0.0000000186 11.9805534779 13 1 
8023 0.0000000186 11.9806805434 13 1 
8024 0.0000000193 11.9808075773 13 1 
8025 0.0000000172 11.9809345794 13 1 
8026 0.0000000169 11.9810615500 13 1 
8027 0.0000000184 11.9811884889 13 1 
8028 0.0000000188 11.9813153961 13 1 
8029 0.0000000177 11.9814422718 13 1 
8030 0.0000000186 11.9815691158 13 1 
8031 0.0000000173 11.9816959283 13 1 
8032 0.0000000193 11.9818227092 13 1 
8033 0.0000000181 11.9819494585 13 1 
8034 0.0000000184 11.9820761763 13 1 
8035 0.0000000187 11.9822028625 13 1 
8036 0.0000000170 11.9823295172 13 1 
8037 0.0000000175 11.9824561404 13 1 
8038 0.0000000168 11.9825827320 13 1 
8039 0.0000000189 11.9827092922 13 1 
8040 0.0000000189 11.9828358209 13 1 
8041 0.0000000174 11.9829623181 13 1 
8042 0.0000000193 11.9830887839 13 1 
8043 0.0000000189 11.9832152182 13 1 
8044 0.0000000175 11.9833416211 13 1 
8045 0.0000000195 11.9834679925 13 1 
8046 0.0000000170 11.9835943326 13 1 
8047 0.0000000178 11.9837206412 13 1 
8048 0.0000000184 11.9838469185 13 1 
8049 0.0000000191 11.9839731644 13 1 
8050 0.0000000170 11.9840993789 13 1 
8051 0.0000000176 11.9842255620 13 1 
8052 0.0000000192 11.9843517139 13 1 
8053 0.0000000175 11.9844778343 13 1 
8054 0.0000000186 11.9846039235 13 1 
8055 0.0000000196 11.9847299814 13 1 
8056 0.0000000182 11.9848560079 13 1 
8057 0.0000000186 11.9849820032 13 1 
8058 0.0000000187 11.9851079672 13 1 
8059 0.0000000191 11.9852339000 13 1 
8060 0.0000000190 11.9853598015 13 1 
8061 0.0000000200 11.9854856718 13 1 
8062 0.0000000181 11.9856115108 13 1 
8063 0.0000000191 11.9857373186 13 1 
8064 0.0000000181 11.9858630952 13 1 
8065 0.0000000185 11.9859888407 13 1 
8066 0.0000000181 11.9861145549 13 1 
8067 0.0000000171 11.9862402380 13 1 
8068 0.0000000186 11.9863658899 13 1 
8069 0.0000000188 11.9864915107 13 1 
8070 0.0000000188 11.9866171004 13 1 
8071 0.0000000199 11.9867426589 13 1 
8072 0.0000000177 11.9868681863 13 1 
8073 0.0000000186 11.9869936826 13 1 
8074 0.0000000170 11.9871191479 13 1 
8075 0.0000000176 11.9872445820 13 1 
8076 0.0000000197 11.9873699851 13 1 
8077 0.0000000188 11.9874953572 13 1 
8078 0.0000000189 11.9876206982 13 1 
8079 0.0000000186 11.9877460082 13 1 
8080 0.0000000197 11.9878712871 13 1 
8081 0.0000000189 11.9879965351 13 1 
8082 0.0000000170 11.9881217520 13 1 
8083 0.0000000186 11.9882469380 13 1 
8084 0.0000000183 11.9883720930 13 1 
8085 0.0000000186 11.9884972171 13 1 
8086 0.0000000186 11.9886223102 13 1 
8087 0.0000000193 11.9887473723 13 1 
8088 0.0000000177 11.9888724036 13 1 
8089 0.0000000172 11.9889974039 13 1 
8090 0.0000000197 11.9891223733 13 1 
8091 0.0000000190 11.9892473118 13 1 
8092 0.0000000172 11.9893722195 13 1 
8093 0.0000000184 11.9894970963 13 1 
8094 0.0000000184 11.9896219422 13 1 
8095 0.0000000169 11.9897467573 13 1 
8096 0.0000000195 11.9898715415 13 1 
8097 0.0000000191 11.9899962949 13 1 
8098 0.0000000172 11.9901210175 13 1 
8099 0.0000000191 11.9902457093 13 1 
8100 0.0000000184 11.9903703704 13 1 
8101 0.0000000189 11.9904950006 13 1 
8102 0.0000000189 11.9906196001 13 1 
8103 0.0000000180 11.9907441688 13 1 
8104 0.0000000189 11.9908687068 13 1 
8105 0.0000000191 11.9909932141 13 1 
8106 0.0000000185 11.9911176906 13 1 
8107 0.0000000190 11.9912421364 13 1 
8108 0.0000000173 11.9913665516 13 1 
8109 0.0000000190 11.9914909360 13 1 
8110 0.0000000191 11.9916152898 13 1 
8111 0.0000000184 11.9917396129 13 1 
8112 0.0000000190 11.9918639053 13 1 
8113 0.0000000171 11.9919881671 13 1 
8114 0.0000000185 11.9921123983 13 1 
8115 0.0000000180 11.9922365989 13 1 
8116 0.0000000207 11.9923607689 13 1 
8117 0.0000000197 11.9924849082 13 1 
8118 0.0000000172 11.9926090170 13 1 
8119 0.0000000192 11.9927330952 13 1 
8120 0.0000000196 11.9928571429 13 1 
8121 0.0000000187 11.9929811600 13 1 
8122 0.0000000203 11.9931051465 13 1 
8123 0.0000000181 11.9932291025 13 1 
8124 0.0000000191 11.9933530281 13 1 
8125 0.0000000182 11.9934769231 13 1 
8126 0.0000000192 11.9936007876 13 1 
8127 0.0000000172 11.9937246216 13 1 
8128 0.0000000183 11.9938484252 13 1 
8129 0.0000000182 11.9939721983 13 1 
8130 0.0000000191 11.9940959410 13 1 
8131 0.0000000172 11.9942196532 13 1 
8132 0.0000000175 11.9943433350 13 1 
8133 0.0000000178 11.9944669864 13 1 
8134 0.0000000176 11.9945906073 13 1 
8135 0.0000000187 11.9947141979 13 1 
8136 0.0000000182 11.9948377581 13 1 
8137 0.0000000203 11.9949612879 13 1 
8138 0.0000000195 11.9950847874 13 1 
8139 0.0000000189 11.9952082565 13 1 
8140 0.0000000198 11.9953316953 13 1 
8141 0.0000000189 11.9954551038 13 1 
8142 0.0000000178 11.9955784819 13 1 
8143 0.0000000173 11.9957018298 13 1 
8144 0.0000000184 11.9958251473 13 1 
8145 0.0000000182 11.9959484346 13 1 
8146 0.0000000185 11.9960716916 13 1 
8147 0.0000000190 11.9961949184 13 1 
8148 0.0000000190 11.9963181149 13 1 
8149 0.0000000173 11.9964412811 13 1 
8150 0.0000000173 11.9965644172 13 1 
8151 0.0000000182 11.9966875230 13 1 
8152 0.0000000190 11.9968105986 13 1 
8153 0.0000000193 11.9969336441 13 1 
8154 0.0000000182 11.9970566593 13 1 
8155 0.0000000177 11.9971796444 13 1 
8156 0.0000000181 11.9973025993 13 1 
8157 0.0000000184 11.9974255241 13 1 
8158 0.0000000200 11.9975484187 13 1 
8159 0.0000000186 11.9976712832 13 1 
8160 0.0000000184 11.9977941176 13 1 
8161 0.0000000190 11.9979169219 13 1 
8162 0.0000000192 11.9980396962 13 1 
8163 0.0000000194 11.9981624403 13 1 
8164 0.0000000176 11.9982851543 13 1 
8165 0.0000000192 11.9984078383 13 1 
8166 0.0000000197 11.9985304923 13 1 
8167 0.0000000187 11.9986531162 13 1 
8168 0.0000000192 11.9987757101 13 1 
8169 0.0000000182 11.9988982740 13 1 
8170 0.0000000195 11.9990208078 13 1 
8171 0.0000000188 11.9991433117 13 1 
8172 0.0000000208 11.9992657856 13 1 
8173 0.0000000185 11.9993882295 13 1 
8174 0.0000000193 11.9995106435 13 1 
8175 0.0000000185 11.9996330275 13 1 
8176 0.0000000190 11.9997553816 13 1 
8177 0.0000000199 11.9998777058 13 1 
8178 0.0000000188 12.0000000000 13 1 
8179 0.0000000194 12.0001222643 13 1 
8180 0.0000000186 12.0002444988 13 1 
8181 0.0000000191 12.0003667033 13 1 
8182 0.0000000181 12.0004888780 13 1 
8183 0.0000000186 12.0006110229 13 1 
8184 0.0000000176 12.0007331378 13 1 
8185 0.0000000175 12.0008552230 13 1 
8186 0.0000000173 12.0009772783 13 1 
8187 0.0000000181 12.0010993038 13 1 
8188 0.0000000181 12.0012212995 13 1 
8189 0.0000000200 12.0013432654 13 1 
8190 0.0000000172 12.0014652015 13 1 
8191 0.0000000176 12.0015871078 13 1 
8192 0.0000000172 12.0018310547 14 1 
8193 0.0000000181 12.0020749420 14 1 
8194 0.0000000179 12.0023187698 14 1 
8195 0.0000000204 12.0025625381 14 1 
8196 0.0000000185 12.0028062469 14 1 
8197 0.0000000188 12.0030498963 14 1 
8198 0.0000000189 12.0032934862 14 1 
8199 0.0000000190 12.0035370167 14 1 
8200 0.0000000173 12.0037804878 14 1 
8201 0.0000000190 12.0040238995 14 1 
8202 0.0000000198 12.0042672519 14 1 
8203 0.0000000189 12.0045105449 14 1 
8204 0.0000000190 12.0047537786 14 1 
8205 0.0000000189 12.0049969531 14 1 
8206 0.0000000190 12.0052400682 14 1 
8207 0.0000000173 12.0054831242 14 1 
8208 0.0000000185 12.0057261209 14 1 
8209 0.0000000178 12.0059690584 14 1 
8210 0.0000000179 12.0062119367 14 1 
8211 0.0000000179 12.0064547558 14 1 
8212 0.0000000264 12.0066975158 14 1 
8213 0.0000000248 12.0069402167 14 1 
8214 0.0000000276 12.0071828585 14 1 
8215 0.0000000189 12.0074254413 14 1 
8216 0.0000000196 12.0076679649 14 1 
8217 0.0000000189 12.0079104296 14 1 
8218 0.0000000228 12.0081528352 14 1 
8219 0.0000000220 12.0083951819 14 1 
8220 0.0000000241 12.0086374696 14 1 
8221 0.0000000214 12.0088796983 14 1 
8222 0.0000000213 12.0091218682 14 1 
8223 0.0000000226 12.0093639791 14 1 
8224 0.0000000223 12.0096060311 14 1 
8225 0.0000000227 12.0098480243 14 1 
8226 0.0000000225 12.0100899587 14 1 
8227 0.0000000220 12.0103318342 14 1 
8228 0.0000000226 12.0105736509 14 1 
8229 0.0000000221 12.0108154089 14 1 
8230 0.0000000239 12.0110571081 14 1 
8231 0.0000000222 12.0112987486 14 1 
8232 0.0000000210 12.0115403304 14 1 
8233 0.0000000227 12.0117818535 14 1 
8234 0.0000000236 12.0120233179 14 1 
8235 0.0000000219 12.0122647237 14 1 
8236 0.0000000216 12.0125060709 14 1 
8237 0.0000000204 12.0127473595 14 1 
8238 0.0000000225 12.0129885895 14 1 
8239 0.0000000226 12.0132297609 14 1 
8240 0.0000000214 12.0134708738 14 1 
8241 0.0000000226 12.0137119282 14 1 
8242 0.0000000220 12.0139529240 14 1 
8243 0.0000000224 12.0141938615 14 1 
8244 0.0000000223 12.0144347404 14 1 
8245 0.0000000224 12.0146755609 14 1 
8246 0.0000000226 12.0149163231 14 1 
8247 0.0000000219 12.0151570268 14 1 
8248 0.0000000226 12.0153976722 14 1 
8249 0.0000000225 12.0156382592 14 1 
8250 0.0000000225 12.0158787879 14 1 
8251 0.0000000211 12.0161192583 14 1 
8252 0.0000000225 12.0163596704 14 1 
8253 0.0000000225 12.0166000242 14 1 
8254 0.0000000216 12.0168403198 14 1 
8255 0.0000000219 12.0170805572 14 1 
8256 0.0000000225 12.0173207364 14 1 
8257 0.0000000237 12.0175608575 14 1 
8258 0.0000000219 12.0178009203 14 1 
8259 0.0000000208 12.0180409251 14 1 
8260 0.0000000225 12.0182808717 14 1 
8261 0.0000000235 12.0185207602 14 1 
8262 0.0000000205 12.0187605907 14 1 
8263 0.0000000225 12.0190003631 14 1 
8264 0.0000000227 12.0192400774 14 1 
8265 0.0000000220 12.0194797338 14 1 
8266 0.0000000207 12.0197193322 14 1 
8267 0.0000000226 12.0199588726 14 1 
8268 0.0000000220 12.0201983551 14 1 
8269 0.0000000226 12.0204377797 14 1 
8270 0.0000000225 12.0206771463 14 1 
8271 0.0000000218 12.0209164551 14 1 
8272 0.0000000220 12.0211557060 14 1 
8273 0.0000000203 12.0213948991 14 1 
8274 0.0000000234 12.0216340343 14 1 
8275 0.0000000225 12.0218731118 14 1 
8276 0.0000000219 12.0221121315 14 1 
8277 0.0000000225 12.0223510934 14 1 
8278 0.0000000225 12.0225899976 14 1 
8279 0.0000000210 12.0228288441 14 1 
8280 0.0000000225 12.0230676329 14 1 
8281 0.0000000231 12.0233063640 14 1 
8282 0.0000000217 12.0235450374 14 1 
8283 0.0000000223 12.0237836533 14 1 
8284 0.0000000226 12.0240222115 14 1 
8285 0.0000000214 12.0242607121 14 1 
8286 0.0000000226 12.0244991552 14 1 
8287 0.0000000232 12.0247375407 14 1 
8288 0.0000000212 12.0249758687 14 1 
8289 0.0000000224 12.0252141392 14 1 
8290 0.0000000239 12.0254523522 14 1 
8291 0.0000000213 12.0256905078 14 1 
8292 0.0000000226 12.0259286059 14 1 
8293 0.0000000224 12.0261666466 14 1 
8294 0.0000000218 12.0264046299 14 1 
8295 0.0000000225 12.0266425558 14 1 
8296 0.0000000230 12.0268804243 14 1 
8297 0.0000000225 12.0271182355 14 1 
8298 0.0000000225 12.0273559894 14 1 
8299 0.0000000217 12.0275936860 14 1 
8300 0.0000000227 12.0278313253 14 1 
8301 0.0000000225 12.0280689074 14 1 
8302 0.0000000211 12.0283064322 14 1 
8303 0.0000000225 12.0285438998 14 1 
8304 0.0000000214 12.0287813102 14 1 
8305 0.0000000230 12.0290186635 14 1 
8306 0.0000000238 12.0292559595 14 1 
8307 0.0000000225 12.0294931985 14 1 
8308 0.0000000226 12.0297303804 14 1 
8309 0.0000000225 12.0299675051 14 1 
8310 0.0000000230 12.0302045728 14 1 
8311 0.0000000225 12.0304415834 14 1 
8312 0.0000000227 12.0306785371 14 1 
8313 0.0000000231 12.0309154337 14 1 
8314 0.0000000245 12.0311522733 14 1 
8315 0.0000000226 12.0313890559 14 1 
8316 0.0000000226 12.0316257816 14 1 
8317 0.0000000225 12.0318624504 14 1 
8318 0.0000000225 12.0320990623 14 1 
8319 0.0000000218 12.0323356173 14 1 
8320 0.0000000232 12.0325721154 14 1 
8321 0.0000000226 12.0328085567 14 1 
8322 0.0000000204 12.0330449411 14 1 
8323 0.0000000226 12.0332812688 14 1 
8324 0.0000000220 12.0335175396 14 1 
8325 0.0000000233 12.0337537538 14 1 
8326 0.0000000226 12.0339899111 14 1 
8327 0.0000000223 12.0342260118 14 1 
8328 0.0000000232 12.0344620557 14 1 
8329 0.0000000226 12.0346980430 14 1 
8330 0.0000000228 12.0349339736 14 1 
8331 0.0000000226 12.0351698476 14 1 
8332 0.0000000216 12.0354056649 14 1 
8333 0.0000000226 12.0356414257 14 1 
8334 0.0000000236 12.0358771298 14 1 
8335 0.0000000226 12.0361127774 14 1 
8336 0.0000000226 12.0363483685 14 1 
8337 0.0000000223 12.0365839031 14 1 
8338 0.0000000227 12.0368193811 14 1 
8339 0.0000000225 12.0370548027 14 1 
8340 0.0000000223 12.0372901679 14 1 
8341 0.0000000227 12.0375254766 14 1 
8342 0.0000000209 12.0377607288 14 1 
8343 0.0000000242 12.0379959247 14 1 
8344 0.0000000218 12.0382310642 14 1 
8345 0.0000000225 12.0384661474 14 1 
8346 0.0000000219 12.0387011742 14 1 
8347 0.0000000355 12.0389361447 14 1 
8348 0.0000000658 12.0391710589 14 1 
8349 0.0000000325 12.0394059169 14 1 
8350 0.0000000277 12.0396407186 14 1 
8351 0.0000000377 12.0398754640 14 1 
8352 0.0000000266 12.0401101533 14 1 
8353 0.0000000256 12.0403447863 14 1 
8354 0.0000000265 12.0405793632 14 1 
8355 0.0000000272 12.0408138839 14 1 
8356 0.0000000237 12.0410483485 14 1 
8357 0.0000000233 12.0412827570 14 1 
8358 0.0000000229 12.0415171094 14 1 
8359 0.0000000223 12.0417514057 14 1 
8360 0.0000000222 12.0419856459 14 1 
8361 0.0000000219 12.0422198302 14 1 
8362 0.0000000218 12.0424539584 14 1 
8363 0.0000000203 12.0426880306 14 1 
8364 0.0000000255 12.0429220469 14 1 
8365 0.0000000218 12.0431560072 14 1 
8366 0.0000000318 12.0433899115 14 1 
8367 0.0000000287 12.0436237600 14 1 
8368 0.0000000257 12.0438575526 14 1 
8369 0.0000000246 12.0440912893 14 1 
8370 0.0000000247 12.0443249701 14 1 
8371 0.0000000215 12.0445585951 14 1 
8372 0.0000000231 12.0447921644 14 1 
8373 0.0000000208 12.0450256778 14 1 
8374 0.0000000213 12.0452591354 14 1 
8375 0.0000000224 12.0454925373 14 1 
8376 0.0000000208 12.0457258835 14 1 
8377 0.0000000254 12.0459591739 14 1 
8378 0.0000000206 12.0461924087 14 1 
8379 0.0000000220 12.0464255878 14 1 
8380 0.0000000210 12.0466587112 14 1 
8381 0.0000000211 12.0468917790 14 1 
8382 0.0000000206 12.0471247912 14 1 
8383 0.0000000197 12.0473577478 14 1 
8384 0.0000000184 12.0475906489 14 1 
8385 0.0000000200 12.0478234943 14 1 
8386 0.0000000185 12.0480562843 14 1 
8387 0.0000000233 12.0482890187 14 1 
8388 0.0000000182 12.0485216977 14 1 
8389 0.0000000205 12.0487543211 14 1 
8390 0.0000000181 12.0489868892 14 1 
8391 0.0000000197 12.0492194017 14 1 
8392 0.0000000185 12.0494518589 14 1 
8393 0.0000000199 12.0496842607 14 1 
8394 0.0000000180 12.0499166071 14 1 
8395 0.0000000199 12.0501488982 14 1 
8396 0.0000000187 12.0503811339 14 1 
8397 0.0000000199 12.0506133143 14 1 
8398 0.0000000181 12.0508454394 14 1 
8399 0.0000000199 12.0510775092 14 1 
8400 0.0000000200 12.0513095238 14 1 
8401 0.0000000180 12.0515414832 14 1 
8402 0.0000000193 12.0517733873 14 1 
8403 0.0000000179 12.0520052362 14 1 
8404 0.0000000188 12.0522370300 14 1 
8405 0.0000000198 12.0524687686 14 1 
8406 0.0000000180 12.0527004521 14 1 
8407 0.0000000199 12.0529320804 14 1 
8408 0.0000000186 12.0531636537 14 1 
8409 0.0000000197 12.0533951718 14 1 
8410 0.0000000194 12.0536266350 14 1 
8411 0.0000000196 12.0538580430 14 1 
8412 0.0000000189 12.0540893961 14 1 
8413 0.0000000185 12.0543206942 14 1 
8414 0.0000000198 12.0545519372 14 1 
8415 0.0000000198 12.0547831254 14 1 
8416 0.0000000198 12.0550142586 14 1 
8417 0.0000000192 12.0552453368 14 1 
8418 0.0000000194 12.0554763602 14 1 
8419 0.0000000200 12.0557073287 14 1 
8420 0.0000000188 12.0559382423 14 1 
8421 0.0000000297 12.0561691011 14 1 
8422 0.0000000209 12.0563999050 14 1 
8423 0.0000000209 12.0566306542 14 1 
8424 0.0000000198 12.0568613485 14 1 
8425 0.0000000208 12.0570919881 14 1 
8426 0.0000000221 12.0573225730 14 1 
8427 0.0000000202 12.0575531031 14 1 
8428 0.0000000191 12.0577835785 14 1 
8429 0.0000000216 12.0580139993 14 1 
8430 0.0000000190 12.0582443654 14 1 
8431 0.0000000210 12.0584746768 14 1 
8432 0.0000000209 12.0587049336 14 1 
8433 0.0000000209 12.0589351358 14 1 
8434 0.0000000202 12.0591652834 14 1 
8435 0.0000000189 12.0593953764 14 1 
8436 0.0000000213 12.0596254149 14 1 
8437 0.0000000188 12.0598553988 14 1 
8438 0.0000000209 12.0600853283 14 1 
8439 0.0000000193 12.0603152032 14 1 
8440 0.0000000213 12.0605450237 14 1 
8441 0.0000000190 12.0607747897 14 1 
8442 0.0000000201 12.0610045013 14 1 
8443 0.0000000188 12.0612341585 14 1 
8444 0.0000000206 12.0614637613 14 1 
8445 0.0000000188 12.0616933097 14 1 
8446 0.0000000201 12.0619228037 14 1 
8447 0.0000000188 12.0621522434 14 1 
8448 0.0000000210 12.0623816288 14 1 
8449 0.0000000207 12.0626109599 14 1 
8450 0.0000000202 12.0628402367 14 1 
8451 0.0000000207 12.0630694592 14 1 
8452 0.0000000207 12.0632986275 14 1 
8453 0.0000000213 12.0635277416 14 1 
8454 0.0000000206 12.0637568015 14 1 
8455 0.0000000202 12.0639858072 14 1 
8456 0.0000000207 12.0642147588 14 1 
8457 0.0000000188 12.0644436561 14 1 
8458 0.0000000226 12.0646724994 14 1 
8459 0.0000000193 12.0649012886 14 1 
8460 0.0000000207 12.0651300236 14 1 
8461 0.0000000187 12.0653587046 14 1 
8462 0.0000000213 12.0655873316 14 1 
8463 0.0000000209 12.0658159045 14 1 
8464 0.0000000194 12.0660444234 14 1 
8465 0.0000000207 12.0662728884 14 1 
8466 0.0000000191 12.0665012993 14 1 
8467 0.0000000222 12.0667296563 14 1 
8468 0.0000000208 12.0669579594 14 1 
8469 0.0000000189 12.0671862085 14 1 
8470 0.0000000208 12.0674144038 14 1 
8471 0.0000000189 12.0676425452 14 1 
8472 0.0000000205 12.0678706327 14 1 
8473 0.0000000212 12.0680986664 14 1 
8474 0.0000000209 12.0683266462 14 1 
8475 0.0000000201 12.0685545723 14 1 
8476 0.0000000225 12.0687824445 14 1 
8477 0.0000000191 12.0690102631 14 1 
8478 0.0000000210 12.0692380278 14 1 
8479 0.0000000209 12.0694657389 14 1 
8480 0.0000000191 12.0696933962 14 1 
8481 0.0000000208 12.0699209999 14 1 
8482 0.0000000209 12.0701485499 14 1 
8483 0.0000000195 12.0703760462 14 1 
8484 0.0000000215 12.0706034889 14 1 
8485 0.0000000209 12.0708308780 14 1 
8486 0.0000000205 12.0710582135 14 1 
8487 0.0000000210 12.0712854955 14 1 
8488 0.0000000196 12.0715127238 14 1 
8489 0.0000000214 12.0717398987 14 1 
8490 0.0000000194 12.0719670200 14 1 
8491 0.0000000201 12.0721940879 14 1 
8492 0.0000000210 12.0724211022 14 1 
8493 0.0000000199 12.0726480631 14 1 
8494 0.0000000215 12.0728749706 14 1 
8495 0.0000000208 12.0731018246 14 1 
8496 0.0000000198 12.0733286252 14 1 
8497 0.0000000207 12.0735553725 14 1 
8498 0.0000000227 12.0737820664 14 1 
8499 0.0000000192 12.0740087069 14 1 
8500 0.0000000211 12.0742352941 14 1 
8501 0.0000000209 12.0744618280 14 1 
8502 0.0000000206 12.0746883086 14 1 
8503 0.0000000203 12.0749147360 14 1 
8504 0.0000000209 12.0751411101 14 1 
8505 0.0000000209 12.0753674309 14 1 
8506 0.0000000193 12.0755936986 14 1 
8507 0.0000000200 12.0758199130 14 1 
8508 0.0000000205 12.0760460743 14 1 
8509 0.0000000209 12.0762721824 14 1 
8510 0.0000000194 12.0764982374 14 1 
8511 0.0000000209 12.0767242392 14 1 
8512 0.0000000190 12.0769501880 14 1 
8513 0.0000000209 12.0771760836 14 1 
8514 0.0000000208 12.0774019262 14 1 
8515 0.0000000210 12.0776277158 14 1 
8516 0.0000000195 12.0778534523 14 1 
8517 0.0000000210 12.0780791358 14 1 
8518 0.0000000204 12.0783047664 14 1 
8519 0.0000000190 12.0785303439 14 1 
8520 0.0000000198 12.0787558685 14 1 
8521 0.0000000221 12.0789813402 14 1 
8522 0.0000000215 12.0792067590 14 1 
8523 0.0000000190 12.0794321248 14 1 
8524 0.0000000210 12.0796574378 14 1 
8525 0.0000000197 12.0798826979 14 1 
8526 0.0000000205 12.0801079052 14 1 
8527 0.0000000190 12.0803330597 14 1 
8528 0.0000000198 12.0805581614 14 1 
8529 0.0000000213 12.0807832102 14 1 
8530 0.0000000205 12.0810082063 14 1 
8531 0.0000000211 12.0812331497 14 1 
8532 0.0000000216 12.0814580403 14 1 
8533 0.0000000210 12.0816828782 14 1 
8534 0.0000000206 12.0819076635 14 1 
8535 0.0000000194 12.0821323960 14 1 
8536 0.0000000209 12.0823570759 14 1 
8537 0.0000000199 12.0825817032 14 1 
8538 0.0000000197 12.0828062778 14 1 
8539 0.0000000207 12.0830307999 14 1 
8540 0.0000000211 12.0832552693 14 1 
8541 0.0000000198 12.0834796862 14 1 
8542 0.0000000214 12.0837040506 14 1 
8543 0.0000000224 12.0839283624 14 1 
8544 0.0000000215 12.0841526217 14 1 
8545 0.0000000191 12.0843768286 14 1 
8546 0.0000000204 12.0846009829 14 1 
8547 0.0000000212 12.0848250848 14 1 
8548 0.0000000211 12.0850491343 14 1 
8549 0.0000000192 12.0852731314 14 1 
8550 0.0000000192 12.0854970760 14 1 
8551 0.0000000212 12.0857209683 14 1 
8552 0.0000000216 12.0859448082 14 1 
8553 0.0000000192 12.0861685958 14 1 
8554 0.0000000209 12.0863923311 14 1 
8555 0.0000000221 12.0866160140 14 1 
8556 0.0000000210 12.0868396447 14 1 
8557 0.0000000212 12.0870632231 14 1 
8558 0.0000000211 12.0872867492 14 1 
8559 0.0000000211 12.0875102232 14 1 
8560 0.0000000194 12.0877336449 14 1 
8561 0.0000000201 12.0879570144 14 1 
8562 0.0000000223 12.0881803317 14 1 
8563 0.0000000210 12.0884035969 14 1 
8564 0.0000000217 12.0886268099 14 1 
8565 0.0000000212 12.0888499708 14 1 
8566 0.0000000193 12.0890730796 14 1 
8567 0.0000000210 12.0892961363 14 1 
8568 0.0000000214 12.0895191410 14 1 
8569 0.0000000211 12.0897420936 14 1 
8570 0.0000000210 12.0899649942 14 1 
8571 0.0000000200 12.0901878427 14 1 
8572 0.0000000202 12.0904106393 14 1 
8573 0.0000000204 12.0906333839 14 1 
8574 0.0000000213 12.0908560765 14 1 
8575 0.0000000211 12.0910787172 14 1 
8576 0.0000000192 12.0913013060 14 1 
8577 0.0000000210 12.0915238428 14 1 
8578 0.0000000212 12.0917463278 14 1 
8579 0.0000000192 12.0919687609 14 1 
8580 0.0000000200 12.0921911422 14 1 
8581 0.0000000193 12.0924134716 14 1 
8582 0.0000000204 12.0926357492 14 1 
8583 0.0000000218 12.0928579751 14 1 
8584 0.0000000218 12.0930801491 14 1 
8585 0.0000000212 12.0933022714 14 1 
8586 0.0000000192 12.0935243420 14 1 
8587 0.0000000201 12.0937463608 14 1 
8588 0.0000000200 12.0939683279 14 1 
8589 0.0000000208 12.0941902433 14 1 
8590 0.0000000212 12.0944121071 14 1 
8591 0.0000000212 12.0946339192 14 1 
8592 0.0000000199 12.0948556797 14 1 
8593 0.0000000202 12.0950773886 14 1 
8594 0.0000000204 12.0952990458 14 1 
8595 0.0000000202 12.0955206515 14 1 
8596 0.0000000202 12.0957422057 14 1 
8597 0.0000000218 12.0959637083 14 1 
8598 0.0000000217 12.0961851593 14 1 
8599 0.0000000212 12.0964065589 14 1 
8600 0.0000000217 12.0966279070 14 1 
8601 0.0000000217 12.0968492036 14 1 
8602 0.0000000194 12.0970704487 14 1 
8603 0.0000000220 12.0972916425 14 1 
8604 0.0000000214 12.0975127848 14 1 
8605 0.0000000213 12.0977338757 14 1 
8606 0.0000000193 12.0979549152 14 1 
8607 0.0000000224 12.0981759033 14 1 
8608 0.0000000211 12.0983968401 14 1 
8609 0.0000000206 12.0986177256 14 1 
8610 0.0000000196 12.0988385598 14 1 
8611 0.0000000193 12.0990593427 14 1 
8612 0.0000000195 12.0992800743 14 1 
8613 0.0000000194 12.0995007547 14 1 
8614 0.0000000207 12.0997213838 14 1 
8615 0.0000000209 12.0999419617 14 1 
8616 0.0000000205 12.1001624884 14 1 
8617 0.0000000201 12.1003829639 14 1 
8618 0.0000000204 12.1006033883 14 1 
8619 0.0000000210 12.1008237615 14 1 
8620 0.0000000213 12.1010440835 14 1 
8621 0.0000000215 12.1012643545 14 1 
8622 0.0000000222 12.1014845743 14 1 
8623 0.0000000194 12.1017047431 14 1 
8624 0.0000000213 12.1019248609 14 1 
8625 0.0000000204 12.1021449275 14 1 
8626 0.0000000214 12.1023649432 14 1 
8627 0.0000000214 12.1025849078 14 1 
8628 0.0000000214 12.1028048215 14 1 
8629 0.0000000210 12.1030246842 14 1 
8630 0.0000000229 12.1032444959 14 1 
8631 0.0000000209 12.1034642567 14 1 
8632 0.0000000221 12.1036839666 14 1 
8633 0.0000000213 12.1039036256 14 1 
8634 0.0000000195 12.1041232337 14 1 
8635 0.0000000213 12.1043427910 14 1 
8636 0.0000000195 12.1045622974 14 1 
8637 0.0000000193 12.1047817529 14 1 
8638 0.0000000206 12.1050011577 14 1 
8639 0.0000000194 12.1052205116 14 1 
8640 0.0000000193 12.1054398148 14 1 
8641 0.0000000214 12.1056590672 14 1 
8642 0.0000000226 12.1058782689 14 1 
8643 0.0000000209 12.1060974199 14 1 
8644 0.0000000214 12.1063165201 14 1 
8645 0.0000000215 12.1065355697 14 1 
8646 0.0000000208 12.1067545686 14 1 
8647 0.0000000215 12.1069735168 14 1 
8648 0.0000000206 12.1071924144 14 1 
8649 0.0000000208 12.1074112614 14 1 
8650 0.0000000206 12.1076300578 14 1 
8651 0.0000000212 12.1078488036 14 1 
8652 0.0000000195 12.1080674988 14 1 
8653 0.0000000215 12.1082861435 14 1 
8654 0.0000000215 12.1085047377 14 1 
8655 0.0000000218 12.1087232813 14 1 
8656 0.0000000217 12.1089417745 14 1 
8657 0.0000000207 12.1091602172 14 1 
8658 0.0000000210 12.1093786094 14 1 
8659 0.0000000222 12.1095969511 14 1 
8660 0.0000000201 12.1098152425 14 1 
8661 0.0000000207 12.1100334834 14 1 
8662 0.0000000203 12.1102516740 14 1 
8663 0.0000000210 12.1104698142 14 1 
8664 0.0000000208 12.1106879040 14 1 
8665 0.0000000212 12.1109059435 14 1 
8666 0.0000000215 12.1111239326 14 1 
8667 0.0000000220 12.1113418715 14 1 
8668 0.0000000201 12.1115597600 14 1 
8669 0.0000000217 12.1117775983 14 1 
8670 0.0000000195 12.1119953864 14 1 
8671 0.0000000215 12.1122131242 14 1 
8672 0.0000000234 12.1124308118 14 1 
8673 0.0000000220 12.1126484492 14 1 
8674 0.0000000213 12.1128660364 14 1 
8675 0.0000000205 12.1130835735 14 1 
8676 0.0000000209 12.1133010604 14 1 
8677 0.0000000225 12.1135184972 14 1 
8678 0.0000000215 12.1137358838 14 1 
8679 0.0000000227 12.1139532204 14 1 
8680 0.0000000214 12.1141705069 14 1 
8681 0.0000000206 12.1143877433 14 1 
8682 0.0000000195 12.1146049297 14 1 
8683 0.0000000217 12.1148220661 14 1 
8684 0.0000000211 12.1150391525 14 1 
8685 0.0000000222 12.1152561888 14 1 
8686 0.0000000213 12.1154731752 14 1 
8687 0.0000000221 12.1156901117 14 1 
8688 0.0000000214 12.1159069982 14 1 
8689 0.0000000205 12.1161238347 14 1 
8690 0.0000000216 12.1163406214 14 1 
8691 0.0000000196 12.1165573582 14 1 
8692 0.0000000244 12.1167740451 14 1 
8693 0.0000000196 12.1169906822 14 1 
8694 0.0000000216 12.1172072694 14 1 
8695 0.0000000216 12.1174238068 14 1 
8696 0.0000000216 12.1176402944 14 1 
8697 0.0000000199 12.1178567322 14 1 
8698 0.0000000215 12.1180731203 14 1 
8699 0.0000000221 12.1182894586 14 1 
8700 0.0000000222 12.1185057471 14 1 
8701 0.0000000216 12.1187219860 14 1 
8702 0.0000000210 12.1189381751 14 1 
8703 0.0000000200 12.1191543146 14 1 
8704 0.0000000217 12.1193704044 14 1 
8705 0.0000000217 12.1195864446 14 1 
8706 0.0000000210 12.1198024351 14 1 
8707 0.0000000196 12.1200183760 14 1 
8708 0.0000000233 12.1202342673 14 1 
8709 0.0000000218 12.1204501091 14 1 
8710 0.0000000206 12.1206659013 14 1 
8711 0.0000000218 12.1208816439 14 1 
8712 0.0000000217 12.1210973370 14 1 
8713 0.0000000210 12.1213129806 14 1 
8714 0.0000000220 12.1215285747 14 1 
8715 0.0000000216 12.1217441193 14 1 
8716 0.0000000229 12.1219596145 14 1 
8717 0.0000000232 12.1221750602 14 1 
8718 0.0000000232 12.1223904565 14 1 
8719 0.0000000212 12.1226058034 14 1 
8720 0.0000000205 12.1228211009 14 1 
8721 0.0000000216 12.1230363490 14 1 
8722 0.0000000228 12.1232515478 14 1 
8723 0.0000000216 12.1234666972 14 1 
8724 0.0000000213 12.1236817973 14 1 
8725 0.0000000209 12.1238968481 14 1 
8726 0.0000000197 12.1241118496 14 1 
8727 0.0000000218 12.1243268019 14 1 
8728 0.0000000231 12.1245417049 14 1 
8729 0.0000000210 12.1247565586 14 1 
8730 0.0000000197 12.1249713631 14 1 
8731 0.0000000223 12.1251861184 14 1 
8732 0.0000000223 12.1254008246 14 1 
8733 0.0000000206 12.1256154815 14 1 
8734 0.0000000211 12.1258300893 14 1 
8735 0.0000000197 12.1260446480 14 1 
8736 0.0000000213 12.1262591575 14 1 
8737 0.0000000211 12.1264736179 14 1 
8738 0.0000000214 12.1266880293 14 1 
8739 0.0000000204 12.1269023916 14 1 
8740 0.0000000197 12.1271167048 14 1 
8741 0.0000000223 12.1273309690 14 1 
8742 0.0000000202 12.1275451842 14 1 
8743 0.0000000223 12.1277593503 14 1 
8744 0.0000000218 12.1279734675 14 1 
8745 0.0000000204 12.1281875357 14 1 
8746 0.0000000218 12.1284015550 14 1 
8747 0.0000000212 12.1286155253 14 1 
8748 0.0000000216 12.1288294467 14 1 
8749 0.0000000210 12.1290433192 14 1 
8750 0.0000000199 12.1292571429 14 1 
8751 0.0000000198 12.1294709176 14 1 
8752 0.0000000238 12.1296846435 14 1 
8753 0.0000000203 12.1298983206 14 1 
8754 0.0000000232 12.1301119488 14 1 
8755 0.0000000211 12.1303255283 14 1 
8756 0.0000000215 12.1305390589 14 1 
8757 0.0000000209 12.1307525408 14 1 
8758 0.0000000199 12.1309659740 14 1 
8759 0.0000000225 12.1311793584 14 1 
8760 0.0000000212 12.1313926941 14 1 
8761 0.0000000202 12.1316059811 14 1 
8762 0.0000000215 12.1318192194 14 1 
8763 0.0000000219 12.1320324090 14 1 
8764 0.0000000215 12.1322455500 14 1 
8765 0.0000000219 12.1324586423 14 1 
8766 0.0000000225 12.1326716861 14 1 
8767 0.0000000222 12.1328846812 14 1 
8768 0.0000000202 12.1330976277 14 1 
8769 0.0000000220 12.1333105257 14 1 
8770 0.0000000336 12.1335233751 14 1 
8771 0.0000000259 12.1337361760 14 1 
8772 0.0000000284 12.1339489284 14 1 
8773 0.0000000268 12.1341616323 14 1 
8774 0.0000000237 12.1343742877 14 1 
8775 0.0000000227 12.1345868946 14 1 
8776 0.0000000215 12.1347994531 14 1 
8777 0.0000000208 12.1350119631 14 1 
8778 0.0000000236 12.1352244247 14 1 
8779 0.0000000211 12.1354368379 14 1 
8780 0.0000000207 12.1356492027 14 1 
8781 0.0000000192 12.1358615192 14 1 
8782 0.0000000219 12.1360737873 14 1 
8783 0.0000000211 12.1362860071 14 1 
8784 0.0000000189 12.1364981785 14 1 
8785 0.0000000204 12.1367103017 14 1 
8786 0.0000000200 12.1369223765 14 1 
8787 0.0000000196 12.1371344031 14 1 
8788 0.0000000187 12.1373463814 14 1 
8789 0.0000000191 12.1375583115 14 1 
8790 0.0000000205 12.1377701934 14 1 
8791 0.0000000193 12.1379820271 14 1 
8792 0.0000000221 12.1381938126 14 1 
8793 0.0000000206 12.1384055499 14 1 
8794 0.0000000197 12.1386172390 14 1 
8795 0.0000000190 12.1388288800 14 1 
8796 0.0000000210 12.1390404729 14 1 
8797 0.0000000197 12.1392520177 14 1 
8798 0.0000000186 12.1394635144 14 1 
8799 0.0000000205 12.1396749631 14 1 
8800 0.0000000203 12.1398863636 14 1 
8801 0.0000000298 12.1400977162 14 1 
8802 0.0000000210 12.1403090207 14 1 
8803 0.0000000432 12.1405202772 14 1 
8804 0.0000000283 12.1407314857 14 1 
8805 0.0000000291 12.1409426462 14 1 
8806 0.0000000270 12.1411537588 14 1 
8807 0.0000000271 12.1413648234 14 1 
8808 0.0000000278 12.1415758401 14 1 
8809 0.0000000286 12.1417868089 14 1 
8810 0.0000000286 12.1419977299 14 1 
8811 0.0000000288 12.1422086029 14 1 
8812 0.0000000266 12.1424194281 14 1 
8813 0.0000000268 12.1426302054 14 1 
8814 0.0000000275 12.1428409349 14 1 
8815 0.0000000281 12.1430516166 14 1 
8816 0.0000000245 12.1432622505 14 1 
8817 0.0000000272 12.1434728366 14 1 
8818 0.0000000247 12.1436833749 14 1 
8819 0.0000000234 12.1438938655 14 1 
8820 0.0000000234 12.1441043084 14 1 
8821 0.0000000264 12.1443147035 14 1 
8822 0.0000000311 12.1445250510 14 1 
8823 0.0000000284 12.1447353508 14 1 
8824 0.0000000301 12.1449456029 14 1 
8825 0.0000000222 12.1451558074 14 1 
8826 0.0000000228 12.1453659642 14 1 
8827 0.0000000211 12.1455760734 14 1 
8828 0.0000000295 12.1457861350 14 1 
8829 0.0000000265 12.1459961491 14 1 
8830 0.0000000254 12.1462061155 14 1 
8831 0.0000000273 12.1464160344 14 1 
8832 0.0000000236 12.1466259058 14 1 
8833 0.0000000239 12.1468357297 14 1 
8834 0.0000000238 12.1470455060 14 1 
8835 0.0000000290 12.1472552349 14 1 
8836 0.0000000274 12.1474649163 14 1 
8837 0.0000000285 12.1476745502 14 1 
8838 0.0000000270 12.1478841367 14 1 
8839 0.0000000286 12.1480936758 14 1 
8840 0.0000000436 12.1483031674 14 1 
8841 0.0000000258 12.1485126117 14 1 
8842 0.0000000253 12.1487220086 14 1 
8843 0.0000000270 12.1489313581 14 1 
8844 0.0000000232 12.1491406603 14 1 
8845 0.0000000230 12.1493499152 14 1 
8846 0.0000000260 12.1495591228 14 1 
8847 0.0000000269 12.1497682830 14 1 
8848 0.0000000220 12.1499773960 14 1 
8849 0.0000000231 12.1501864617 14 1 
8850 0.0000000249 12.1503954802 14 1 
8851 0.0000000224 12.1506044515 14 1 
8852 0.0000000228 12.1508133755 14 1 
8853 0.0000000220 12.1510222523 14 1 
8854 0.0000000208 12.1512310820 14 1 
8855 0.0000000207 12.1514398645 14 1 
8856 0.0000000203 12.1516485998 14 1 
8857 0.0000000210 12.1518572880 14 1 
8858 0.0000000209 12.1520659291 14 1 
8859 0.0000000201 12.1522745231 14 1 
8860 0.0000000230 12.1524830700 14 1 
8861 0.0000000192 12.1526915698 14 1 
8862 0.0000000203 12.1529000226 14 1 
8863 0.0000000223 12.1531084283 14 1 
8864 0.0000000199 12.1533167870 14 1 
8865 0.0000000204 12.1535250987 14 1 
8866 0.0000000189 12.1537333634 14 1 
8867 0.0000000209 12.1539415811 14 1 
8868 0.0000000194 12.1541497519 14 1 
8869 0.0000000202 12.1543578757 14 1 
8870 0.0000000194 12.1545659526 14 1 
8871 0.0000000209 12.1547739826 14 1 
8872 0.0000000187 12.1549819657 14 1 
8873 0.0000000204 12.1551899019 14 1 
8874 0.0000000193 12.1553977913 14 1 
8875 0.0000000204 12.1556056338 14 1 
8876 0.0000000203 12.1558134295 14 1 
8877 0.0000000193 12.1560211783 14 1 
8878 0.0000000208 12.1562288804 14 1 
8879 0.0000000204 12.1564365356 14 1 
8880 0.0000000203 12.1566441441 14 1 
8881 0.0000000208 12.1568517059 14 1 
8882 0.0000000195 12.1570592209 14 1 
8883 0.0000000204 12.1572666892 14 1 
8884 0.0000000190 12.1574741108 14 1 
8885 0.0000000203 12.1576814856 14 1 
8886 0.0000000204 12.1578888139 14 1 
8887 0.0000000194 12.1580960954 14 1 
8888 0.0000000204 12.1583033303 14 1 
8889 0.0000000183 12.1585105186 14 1 
8890 0.0000000186 12.1587176603 14 1 
8891 0.0000000207 12.1589247554 14 1 
8892 0.0000000202 12.1591318039 14 1 
8893 0.0000000201 12.1593388058 14 1 
8894 0.0000000191 12.1595457612 14 1 
8895 0.0000000202 12.1597526700 14 1 
8896 0.0000000185 12.1599595324 14 1 
8897 0.0000000203 12.1601663482 14 1 
8898 0.0000000183 12.1603731176 14 1 
8899 0.0000000203 12.1605798404 14 1 
8900 0.0000000194 12.1607865169 14 1 
8901 0.0000000201 12.1609931468 14 1 
8902 0.0000000203 12.1611997304 14 1 
8903 0.0000000188 12.1614062676 14 1 
8904 0.0000000209 12.1616127583 14 1 
8905 0.0000000203 12.1618192027 14 1 
8906 0.0000000184 12.1620256007 14 1 
8907 0.0000000203 12.1622319524 14 1 
8908 0.0000000214 12.1624382577 14 1 
8909 0.0000000208 12.1626445168 14 1 
8910 0.0000000194 12.1628507295 14 1 
8911 0.0000000203 12.1630568960 14 1 
8912 0.0000000212 12.1632630162 14 1 
8913 0.0000000184 12.1634690901 14 1 
8914 0.0000000199 12.1636751178 14 1 
8915 0.0000000203 12.1638810993 14 1 
8916 0.0000000203 12.1640870345 14 1 
8917 0.0000000190 12.1642929236 14 1 
8918 0.0000000204 12.1644987665 14 1 
8919 0.0000000204 12.1647045633 14 1 
8920 0.0000000193 12.1649103139 14 1 
8921 0.0000000204 12.1651160184 14 1 
8922 0.0000000194 12.1653216768 14 1 
8923 0.0000000216 12.1655272890 14 1 
8924 0.0000000188 12.1657328552 14 1 
8925 0.0000000195 12.1659383754 14 1 
8926 0.0000000204 12.1661438494 14 1 
8927 0.0000000187 12.1663492775 14 1 
8928 0.0000000206 12.1665546595 14 1 
8929 0.0000000204 12.1667599955 14 1 
8930 0.0000000187 12.1669652856 14 1 
8931 0.0000000197 12.1671705296 14 1 
8932 0.0000000204 12.1673757277 14 1 
8933 0.0000000205 12.1675808799 14 1 
8934 0.0000000185 12.1677859861 14 1 
8935 0.0000000201 12.1679910464 14 1 
8936 0.0000000203 12.1681960609 14 1 
8937 0.0000000219 12.1684010294 14 1 
8938 0.0000000209 12.1686059521 14 1 
8939 0.0000000206 12.1688108290 14 1 
8940 0.0000000204 12.1690156600 14 1 
8941 0.0000000209 12.1692204451 14 1 
8942 0.0000000187 12.1694251845 14 1 
8943 0.0000000199 12.1696298781 14 1 
8944 0.0000000203 12.1698345259 14 1 
8945 0.0000000205 12.1700391280 14 1 
8946 0.0000000190 12.1702436843 14 1 
8947 0.0000000190 12.1704481949 14 1 
8948 0.0000000196 12.1706526598 14 1 
8949 0.0000000197 12.1708570790 14 1 
8950 0.0000000204 12.1710614525 14 1 
8951 0.0000000196 12.1712657804 14 1 
8952 0.0000000204 12.1714700626 14 1 
8953 0.0000000204 12.1716742991 14 1 
8954 0.0000000207 12.1718784901 14 1 
8955 0.0000000188 12.1720826354 14 1 
8956 0.0000000200 12.1722867351 14 1 
8957 0.0000000204 12.1724907893 14 1 
8958 0.0000000218 12.1726947979 14 1 
8959 0.0000000190 12.1728987610 14 1 
8960 0.0000000204 12.1731026786 14 1 
8961 0.0000000204 12.1733065506 14 1 
8962 0.0000000210 12.1735103771 14 1 
8963 0.0000000201 12.1737141582 14 1 
8964 0.0000000205 12.1739178938 14 1 
8965 0.0000000211 12.1741215839 14 1 
8966 0.0000000192 12.1743252286 14 1 
8967 0.0000000199 12.1745288279 14 1 
8968 0.0000000205 12.1747323818 14 1 
8969 0.0000000201 12.1749358903 14 1 
8970 0.0000000211 12.1751393534 14 1 
8971 0.0000000186 12.1753427712 14 1 
8972 0.0000000198 12.1755461436 14 1 
8973 0.0000000214 12.1757494706 14 1 
8974 0.0000000215 12.1759527524 14 1 
8975 0.0000000217 12.1761559889 14 1 
8976 0.0000000186 12.1763591800 14 1 
8977 0.0000000209 12.1765623259 14 1 
8978 0.0000000186 12.1767654266 14 1 
8979 0.0000000198 12.1769684820 14 1 
8980 0.0000000202 12.1771714922 14 1 
8981 0.0000000205 12.1773744572 14 1 
8982 0.0000000205 12.1775773770 14 1 
8983 0.0000000206 12.1777802516 14 1 
8984 0.0000000208 12.1779830810 14 1 
8985 0.0000000189 12.1781858653 14 1 
8986 0.0000000193 12.1783886045 14 1 
8987 0.0000000195 12.1785912985 14 1 
8988 0.0000000202 12.1787939475 14 1 
8989 0.0000000201 12.1789965513 14 1 
8990 0.0000000199 12.1791991101 14 1 
8991 0.0000000208 12.1794016238 14 1 
8992 0.0000000202 12.1796040925 14 1 
8993 0.0000000211 12.1798065162 14 1 
8994 0.0000000187 12.1800088948 14 1 
8995 0.0000000189 12.1802112285 14 1 
8996 0.0000000189 12.1804135171 14 1 
8997 0.0000000201 12.1806157608 14 1 
8998 0.0000000207 12.1808179595 14 1 
8999 0.0000000206 12.1810201133 14 1 
9000 0.0000000207 12.1812222222 14 1 
9001 0.0000000292 12.1814242862 14 1 
9002 0.0000000218 12.1816263053 14 1 
9003 0.0000000230 12.1818282795 14 1 
9004 0.0000000279 12.1820302088 14 1 
9005 0.0000000418 12.1822320933 14 1 
9006 0.0000000281 12.1824339329 14 1 
9007 0.0000000276 12.1826357278 14 1 
9008 0.0000000280 12.1828374778 14 1 
9009 0.0000000272 12.1830391830 14 1 
9010 0.0000000285 12.1832408435 14 1 
9011 0.0000000273 12.1834424592 14 1 
9012 0.0000000254 12.1836440302 14 1 
9013 0.0000000270 12.1838455564 14 1 
9014 0.0000000263 12.1840470379 14 1 
9015 0.0000000231 12.1842484748 14 1 
9016 0.0000000301 12.1844498669 14 1 
9017 0.0000000294 12.1846512144 14 1 
9018 0.0000000235 12.1848525172 14 1 
9019 0.0000000279 12.1850537754 14 1 
9020 0.0000000259 12.1852549889 14 1 
9021 0.0000000236 12.1854561579 14 1 
9022 0.0000000308 12.1856572822 14 1 
9023 0.0000000270 12.1858583620 14 1 
9024 0.0000000289 12.1860593972 14 1 
9025 0.0000000219 12.1862603878 14 1 
9026 0.0000000220 12.1864613339 14 1 
9027 0.0000000234 12.1866622355 14 1 
9028 0.0000000207 12.1868630926 14 1 
9029 0.0000000227 12.1870639052 14 1 
9030 0.0000000225 12.1872646733 14 1 
9031 0.0000000252 12.1874653970 14 1 
9032 0.0000000224 12.1876660762 14 1 
9033 0.0000000223 12.1878667109 14 1 
9034 0.0000000227 12.1880673013 14 1 
9035 0.0000000217 12.1882678473 14 1 
9036 0.0000000214 12.1884683488 14 1 
9037 0.0000000229 12.1886688060 14 1 
9038 0.0000000222 12.1888692189 14 1 
9039 0.0000000232 12.1890695873 14 1 
9040 0.0000000226 12.1892699115 14 1 
9041 0.0000000244 12.1894701914 14 1 
9042 0.0000000252 12.1896704269 14 1 
9043 0.0000000247 12.1898706182 14 1 
9044 0.0000000253 12.1900707651 14 1 
9045 0.0000000227 12.1902708679 14 1 
9046 0.0000000230 12.1904709264 14 1 
9047 0.0000000197 12.1906709406 14 1 
9048 0.0000000199 12.1908709107 14 1 
9049 0.0000000215 12.1910708366 14 1 
9050 0.0000000211 12.1912707182 14 1 
9051 0.0000000188 12.1914705557 14 1 
9052 0.0000000191 12.1916703491 14 1 
9053 0.0000000201 12.1918700983 14 1 
9054 0.0000000190 12.1920698034 14 1 
9055 0.0000000184 12.1922694644 14 1 
9056 0.0000000192 12.1924690813 14 1 
9057 0.0000000185 12.1926686541 14 1 
9058 0.0000000192 12.1928681828 14 1 
9059 0.0000000189 12.1930676675 14 1 
9060 0.0000000201 12.1932671082 14 1 
9061 0.0000000190 12.1934665048 14 1 
9062 0.0000000190 12.1936658574 14 1 
9063 0.0000000195 12.1938651661 14 1 
9064 0.0000000199 12.1940644307 14 1 
9065 0.0000000193 12.1942636514 14 1 
9066 0.0000000203 12.1944628281 14 1 
9067 0.0000000203 12.1946619610 14 1 
9068 0.0000000208 12.1948610498 14 1 
9069 0.0000000203 12.1950600948 14 1 
9070 0.0000000200 12.1952590959 14 1 
9071 0.0000000183 12.1954580531 14 1 
9072 0.0000000196 12.1956569665 14 1 
9073 0.0000000214 12.1958558360 14 1 
9074 0.0000000187 12.1960546617 14 1 
9075 0.0000000190 12.1962534435 14 1 
9076 0.0000000207 12.1964521816 14 1 
9077 0.0000000192 12.1966508758 14 1 
9078 0.0000000187 12.1968495263 14 1 
9079 0.0000000203 12.1970481331 14 1 
9080 0.0000000208 12.1972466960 14 1 
9081 0.0000000216 12.1974452153 14 1 
9082 0.0000000186 12.1976436908 14 1 
9083 0.0000000206 12.1978421226 14 1 
9084 0.0000000183 12.1980405108 14 1 
9085 0.0000000203 12.1982388553 14 1 
9086 0.0000000277 12.1984371561 14 1 
9087 0.0000000272 12.1986354132 14 1 
9088 0.0000000260 12.1988336268 14 1 
9089 0.0000000265 12.1990317967 14 1 
9090 0.0000000243 12.1992299230 14 1 
9091 0.0000000241 12.1994280057 14 1 
9092 0.0000000234 12.1996260449 14 1 
9093 0.0000000221 12.1998240405 14 1 
9094 0.0000000246 12.2000219925 14 1 
9095 0.0000000230 12.2002199010 14 1 
9096 0.0000000230 12.2004177661 14 1 
9097 0.0000000231 12.2006155876 14 1 
9098 0.0000000207 12.2008133656 14 1 
9099 0.0000000211 12.2010111001 14 1 
9100 0.0000000198 12.2012087912 14 1 
9101 0.0000000201 12.2014064389 14 1 
9102 0.0000000216 12.2016040431 14 1 
9103 0.0000000231 12.2018016039 14 1 
9104 0.0000000210 12.2019991213 14 1 
9105 0.0000000201 12.2021965953 14 1 
9106 0.0000000205 12.2023940259 14 1 
9107 0.0000000215 12.2025914132 14 1 
9108 0.0000000218 12.2027887571 14 1 
9109 0.0000000214 12.2029860577 14 1 
9110 0.0000000206 12.2031833150 14 1 
9111 0.0000000202 12.2033805290 14 1 
9112 0.0000000195 12.2035776997 14 1 
9113 0.0000000218 12.2037748272 14 1 
9114 0.0000000208 12.2039719113 14 1 
9115 0.0000000205 12.2041689523 14 1 
9116 0.0000000201 12.2043659500 14 1 
9117 0.0000000193 12.2045629045 14 1 
9118 0.0000000214 12.2047598157 14 1 
9119 0.0000000214 12.2049566838 14 1 
9120 0.0000000211 12.2051535088 14 1 
9121 0.0000000208 12.2053502905 14 1 
9122 0.0000000197 12.2055470292 14 1 
9123 0.0000000218 12.2057437247 14 1 
9124 0.0000000216 12.2059403770 14 1 
9125 0.0000000206 12.2061369863 14 1 
9126 0.0000000204 12.2063335525 14 1 
9127 0.0000000195 12.2065300756 14 1 
9128 0.0000000217 12.2067265557 14 1 
9129 0.0000000207 12.2069229927 14 1 
9130 0.0000000212 12.2071193866 14 1 
9131 0.0000000212 12.2073157376 14 1 
9132 0.0000000212 12.2075120456 14 1 
9133 0.0000000199 12.2077083105 14 1 
9134 0.0000000210 12.2079045325 14 1 
9135 0.0000000217 12.2081007115 14 1 
9136 0.0000000207 12.2082968476 14 1 
9137 0.0000000212 12.2084929408 14 1 
9138 0.0000000211 12.2086889910 14 1 
9139 0.0000000202 12.2088849984 14 1 
9140 0.0000000217 12.2090809628 14 1 
9141 0.0000000212 12.2092768844 14 1 
9142 0.0000000208 12.2094727631 14 1 
9143 0.0000000203 12.2096685989 14 1 
9144 0.0000000211 12.2098643920 14 1 
9145 0.0000000192 12.2100601422 14 1 
9146 0.0000000211 12.2102558496 14 1 
9147 0.0000000201 12.2104515142 14 1 
9148 0.0000000201 12.2106471360 14 1 
9149 0.0000000192 12.2108427151 14 1 
9150 0.0000000213 12.2110382514 14 1 
9151 0.0000000216 12.2112337449 14 1 
9152 0.0000000211 12.2114291958 14 1 
9153 0.0000000209 12.2116246040 14 1 
9154 0.0000000203 12.2118199694 14 1 
9155 0.0000000202 12.2120152922 14 1 
9156 0.0000000215 12.2122105723 14 1 
9157 0.0000000213 12.2124058098 14 1 
9158 0.0000000214 12.2126010046 14 1 
9159 0.0000000207 12.2127961568 14 1 
9160 0.0000000212 12.2129912664 14 1 
9161 0.0000000211 12.2131863334 14 1 
9162 0.0000000198 12.2133813578 14 1 
9163 0.0000000216 12.2135763396 14 1 
9164 0.0000000220 12.2137712789 14 1 
9165 0.0000000217 12.2139661757 14 1 
9166 0.0000000203 12.2141610299 14 1 
9167 0.0000000193 12.2143558416 14 1 
9168 0.0000000213 12.2145506108 14 1 
9169 0.0000000203 12.2147453376 14 1 
9170 0.0000000210 12.2149400218 14 1 
9171 0.0000000216 12.2151346636 14 1 
9172 0.0000000201 12.2153292630 14 1 
9173 0.0000000213 12.2155238199 14 1 
9174 0.0000000214 12.2157183344 14 1 
9175 0.0000000204 12.2159128065 14 1 
9176 0.0000000214 12.2161072363 14 1 
9177 0.0000000206 12.2163016236 14 1 
9178 0.0000000218 12.2164959686 14 1 
9179 0.0000000214 12.2166902713 14 1 
9180 0.0000000200 12.2168845316 14 1 
9181 0.0000000213 12.2170787496 14 1 
9182 0.0000000220 12.2172729253 14 1 
9183 0.0000000213 12.2174670587 14 1 
9184 0.0000000213 12.2176611498 14 1 
9185 0.0000000219 12.2178551987 14 1 
9186 0.0000000212 12.2180492053 14 1 
9187 0.0000000213 12.2182431697 14 1 
9188 0.0000000207 12.2184370919 14 1 
9189 0.0000000198 12.2186309718 14 1 
9190 0.0000000214 12.2188248096 14 1 
9191 0.0000000213 12.2190186052 14 1 
9192 0.0000000196 12.2192123586 14 1 
9193 0.0000000213 12.2194060698 14 1 
9194 0.0000000207 12.2195997390 14 1 
9195 0.0000000224 12.2197933660 14 1 
9196 0.0000000208 12.2199869508 14 1 
9197 0.0000000219 12.2201804936 14 1 
9198 0.0000000207 12.2203739943 14 1 
9199 0.0000000193 12.2205674530 14 1 
9200 0.0000000214 12.2207608696 14 1 
9201 0.0000000208 12.2209542441 14 1 
9202 0.0000000193 12.2211475766 14 1 
9203 0.0000000208 12.2213408671 14 1 
9204 0.0000000214 12.2215341156 14 1 
9205 0.0000000209 12.2217273221 14 1 
9206 0.0000000214 12.2219204866 14 1 
9207 0.0000000209 12.2221136092 14 1 
9208 0.0000000206 12.2223066898 14 1 
9209 0.0000000200 12.2224997285 14 1 
9210 0.0000000202 12.2226927253 14 1 
9211 0.0000000215 12.2228856802 14 1 
9212 0.0000000198 12.2230785931 14 1 
9213 0.0000000214 12.2232714642 14 1 
9214 0.0000000212 12.2234642935 14 1 
9215 0.0000000195 12.2236570808 14 1 
9216 0.0000000215 12.2238498264 14 1 
9217 0.0000000209 12.2240425301 14 1 
9218 0.0000000194 12.2242351920 14 1 
9219 0.0000000216 12.2244278121 14 1 
9220 0.0000000215 12.2246203905 14 1 
9221 0.0000000210 12.2248129270 14 1 
9222 0.0000000214 12.2250054218 14 1 
9223 0.0000000218 12.2251978749 14 1 
9224 0.0000000194 12.2253902862 14 1 
9225 0.0000000228 12.2255826558 14 1 
9226 0.0000000206 12.2257749837 14 1 
9227 0.0000000215 12.2259672700 14 1 
9228 0.0000000211 12.2261595145 14 1 
9229 0.0000000213 12.2263517174 14 1 
9230 0.0000000208 12.2265438787 14 1 
9231 0.0000000203 12.2267359983 14 1 
9232 0.0000000214 12.2269280763 14 1 
9233 0.0000000209 12.2271201126 14 1 
9234 0.0000000216 12.2273121074 14 1 
9235 0.0000000211 12.2275040606 14 1 
9236 0.0000000214 12.2276959723 14 1 
9237 0.0000000212 12.2278878424 14 1 
9238 0.0000000195 12.2280796709 14 1 
9239 0.0000000235 12.2282714579 14 1 
9240 0.0000000220 12.2284632035 14 1 
9241 0.0000000212 12.2286549075 14 1 
9242 0.0000000213 12.2288465700 14 1 
9243 0.0000000214 12.2290381911 14 1 
9244 0.0000000199 12.2292297707 14 1 
9245 0.0000000215 12.2294213088 14 1 
9246 0.0000000209 12.2296128055 14 1 
9247 0.0000000196 12.2298042608 14 1 
9248 0.0000000214 12.2299956747 14 1 
9249 0.0000000195 12.2301870472 14 1 
9250 0.0000000215 12.2303783784 14 1 
9251 0.0000000215 12.2305696681 14 1 
9252 0.0000000229 12.2307609166 14 1 
9253 0.0000000215 12.2309521236 14 1 
9254 0.0000000215 12.2311432894 14 1 
9255 0.0000000234 12.2313344138 14 1 
9256 0.0000000215 12.2315254970 14 1 
9257 0.0000000214 12.2317165388 14 1 
9258 0.0000000226 12.2319075394 14 1 
9259 0.0000000214 12.2320984988 14 1 
9260 0.0000000211 12.2322894168 14 1 
9261 0.0000000213 12.2324802937 14 1 
9262 0.0000000195 12.2326711293 14 1 
9263 0.0000000211 12.2328619238 14 1 
9264 0.0000000198 12.2330526770 14 1 
9265 0.0000000213 12.2332433891 14 1 
9266 0.0000000222 12.2334340600 14 1 
9267 0.0000000206 12.2336246898 14 1 
9268 0.0000000216 12.2338152784 14 1 
9269 0.0000000201 12.2340058259 14 1 
9270 0.0000000215 12.2341963323 14 1 
9271 0.0000000195 12.2343867975 14 1 
9272 0.0000000211 12.2345772217 14 1 
9273 0.0000000216 12.2347676049 14 1 
9274 0.0000000207 12.2349579469 14 1 
9275 0.0000000215 12.2351482480 14 1 
9276 0.0000000208 12.2353385080 14 1 
9277 0.0000000217 12.2355287270 14 1 
9278 0.0000000202 12.2357189049 14 1 
9279 0.0000000214 12.2359090419 14 1 
9280 0.0000000336 12.2360991379 14 1 
9281 0.0000000266 12.2362891930 14 1 
9282 0.0000000402 12.2364792071 14 1 
9283 0.0000000233 12.2366691802 14 1 
9284 0.0000000235 12.2368591125 14 1 
9285 0.0000000228 12.2370490038 14 1 
9286 0.0000000238 12.2372388542 14 1 
9287 0.0000000218 12.2374286637 14 1 
9288 0.0000000222 12.2376184324 14 1 
9289 0.0000000212 12.2378081602 14 1 
9290 0.0000000222 12.2379978471 14 1 
9291 0.0000000221 12.2381874933 14 1 
9292 0.0000000218 12.2383770986 14 1 
9293 0.0000000216 12.2385666631 14 1 
9294 0.0000000221 12.2387561868 14 1 
9295 0.0000000222 12.2389456697 14 1 
9296 0.0000000210 12.2391351119 14 1 
9297 0.0000000221 12.2393245133 14 1 
9298 0.0000000219 12.2395138740 14 1 
9299 0.0000000240 12.2397031939 14 1 
9300 0.0000000214 12.2398924731 14 1 
9301 0.0000000219 12.2400817116 14 1 
9302 0.0000000219 12.2402709095 14 1 
9303 0.0000000219 12.2404600666 14 1 
9304 0.0000000216 12.2406491831 14 1 
9305 0.0000000236 12.2408382590 14 1 
9306 0.0000000219 12.2410272942 14 1 
9307 0.0000000217 12.2412162888 14 1 
9308 0.0000000222 12.2414052428 14 1 
9309 0.0000000219 12.2415941562 14 1 
9310 0.0000000220 12.2417830290 14 1 
9311 0.0000000200 12.2419718612 14 1 
9312 0.0000000220 12.2421606529 14 1 
9313 0.0000000221 12.2423494041 14 1 
9314 0.0000000220 12.2425381147 14 1 
9315 0.0000000220 12.2427267848 14 1 
9316 0.0000000224 12.2429154143 14 1 
9317 0.0000000225 12.2431040034 14 1 
9318 0.0000000219 12.2432925520 14 1 
9319 0.0000000225 12.2434810602 14 1 
9320 0.0000000219 12.2436695279 14 1 
9321 0.0000000220 12.2438579552 14 1 
9322 0.0000000221 12.2440463420 14 1 
9323 0.0000000220 12.2442346884 14 1 
9324 0.0000000221 12.2444229944 14 1 
9325 0.0000000220 12.2446112601 14 1 
9326 0.0000000233 12.2447994853 14 1 
9327 0.0000000221 12.2449876702 14 1 
9328 0.0000000232 12.2451758148 14 1 
9329 0.0000000217 12.2453639190 14 1 
9330 0.0000000221 12.2455519829 14 1 
9331 0.0000000225 12.2457400064 14 1 
9332 0.0000000225 12.2459279897 14 1 
9333 0.0000000226 12.2461159327 14 1 
9334 0.0000000220 12.2463038354 14 1 
9335 0.0000000221 12.2464916979 14 1 
9336 0.0000000221 12.2466795201 14 1 
9337 0.0000000221 12.2468673021 14 1 
9338 0.0000000221 12.2470550439 14 1 
9339 0.0000000221 12.2472427455 14 1 
9340 0.0000000221 12.2474304069 14 1 
9341 0.0000000210 12.2476180280 14 1 
9342 0.0000000210 12.2478056091 14 1 
9343 0.0000000220 12.2479931500 14 1 
9344 0.0000000220 12.2481806507 14 1 
9345 0.0000000220 12.2483681113 14 1 
9346 0.0000000221 12.2485555318 14 1 
9347 0.0000000220 12.2487429122 14 1 
9348 0.0000000216 12.2489302525 14 1 
9349 0.0000000226 12.2491175527 14 1 
9350 0.0000000240 12.2493048128 14 1 
9351 0.0000000216 12.2494920329 14 1 
9352 0.0000000220 12.2496792130 14 1 
9353 0.0000000220 12.2498663530 14 1 
9354 0.0000000223 12.2500534531 14 1 
9355 0.0000000228 12.2502405131 14 1 
9356 0.0000000220 12.2504275331 14 1 
9357 0.0000000229 12.2506145132 14 1 
9358 0.0000000236 12.2508014533 14 1 
9359 0.0000000221 12.2509883535 14 1 
9360 0.0000000221 12.2511752137 14 1 
9361 0.0000000221 12.2513620340 14 1 
9362 0.0000000221 12.2515488144 14 1 
9363 0.0000000221 12.2517355548 14 1 
9364 0.0000000222 12.2519222554 14 1 
9365 0.0000000234 12.2521089162 14 1 
9366 0.0000000221 12.2522955370 14 1 
9367 0.0000000222 12.2524821181 14 1 
9368 0.0000000241 12.2526686593 14 1 
9369 0.0000000221 12.2528551606 14 1 
9370 0.0000000221 12.2530416222 14 1 
9371 0.0000000222 12.2532280440 14 1 
9372 0.0000000221 12.2534144259 14 1 
9373 0.0000000221 12.2536007682 14 1 
9374 0.0000000220 12.2537870706 14 1 
9375 0.0000000214 12.2539733333 14 1 
9376 0.0000000203 12.2541595563 14 1 
9377 0.0000000211 12.2543457396 14 1 
9378 0.0000000213 12.2545318831 14 1 
9379 0.0000000216 12.2547179870 14 1 
9380 0.0000000231 12.2549040512 14 1 
9381 0.0000000222 12.2550900757 14 1 
9382 0.0000000229 12.2552760605 14 1 
9383 0.0000000230 12.2554620058 14 1 
9384 0.0000000213 12.2556479113 14 1 
9385 0.0000000211 12.2558337773 14 1 
9386 0.0000000216 12.2560196037 14 1 
9387 0.0000000218 12.2562053904 14 1 
9388 0.0000000219 12.2563911376 14 1 
9389 0.0000000226 12.2565768452 14 1 
9390 0.0000000222 12.2567625133 14 1 
9391 0.0000000235 12.2569481418 14 1 
9392 0.0000000220 12.2571337308 14 1 
9393 0.0000000221 12.2573192803 14 1 
9394 0.0000000220 12.2575047903 14 1 
9395 0.0000000221 12.2576902608 14 1 
9396 0.0000000221 12.2578756918 14 1 
9397 0.0000000221 12.2580610833 14 1 
9398 0.0000000221 12.2582464354 14 1 
9399 0.0000000224 12.2584317481 14 1 
9400 0.0000000209 12.2586170213 14 1 
9401 0.0000000217 12.2588022551 14 1 
9402 0.0000000218 12.2589874495 14 1 
9403 0.0000000220 12.2591726045 14 1 
9404 0.0000000225 12.2593577201 14 1 
9405 0.0000000224 12.2595427964 14 1 
9406 0.0000000222 12.2597278333 14 1 
9407 0.0000000235 12.2599128309 14 1 
9408 0.0000000222 12.2600977891 14 1 
9409 0.0000000221 12.2602827080 14 1 
9410 0.0000000222 12.2604675877 14 1 
9411 0.0000000221 12.2606524280 14 1 
9412 0.0000000221 12.2608372291 14 1 
9413 0.0000000224 12.2610219909 14 1 
9414 0.0000000231 12.2612067134 14 1 
9415 0.0000000228 12.2613913967 14 1 
9416 0.0000000239 12.2615760408 14 1 
9417 0.0000000222 12.2617606456 14 1 
9418 0.0000000222 12.2619452113 14 1 
9419 0.0000000222 12.2621297378 14 1 
9420 0.0000000222 12.2623142251 14 1 
9421 0.0000000223 12.2624986732 14 1 
9422 0.0000000233 12.2626830821 14 1 
9423 0.0000000236 12.2628674520 14 1 
9424 0.0000000219 12.2630517827 14 1 
9425 0.0000000227 12.2632360743 14 1 
9426 0.0000000222 12.2634203268 14 1 
9427 0.0000000229 12.2636045402 14 1 
9428 0.0000000223 12.2637887145 14 1 
9429 0.0000000225 12.2639728497 14 1 
9430 0.0000000222 12.2641569459 14 1 
9431 0.0000000218 12.2643410031 14 1 
9432 0.0000000215 12.2645250212 14 1 
9433 0.0000000223 12.2647090003 14 1 
9434 0.0000000204 12.2648929404 14 1 
9435 0.0000000211 12.2650768415 14 1 
9436 0.0000000215 12.2652607037 14 1 
9437 0.0000000223 12.2654445269 14 1 
9438 0.0000000223 12.2656283111 14 1 
9439 0.0000000222 12.2658120564 14 1 
9440 0.0000000222 12.2659957627 14 1 
9441 0.0000000223 12.2661794301 14 1 
9442 0.0000000221 12.2663630587 14 1 
9443 0.0000000223 12.2665466483 14 1 
9444 0.0000000223 12.2667301991 14 1 
9445 0.0000000232 12.2669137110 14 1 
9446 0.0000000242 12.2670971840 14 1 
9447 0.0000000220 12.2672806182 14 1 
9448 0.0000000228 12.2674640135 14 1 
9449 0.0000000222 12.2676473701 14 1 
9450 0.0000000223 12.2678306878 14 1 
9451 0.0000000223 12.2680139668 14 1 
9452 0.0000000223 12.2681972069 14 1 
9453 0.0000000222 12.2683804083 14 1 
9454 0.0000000216 12.2685635710 14 1 
9455 0.0000000223 12.2687466949 14 1 
9456 0.0000000206 12.2689297800 14 1 
9457 0.0000000223 12.2691128265 14 1 
9458 0.0000000222 12.2692958342 14 1 
9459 0.0000000228 12.2694788033 14 1 
9460 0.0000000223 12.2696617336 14 1 
9461 0.0000000233 12.2698446253 14 1 
9462 0.0000000224 12.2700274783 14 1 
9463 0.0000000227 12.2702102927 14 1 
9464 0.0000000219 12.2703930685 14 1 
9465 0.0000000212 12.2705758056 14 1 
9466 0.0000000211 12.2707585041 14 1 
9467 0.0000000223 12.2709411640 14 1 
9468 0.0000000223 12.2711237854 14 1 
9469 0.0000000229 12.2713063681 14 1 
9470 0.0000000223 12.2714889124 14 1 
9471 0.0000000225 12.2716714180 14 1 
9472 0.0000000223 12.2718538851 14 1 
9473 0.0000000224 12.2720363137 14 1 
9474 0.0000000223 12.2722187038 14 1 
9475 0.0000000224 12.2724010554 14 1 
9476 0.0000000224 12.2725833685 14 1 
9477 0.0000000223 12.2727656431 14 1 
9478 0.0000000224 12.2729478793 14 1 
9479 0.0000000219 12.2731300770 14 1 
9480 0.0000000218 12.2733122363 14 1 
9481 0.0000000229 12.2734943571 14 1 
9482 0.0000000231 12.2736764396 14 1 
9483 0.0000000229 12.2738584836 14 1 
9484 0.0000000225 12.2740404892 14 1 
9485 0.0000000222 12.2742224565 14 1 
9486 0.0000000301 12.2744043854 14 1 
9487 0.0000000277 12.2745862760 14 1 
9488 0.0000000276 12.2747681282 14 1 
9489 0.0000000292 12.2749499420 14 1 
9490 0.0000000270 12.2751317176 14 1 
9491 0.0000000256 12.2753134549 14 1 
9492 0.0000000239 12.2754951538 14 1 
9493 0.0000000240 12.2756768145 14 1 
9494 0.0000000239 12.2758584369 14 1 
9495 0.0000000227 12.2760400211 14 1 
9496 0.0000000223 12.2762215670 14 1 
9497 0.0000000239 12.2764030747 14 1 
9498 0.0000000210 12.2765845441 14 1 
9499 0.0000000226 12.2767659754 14 1 
9500 0.0000000225 12.2769473684 14 1 
9501 0.0000000222 12.2771287233 14 1 
9502 0.0000000205 12.2773100400 14 1 
9503 0.0000000223 12.2774913185 14 1 
9504 0.0000000201 12.2776725589 14 1 
9505 0.0000000222 12.2778537612 14 1 
9506 0.0000000214 12.2780349253 14 1 
9507 0.0000000222 12.2782160513 14 1 
9508 0.0000000220 12.2783971393 14 1 
9509 0.0000000209 12.2785781891 14 1 
9510 0.0000000202 12.2787592008 14 1 
9511 0.0000000221 12.2789401745 14 1 
9512 0.0000000200 12.2791211102 14 1 
9513 0.0000000200 12.2793020078 14 1 
9514 0.0000000201 12.2794828674 14 1 
9515 0.0000000219 12.2796636889 14 1 
9516 0.0000000212 12.2798444725 14 1 
9517 0.0000000220 12.2800252180 14 1 
9518 0.0000000212 12.2802059256 14 1 
9519 0.0000000228 12.2803865952 14 1 
9520 0.0000000210 12.2805672269 14 1 
9521 0.0000000220 12.2807478206 14 1 
9522 0.0000000203 12.2809283764 14 1 
9523 0.0000000219 12.2811088943 14 1 
9524 0.0000000274 12.2812893742 14 1 
9525 0.0000000534 12.2814698163 14 1 
9526 0.0000000507 12.2816502204 14 1 
9527 0.0000000320 12.2818305868 14 1 
9528 0.0000000386 12.2820109152 14 1 
9529 0.0000000274 12.2821912058 14 1 
9530 0.0000000360 12.2823714586 14 1 
9531 0.0000000282 12.2825516735 14 1 
9532 0.0000000281 12.2827318506 14 1 
9533 0.0000000652 12.2829119899 14 1 
9534 0.0000000540 12.2830920915 14 1 
9535 0.0000000337 12.2832721552 14 1 
9536 0.0000000285 12.2834521812 14 1 
9537 0.0000000333 12.2836321694 14 1 
9538 0.0000000323 12.2838121199 14 1 
9539 0.0000000291 12.2839920327 14 1 
9540 0.0000000312 12.2841719078 14 1 
9541 0.0000000283 12.2843517451 14 1 
9542 0.0000000294 12.2845315447 14 1 
9543 0.0000000373 12.2847113067 14 1 
9544 0.0000000281 12.2848910310 14 1 
9545 0.0000000740 12.2850707177 14 1 
9546 0.0000001917 12.2852503666 14 1 
9547 0.0000000324 12.2854299780 14 1 
9548 0.0000000316 12.2856095517 14 1 
9549 0.0000000324 12.2857890879 14 1 
9550 0.0000000314 12.2859685864 14 1 
9551 0.0000000288 12.2861480473 14 1 
9552 0.0000000316 12.2863274707 14 1 
9553 0.0000000885 12.2865068565 14 1 
9554 0.0000000329 12.2866862047 14 1 
9555 0.0000000297 12.2868655154 14 1 
9556 0.0000000299 12.2870447886 14 1 
9557 0.0000000331 12.2872240243 14 1 
9558 0.0000000291 12.2874032224 14 1 
9559 0.0000000272 12.2875823831 14 1 
9560 0.0000000277 12.2877615063 14 1 
9561 0.0000000269 12.2879405920 14 1 
9562 0.0000000248 12.2881196402 14 1 
9563 0.0000000335 12.2882986511 14 1 
9564 0.0000000248 12.2884776244 14 1 
9565 0.0000000332 12.2886565604 14 1 
9566 0.0000000238 12.2888354589 14 1 
9567 0.0000000236 12.2890143201 14 1 
9568 0.0000000251 12.2891931438 14 1 
9569 0.0000000413 12.2893719302 14 1 
9570 0.0000000275 12.2895506792 14 1 
9571 0.0000000328 12.2897293909 14 1 
9572 0.0000000278 12.2899080652 14 1 
9573 0.0000000314 12.2900867022 14 1 
9574 0.0000000829 12.2902653019 14 1 
9575 0.0000000405 12.2904438642 14 1 
9576 0.0000000277 12.2906223893 14 1 
9577 0.0000000278 12.2908008771 14 1 
9578 0.0000000297 12.2909793276 14 1 
9579 0.0000000300 12.2911577409 14 1 
9580 0.0000000280 12.2913361169 14 1 
9581 0.0000000281 12.2915144557 14 1 
9582 0.0000000317 12.2916927573 14 1 
9583 0.0000000301 12.2918710216 14 1 
9584 0.0000000280 12.2920492487 14 1 
9585 0.0000000295 12.2922274387 14 1 
9586 0.0000000279 12.2924055915 14 1 
9587 0.0000000253 12.2925837071 14 1 
9588 0.0000000260 12.2927617856 14 1 
9589 0.0000000252 12.2929398269 14 1 
9590 0.0000000247 12.2931178311 14 1 
9591 0.0000000231 12.2932957981 14 1 
9592 0.0000000245 12.2934737281 14 1 
9593 0.0000000241 12.2936516210 14 1 
9594 0.0000000236 12.2938294768 14 1 
9595 0.0000000234 12.2940072955 14 1 
9596 0.0000000234 12.2941850771 14 1 
9597 0.0000000231 12.2943628217 14 1 
9598 0.0000000268 12.2945405293 14 1 
9599 0.0000000308 12.2947181998 14 1 
9600 0.0000000265 12.2948958333 14 1 
9601 0.0000000252 12.2950734299 14 1 
9602 0.0000000248 12.2952509894 14 1 
9603 0.0000000242 12.2954285119 14 1 
9604 0.0000000291 12.2956059975 14 1 
9605 0.0000000264 12.2957834461 14 1 
9606 0.0000000781 12.2959608578 14 1 
9607 0.0000000615 12.2961382325 14 1 
9608 0.0000000522 12.2963155704 14 1 
9609 0.0000000292 12.2964928713 14 1 
9610 0.0000000302 12.2966701353 14 1 
9611 0.0000000291 12.2968473624 14 1 
9612 0.0000000295 12.2970245526 14 1 
9613 0.0000000270 12.2972017060 14 1 
9614 0.0000000271 12.2973788226 14 1 
9615 0.0000000258 12.2975559022 14 1 
9616 0.0000000255 12.2977329451 14 1 
9617 0.0000000245 12.2979099511 14 1 
9618 0.0000000240 12.2980869204 14 1 
9619 0.0000000265 12.2982638528 14 1 
9620 0.0000000277 12.2984407484 14 1 
9621 0.0000000471 12.2986176073 14 1 
9622 0.0000000268 12.2987944294 14 1 
9623 0.0000000265 12.2989712148 14 1 
9624 0.0000000300 12.2991479634 14 1 
9625 0.0000000315 12.2993246753 14 1 
9626 0.0000000301 12.2995013505 14 1 
9627 0.0000000274 12.2996779890 14 1 
9628 0.0000000289 12.2998545908 14 1 
9629 0.0000000272 12.3000311559 14 1 
9630 0.0000000278 12.3002076843 14 1 
9631 0.0000000270 12.3003841761 14 1 
9632 0.0000000301 12.3005606312 14 1 
9633 0.0000000275 12.3007370497 14 1 
9634 0.0000000279 12.3009134316 14 1 
9635 0.0000000256 12.3010897769 14 1 
9636 0.0000000263 12.3012660855 14 1 
9637 0.0000000260 12.3014423576 14 1 
9638 0.0000000269 12.3016185931 14 1 
9639 0.0000000260 12.3017947920 14 1 
9640 0.0000000237 12.3019709544 14 1 
9641 0.0000000232 12.3021470802 14 1 
9642 0.0000000244 12.3023231695 14 1 
9643 0.0000000230 12.3024992222 14 1 
9644 0.0000000238 12.3026752385 14 1 
9645 0.0000000220 12.3028512182 14 1 
9646 0.0000000228 12.3030271615 14 1 
9647 0.0000000234 12.3032030683 14 1 
9648 0.0000000214 12.3033789386 14 1 
9649 0.0000000246 12.3035547725 14 1 
9650 0.0000000233 12.3037305699 14 1 
9651 0.0000000228 12.3039063310 14 1 
9652 0.0000000246 12.3040820555 14 1 
9653 0.0000000231 12.3042577437 14 1 
9654 0.0000000237 12.3044333955 14 1 
9655 0.0000000245 12.3046090109 14 1 
9656 0.0000000309 12.3047845899 14 1 
9657 0.0000000236 12.3049601325 14 1 
9658 0.0000000234 12.3051356388 14 1 
9659 0.0000000238 12.3053111088 14 1 
9660 0.0000000214 12.3054865424 14 1 
9661 0.0000000231 12.3056619398 14 1 
9662 0.0000000225 12.3058373008 14 1 
9663 0.0000000219 12.3060126255 14 1 
9664 0.0000000229 12.3061879139 14 1 
9665 0.0000000229 12.3063631661 14 1 
9666 0.0000000219 12.3065383820 14 1 
9667 0.0000000227 12.3067135616 14 1 
9668 0.0000000222 12.3068887050 14 1 
9669 0.0000000225 12.3070638122 14 1 
9670 0.0000000231 12.3072388831 14 1 
9671 0.0000000225 12.3074139179 14 1 
9672 0.0000000224 12.3075889165 14 1 
9673 0.0000000213 12.3077638788 14 1 
9674 0.0000000224 12.3079388050 14 1 
9675 0.0000000223 12.3081136951 14 1 
9676 0.0000000228 12.3082885490 14 1 
9677 0.0000000222 12.3084633667 14 1 
9678 0.0000000215 12.3086381484 14 1 
9679 0.0000000227 12.3088128939 14 1 
9680 0.0000000222 12.3089876033 14 1 
9681 0.0000000222 12.3091622766 14 1 
9682 0.0000000227 12.3093369139 14 1 
9683 0.0000000223 12.3095115150 14 1 
9684 0.0000000213 12.3096860801 14 1 
9685 0.0000000227 12.3098606092 14 1 
9686 0.0000000233 12.3100351022 14 1 
9687 0.0000000221 12.3102095592 14 1 
9688 0.0000000227 12.3103839802 14 1 
9689 0.0000000225 12.3105583652 14 1 
9690 0.0000000219 12.3107327141 14 1 
9691 0.0000000233 12.3109070271 14 1 
9692 0.0000000206 12.3110813042 14 1 
9693 0.0000000222 12.3112555452 14 1 
9694 0.0000000226 12.3114297504 14 1 
9695 0.0000000209 12.3116039195 14 1 
9696 0.0000000222 12.3117780528 14 1 
9697 0.0000000222 12.3119521501 14 1 
9698 0.0000000213 12.3121262116 14 1 
9699 0.0000000221 12.3123002371 14 1 
9700 0.0000000223 12.3124742268 14 1 
9701 0.0000000210 12.3126481806 14 1 
9702 0.0000000222 12.3128220985 14 1 
9703 0.0000000222 12.3129959806 14 1 
9704 0.0000000219 12.3131698269 14 1 
9705 0.0000000219 12.3133436373 14 1 
9706 0.0000000226 12.3135174119 14 1 
9707 0.0000000221 12.3136911507 14 1 
9708 0.0000000221 12.3138648537 14 1 
9709 0.0000000209 12.3140385210 14 1 
9710 0.0000000226 12.3142121524 14 1 
9711 0.0000000221 12.3143857481 14 1 
9712 0.0000000212 12.3145593081 14 1 
9713 0.0000000235 12.3147328323 14 1 
9714 0.0000000225 12.3149063208 14 1 
9715 0.0000000221 12.3150797735 14 1 
9716 0.0000000204 12.3152531906 14 1 
9717 0.0000000208 12.3154265720 14 1 
9718 0.0000000221 12.3155999177 14 1 
9719 0.0000000201 12.3157732277 14 1 
9720 0.0000000204 12.3159465021 14 1 
9721 0.0000000220 12.3161197408 14 1 
9722 0.0000000228 12.3162929438 14 1 
9723 0.0000000221 12.3164661113 14 1 
9724 0.0000000226 12.3166392431 14 1 
9725 0.0000000206 12.3168123393 14 1 
9726 0.0000000210 12.3169854000 14 1 
9727 0.0000000215 12.3171584250 14 1 
9728 0.0000000223 12.3173314145 14 1 
9729 0.0000000207 12.3175043684 14 1 
9730 0.0000000200 12.3176772867 14 1 
9731 0.0000000203 12.3178501696 14 1 
9732 0.0000000214 12.3180230169 14 1 
9733 0.0000000232 12.3181958286 14 1 
9734 0.0000000226 12.3183686049 14 1 
9735 0.0000000221 12.3185413457 14 1 
9736 0.0000000209 12.3187140509 14 1 
9737 0.0000000216 12.3188867208 14 1 
9738 0.0000000231 12.3190593551 14 1 
9739 0.0000000226 12.3192319540 14 1 
9740 0.0000000205 12.3194045175 14 1 
9741 0.0000000220 12.3195770455 14 1 
9742 0.0000000226 12.3197495381 14 1 
9743 0.0000000233 12.3199219953 14 1 
9744 0.0000000207 12.3200944171 14 1 
9745 0.0000000208 12.3202668035 14 1 
9746 0.0000000211 12.3204391545 14 1 
9747 0.0000000216 12.3206114702 14 1 
9748 0.0000000222 12.3207837505 14 1 
9749 0.0000000227 12.3209559955 14 1 
9750 0.0000000210 12.3211282051 14 1 
9751 0.0000000218 12.3213003794 14 1 
9752 0.0000000225 12.3214725185 14 1 
9753 0.0000000221 12.3216446222 14 1 
9754 0.0000000227 12.3218166906 14 1 
9755 0.0000000223 12.3219887237 14 1 
9756 0.0000000211 12.3221607216 14 1 
9757 0.0000000218 12.3223326842 14 1 
9758 0.0000000220 12.3225046116 14 1 
9759 0.0000000200 12.3226765037 14 1 
9760 0.0000000200 12.3228483607 14 1 
9761 0.0000000212 12.3230201824 14 1 
9762 0.0000000221 12.3231919689 14 1 
9763 0.0000000225 12.3233637202 14 1 
9764 0.0000000221 12.3235354363 14 1 
9765 0.0000000217 12.3237071173 14 1 
9766 0.0000000218 12.3238787631 14 1 
9767 0.0000000222 12.3240503737 14 1 
9768 0.0000000226 12.3242219492 14 1 
9769 0.0000000200 12.3243934896 14 1 
9770 0.0000000221 12.3245649949 14 1 
9771 0.0000000207 12.3247364650 14 1 
9772 0.0000000217 12.3249079001 14 1 
9773 0.0000000233 12.3250793001 14 1 
9774 0.0000000221 12.3252506650 14 1 
9775 0.0000000225 12.3254219949 14 1 
9776 0.0000000221 12.3255932897 14 1 
9777 0.0000000233 12.3257645495 14 1 
9778 0.0000000207 12.3259357742 14 1 
9779 0.0000000211 12.3261069639 14 1 
9780 0.0000000217 12.3262781186 14 1 
9781 0.0000000222 12.3264492383 14 1 
9782 0.0000000227 12.3266203230 14 1 
9783 0.0000000204 12.3267913728 14 1 
9784 0.0000000210 12.3269623876 14 1 
9785 0.0000000211 12.3271333674 14 1 
9786 0.0000000222 12.3273043123 14 1 
9787 0.0000000231 12.3274752222 14 1 
9788 0.0000000227 12.3276460973 14 1 
9789 0.0000000226 12.3278169374 14 1 
9790 0.0000000222 12.3279877426 14 1 
9791 0.0000000227 12.3281585129 14 1 
9792 0.0000000222 12.3283292484 14 1 
9793 0.0000000226 12.3284999489 14 1 
9794 0.0000000224 12.3286706147 14 1 
9795 0.0000000219 12.3288412455 14 1 
9796 0.0000000204 12.3290118416 14 1 
9797 0.0000000214 12.3291824028 14 1 
9798 0.0000000201 12.3293529292 14 1 
9799 0.0000000209 12.3295234208 14 1 
9800 0.0000000208 12.3296938776 14 1 
9801 0.0000000212 12.3298642996 14 1 
9802 0.0000000210 12.3300346868 14 1 
9803 0.0000000224 12.3302050393 14 1 
9804 0.0000000212 12.3303753570 14 1 
9805 0.0000000214 12.3305456400 14 1 
9806 0.0000000210 12.3307158882 14 1 
9807 0.0000000220 12.3308861018 14 1 
9808 0.0000000222 12.3310562806 14 1 
9809 0.0000000223 12.3312264247 14 1 
9810 0.0000000226 12.3313965341 14 1 
9811 0.0000000222 12.3315666089 14 1 
9812 0.0000000231 12.3317366490 14 1 
9813 0.0000000223 12.3319066544 14 1 
9814 0.0000000227 12.3320766252 14 1 
9815 0.0000000205 12.3322465614 14 1 
9816 0.0000000206 12.3324164629 14 1 
9817 0.0000000203 12.3325863298 14 1 
9818 0.0000000217 12.3327561622 14 1 
9819 0.0000000235 12.3329259599 14 1 
9820 0.0000000224 12.3330957230 14 1 
9821 0.0000000215 12.3332654516 14 1 
9822 0.0000000234 12.3334351456 14 1 
9823 0.0000000228 12.3336048050 14 1 
9824 0.0000000223 12.3337744300 14 1 
9825 0.0000000227 12.3339440204 14 1 
9826 0.0000000223 12.3341135762 14 1 
9827 0.0000000229 12.3342830976 14 1 
9828 0.0000000202 12.3344525845 14 1 
9829 0.0000000219 12.3346220368 14 1 
9830 0.0000000210 12.3347914547 14 1 
9831 0.0000000210 12.3349608382 14 1 
9832 0.0000000216 12.3351301871 14 1 
9833 0.0000000206 12.3352995017 14 1 
9834 0.0000000223 12.3354687818 14 1 
9835 0.0000000208 12.3356380275 14 1 
9836 0.0000000245 12.3358072387 14 1 
9837 0.0000000212 12.3359764156 14 1 
9838 0.0000000221 12.3361455580 14 1 
9839 0.0000000213 12.3363146661 14 1 
9840 0.0000000214 12.3364837398 14 1 
9841 0.0000000223 12.3366527792 14 1 
9842 0.0000000233 12.3368217842 14 1 
9843 0.0000000224 12.3369907549 14 1 
9844 0.0000000228 12.3371596912 14 1 
9845 0.0000000227 12.3373285932 14 1 
9846 0.0000000220 12.3374974609 14 1 
9847 0.0000000221 12.3376662943 14 1 
9848 0.0000000222 12.3378350934 14 1 
9849 0.0000000215 12.3380038583 14 1 
9850 0.0000000210 12.3381725888 14 1 
9851 0.0000000206 12.3383412851 14 1 
9852 0.0000000227 12.3385099472 14 1 
9853 0.0000000214 12.3386785751 14 1 
9854 0.0000000217 12.3388471687 14 1 
9855 0.0000000216 12.3390157281 14 1 
9856 0.0000000219 12.3391842532 14 1 
9857 0.0000000214 12.3393527442 14 1 
9858 0.0000000211 12.3395212011 14 1 
9859 0.0000000207 12.3396896237 14 1 
9860 0.0000000224 12.3398580122 14 1 
9861 0.0000000228 12.3400263665 14 1 
9862 0.0000000223 12.3401946867 14 1 
9863 0.0000000228 12.3403629727 14 1 
9864 0.0000000228 12.3405312247 14 1 
9865 0.0000000224 12.3406994425 14 1 
9866 0.0000000228 12.3408676262 14 1 
9867 0.0000000223 12.3410357758 14 1 
9868 0.0000000211 12.3412038914 14 1 
9869 0.0000000220 12.3413719728 14 1 
9870 0.0000000213 12.3415400203 14 1 
9871 0.0000000203 12.3417080336 14 1 
9872 0.0000000222 12.3418760130 14 1 
9873 0.0000000233 12.3420439583 14 1 
9874 0.0000000224 12.3422118696 14 1 
9875 0.0000000223 12.3423797468 14 1 
9876 0.0000000220 12.3425475901 14 1 
9877 0.0000000215 12.3427153994 14 1 
9878 0.0000000211 12.3428831747 14 1 
9879 0.0000000205 12.3430509161 14 1 
9880 0.0000000229 12.3432186235 14 1 
9881 0.0000000224 12.3433862969 14 1 
9882 0.0000000230 12.3435539365 14 1 
9883 0.0000000226 12.3437215420 14 1 
9884 0.0000000222 12.3438891137 14 1 
9885 0.0000000219 12.3440566515 14 1 
9886 0.0000000216 12.3442241554 14 1 
9887 0.0000000234 12.3443916254 14 1 
9888 0.0000000224 12.3445590615 14 1 
9889 0.0000000226 12.3447264637 14 1 
9890 0.0000000222 12.3448938322 14 1 
9891 0.0000000219 12.3450611667 14 1 
9892 0.0000000213 12.3452284674 14 1 
9893 0.0000000210 12.3453957344 14 1 
9894 0.0000000210 12.3455629675 14 1 
9895 0.0000000210 12.3457301668 14 1 
9896 0.0000000211 12.3458973323 14 1 
9897 0.0000000204 12.3460644640 14 1 
9898 0.0000000229 12.3462315619 14 1 
9899 0.0000000225 12.3463986261 14 1 
9900 0.0000000218 12.3465656566 14 1 
9901 0.0000000220 12.3467326533 14 1 
9902 0.0000000228 12.3468996162 14 1 
9903 0.0000000203 12.3470665455 14 1 
9904 0.0000000203 12.3472334410 14 1 
9905 0.0000000230 12.3474003029 14 1 
9906 0.0000000224 12.3475671310 14 1 
9907 0.0000000221 12.3477339255 14 1 
9908 0.0000000215 12.3479006863 14 1 
9909 0.0000000204 12.3480674135 14 1 
9910 0.0000000232 12.3482341070 14 1 
9911 0.0000000224 12.3484007668 14 1 
9912 0.0000000221 12.3485673931 14 1 
9913 0.0000000215 12.3487339857 14 1 
9914 0.0000000207 12.3489005447 14 1 
9915 0.0000000230 12.3490670701 14 1 
9916 0.0000000225 12.3492335619 14 1 
9917 0.0000000215 12.3494000202 14 1 
9918 0.0000000214 12.3495664448 14 1 
9919 0.0000000224 12.3497328360 14 1 
9920 0.0000000230 12.3498991935 14 1 
9921 0.0000000225 12.3500655176 14 1 
9922 0.0000000212 12.3502318081 14 1 
9923 0.0000000219 12.3503980651 14 1 
9924 0.0000000221 12.3505642886 14 1 
9925 0.0000000229 12.3507304786 14 1 
9926 0.0000000225 12.3508966351 14 1 
9927 0.0000000222 12.3510627581 14 1 
9928 0.0000000216 12.3512288477 14 1 
9929 0.0000000219 12.3513949038 14 1 
9930 0.0000000209 12.3515609265 14 1 
9931 0.0000000225 12.3517269157 14 1 
9932 0.0000000226 12.3518928715 14 1 
9933 0.0000000216 12.3520587939 14 1 
9934 0.0000000225 12.3522246829 14 1 
9935 0.0000000229 12.3523905385 14 1 
9936 0.0000000219 12.3525563607 14 1 
9937 0.0000000226 12.3527221495 14 1 
9938 0.0000000223 12.3528879050 14 1 
9939 0.0000000208 12.3530536271 14 1 
9940 0.0000000225 12.3532193159 14 1 
9941 0.0000000217 12.3533849713 14 1 
9942 0.0000000208 12.3535505934 14 1 
9943 0.0000000226 12.3537161822 14 1 
9944 0.0000000223 12.3538817377 14 1 
9945 0.0000000230 12.3540472599 14 1 
9946 0.0000000226 12.3542127488 14 1 
9947 0.0000000221 12.3543782045 14 1 
9948 0.0000000208 12.3545436269 14 1 
9949 0.0000000204 12.3547090160 14 1 
9950 0.0000000226 12.3548743719 14 1 
9951 0.0000000244 12.3550396945 14 1 
9952 0.0000000209 12.3552049839 14 1 
9953 0.0000000230 12.3553702401 14 1 
9954 0.0000000353 12.3555354631 14 1 
9955 0.0000000219 12.3557006529 14 1 
9956 0.0000000227 12.3558658096 14 1 
9957 0.0000000321 12.3560309330 14 1 
9958 0.0000000270 12.3561960233 14 1 
9959 0.0000000266 12.3563610804 14 1 
9960 0.0000000274 12.3565261044 14 1 
9961 0.0000000242 12.3566910953 14 1 
9962 0.0000000229 12.3568560530 14 1 
9963 0.0000000236 12.3570209776 14 1 
9964 0.0000000229 12.3571858691 14 1 
9965 0.0000000213 12.3573507275 14 1 
9966 0.0000000232 12.3575155529 14 1 
9967 0.0000000223 12.3576803451 14 1 
9968 0.0000000228 12.3578451043 14 1 
9969 0.0000000227 12.3580098305 14 1 
9970 0.0000000239 12.3581745236 14 1 
9971 0.0000000204 12.3583391836 14 1 
9972 0.0000000214 12.3585038107 14 1 
9973 0.0000000220 12.3586684047 14 1 
9974 0.0000000213 12.3588329657 14 1 
9975 0.0000000211 12.3589974937 14 1 
9976 0.0000000219 12.3591619888 14 1 
9977 0.0000000203 12.3593264508 14 1 
9978 0.0000000230 12.3594908799 14 1 
9979 0.0000000209 12.3596552761 14 1 
9980 0.0000000200 12.3598196393 14 1 
9981 0.0000000215 12.3599839695 14 1 
9982 0.0000000205 12.3601482669 14 1 
9983 0.0000000220 12.3603125313 14 1 
9984 0.0000000214 12.3604767628 14 1 
9985 0.0000000223 12.3606409614 14 1 
9986 0.0000000207 12.3608051272 14 1 
9987 0.0000000231 12.3609692600 14 1 
9988 0.0000000202 12.3611333600 14 1 
9989 0.0000000217 12.3612974272 14 1 
9990 0.0000000210 12.3614614615 14 1 
9991 0.0000000202 12.3616254629 14 1 
9992 0.0000000216 12.3617894315 14 1 
9993 0.0000000210 12.3619533674 14 1 
9994 0.0000000217 12.3621172704 14 1 
9995 0.0000000218 12.3622811406 14 1 
9996 0.0000000215 12.3624449780 14 1 
9997 0.0000000221 12.3626087826 14 1 
9998 0.0000000218 12.3627725545 14 1 
9999 0.0000000214 12.3629362936 14 1 
10000 0.0000000222 12.3631000000 14 1 
