N  Time  average_ob  max_ob  min_ob 
1000 0.000573 500500.000000 1000 1 
1001 0.000479 501501.000000 1001 1 
1002 0.000460 502503.000000 1002 1 
1003 0.000524 503506.000000 1003 1 
1004 0.000458 504510.000000 1004 1 
1005 0.000492 505515.000000 1005 1 
1006 0.000459 506521.000000 1006 1 
1007 0.000532 507528.000000 1007 1 
1008 0.000416 508536.000000 1008 1 
1009 0.000400 509545.000000 1009 1 
1010 0.000381 510555.000000 1010 1 
1011 0.000412 511566.000000 1011 1 
1012 0.000369 512578.000000 1012 1 
1013 0.000372 513591.000000 1013 1 
1014 0.000397 514605.000000 1014 1 
1015 0.000368 515620.000000 1015 1 
1016 0.000383 516636.000000 1016 1 
1017 0.000370 517653.000000 1017 1 
1018 0.000317 518671.000000 1018 1 
1019 0.000342 519690.000000 1019 1 
1020 0.000318 520710.000000 1020 1 
1021 0.000319 521731.000000 1021 1 
1022 0.000333 522753.000000 1022 1 
1023 0.000324 523776.000000 1023 1 
1024 0.000323 524800.000000 1024 1 
1025 0.000339 525825.000000 1025 1 
1026 0.000387 526851.000000 1026 1 
1027 0.000406 527878.000000 1027 1 
1028 0.000324 528906.000000 1028 1 
1029 0.000292 529935.000000 1029 1 
1030 0.000327 530965.000000 1030 1 
1031 0.000286 531996.000000 1031 1 
1032 0.000364 533028.000000 1032 1 
1033 0.000318 534061.000000 1033 1 
1034 0.000288 535095.000000 1034 1 
1035 0.000285 536130.000000 1035 1 
1036 0.000297 537166.000000 1036 1 
1037 0.000285 538203.000000 1037 1 
1038 0.000295 539241.000000 1038 1 
1039 0.000298 540280.000000 1039 1 
1040 0.000288 541320.000000 1040 1 
1041 0.000266 542361.000000 1041 1 
1042 0.000257 543403.000000 1042 1 
1043 0.000266 544446.000000 1043 1 
1044 0.000257 545490.000000 1044 1 
1045 0.000258 546535.000000 1045 1 
1046 0.000267 547581.000000 1046 1 
1047 0.000341 548628.000000 1047 1 
1048 0.000261 549676.000000 1048 1 
1049 0.000264 550725.000000 1049 1 
1050 0.000386 551775.000000 1050 1 
1051 0.000296 552826.000000 1051 1 
1052 0.000302 553878.000000 1052 1 
1053 0.000361 554931.000000 1053 1 
1054 0.000469 555985.000000 1054 1 
1055 0.000444 557040.000000 1055 1 
1056 0.000404 558096.000000 1056 1 
1057 0.000415 559153.000000 1057 1 
1058 0.000440 560211.000000 1058 1 
1059 0.000414 561270.000000 1059 1 
1060 0.000401 562330.000000 1060 1 
1061 0.000413 563391.000000 1061 1 
1062 0.000392 564453.000000 1062 1 
1063 0.000340 565516.000000 1063 1 
1064 0.000348 566580.000000 1064 1 
1065 0.000520 567645.000000 1065 1 
1066 0.000429 568711.000000 1066 1 
1067 0.000374 569778.000000 1067 1 
1068 0.000389 570846.000000 1068 1 
1069 0.000359 571915.000000 1069 1 
1070 0.000342 572985.000000 1070 1 
1071 0.000355 574056.000000 1071 1 
1072 0.000370 575128.000000 1072 1 
1073 0.000347 576201.000000 1073 1 
1074 0.000356 577275.000000 1074 1 
1075 0.000346 578350.000000 1075 1 
1076 0.000346 579426.000000 1076 1 
1077 0.000357 580503.000000 1077 1 
1078 0.000348 581581.000000 1078 1 
1079 0.000348 582660.000000 1079 1 
1080 0.000359 583740.000000 1080 1 
1081 0.000350 584821.000000 1081 1 
1082 0.000360 585903.000000 1082 1 
1083 0.000328 586986.000000 1083 1 
1084 0.000302 588070.000000 1084 1 
1085 0.000321 589155.000000 1085 1 
1086 0.000303 590241.000000 1086 1 
1087 0.000315 591328.000000 1087 1 
1088 0.000314 592416.000000 1088 1 
1089 0.000306 593505.000000 1089 1 
1090 0.000305 594595.000000 1090 1 
1091 0.000315 595686.000000 1091 1 
1092 0.000307 596778.000000 1092 1 
1093 0.000319 597871.000000 1093 1 
1094 0.000308 598965.000000 1094 1 
1095 0.000318 600060.000000 1095 1 
1096 0.000309 601156.000000 1096 1 
1097 0.000310 602253.000000 1097 1 
1098 0.000597 603351.000000 1098 1 
1099 0.000336 604450.000000 1099 1 
1100 0.000330 605550.000000 1100 1 
1101 0.000331 606651.000000 1101 1 
1102 0.000313 607753.000000 1102 1 
1103 0.000324 608856.000000 1103 1 
1104 0.000314 609960.000000 1104 1 
1105 0.000314 611065.000000 1105 1 
1106 0.000295 612171.000000 1106 1 
1107 0.000280 613278.000000 1107 1 
1108 0.000280 614386.000000 1108 1 
1109 0.000289 615495.000000 1109 1 
1110 0.000282 616605.000000 1110 1 
1111 0.000282 617716.000000 1111 1 
1112 0.000282 618828.000000 1112 1 
1113 0.000291 619941.000000 1113 1 
1114 0.000283 621055.000000 1114 1 
1115 0.000284 622170.000000 1115 1 
1116 0.000304 623286.000000 1116 1 
1117 0.000285 624403.000000 1117 1 
1118 0.000285 625521.000000 1118 1 
1119 0.000279 626640.000000 1119 1 
1120 0.000258 627760.000000 1120 1 
1121 0.000270 628881.000000 1121 1 
1122 0.000266 630003.000000 1122 1 
1123 0.000277 631126.000000 1123 1 
1124 0.000259 632250.000000 1124 1 
1125 0.000259 633375.000000 1125 1 
1126 0.000260 634501.000000 1126 1 
1127 0.000267 635628.000000 1127 1 
1128 0.000261 636756.000000 1128 1 
1129 0.000261 637885.000000 1129 1 
1130 0.000269 639015.000000 1130 1 
1131 0.000266 640146.000000 1131 1 
1132 0.000262 641278.000000 1132 1 
1133 0.000274 642411.000000 1133 1 
1134 0.000280 643545.000000 1134 1 
1135 0.000264 644680.000000 1135 1 
1136 0.000278 645816.000000 1136 1 
1137 0.000293 646953.000000 1137 1 
1138 0.000266 648091.000000 1138 1 
1139 0.000265 649230.000000 1139 1 
1140 0.000267 650370.000000 1140 1 
1141 0.000274 651511.000000 1141 1 
1142 0.000267 652653.000000 1142 1 
1143 0.000268 653796.000000 1143 1 
1144 0.000268 654940.000000 1144 1 
1145 0.000275 656085.000000 1145 1 
1146 0.000269 657231.000000 1146 1 
1147 0.000269 658378.000000 1147 1 
1148 0.000252 659526.000000 1148 1 
1149 0.000246 660675.000000 1149 1 
1150 0.000247 661825.000000 1150 1 
1151 0.000247 662976.000000 1151 1 
1152 0.000254 664128.000000 1152 1 
1153 0.000248 665281.000000 1153 1 
1154 0.000255 666435.000000 1154 1 
1155 0.000249 667590.000000 1155 1 
1156 0.000255 668746.000000 1156 1 
1157 0.000250 669903.000000 1157 1 
1158 0.000250 671061.000000 1158 1 
1159 0.000251 672220.000000 1159 1 
1160 0.000265 673380.000000 1160 1 
1161 0.000251 674541.000000 1161 1 
1162 0.000251 675703.000000 1162 1 
1163 0.000252 676866.000000 1163 1 
1164 0.000259 678030.000000 1164 1 
1165 0.000254 679195.000000 1165 1 
1166 0.000254 680361.000000 1166 1 
1167 0.000260 681528.000000 1167 1 
1168 0.000263 682696.000000 1168 1 
1169 0.000254 683865.000000 1169 1 
1170 0.000255 685035.000000 1170 1 
1171 0.000262 686206.000000 1171 1 
1172 0.000256 687378.000000 1172 1 
1173 0.000257 688551.000000 1173 1 
1174 0.000257 689725.000000 1174 1 
1175 0.000263 690900.000000 1175 1 
1176 0.000271 692076.000000 1176 1 
1177 0.000259 693253.000000 1177 1 
1178 0.000244 694431.000000 1178 1 
1179 0.000246 695610.000000 1179 1 
1180 0.000240 696790.000000 1180 1 
1181 0.000241 697971.000000 1181 1 
1182 0.000241 699153.000000 1182 1 
1183 0.000260 700336.000000 1183 1 
1184 0.000242 701520.000000 1184 1 
1185 0.000242 702705.000000 1185 1 
1186 0.000248 703891.000000 1186 1 
1187 0.000244 705078.000000 1187 1 
1188 0.000243 706266.000000 1188 1 
1189 0.000244 707455.000000 1189 1 
1190 0.000250 708645.000000 1190 1 
1191 0.000245 709836.000000 1191 1 
1192 0.000245 711028.000000 1192 1 
1193 0.000241 712221.000000 1193 1 
1194 0.000237 713415.000000 1194 1 
1195 0.000231 714610.000000 1195 1 
1196 0.000232 715806.000000 1196 1 
1197 0.000232 717003.000000 1197 1 
1198 0.000232 718201.000000 1198 1 
1199 0.000238 719400.000000 1199 1 
1200 0.000233 720600.000000 1200 1 
1201 0.000234 721801.000000 1201 1 
1202 0.000234 723003.000000 1202 1 
1203 0.000242 724206.000000 1203 1 
1204 0.000235 725410.000000 1204 1 
1205 0.000242 726615.000000 1205 1 
1206 0.000246 727821.000000 1206 1 
1207 0.000256 729028.000000 1207 1 
1208 0.000237 730236.000000 1208 1 
1209 0.000235 731445.000000 1209 1 
1210 0.000226 732655.000000 1210 1 
1211 0.000231 733866.000000 1211 1 
1212 0.000226 735078.000000 1212 1 
1213 0.000227 736291.000000 1213 1 
1214 0.000227 737505.000000 1214 1 
1215 0.000244 738720.000000 1215 1 
1216 0.000227 739936.000000 1216 1 
1217 0.000228 741153.000000 1217 1 
1218 0.000229 742371.000000 1218 1 
1219 0.000235 743590.000000 1219 1 
1220 0.000229 744810.000000 1220 1 
1221 0.000229 746031.000000 1221 1 
1222 0.000229 747253.000000 1222 1 
1223 0.000259 748476.000000 1223 1 
1224 0.000230 749700.000000 1224 1 
1225 0.000231 750925.000000 1225 1 
1226 0.000230 752151.000000 1226 1 
1227 0.000222 753378.000000 1227 1 
1228 0.000228 754606.000000 1228 1 
1229 0.000222 755835.000000 1229 1 
1230 0.000229 757065.000000 1230 1 
1231 0.000230 758296.000000 1231 1 
1232 0.000229 759528.000000 1232 1 
1233 0.000224 760761.000000 1233 1 
1234 0.000224 761995.000000 1234 1 
1235 0.000224 763230.000000 1235 1 
1236 0.000230 764466.000000 1236 1 
1237 0.000225 765703.000000 1237 1 
1238 0.000225 766941.000000 1238 1 
1239 0.000225 768180.000000 1239 1 
1240 0.000231 769420.000000 1240 1 
1241 0.000227 770661.000000 1241 1 
1242 0.000226 771903.000000 1242 1 
1243 0.000221 773146.000000 1243 1 
1244 0.000219 774390.000000 1244 1 
1245 0.000225 775635.000000 1245 1 
1246 0.000220 776881.000000 1246 1 
1247 0.000221 778128.000000 1247 1 
1248 0.000221 779376.000000 1248 1 
1249 0.000226 780625.000000 1249 1 
1250 0.000228 781875.000000 1250 1 
1251 0.000222 783126.000000 1251 1 
1252 0.000222 784378.000000 1252 1 
1253 0.000236 785631.000000 1253 1 
1254 0.000223 786885.000000 1254 1 
1255 0.000224 788140.000000 1255 1 
1256 0.000223 789396.000000 1256 1 
1257 0.000224 790653.000000 1257 1 
1258 0.000229 791911.000000 1258 1 
1259 0.000224 793170.000000 1259 1 
1260 0.000219 794430.000000 1260 1 
1261 0.000215 795691.000000 1261 1 
1262 0.000220 796953.000000 1262 1 
1263 0.000215 798216.000000 1263 1 
1264 0.000216 799480.000000 1264 1 
1265 0.000216 800745.000000 1265 1 
1266 0.000216 802011.000000 1266 1 
1267 0.000221 803278.000000 1267 1 
1268 0.000217 804546.000000 1268 1 
1269 0.000218 805815.000000 1269 1 
1270 0.000218 807085.000000 1270 1 
1271 0.000223 808356.000000 1271 1 
1272 0.000219 809628.000000 1272 1 
1273 0.000219 810901.000000 1273 1 
1274 0.000219 812175.000000 1274 1 
1275 0.000224 813450.000000 1275 1 
1276 0.000220 814726.000000 1276 1 
1277 0.000219 816003.000000 1277 1 
1278 0.000219 817281.000000 1278 1 
1279 0.000219 818560.000000 1279 1 
1280 0.000223 819840.000000 1280 1 
1281 0.000213 821121.000000 1281 1 
1282 0.000213 822403.000000 1282 1 
1283 0.000213 823686.000000 1283 1 
1284 0.000223 824970.000000 1284 1 
1285 0.000219 826255.000000 1285 1 
1286 0.000240 827541.000000 1286 1 
1287 0.000214 828828.000000 1287 1 
1288 0.000215 830116.000000 1288 1 
1289 0.000220 831405.000000 1289 1 
1290 0.000215 832695.000000 1290 1 
1291 0.000220 833986.000000 1291 1 
1292 0.000216 835278.000000 1292 1 
1293 0.000221 836571.000000 1293 1 
1294 0.000219 837865.000000 1294 1 
1295 0.000211 839160.000000 1295 1 
1296 0.000203 840456.000000 1296 1 
1297 0.000202 841753.000000 1297 1 
1298 0.000209 843051.000000 1298 1 
1299 0.000203 844350.000000 1299 1 
1300 0.000204 845650.000000 1300 1 
1301 0.000204 846951.000000 1301 1 
1302 0.000208 848253.000000 1302 1 
1303 0.000205 849556.000000 1303 1 
1304 0.000213 850860.000000 1304 1 
1305 0.000205 852165.000000 1305 1 
1306 0.000205 853471.000000 1306 1 
1307 0.000211 854778.000000 1307 1 
1308 0.000206 856086.000000 1308 1 
1309 0.000206 857395.000000 1309 1 
1310 0.000206 858705.000000 1310 1 
1311 0.000235 860016.000000 1311 1 
1312 0.000211 861328.000000 1312 1 
1313 0.000207 862641.000000 1313 1 
1314 0.000206 863955.000000 1314 1 
1315 0.000206 865270.000000 1315 1 
1316 0.000213 866586.000000 1316 1 
1317 0.000206 867903.000000 1317 1 
1318 0.000207 869221.000000 1318 1 
1319 0.000207 870540.000000 1319 1 
1320 0.000207 871860.000000 1320 1 
1321 0.000214 873181.000000 1321 1 
1322 0.000211 874503.000000 1322 1 
1323 0.000208 875826.000000 1323 1 
1324 0.000208 877150.000000 1324 1 
1325 0.000209 878475.000000 1325 1 
1326 0.000214 879801.000000 1326 1 
1327 0.000210 881128.000000 1327 1 
1328 0.000210 882456.000000 1328 1 
1329 0.000210 883785.000000 1329 1 
1330 0.000214 885115.000000 1330 1 
1331 0.000211 886446.000000 1331 1 
1332 0.000210 887778.000000 1332 1 
1333 0.000212 889111.000000 1333 1 
1334 0.000211 890445.000000 1334 1 
1335 0.000216 891780.000000 1335 1 
1336 0.000212 893116.000000 1336 1 
1337 0.000213 894453.000000 1337 1 
1338 0.000212 895791.000000 1338 1 
1339 0.000216 897130.000000 1339 1 
1340 0.000219 898470.000000 1340 1 
1341 0.000232 899811.000000 1341 1 
1342 0.000214 901153.000000 1342 1 
1343 0.000214 902496.000000 1343 1 
1344 0.000218 903840.000000 1344 1 
1345 0.000215 905185.000000 1345 1 
1346 0.000215 906531.000000 1346 1 
1347 0.000219 907878.000000 1347 1 
1348 0.000220 909226.000000 1348 1 
1349 0.000216 910575.000000 1349 1 
1350 0.000217 911925.000000 1350 1 
1351 0.000217 913276.000000 1351 1 
1352 0.000217 914628.000000 1352 1 
1353 0.000221 915981.000000 1353 1 
1354 0.000218 917335.000000 1354 1 
1355 0.000218 918690.000000 1355 1 
1356 0.000219 920046.000000 1356 1 
1357 0.000224 921403.000000 1357 1 
1358 0.000219 922761.000000 1358 1 
1359 0.000219 924120.000000 1359 1 
1360 0.000219 925480.000000 1360 1 
1361 0.000220 926841.000000 1361 1 
1362 0.000224 928203.000000 1362 1 
1363 0.000221 929566.000000 1363 1 
1364 0.000221 930930.000000 1364 1 
1365 0.000221 932295.000000 1365 1 
1366 0.000226 933661.000000 1366 1 
1367 0.000222 935028.000000 1367 1 
1368 0.000222 936396.000000 1368 1 
1369 0.000223 937765.000000 1369 1 
1370 0.000227 939135.000000 1370 1 
1371 0.000223 940506.000000 1371 1 
1372 0.000223 941878.000000 1372 1 
1373 0.000223 943251.000000 1373 1 
1374 0.000224 944625.000000 1374 1 
1375 0.000228 946000.000000 1375 1 
1376 0.000225 947376.000000 1376 1 
1377 0.000225 948753.000000 1377 1 
1378 0.000226 950131.000000 1378 1 
1379 0.000230 951510.000000 1379 1 
1380 0.000226 952890.000000 1380 1 
1381 0.000226 954271.000000 1381 1 
1382 0.000226 955653.000000 1382 1 
1383 0.000231 957036.000000 1383 1 
1384 0.000229 958420.000000 1384 1 
1385 0.000228 959805.000000 1385 1 
1386 0.000231 961191.000000 1386 1 
1387 0.000228 962578.000000 1387 1 
1388 0.000233 963966.000000 1388 1 
1389 0.000229 965355.000000 1389 1 
1390 0.000229 966745.000000 1390 1 
1391 0.000230 968136.000000 1391 1 
1392 0.000247 969528.000000 1392 1 
1393 0.000234 970921.000000 1393 1 
1394 0.000230 972315.000000 1394 1 
1395 0.000230 973710.000000 1395 1 
1396 0.000234 975106.000000 1396 1 
1397 0.000231 976503.000000 1397 1 
1398 0.000232 977901.000000 1398 1 
1399 0.000232 979300.000000 1399 1 
1400 0.000236 980700.000000 1400 1 
1401 0.000233 982101.000000 1401 1 
1402 0.000233 983503.000000 1402 1 
1403 0.000234 984906.000000 1403 1 
1404 0.000238 986310.000000 1404 1 
1405 0.000233 987715.000000 1405 1 
1406 0.000234 989121.000000 1406 1 
1407 0.000235 990528.000000 1407 1 
1408 0.000239 991936.000000 1408 1 
1409 0.000236 993345.000000 1409 1 
1410 0.000236 994755.000000 1410 1 
1411 0.000248 996166.000000 1411 1 
1412 0.000247 997578.000000 1412 1 
1413 0.000236 998991.000000 1413 1 
1414 0.000237 1000405.000000 1414 1 
1415 0.000237 1001820.000000 1415 1 
1416 0.000237 1003236.000000 1416 1 
1417 0.000242 1004653.000000 1417 1 
1418 0.000238 1006071.000000 1418 1 
1419 0.000239 1007490.000000 1419 1 
1420 0.000239 1008910.000000 1420 1 
1421 0.000244 1010331.000000 1421 1 
1422 0.000239 1011753.000000 1422 1 
1423 0.000240 1013176.000000 1423 1 
1424 0.000254 1014600.000000 1424 1 
1425 0.000250 1016025.000000 1425 1 
1426 0.000241 1017451.000000 1426 1 
1427 0.000241 1018878.000000 1427 1 
1428 0.000241 1020306.000000 1428 1 
1429 0.000245 1021735.000000 1429 1 
1430 0.000242 1023165.000000 1430 1 
1431 0.000243 1024596.000000 1431 1 
1432 0.000243 1026028.000000 1432 1 
1433 0.000247 1027461.000000 1433 1 
1434 0.000243 1028895.000000 1434 1 
1435 0.000243 1030330.000000 1435 1 
1436 0.000244 1031766.000000 1436 1 
1437 0.000249 1033203.000000 1437 1 
1438 0.000245 1034641.000000 1438 1 
1439 0.000245 1036080.000000 1439 1 
1440 0.000248 1037520.000000 1440 1 
1441 0.000268 1038961.000000 1441 1 
1442 0.000246 1040403.000000 1442 1 
1443 0.000246 1041846.000000 1443 1 
1444 0.000250 1043290.000000 1444 1 
1445 0.000247 1044735.000000 1445 1 
1446 0.000247 1046181.000000 1446 1 
1447 0.000247 1047628.000000 1447 1 
1448 0.000252 1049076.000000 1448 1 
1449 0.000248 1050525.000000 1449 1 
1450 0.000248 1051975.000000 1450 1 
1451 0.000249 1053426.000000 1451 1 
1452 0.000254 1054878.000000 1452 1 
1453 0.000250 1056331.000000 1453 1 
1454 0.000250 1057785.000000 1454 1 
1455 0.000254 1059240.000000 1455 1 
1456 0.000255 1060696.000000 1456 1 
1457 0.000251 1062153.000000 1457 1 
1458 0.000251 1063611.000000 1458 1 
1459 0.000252 1065070.000000 1459 1 
1460 0.000256 1066530.000000 1460 1 
1461 0.000252 1067991.000000 1461 1 
1462 0.000256 1069453.000000 1462 1 
1463 0.000253 1070916.000000 1463 1 
1464 0.000262 1072380.000000 1464 1 
1465 0.000254 1073845.000000 1465 1 
1466 0.000254 1075311.000000 1466 1 
1467 0.000254 1076778.000000 1467 1 
1468 0.000259 1078246.000000 1468 1 
1469 0.000267 1079715.000000 1469 1 
1470 0.000266 1081185.000000 1470 1 
1471 0.000260 1082656.000000 1471 1 
1472 0.000256 1084128.000000 1472 1 
1473 0.000256 1085601.000000 1473 1 
1474 0.000257 1087075.000000 1474 1 
1475 0.000262 1088550.000000 1475 1 
1476 0.000258 1090026.000000 1476 1 
1477 0.000257 1091503.000000 1477 1 
1478 0.000258 1092981.000000 1478 1 
1479 0.000265 1094460.000000 1479 1 
1480 0.000268 1095940.000000 1480 1 
1481 0.000272 1097421.000000 1481 1 
1482 0.000282 1098903.000000 1482 1 
1483 0.000260 1100386.000000 1483 1 
1484 0.000268 1101870.000000 1484 1 
1485 0.000260 1103355.000000 1485 1 
1486 0.000283 1104841.000000 1486 1 
1487 0.000261 1106328.000000 1487 1 
1488 0.000262 1107816.000000 1488 1 
1489 0.000261 1109305.000000 1489 1 
1490 0.000266 1110795.000000 1490 1 
1491 0.000262 1112286.000000 1491 1 
1492 0.000263 1113778.000000 1492 1 
1493 0.000267 1115271.000000 1493 1 
1494 0.000263 1116765.000000 1494 1 
1495 0.000264 1118260.000000 1495 1 
1496 0.000265 1119756.000000 1496 1 
1497 0.000269 1121253.000000 1497 1 
1498 0.000265 1122751.000000 1498 1 
1499 0.000265 1124250.000000 1499 1 
1500 0.000266 1125750.000000 1500 1 
1501 0.000272 1127251.000000 1501 1 
1502 0.000266 1128753.000000 1502 1 
1503 0.000267 1130256.000000 1503 1 
1504 0.000270 1131760.000000 1504 1 
1505 0.000268 1133265.000000 1505 1 
1506 0.000268 1134771.000000 1506 1 
1507 0.000268 1136278.000000 1507 1 
1508 0.000272 1137786.000000 1508 1 
1509 0.000269 1139295.000000 1509 1 
1510 0.000269 1140805.000000 1510 1 
1511 0.000270 1142316.000000 1511 1 
1512 0.000273 1143828.000000 1512 1 
1513 0.000270 1145341.000000 1513 1 
1514 0.000271 1146855.000000 1514 1 
1515 0.000274 1148370.000000 1515 1 
1516 0.000272 1149886.000000 1516 1 
1517 0.000272 1151403.000000 1517 1 
1518 0.000271 1152921.000000 1518 1 
1519 0.000276 1154440.000000 1519 1 
1520 0.000273 1155960.000000 1520 1 
1521 0.000273 1157481.000000 1521 1 
1522 0.000277 1159003.000000 1522 1 
1523 0.000273 1160526.000000 1523 1 
1524 0.000274 1162050.000000 1524 1 
1525 0.000274 1163575.000000 1525 1 
1526 0.000279 1165101.000000 1526 1 
1527 0.000275 1166628.000000 1527 1 
1528 0.000279 1168156.000000 1528 1 
1529 0.000291 1169685.000000 1529 1 
1530 0.000276 1171215.000000 1530 1 
1531 0.000276 1172746.000000 1531 1 
1532 0.000277 1174278.000000 1532 1 
1533 0.000280 1175811.000000 1533 1 
1534 0.000277 1177345.000000 1534 1 
1535 0.000278 1178880.000000 1535 1 
1536 0.000285 1180416.000000 1536 1 
1537 0.000282 1181953.000000 1537 1 
1538 0.000279 1183491.000000 1538 1 
1539 0.000279 1185030.000000 1539 1 
1540 0.000283 1186570.000000 1540 1 
1541 0.000280 1188111.000000 1541 1 
1542 0.000280 1189653.000000 1542 1 
1543 0.000285 1191196.000000 1543 1 
1544 0.000281 1192740.000000 1544 1 
1545 0.000281 1194285.000000 1545 1 
1546 0.000282 1195831.000000 1546 1 
1547 0.000286 1197378.000000 1547 1 
1548 0.000283 1198926.000000 1548 1 
1549 0.000282 1200475.000000 1549 1 
1550 0.000287 1202025.000000 1550 1 
1551 0.000284 1203576.000000 1551 1 
1552 0.000283 1205128.000000 1552 1 
1553 0.000285 1206681.000000 1553 1 
1554 0.000292 1208235.000000 1554 1 
1555 0.000285 1209790.000000 1555 1 
1556 0.000285 1211346.000000 1556 1 
1557 0.000300 1212903.000000 1557 1 
1558 0.000286 1214461.000000 1558 1 
1559 0.000286 1216020.000000 1559 1 
1560 0.000300 1217580.000000 1560 1 
1561 0.000287 1219141.000000 1561 1 
1562 0.000287 1220703.000000 1562 1 
1563 0.000288 1222266.000000 1563 1 
1564 0.000292 1223830.000000 1564 1 
1565 0.000288 1225395.000000 1565 1 
1566 0.000289 1226961.000000 1566 1 
1567 0.000293 1228528.000000 1567 1 
1568 0.000290 1230096.000000 1568 1 
1569 0.000308 1231665.000000 1569 1 
1570 0.000294 1233235.000000 1570 1 
1571 0.000296 1234806.000000 1571 1 
1572 0.000291 1236378.000000 1572 1 
1573 0.000295 1237951.000000 1573 1 
1574 0.000296 1239525.000000 1574 1 
1575 0.000292 1241100.000000 1575 1 
1576 0.000293 1242676.000000 1576 1 
1577 0.000296 1244253.000000 1577 1 
1578 0.000293 1245831.000000 1578 1 
1579 0.000294 1247410.000000 1579 1 
1580 0.000298 1248990.000000 1580 1 
1581 0.000294 1250571.000000 1581 1 
1582 0.000295 1252153.000000 1582 1 
1583 0.000295 1253736.000000 1583 1 
1584 0.000309 1255320.000000 1584 1 
1585 0.000305 1256905.000000 1585 1 
1586 0.000296 1258491.000000 1586 1 
1587 0.000301 1260078.000000 1587 1 
1588 0.000297 1261666.000000 1588 1 
1589 0.000297 1263255.000000 1589 1 
1590 0.000302 1264845.000000 1590 1 
1591 0.000298 1266436.000000 1591 1 
1592 0.000298 1268028.000000 1592 1 
1593 0.000303 1269621.000000 1593 1 
1594 0.000299 1271215.000000 1594 1 
1595 0.000303 1272810.000000 1595 1 
1596 0.000300 1274406.000000 1596 1 
1597 0.000304 1276003.000000 1597 1 
1598 0.000301 1277601.000000 1598 1 
1599 0.000301 1279200.000000 1599 1 
1600 0.000305 1280800.000000 1600 1 
1601 0.000302 1282401.000000 1601 1 
1602 0.000302 1284003.000000 1602 1 
1603 0.000307 1285606.000000 1603 1 
1604 0.000319 1287210.000000 1604 1 
1605 0.000303 1288815.000000 1605 1 
1606 0.000307 1290421.000000 1606 1 
1607 0.000303 1292028.000000 1607 1 
1608 0.000304 1293636.000000 1608 1 
1609 0.000311 1295245.000000 1609 1 
1610 0.000305 1296855.000000 1610 1 
1611 0.000305 1298466.000000 1611 1 
1612 0.000306 1300078.000000 1612 1 
1613 0.000310 1301691.000000 1613 1 
1614 0.000325 1303305.000000 1614 1 
1615 0.000307 1304920.000000 1615 1 
1616 0.000311 1306536.000000 1616 1 
1617 0.000307 1308153.000000 1617 1 
1618 0.000308 1309771.000000 1618 1 
1619 0.000312 1311390.000000 1619 1 
1620 0.000309 1313010.000000 1620 1 
1621 0.000309 1314631.000000 1621 1 
1622 0.000313 1316253.000000 1622 1 
1623 0.000310 1317876.000000 1623 1 
1624 0.000310 1319500.000000 1624 1 
1625 0.000314 1321125.000000 1625 1 
1626 0.000311 1322751.000000 1626 1 
1627 0.000311 1324378.000000 1627 1 
1628 0.000316 1326006.000000 1628 1 
1629 0.000312 1327635.000000 1629 1 
1630 0.000313 1329265.000000 1630 1 
1631 0.000317 1330896.000000 1631 1 
1632 0.000313 1332528.000000 1632 1 
1633 0.000314 1334161.000000 1633 1 
1634 0.000314 1335795.000000 1634 1 
1635 0.000326 1337430.000000 1635 1 
1636 0.000315 1339066.000000 1636 1 
1637 0.000315 1340703.000000 1637 1 
1638 0.000320 1342341.000000 1638 1 
1639 0.000316 1343980.000000 1639 1 
1640 0.000316 1345620.000000 1640 1 
1641 0.000321 1347261.000000 1641 1 
1642 0.000317 1348903.000000 1642 1 
1643 0.000317 1350546.000000 1643 1 
1644 0.000322 1352190.000000 1644 1 
1645 0.000318 1353835.000000 1645 1 
1646 0.000319 1355481.000000 1646 1 
1647 0.000323 1357128.000000 1647 1 
1648 0.000319 1358776.000000 1648 1 
1649 0.000320 1360425.000000 1649 1 
1650 0.000323 1362075.000000 1650 1 
1651 0.000338 1363726.000000 1651 1 
1652 0.000320 1365378.000000 1652 1 
1653 0.000325 1367031.000000 1653 1 
1654 0.000322 1368685.000000 1654 1 
1655 0.000322 1370340.000000 1655 1 
1656 0.000326 1371996.000000 1656 1 
1657 0.000322 1373653.000000 1657 1 
1658 0.000323 1375311.000000 1658 1 
1659 0.000327 1376970.000000 1659 1 
1660 0.000324 1378630.000000 1660 1 
1661 0.000324 1380291.000000 1661 1 
1662 0.000337 1381953.000000 1662 1 
1663 0.000325 1383616.000000 1663 1 
1664 0.000325 1385280.000000 1664 1 
1665 0.000334 1386945.000000 1665 1 
1666 0.000325 1388611.000000 1666 1 
1667 0.000326 1390278.000000 1667 1 
1668 0.000330 1391946.000000 1668 1 
1669 0.000327 1393615.000000 1669 1 
1670 0.000328 1395285.000000 1670 1 
1671 0.000332 1396956.000000 1671 1 
1672 0.000328 1398628.000000 1672 1 
1673 0.000329 1400301.000000 1673 1 
1674 0.000332 1401975.000000 1674 1 
1675 0.000329 1403650.000000 1675 1 
1676 0.000329 1405326.000000 1676 1 
1677 0.000334 1407003.000000 1677 1 
1678 0.000330 1408681.000000 1678 1 
1679 0.000331 1410360.000000 1679 1 
1680 0.000335 1412040.000000 1680 1 
1681 0.000331 1413721.000000 1681 1 
1682 0.000332 1415403.000000 1682 1 
1683 0.000337 1417086.000000 1683 1 
1684 0.000333 1418770.000000 1684 1 
1685 0.000333 1420455.000000 1685 1 
1686 0.000355 1422141.000000 1686 1 
1687 0.000335 1423828.000000 1687 1 
1688 0.000351 1425516.000000 1688 1 
1689 0.000355 1427205.000000 1689 1 
1690 0.000357 1428895.000000 1690 1 
1691 0.000340 1430586.000000 1691 1 
1692 0.000336 1432278.000000 1692 1 
1693 0.000336 1433971.000000 1693 1 
1694 0.000341 1435665.000000 1694 1 
1695 0.000338 1437360.000000 1695 1 
1696 0.000338 1439056.000000 1696 1 
1697 0.000342 1440753.000000 1697 1 
1698 0.000338 1442451.000000 1698 1 
1699 0.000338 1444150.000000 1699 1 
1700 0.000343 1445850.000000 1700 1 
1701 0.000339 1447551.000000 1701 1 
1702 0.000340 1449253.000000 1702 1 
1703 0.000343 1450956.000000 1703 1 
1704 0.000341 1452660.000000 1704 1 
1705 0.000341 1454365.000000 1705 1 
1706 0.000342 1456071.000000 1706 1 
1707 0.000342 1457778.000000 1707 1 
1708 0.000346 1459486.000000 1708 1 
1709 0.000342 1461195.000000 1709 1 
1710 0.000346 1462905.000000 1710 1 
1711 0.000347 1464616.000000 1711 1 
1712 0.000344 1466328.000000 1712 1 
1713 0.000345 1468041.000000 1713 1 
1714 0.000349 1469755.000000 1714 1 
1715 0.000345 1471470.000000 1715 1 
1716 0.000345 1473186.000000 1716 1 
1717 0.000349 1474903.000000 1717 1 
1718 0.000346 1476621.000000 1718 1 
1719 0.000365 1478340.000000 1719 1 
1720 0.000350 1480060.000000 1720 1 
1721 0.000347 1481781.000000 1721 1 
1722 0.000351 1483503.000000 1722 1 
1723 0.000356 1485226.000000 1723 1 
1724 0.000348 1486950.000000 1724 1 
1725 0.000352 1488675.000000 1725 1 
1726 0.000349 1490401.000000 1726 1 
1727 0.000350 1492128.000000 1727 1 
1728 0.000354 1493856.000000 1728 1 
1729 0.000350 1495585.000000 1729 1 
1730 0.000351 1497315.000000 1730 1 
1731 0.000355 1499046.000000 1731 1 
1732 0.000352 1500778.000000 1732 1 
1733 0.000352 1502511.000000 1733 1 
1734 0.000356 1504245.000000 1734 1 
1735 0.000353 1505980.000000 1735 1 
1736 0.000357 1507716.000000 1736 1 
1737 0.000354 1509453.000000 1737 1 
1738 0.000354 1511191.000000 1738 1 
1739 0.000358 1512930.000000 1739 1 
1740 0.000355 1514670.000000 1740 1 
1741 0.000355 1516411.000000 1741 1 
1742 0.000360 1518153.000000 1742 1 
1743 0.000356 1519896.000000 1743 1 
1744 0.000356 1521640.000000 1744 1 
1745 0.000360 1523385.000000 1745 1 
1746 0.000357 1525131.000000 1746 1 
1747 0.000365 1526878.000000 1747 1 
1748 0.000358 1528626.000000 1748 1 
1749 0.000359 1530375.000000 1749 1 
1750 0.000371 1532125.000000 1750 1 
1751 0.000377 1533876.000000 1751 1 
1752 0.000360 1535628.000000 1752 1 
1753 0.000364 1537381.000000 1753 1 
1754 0.000360 1539135.000000 1754 1 
1755 0.000372 1540890.000000 1755 1 
1756 0.000361 1542646.000000 1756 1 
1757 0.000361 1544403.000000 1757 1 
1758 0.000366 1546161.000000 1758 1 
1759 0.000363 1547920.000000 1759 1 
1760 0.000363 1549680.000000 1760 1 
1761 0.000367 1551441.000000 1761 1 
1762 0.000364 1553203.000000 1762 1 
1763 0.000368 1554966.000000 1763 1 
1764 0.000364 1556730.000000 1764 1 
1765 0.000365 1558495.000000 1765 1 
1766 0.000369 1560261.000000 1766 1 
1767 0.000366 1562028.000000 1767 1 
1768 0.000366 1563796.000000 1768 1 
1769 0.000370 1565565.000000 1769 1 
1770 0.000367 1567335.000000 1770 1 
1771 0.000371 1569106.000000 1771 1 
1772 0.000368 1570878.000000 1772 1 
1773 0.000368 1572651.000000 1773 1 
1774 0.000372 1574425.000000 1774 1 
1775 0.000369 1576200.000000 1775 1 
1776 0.000369 1577976.000000 1776 1 
1777 0.000379 1579753.000000 1777 1 
1778 0.000370 1581531.000000 1778 1 
1779 0.000374 1583310.000000 1779 1 
1780 0.000371 1585090.000000 1780 1 
1781 0.000372 1586871.000000 1781 1 
1782 0.000375 1588653.000000 1782 1 
1783 0.000372 1590436.000000 1783 1 
1784 0.000373 1592220.000000 1784 1 
1785 0.000373 1594005.000000 1785 1 
1786 0.000373 1595791.000000 1786 1 
1787 0.000377 1597578.000000 1787 1 
1788 0.000393 1599366.000000 1788 1 
1789 0.000374 1601155.000000 1789 1 
1790 0.000381 1602945.000000 1790 1 
1791 0.000375 1604736.000000 1791 1 
1792 0.000379 1606528.000000 1792 1 
1793 0.000376 1608321.000000 1793 1 
1794 0.000376 1610115.000000 1794 1 
1795 0.000381 1611910.000000 1795 1 
1796 0.000377 1613706.000000 1796 1 
1797 0.000382 1615503.000000 1797 1 
1798 0.000378 1617301.000000 1798 1 
1799 0.000379 1619100.000000 1799 1 
1800 0.000383 1620900.000000 1800 1 
1801 0.000379 1622701.000000 1801 1 
1802 0.000380 1624503.000000 1802 1 
1803 0.000389 1626306.000000 1803 1 
1804 0.000381 1628110.000000 1804 1 
1805 0.000385 1629915.000000 1805 1 
1806 0.000381 1631721.000000 1806 1 
1807 0.000382 1633528.000000 1807 1 
1808 0.000386 1635336.000000 1808 1 
1809 0.000383 1637145.000000 1809 1 
1810 0.000390 1638955.000000 1810 1 
1811 0.000387 1640766.000000 1811 1 
1812 0.000384 1642578.000000 1812 1 
1813 0.000389 1644391.000000 1813 1 
1814 0.000385 1646205.000000 1814 1 
1815 0.000389 1648020.000000 1815 1 
1816 0.000386 1649836.000000 1816 1 
1817 0.000387 1651653.000000 1817 1 
1818 0.000390 1653471.000000 1818 1 
1819 0.000405 1655290.000000 1819 1 
1820 0.000391 1657110.000000 1820 1 
1821 0.000388 1658931.000000 1821 1 
1822 0.000388 1660753.000000 1822 1 
1823 0.000393 1662576.000000 1823 1 
1824 0.000389 1664400.000000 1824 1 
1825 0.000393 1666225.000000 1825 1 
1826 0.000390 1668051.000000 1826 1 
1827 0.000391 1669878.000000 1827 1 
1828 0.000402 1671706.000000 1828 1 
1829 0.000391 1673535.000000 1829 1 
1830 0.000395 1675365.000000 1830 1 
1831 0.000392 1677196.000000 1831 1 
1832 0.000392 1679028.000000 1832 1 
1833 0.000397 1680861.000000 1833 1 
1834 0.000393 1682695.000000 1834 1 
1835 0.000398 1684530.000000 1835 1 
1836 0.000394 1686366.000000 1836 1 
1837 0.000394 1688203.000000 1837 1 
1838 0.000399 1690041.000000 1838 1 
1839 0.000396 1691880.000000 1839 1 
1840 0.000412 1693720.000000 1840 1 
1841 0.000397 1695561.000000 1841 1 
1842 0.000397 1697403.000000 1842 1 
1843 0.000401 1699246.000000 1843 1 
1844 0.000397 1701090.000000 1844 1 
1845 0.000401 1702935.000000 1845 1 
1846 0.000398 1704781.000000 1846 1 
1847 0.000398 1706628.000000 1847 1 
1848 0.000403 1708476.000000 1848 1 
1849 0.000399 1710325.000000 1849 1 
1850 0.000422 1712175.000000 1850 1 
1851 0.000400 1714026.000000 1851 1 
1852 0.000405 1715878.000000 1852 1 
1853 0.000409 1717731.000000 1853 1 
1854 0.000401 1719585.000000 1854 1 
1855 0.000406 1721440.000000 1855 1 
1856 0.000403 1723296.000000 1856 1 
1857 0.000407 1725153.000000 1857 1 
1858 0.000403 1727011.000000 1858 1 
1859 0.000403 1728870.000000 1859 1 
1860 0.000408 1730730.000000 1860 1 
1861 0.000405 1732591.000000 1861 1 
1862 0.000409 1734453.000000 1862 1 
1863 0.000405 1736316.000000 1863 1 
1864 0.000409 1738180.000000 1864 1 
1865 0.000406 1740045.000000 1865 1 
1866 0.000407 1741911.000000 1866 1 
1867 0.000411 1743778.000000 1867 1 
1868 0.000408 1745646.000000 1868 1 
1869 0.000411 1747515.000000 1869 1 
1870 0.000408 1749385.000000 1870 1 
1871 0.000409 1751256.000000 1871 1 
1872 0.000413 1753128.000000 1872 1 
1873 0.000410 1755001.000000 1873 1 
1874 0.000414 1756875.000000 1874 1 
1875 0.000410 1758750.000000 1875 1 
1876 0.000415 1760626.000000 1876 1 
1877 0.000420 1762503.000000 1877 1 
1878 0.000412 1764381.000000 1878 1 
1879 0.000417 1766260.000000 1879 1 
1880 0.000412 1768140.000000 1880 1 
1881 0.000417 1770021.000000 1881 1 
1882 0.000413 1771903.000000 1882 1 
1883 0.000418 1773786.000000 1883 1 
1884 0.000433 1775670.000000 1884 1 
1885 0.000415 1777555.000000 1885 1 
1886 0.000419 1779441.000000 1886 1 
1887 0.000416 1781328.000000 1887 1 
1888 0.000420 1783216.000000 1888 1 
1889 0.000417 1785105.000000 1889 1 
1890 0.000421 1786995.000000 1890 1 
1891 0.000417 1788886.000000 1891 1 
1892 0.000418 1790778.000000 1892 1 
1893 0.000423 1792671.000000 1893 1 
1894 0.000419 1794565.000000 1894 1 
1895 0.000423 1796460.000000 1895 1 
1896 0.000419 1798356.000000 1896 1 
1897 0.000424 1800253.000000 1897 1 
1898 0.000420 1802151.000000 1898 1 
1899 0.000421 1804050.000000 1899 1 
1900 0.000433 1805950.000000 1900 1 
1901 0.000422 1807851.000000 1901 1 
1902 0.000426 1809753.000000 1902 1 
1903 0.000426 1811656.000000 1903 1 
1904 0.000428 1813560.000000 1904 1 
1905 0.000424 1815465.000000 1905 1 
1906 0.000424 1817371.000000 1906 1 
1907 0.000431 1819278.000000 1907 1 
1908 0.000425 1821186.000000 1908 1 
1909 0.000429 1823095.000000 1909 1 
1910 0.000426 1825005.000000 1910 1 
1911 0.000430 1826916.000000 1911 1 
1912 0.000426 1828828.000000 1912 1 
1913 0.000449 1830741.000000 1913 1 
1914 0.000427 1832655.000000 1914 1 
1915 0.000428 1834570.000000 1915 1 
1916 0.000435 1836486.000000 1916 1 
1917 0.000429 1838403.000000 1917 1 
1918 0.000442 1840321.000000 1918 1 
1919 0.000430 1842240.000000 1919 1 
1920 0.000434 1844160.000000 1920 1 
1921 0.000431 1846081.000000 1921 1 
1922 0.000431 1848003.000000 1922 1 
1923 0.000441 1849926.000000 1923 1 
1924 0.000432 1851850.000000 1924 1 
1925 0.000440 1853775.000000 1925 1 
1926 0.000433 1855701.000000 1926 1 
1927 0.000437 1857628.000000 1927 1 
1928 0.000434 1859556.000000 1928 1 
1929 0.000438 1861485.000000 1929 1 
1930 0.000434 1863415.000000 1930 1 
1931 0.000435 1865346.000000 1931 1 
1932 0.000436 1867278.000000 1932 1 
1933 0.000436 1869211.000000 1933 1 
1934 0.000441 1871145.000000 1934 1 
1935 0.000437 1873080.000000 1935 1 
1936 0.000441 1875016.000000 1936 1 
1937 0.000437 1876953.000000 1937 1 
1938 0.000442 1878891.000000 1938 1 
1939 0.000442 1880830.000000 1939 1 
1940 0.000461 1882770.000000 1940 1 
1941 0.000440 1884711.000000 1941 1 
1942 0.000440 1886653.000000 1942 1 
1943 0.000444 1888596.000000 1943 1 
1944 0.000441 1890540.000000 1944 1 
1945 0.000453 1892485.000000 1945 1 
1946 0.000442 1894431.000000 1946 1 
1947 0.000446 1896378.000000 1947 1 
1948 0.000443 1898326.000000 1948 1 
1949 0.000447 1900275.000000 1949 1 
1950 0.000443 1902225.000000 1950 1 
1951 0.000448 1904176.000000 1951 1 
1952 0.000444 1906128.000000 1952 1 
1953 0.000445 1908081.000000 1953 1 
1954 0.000450 1910035.000000 1954 1 
1955 0.000446 1911990.000000 1955 1 
1956 0.000450 1913946.000000 1956 1 
1957 0.000447 1915903.000000 1957 1 
1958 0.000456 1917861.000000 1958 1 
1959 0.000448 1919820.000000 1959 1 
1960 0.000478 1921780.000000 1960 1 
1961 0.000449 1923741.000000 1961 1 
1962 0.000457 1925703.000000 1962 1 
1963 0.000449 1927666.000000 1963 1 
1964 0.000454 1929630.000000 1964 1 
1965 0.000450 1931595.000000 1965 1 
1966 0.000450 1933561.000000 1966 1 
1967 0.000475 1935528.000000 1967 1 
1968 0.000452 1937496.000000 1968 1 
1969 0.000456 1939465.000000 1969 1 
1970 0.000453 1941435.000000 1970 1 
1971 0.000457 1943406.000000 1971 1 
1972 0.000453 1945378.000000 1972 1 
1973 0.000457 1947351.000000 1973 1 
1974 0.000454 1949325.000000 1974 1 
1975 0.000459 1951300.000000 1975 1 
1976 0.000455 1953276.000000 1976 1 
1977 0.000460 1955253.000000 1977 1 
1978 0.000456 1957231.000000 1978 1 
1979 0.000456 1959210.000000 1979 1 
1980 0.000457 1961190.000000 1980 1 
1981 0.000457 1963171.000000 1981 1 
1982 0.000462 1965153.000000 1982 1 
1983 0.000459 1967136.000000 1983 1 
1984 0.000462 1969120.000000 1984 1 
1985 0.000459 1971105.000000 1985 1 
1986 0.000463 1973091.000000 1986 1 
1987 0.000464 1975078.000000 1987 1 
1988 0.000468 1977066.000000 1988 1 
1989 0.000461 1979055.000000 1989 1 
1990 0.000470 1981045.000000 1990 1 
1991 0.000462 1983036.000000 1991 1 
1992 0.000485 1985028.000000 1992 1 
1993 0.000463 1987021.000000 1993 1 
1994 0.000467 1989015.000000 1994 1 
1995 0.000463 1991010.000000 1995 1 
1996 0.000468 1993006.000000 1996 1 
1997 0.000468 1995003.000000 1997 1 
1998 0.000465 1997001.000000 1998 1 
1999 0.000466 1999000.000000 1999 1 
2000 0.000466 2001000.000000 2000 1 
2001 0.000471 2003001.000000 2001 1 
2002 0.000467 2005003.000000 2002 1 
2003 0.000471 2007006.000000 2003 1 
2004 0.000468 2009010.000000 2004 1 
2005 0.000473 2011015.000000 2005 1 
2006 0.000468 2013021.000000 2006 1 
2007 0.000473 2015028.000000 2007 1 
2008 0.000470 2017036.000000 2008 1 
2009 0.000479 2019045.000000 2009 1 
2010 0.000471 2021055.000000 2010 1 
2011 0.000475 2023066.000000 2011 1 
2012 0.000471 2025078.000000 2012 1 
2013 0.000476 2027091.000000 2013 1 
2014 0.000472 2029105.000000 2014 1 
2015 0.000477 2031120.000000 2015 1 
2016 0.000473 2033136.000000 2016 1 
2017 0.000484 2035153.000000 2017 1 
2018 0.000482 2037171.000000 2018 1 
2019 0.000479 2039190.000000 2019 1 
2020 0.000475 2041210.000000 2020 1 
2021 0.000480 2043231.000000 2021 1 
2022 0.000476 2045253.000000 2022 1 
2023 0.000481 2047276.000000 2023 1 
2024 0.000477 2049300.000000 2024 1 
2025 0.000481 2051325.000000 2025 1 
2026 0.000478 2053351.000000 2026 1 
2027 0.000483 2055378.000000 2027 1 
2028 0.000479 2057406.000000 2028 1 
2029 0.000483 2059435.000000 2029 1 
2030 0.000482 2061465.000000 2030 1 
2031 0.000480 2063496.000000 2031 1 
2032 0.000485 2065528.000000 2032 1 
2033 0.000481 2067561.000000 2033 1 
2034 0.000486 2069595.000000 2034 1 
2035 0.000482 2071630.000000 2035 1 
2036 0.000487 2073666.000000 2036 1 
2037 0.000483 2075703.000000 2037 1 
2038 0.000487 2077741.000000 2038 1 
2039 0.000484 2079780.000000 2039 1 
2040 0.000488 2081820.000000 2040 1 
2041 0.000485 2083861.000000 2041 1 
2042 0.000490 2085903.000000 2042 1 
2043 0.000504 2087946.000000 2043 1 
2044 0.000503 2089990.000000 2044 1 
2045 0.000487 2092035.000000 2045 1 
2046 0.000492 2094081.000000 2046 1 
2047 0.000488 2096128.000000 2047 1 
2048 0.000492 2098176.000000 2048 1 
2049 0.000488 2100225.000000 2049 1 
2050 0.000503 2102275.000000 2050 1 
2051 0.000490 2104326.000000 2051 1 
2052 0.000494 2106378.000000 2052 1 
2053 0.000491 2108431.000000 2053 1 
2054 0.000495 2110485.000000 2054 1 
2055 0.000492 2112540.000000 2055 1 
2056 0.000495 2114596.000000 2056 1 
2057 0.000492 2116653.000000 2057 1 
2058 0.000505 2118711.000000 2058 1 
2059 0.000493 2120770.000000 2059 1 
2060 0.000502 2122830.000000 2060 1 
2061 0.000494 2124891.000000 2061 1 
2062 0.000494 2126953.000000 2062 1 
2063 0.000499 2129016.000000 2063 1 
2064 0.000498 2131080.000000 2064 1 
2065 0.000501 2133145.000000 2065 1 
2066 0.000497 2135211.000000 2066 1 
2067 0.000501 2137278.000000 2067 1 
2068 0.000516 2139346.000000 2068 1 
2069 0.000502 2141415.000000 2069 1 
2070 0.000506 2143485.000000 2070 1 
2071 0.000503 2145556.000000 2071 1 
2072 0.000500 2147628.000000 2072 1 
2073 0.000503 2149701.000000 2073 1 
2074 0.000503 2151775.000000 2074 1 
2075 0.000505 2153850.000000 2075 1 
2076 0.000501 2155926.000000 2076 1 
2077 0.000506 2158003.000000 2077 1 
2078 0.000503 2160081.000000 2078 1 
2079 0.000529 2162160.000000 2079 1 
2080 0.000503 2164240.000000 2080 1 
2081 0.000508 2166321.000000 2081 1 
2082 0.000504 2168403.000000 2082 1 
2083 0.000508 2170486.000000 2083 1 
2084 0.000505 2172570.000000 2084 1 
2085 0.000509 2174655.000000 2085 1 
2086 0.000506 2176741.000000 2086 1 
2087 0.000510 2178828.000000 2087 1 
2088 0.000507 2180916.000000 2088 1 
2089 0.000519 2183005.000000 2089 1 
2090 0.000508 2185095.000000 2090 1 
2091 0.000531 2187186.000000 2091 1 
2092 0.000528 2189278.000000 2092 1 
2093 0.000509 2191371.000000 2093 1 
2094 0.000516 2193465.000000 2094 1 
2095 0.000514 2195560.000000 2095 1 
2096 0.000515 2197656.000000 2096 1 
2097 0.000511 2199753.000000 2097 1 
2098 0.000515 2201851.000000 2098 1 
2099 0.000512 2203950.000000 2099 1 
2100 0.000517 2206050.000000 2100 1 
2101 0.000514 2208151.000000 2101 1 
2102 0.000518 2210253.000000 2102 1 
2103 0.000514 2212356.000000 2103 1 
2104 0.000518 2214460.000000 2104 1 
2105 0.000515 2216565.000000 2105 1 
2106 0.000520 2218671.000000 2106 1 
2107 0.000517 2220778.000000 2107 1 
2108 0.000528 2222886.000000 2108 1 
2109 0.000517 2224995.000000 2109 1 
2110 0.000522 2227105.000000 2110 1 
2111 0.000524 2229216.000000 2111 1 
2112 0.000520 2231328.000000 2112 1 
2113 0.000523 2233441.000000 2113 1 
2114 0.000537 2235555.000000 2114 1 
2115 0.000524 2237670.000000 2115 1 
2116 0.000521 2239786.000000 2116 1 
2117 0.000525 2241903.000000 2117 1 
2118 0.000521 2244021.000000 2118 1 
2119 0.000526 2246140.000000 2119 1 
2120 0.000522 2248260.000000 2120 1 
2121 0.000534 2250381.000000 2121 1 
2122 0.000524 2252503.000000 2122 1 
2123 0.000528 2254626.000000 2123 1 
2124 0.000525 2256750.000000 2124 1 
2125 0.000528 2258875.000000 2125 1 
2126 0.000529 2261001.000000 2126 1 
2127 0.000527 2263128.000000 2127 1 
2128 0.000531 2265256.000000 2128 1 
2129 0.000527 2267385.000000 2129 1 
2130 0.000531 2269515.000000 2130 1 
2131 0.000528 2271646.000000 2131 1 
2132 0.000532 2273778.000000 2132 1 
2133 0.000529 2275911.000000 2133 1 
2134 0.000533 2278045.000000 2134 1 
2135 0.000530 2280180.000000 2135 1 
2136 0.000534 2282316.000000 2136 1 
2137 0.000553 2284453.000000 2137 1 
2138 0.000532 2286591.000000 2138 1 
2139 0.000536 2288730.000000 2139 1 
2140 0.000533 2290870.000000 2140 1 
2141 0.000537 2293011.000000 2141 1 
2142 0.000533 2295153.000000 2142 1 
2143 0.000537 2297296.000000 2143 1 
2144 0.000535 2299440.000000 2144 1 
2145 0.000544 2301585.000000 2145 1 
2146 0.000536 2303731.000000 2146 1 
2147 0.000540 2305878.000000 2147 1 
2148 0.000539 2308026.000000 2148 1 
2149 0.000537 2310175.000000 2149 1 
2150 0.000541 2312325.000000 2150 1 
2151 0.000537 2314476.000000 2151 1 
2152 0.000542 2316628.000000 2152 1 
2153 0.000538 2318781.000000 2153 1 
2154 0.000543 2320935.000000 2154 1 
2155 0.000554 2323090.000000 2155 1 
2156 0.000544 2325246.000000 2156 1 
2157 0.000544 2327403.000000 2157 1 
2158 0.000545 2329561.000000 2158 1 
2159 0.000546 2331720.000000 2159 1 
2160 0.000559 2333880.000000 2160 1 
2161 0.000547 2336041.000000 2161 1 
2162 0.000543 2338203.000000 2162 1 
2163 0.000552 2340366.000000 2163 1 
2164 0.000544 2342530.000000 2164 1 
2165 0.000548 2344695.000000 2165 1 
2166 0.000545 2346861.000000 2166 1 
2167 0.000545 2349028.000000 2167 1 
2168 0.000559 2351196.000000 2168 1 
2169 0.000546 2353365.000000 2169 1 
2170 0.000551 2355535.000000 2170 1 
2171 0.000547 2357706.000000 2171 1 
2172 0.000551 2359878.000000 2172 1 
2173 0.000548 2362051.000000 2173 1 
2174 0.000553 2364225.000000 2174 1 
2175 0.000553 2366400.000000 2175 1 
2176 0.000555 2368576.000000 2176 1 
2177 0.000556 2370753.000000 2177 1 
2178 0.000551 2372931.000000 2178 1 
2179 0.000555 2375110.000000 2179 1 
2180 0.000552 2377290.000000 2180 1 
2181 0.000584 2379471.000000 2181 1 
2182 0.000556 2381653.000000 2182 1 
2183 0.000553 2383836.000000 2183 1 
2184 0.000558 2386020.000000 2184 1 
2185 0.000554 2388205.000000 2185 1 
2186 0.000558 2390391.000000 2186 1 
2187 0.000556 2392578.000000 2187 1 
2188 0.000560 2394766.000000 2188 1 
2189 0.000556 2396955.000000 2189 1 
2190 0.000561 2399145.000000 2190 1 
2191 0.000562 2401336.000000 2191 1 
2192 0.000558 2403528.000000 2192 1 
2193 0.000563 2405721.000000 2193 1 
2194 0.000559 2407915.000000 2194 1 
2195 0.000563 2410110.000000 2195 1 
2196 0.000560 2412306.000000 2196 1 
2197 0.000564 2414503.000000 2197 1 
2198 0.000564 2416701.000000 2198 1 
2199 0.000569 2418900.000000 2199 1 
2200 0.000566 2421100.000000 2200 1 
2201 0.000563 2423301.000000 2201 1 
2202 0.000585 2425503.000000 2202 1 
2203 0.000567 2427706.000000 2203 1 
2204 0.000567 2429910.000000 2204 1 
2205 0.000568 2432115.000000 2205 1 
2206 0.000565 2434321.000000 2206 1 
2207 0.000569 2436528.000000 2207 1 
2208 0.000566 2438736.000000 2208 1 
2209 0.000570 2440945.000000 2209 1 
2210 0.000571 2443155.000000 2210 1 
2211 0.000568 2445366.000000 2211 1 
2212 0.000571 2447578.000000 2212 1 
2213 0.000568 2449791.000000 2213 1 
2214 0.000573 2452005.000000 2214 1 
2215 0.000569 2454220.000000 2215 1 
2216 0.000576 2456436.000000 2216 1 
2217 0.000574 2458653.000000 2217 1 
2218 0.000571 2460871.000000 2218 1 
2219 0.000575 2463090.000000 2219 1 
2220 0.000572 2465310.000000 2220 1 
2221 0.000576 2467531.000000 2221 1 
2222 0.000577 2469753.000000 2222 1 
2223 0.000574 2471976.000000 2223 1 
2224 0.000592 2474200.000000 2224 1 
2225 0.000574 2476425.000000 2225 1 
2226 0.000578 2478651.000000 2226 1 
2227 0.000580 2480878.000000 2227 1 
2228 0.000576 2483106.000000 2228 1 
2229 0.000580 2485335.000000 2229 1 
2230 0.000577 2487565.000000 2230 1 
2231 0.000581 2489796.000000 2231 1 
2232 0.000578 2492028.000000 2232 1 
2233 0.000590 2494261.000000 2233 1 
2234 0.000582 2496495.000000 2234 1 
2235 0.000579 2498730.000000 2235 1 
2236 0.000584 2500966.000000 2236 1 
2237 0.000581 2503203.000000 2237 1 
2238 0.000593 2505441.000000 2238 1 
2239 0.000586 2507680.000000 2239 1 
2240 0.000582 2509920.000000 2240 1 
2241 0.000586 2512161.000000 2241 1 
2242 0.000584 2514403.000000 2242 1 
2243 0.000592 2516646.000000 2243 1 
2244 0.000588 2518890.000000 2244 1 
2245 0.000602 2521135.000000 2245 1 
2246 0.000589 2523381.000000 2246 1 
2247 0.000586 2525628.000000 2247 1 
2248 0.000590 2527876.000000 2248 1 
2249 0.000590 2530125.000000 2249 1 
2250 0.000595 2532375.000000 2250 1 
2251 0.000592 2534626.000000 2251 1 
2252 0.000588 2536878.000000 2252 1 
2253 0.000593 2539131.000000 2253 1 
2254 0.000593 2541385.000000 2254 1 
2255 0.000590 2543640.000000 2255 1 
2256 0.000595 2545896.000000 2256 1 
2257 0.000591 2548153.000000 2257 1 
2258 0.000595 2550411.000000 2258 1 
2259 0.000596 2552670.000000 2259 1 
2260 0.000592 2554930.000000 2260 1 
2261 0.000596 2557191.000000 2261 1 
2262 0.000593 2559453.000000 2262 1 
2263 0.000598 2561716.000000 2263 1 
2264 0.000598 2563980.000000 2264 1 
2265 0.000613 2566245.000000 2265 1 
2266 0.000604 2568511.000000 2266 1 
2267 0.000600 2570778.000000 2267 1 
2268 0.000601 2573046.000000 2268 1 
2269 0.000600 2575315.000000 2269 1 
2270 0.000597 2577585.000000 2270 1 
2271 0.000602 2579856.000000 2271 1 
2272 0.000602 2582128.000000 2272 1 
2273 0.000599 2584401.000000 2273 1 
2274 0.000603 2586675.000000 2274 1 
2275 0.000600 2588950.000000 2275 1 
2276 0.000605 2591226.000000 2276 1 
2277 0.000605 2593503.000000 2277 1 
2278 0.000602 2595781.000000 2278 1 
2279 0.000606 2598060.000000 2279 1 
2280 0.000602 2600340.000000 2280 1 
2281 0.000604 2602621.000000 2281 1 
2282 0.000615 2604903.000000 2282 1 
2283 0.000604 2607186.000000 2283 1 
2284 0.000609 2609470.000000 2284 1 
2285 0.000630 2611755.000000 2285 1 
2286 0.000606 2614041.000000 2286 1 
2287 0.000610 2616328.000000 2287 1 
2288 0.000607 2618616.000000 2288 1 
2289 0.000612 2620905.000000 2289 1 
2290 0.000612 2623195.000000 2290 1 
2291 0.000609 2625486.000000 2291 1 
2292 0.000618 2627778.000000 2292 1 
2293 0.000617 2630071.000000 2293 1 
2294 0.000610 2632365.000000 2294 1 
2295 0.000615 2634660.000000 2295 1 
2296 0.000615 2636956.000000 2296 1 
2297 0.000615 2639253.000000 2297 1 
2298 0.000621 2641551.000000 2298 1 
2299 0.000612 2643850.000000 2299 1 
2300 0.000617 2646150.000000 2300 1 
2301 0.000618 2648451.000000 2301 1 
2302 0.000614 2650753.000000 2302 1 
2303 0.000618 2653056.000000 2303 1 
2304 0.000626 2655360.000000 2304 1 
2305 0.000617 2657665.000000 2305 1 
2306 0.000627 2659971.000000 2306 1 
2307 0.000616 2662278.000000 2307 1 
2308 0.000621 2664586.000000 2308 1 
2309 0.000622 2666895.000000 2309 1 
2310 0.000619 2669205.000000 2310 1 
2311 0.000626 2671516.000000 2311 1 
2312 0.000623 2673828.000000 2312 1 
2313 0.000620 2676141.000000 2313 1 
2314 0.000630 2678455.000000 2314 1 
2315 0.000622 2680770.000000 2315 1 
2316 0.000625 2683086.000000 2316 1 
2317 0.000626 2685403.000000 2317 1 
2318 0.000623 2687721.000000 2318 1 
2319 0.000627 2690040.000000 2319 1 
2320 0.000628 2692360.000000 2320 1 
2321 0.000625 2694681.000000 2321 1 
2322 0.000629 2697003.000000 2322 1 
2323 0.000629 2699326.000000 2323 1 
2324 0.000644 2701650.000000 2324 1 
2325 0.000633 2703975.000000 2325 1 
2326 0.000636 2706301.000000 2326 1 
2327 0.000627 2708628.000000 2327 1 
2328 0.000631 2710956.000000 2328 1 
2329 0.000632 2713285.000000 2329 1 
2330 0.000637 2715615.000000 2330 1 
2331 0.000633 2717946.000000 2331 1 
2332 0.000630 2720278.000000 2332 1 
2333 0.000635 2722611.000000 2333 1 
2334 0.000635 2724945.000000 2334 1 
2335 0.000632 2727280.000000 2335 1 
2336 0.000636 2729616.000000 2336 1 
2337 0.000637 2731953.000000 2337 1 
2338 0.000633 2734291.000000 2338 1 
2339 0.000637 2736630.000000 2339 1 
2340 0.000638 2738970.000000 2340 1 
2341 0.000635 2741311.000000 2341 1 
2342 0.000639 2743653.000000 2342 1 
2343 0.000653 2745996.000000 2343 1 
2344 0.000648 2748340.000000 2344 1 
2345 0.000646 2750685.000000 2345 1 
2346 0.000637 2753031.000000 2346 1 
2347 0.000642 2755378.000000 2347 1 
2348 0.000643 2757726.000000 2348 1 
2349 0.000639 2760075.000000 2349 1 
2350 0.000643 2762425.000000 2350 1 
2351 0.000644 2764776.000000 2351 1 
2352 0.000640 2767128.000000 2352 1 
2353 0.000645 2769481.000000 2353 1 
2354 0.000645 2771835.000000 2354 1 
2355 0.000642 2774190.000000 2355 1 
2356 0.000646 2776546.000000 2356 1 
2357 0.000647 2778903.000000 2357 1 
2358 0.000644 2781261.000000 2358 1 
2359 0.000648 2783620.000000 2359 1 
2360 0.000648 2785980.000000 2360 1 
2361 0.000654 2788341.000000 2361 1 
2362 0.000668 2790703.000000 2362 1 
2363 0.000650 2793066.000000 2363 1 
2364 0.000647 2795430.000000 2364 1 
2365 0.000651 2797795.000000 2365 1 
2366 0.000652 2800161.000000 2366 1 
2367 0.000648 2802528.000000 2367 1 
2368 0.000653 2804896.000000 2368 1 
2369 0.000654 2807265.000000 2369 1 
2370 0.000657 2809635.000000 2370 1 
2371 0.000654 2812006.000000 2371 1 
2372 0.000656 2814378.000000 2372 1 
2373 0.000652 2816751.000000 2373 1 
2374 0.000659 2819125.000000 2374 1 
2375 0.000657 2821500.000000 2375 1 
2376 0.000658 2823876.000000 2376 1 
2377 0.000658 2826253.000000 2377 1 
2378 0.000659 2828631.000000 2378 1 
2379 0.000655 2831010.000000 2379 1 
2380 0.000659 2833390.000000 2380 1 
2381 0.000678 2835771.000000 2381 1 
2382 0.000657 2838153.000000 2382 1 
2383 0.000662 2840536.000000 2383 1 
2384 0.000662 2842920.000000 2384 1 
2385 0.000658 2845305.000000 2385 1 
2386 0.000663 2847691.000000 2386 1 
2387 0.000667 2850078.000000 2387 1 
2388 0.000660 2852466.000000 2388 1 
2389 0.000664 2854855.000000 2389 1 
2390 0.000665 2857245.000000 2390 1 
2391 0.000662 2859636.000000 2391 1 
2392 0.000666 2862028.000000 2392 1 
2393 0.000674 2864421.000000 2393 1 
2394 0.000664 2866815.000000 2394 1 
2395 0.000668 2869210.000000 2395 1 
2396 0.000668 2871606.000000 2396 1 
2397 0.000665 2874003.000000 2397 1 
2398 0.000669 2876401.000000 2398 1 
2399 0.000688 2878800.000000 2399 1 
2400 0.000667 2881200.000000 2400 1 
2401 0.000675 2883601.000000 2401 1 
2402 0.000672 2886003.000000 2402 1 
2403 0.000672 2888406.000000 2403 1 
2404 0.000669 2890810.000000 2404 1 
2405 0.000678 2893215.000000 2405 1 
2406 0.000674 2895621.000000 2406 1 
2407 0.000671 2898028.000000 2407 1 
2408 0.000675 2900436.000000 2408 1 
2409 0.000676 2902845.000000 2409 1 
2410 0.000672 2905255.000000 2410 1 
2411 0.000677 2907666.000000 2411 1 
2412 0.000677 2910078.000000 2412 1 
2413 0.000674 2912491.000000 2413 1 
2414 0.000678 2914905.000000 2414 1 
2415 0.000679 2917320.000000 2415 1 
2416 0.000693 2919736.000000 2416 1 
2417 0.000707 2922153.000000 2417 1 
2418 0.000697 2924571.000000 2418 1 
2419 0.000681 2926990.000000 2419 1 
2420 0.000685 2929410.000000 2420 1 
2421 0.000683 2931831.000000 2421 1 
2422 0.000683 2934253.000000 2422 1 
2423 0.000679 2936676.000000 2423 1 
2424 0.000693 2939100.000000 2424 1 
2425 0.000684 2941525.000000 2425 1 
2426 0.000681 2943951.000000 2426 1 
2427 0.000686 2946378.000000 2427 1 
2428 0.000685 2948806.000000 2428 1 
2429 0.000686 2951235.000000 2429 1 
2430 0.000684 2953665.000000 2430 1 
2431 0.000688 2956096.000000 2431 1 
2432 0.000688 2958528.000000 2432 1 
2433 0.000685 2960961.000000 2433 1 
2434 0.000712 2963395.000000 2434 1 
2435 0.000689 2965830.000000 2435 1 
2436 0.000687 2968266.000000 2436 1 
2437 0.000691 2970703.000000 2437 1 
2438 0.000693 2973141.000000 2438 1 
2439 0.000698 2975580.000000 2439 1 
2440 0.000689 2978020.000000 2440 1 
2441 0.000694 2980461.000000 2441 1 
2442 0.000697 2982903.000000 2442 1 
2443 0.000690 2985346.000000 2443 1 
2444 0.000695 2987790.000000 2444 1 
2445 0.000695 2990235.000000 2445 1 
2446 0.000700 2992681.000000 2446 1 
2447 0.000693 2995128.000000 2447 1 
2448 0.000702 2997576.000000 2448 1 
2449 0.000697 3000025.000000 2449 1 
2450 0.000694 3002475.000000 2450 1 
2451 0.000717 3004926.000000 2451 1 
2452 0.000699 3007378.000000 2452 1 
2453 0.000719 3009831.000000 2453 1 
2454 0.000705 3012285.000000 2454 1 
2455 0.000710 3014740.000000 2455 1 
2456 0.000705 3017196.000000 2456 1 
2457 0.000725 3019653.000000 2457 1 
2458 0.000707 3022111.000000 2458 1 
2459 0.000703 3024570.000000 2459 1 
2460 0.000703 3027030.000000 2460 1 
2461 0.000704 3029491.000000 2461 1 
2462 0.000709 3031953.000000 2462 1 
2463 0.000706 3034416.000000 2463 1 
2464 0.000702 3036880.000000 2464 1 
2465 0.000709 3039345.000000 2465 1 
2466 0.000709 3041811.000000 2466 1 
2467 0.000711 3044278.000000 2467 1 
2468 0.000722 3046746.000000 2468 1 
2469 0.000709 3049215.000000 2469 1 
2470 0.000709 3051685.000000 2470 1 
2471 0.000706 3054156.000000 2471 1 
2472 0.000710 3056628.000000 2472 1 
2473 0.000710 3059101.000000 2473 1 
2474 0.000711 3061575.000000 2474 1 
2475 0.000708 3064050.000000 2475 1 
2476 0.000719 3066526.000000 2476 1 
2477 0.000713 3069003.000000 2477 1 
2478 0.000714 3071481.000000 2478 1 
2479 0.000710 3073960.000000 2479 1 
2480 0.000719 3076440.000000 2480 1 
2481 0.000716 3078921.000000 2481 1 
2482 0.000712 3081403.000000 2482 1 
2483 0.000717 3083886.000000 2483 1 
2484 0.000727 3086370.000000 2484 1 
2485 0.000731 3088855.000000 2485 1 
2486 0.000714 3091341.000000 2486 1 
2487 0.000719 3093828.000000 2487 1 
2488 0.000720 3096316.000000 2488 1 
2489 0.000720 3098805.000000 2489 1 
2490 0.000722 3101295.000000 2490 1 
2491 0.000721 3103786.000000 2491 1 
2492 0.000721 3106278.000000 2492 1 
2493 0.000718 3108771.000000 2493 1 
2494 0.000723 3111265.000000 2494 1 
2495 0.000723 3113760.000000 2495 1 
2496 0.000728 3116256.000000 2496 1 
2497 0.000721 3118753.000000 2497 1 
2498 0.000726 3121251.000000 2498 1 
2499 0.000726 3123750.000000 2499 1 
2500 0.000726 3126250.000000 2500 1 
2501 0.000741 3128751.000000 2501 1 
2502 0.000727 3131253.000000 2502 1 
2503 0.000736 3133756.000000 2503 1 
2504 0.000728 3136260.000000 2504 1 
2505 0.000726 3138765.000000 2505 1 
2506 0.000730 3141271.000000 2506 1 
2507 0.000730 3143778.000000 2507 1 
2508 0.000731 3146286.000000 2508 1 
2509 0.000728 3148795.000000 2509 1 
2510 0.000732 3151305.000000 2510 1 
2511 0.000732 3153816.000000 2511 1 
2512 0.000733 3156328.000000 2512 1 
2513 0.000730 3158841.000000 2513 1 
2514 0.000734 3161355.000000 2514 1 
2515 0.000735 3163870.000000 2515 1 
2516 0.000736 3166386.000000 2516 1 
2517 0.000755 3168903.000000 2517 1 
2518 0.000740 3171421.000000 2518 1 
2519 0.000740 3173940.000000 2519 1 
2520 0.000738 3176460.000000 2520 1 
2521 0.000734 3178981.000000 2521 1 
2522 0.000739 3181503.000000 2522 1 
2523 0.000740 3184026.000000 2523 1 
2524 0.000740 3186550.000000 2524 1 
2525 0.000737 3189075.000000 2525 1 
2526 0.000741 3191601.000000 2526 1 
2527 0.000742 3194128.000000 2527 1 
2528 0.000742 3196656.000000 2528 1 
2529 0.000740 3199185.000000 2529 1 
2530 0.000756 3201715.000000 2530 1 
2531 0.000744 3204246.000000 2531 1 
2532 0.000744 3206778.000000 2532 1 
2533 0.000760 3209311.000000 2533 1 
2534 0.000746 3211845.000000 2534 1 
2535 0.000747 3214380.000000 2535 1 
2536 0.000747 3216916.000000 2536 1 
2537 0.000744 3219453.000000 2537 1 
2538 0.000748 3221991.000000 2538 1 
2539 0.000748 3224530.000000 2539 1 
2540 0.000749 3227070.000000 2540 1 
2541 0.000746 3229611.000000 2541 1 
2542 0.000754 3232153.000000 2542 1 
2543 0.000757 3234696.000000 2543 1 
2544 0.000751 3237240.000000 2544 1 
2545 0.000752 3239785.000000 2545 1 
2546 0.000753 3242331.000000 2546 1 
2547 0.000757 3244878.000000 2547 1 
2548 0.000754 3247426.000000 2548 1 
2549 0.000755 3249975.000000 2549 1 
2550 0.000769 3252525.000000 2550 1 
2551 0.000756 3255076.000000 2551 1 
2552 0.000757 3257628.000000 2552 1 
2553 0.000757 3260181.000000 2553 1 
2554 0.000754 3262735.000000 2554 1 
2555 0.000758 3265290.000000 2555 1 
2556 0.000766 3267846.000000 2556 1 
2557 0.000759 3270403.000000 2557 1 
2558 0.000755 3272961.000000 2558 1 
2559 0.000760 3275520.000000 2559 1 
2560 0.000761 3278080.000000 2560 1 
2561 0.000762 3280641.000000 2561 1 
2562 0.000762 3283203.000000 2562 1 
2563 0.000758 3285766.000000 2563 1 
2564 0.000764 3288330.000000 2564 1 
2565 0.000764 3290895.000000 2565 1 
2566 0.000782 3293461.000000 2566 1 
2567 0.000761 3296028.000000 2567 1 
2568 0.000765 3298596.000000 2568 1 
2569 0.000774 3301165.000000 2569 1 
2570 0.000767 3303735.000000 2570 1 
2571 0.000767 3306306.000000 2571 1 
2572 0.000764 3308878.000000 2572 1 
2573 0.000776 3311451.000000 2573 1 
2574 0.000769 3314025.000000 2574 1 
2575 0.000770 3316600.000000 2575 1 
2576 0.000766 3319176.000000 2576 1 
2577 0.000771 3321753.000000 2577 1 
2578 0.000772 3324331.000000 2578 1 
2579 0.000771 3326910.000000 2579 1 
2580 0.000773 3329490.000000 2580 1 
2581 0.000792 3332071.000000 2581 1 
2582 0.000796 3334653.000000 2582 1 
2583 0.000774 3337236.000000 2583 1 
2584 0.000774 3339820.000000 2584 1 
2585 0.000775 3342405.000000 2585 1 
2586 0.000772 3344991.000000 2586 1 
2587 0.000777 3347578.000000 2587 1 
2588 0.000777 3350166.000000 2588 1 
2589 0.000778 3352755.000000 2589 1 
2590 0.000778 3355345.000000 2590 1 
2591 0.000775 3357936.000000 2591 1 
2592 0.000779 3360528.000000 2592 1 
2593 0.000799 3363121.000000 2593 1 
2594 0.000788 3365715.000000 2594 1 
2595 0.000782 3368310.000000 2595 1 
2596 0.000778 3370906.000000 2596 1 
2597 0.000801 3373503.000000 2597 1 
2598 0.000783 3376101.000000 2598 1 
2599 0.000784 3378700.000000 2599 1 
2600 0.000784 3381300.000000 2600 1 
2601 0.000781 3383901.000000 2601 1 
2602 0.000785 3386503.000000 2602 1 
2603 0.000786 3389106.000000 2603 1 
2604 0.000786 3391710.000000 2604 1 
2605 0.000783 3394315.000000 2605 1 
2606 0.000784 3396921.000000 2606 1 
2607 0.000795 3399528.000000 2607 1 
2608 0.000789 3402136.000000 2608 1 
2609 0.000789 3404745.000000 2609 1 
2610 0.000790 3407355.000000 2610 1 
2611 0.000787 3409966.000000 2611 1 
2612 0.000791 3412578.000000 2612 1 
2613 0.000810 3415191.000000 2613 1 
2614 0.000801 3417805.000000 2614 1 
2615 0.000794 3420420.000000 2615 1 
2616 0.000789 3423036.000000 2616 1 
2617 0.000794 3425653.000000 2617 1 
2618 0.000795 3428271.000000 2618 1 
2619 0.000803 3430890.000000 2619 1 
2620 0.000796 3433510.000000 2620 1 
2621 0.000792 3436131.000000 2621 1 
2622 0.000797 3438753.000000 2622 1 
2623 0.000799 3441376.000000 2623 1 
2624 0.000799 3444000.000000 2624 1 
2625 0.000799 3446625.000000 2625 1 
2626 0.000803 3449251.000000 2626 1 
2627 0.000801 3451878.000000 2627 1 
2628 0.000800 3454506.000000 2628 1 
2629 0.000819 3457135.000000 2629 1 
2630 0.000802 3459765.000000 2630 1 
2631 0.000802 3462396.000000 2631 1 
2632 0.000807 3465028.000000 2632 1 
2633 0.000807 3467661.000000 2633 1 
2634 0.000805 3470295.000000 2634 1 
2635 0.000805 3472930.000000 2635 1 
2636 0.000806 3475566.000000 2636 1 
2637 0.000803 3478203.000000 2637 1 
2638 0.000807 3480841.000000 2638 1 
2639 0.000807 3483480.000000 2639 1 
2640 0.000814 3486120.000000 2640 1 
2641 0.000809 3488761.000000 2641 1 
2642 0.000810 3491403.000000 2642 1 
2643 0.000806 3494046.000000 2643 1 
2644 0.000846 3496690.000000 2644 1 
2645 0.000811 3499335.000000 2645 1 
2646 0.000812 3501981.000000 2646 1 
2647 0.000812 3504628.000000 2647 1 
2648 0.000819 3507276.000000 2648 1 
2649 0.000810 3509925.000000 2649 1 
2650 0.000814 3512575.000000 2650 1 
2651 0.000814 3515226.000000 2651 1 
2652 0.000815 3517878.000000 2652 1 
2653 0.000816 3520531.000000 2653 1 
2654 0.000813 3523185.000000 2654 1 
2655 0.000825 3525840.000000 2655 1 
2656 0.000823 3528496.000000 2656 1 
2657 0.000819 3531153.000000 2657 1 
2658 0.000819 3533811.000000 2658 1 
2659 0.000837 3536470.000000 2659 1 
2660 0.000816 3539130.000000 2660 1 
2661 0.000817 3541791.000000 2661 1 
2662 0.000821 3544453.000000 2662 1 
2663 0.000822 3547116.000000 2663 1 
2664 0.000822 3549780.000000 2664 1 
2665 0.000823 3552445.000000 2665 1 
2666 0.000819 3555111.000000 2666 1 
2667 0.000821 3557778.000000 2667 1 
2668 0.000832 3560446.000000 2668 1 
2669 0.000826 3563115.000000 2669 1 
2670 0.000833 3565785.000000 2670 1 
2671 0.000827 3568456.000000 2671 1 
2672 0.000859 3571128.000000 2672 1 
2673 0.000828 3573801.000000 2673 1 
2674 0.000846 3576475.000000 2674 1 
2675 0.000829 3579150.000000 2675 1 
2676 0.000835 3581826.000000 2676 1 
2677 0.000832 3584503.000000 2677 1 
2678 0.000842 3587181.000000 2678 1 
2679 0.000828 3589860.000000 2679 1 
2680 0.000836 3592540.000000 2680 1 
2681 0.000860 3595221.000000 2681 1 
2682 0.000833 3597903.000000 2682 1 
2683 0.000835 3600586.000000 2683 1 
2684 0.000845 3603270.000000 2684 1 
2685 0.000846 3605955.000000 2685 1 
2686 0.000841 3608641.000000 2686 1 
2687 0.000836 3611328.000000 2687 1 
2688 0.000837 3614016.000000 2688 1 
2689 0.000863 3616705.000000 2689 1 
2690 0.000838 3619395.000000 2690 1 
2691 0.000847 3622086.000000 2691 1 
2692 0.000851 3624778.000000 2692 1 
2693 0.000837 3627471.000000 2693 1 
2694 0.000848 3630165.000000 2694 1 
2695 0.000845 3632860.000000 2695 1 
2696 0.000842 3635556.000000 2696 1 
2697 0.000842 3638253.000000 2697 1 
2698 0.000844 3640951.000000 2698 1 
2699 0.000844 3643650.000000 2699 1 
2700 0.000841 3646350.000000 2700 1 
2701 0.000845 3649051.000000 2701 1 
2702 0.000846 3651753.000000 2702 1 
2703 0.000869 3654456.000000 2703 1 
2704 0.000847 3657160.000000 2704 1 
2705 0.000848 3659865.000000 2705 1 
2706 0.000848 3662571.000000 2706 1 
2707 0.000845 3665278.000000 2707 1 
2708 0.000846 3667986.000000 2708 1 
2709 0.000850 3670695.000000 2709 1 
2710 0.000851 3673405.000000 2710 1 
2711 0.000851 3676116.000000 2711 1 
2712 0.000856 3678828.000000 2712 1 
2713 0.000852 3681541.000000 2713 1 
2714 0.000854 3684255.000000 2714 1 
2715 0.000858 3686970.000000 2715 1 
2716 0.000855 3689686.000000 2716 1 
2717 0.000855 3692403.000000 2717 1 
2718 0.000874 3695121.000000 2718 1 
2719 0.000879 3697840.000000 2719 1 
2720 0.000868 3700560.000000 2720 1 
2721 0.000868 3703281.000000 2721 1 
2722 0.000868 3706003.000000 2722 1 
2723 0.000905 3708726.000000 2723 1 
2724 0.000869 3711450.000000 2724 1 
2725 0.000876 3714175.000000 2725 1 
2726 0.000865 3716901.000000 2726 1 
2727 0.000869 3719628.000000 2727 1 
2728 0.000858 3722356.000000 2728 1 
2729 0.000858 3725085.000000 2729 1 
2730 0.000863 3727815.000000 2730 1 
2731 0.000890 3730546.000000 2731 1 
2732 0.000865 3733278.000000 2732 1 
2733 0.000865 3736011.000000 2733 1 
2734 0.000866 3738745.000000 2734 1 
2735 0.000875 3741480.000000 2735 1 
2736 0.000867 3744216.000000 2736 1 
2737 0.000868 3746953.000000 2737 1 
2738 0.000864 3749691.000000 2738 1 
2739 0.000869 3752430.000000 2739 1 
2740 0.000870 3755170.000000 2740 1 
2741 0.000870 3757911.000000 2741 1 
2742 0.000870 3760653.000000 2742 1 
2743 0.000872 3763396.000000 2743 1 
2744 0.000871 3766140.000000 2744 1 
2745 0.000890 3768885.000000 2745 1 
2746 0.000869 3771631.000000 2746 1 
2747 0.000873 3774378.000000 2747 1 
2748 0.000884 3777126.000000 2748 1 
2749 0.000875 3779875.000000 2749 1 
2750 0.000875 3782625.000000 2750 1 
2751 0.000876 3785376.000000 2751 1 
2752 0.000876 3788128.000000 2752 1 
2753 0.000877 3790881.000000 2753 1 
2754 0.000878 3793635.000000 2754 1 
2755 0.000875 3796390.000000 2755 1 
2756 0.000880 3799146.000000 2756 1 
2757 0.000880 3801903.000000 2757 1 
2758 0.000883 3804661.000000 2758 1 
2759 0.000887 3807420.000000 2759 1 
2760 0.000895 3810180.000000 2760 1 
2761 0.000883 3812941.000000 2761 1 
2762 0.000883 3815703.000000 2762 1 
2763 0.000883 3818466.000000 2763 1 
2764 0.000884 3821230.000000 2764 1 
2765 0.000881 3823995.000000 2765 1 
2766 0.000886 3826761.000000 2766 1 
2767 0.000890 3829528.000000 2767 1 
2768 0.000891 3832296.000000 2768 1 
2769 0.000888 3835065.000000 2769 1 
2770 0.000895 3837835.000000 2770 1 
2771 0.000888 3840606.000000 2771 1 
2772 0.000889 3843378.000000 2772 1 
2773 0.000908 3846151.000000 2773 1 
2774 0.000891 3848925.000000 2774 1 
2775 0.000888 3851700.000000 2775 1 
2776 0.000892 3854476.000000 2776 1 
2777 0.000892 3857253.000000 2777 1 
2778 0.000893 3860031.000000 2778 1 
2779 0.000894 3862810.000000 2779 1 
2780 0.000895 3865590.000000 2780 1 
2781 0.000902 3868371.000000 2781 1 
2782 0.000896 3871153.000000 2782 1 
2783 0.000896 3873936.000000 2783 1 
2784 0.000896 3876720.000000 2784 1 
2785 0.000897 3879505.000000 2785 1 
2786 0.000894 3882291.000000 2786 1 
2787 0.000920 3885078.000000 2787 1 
2788 0.000899 3887866.000000 2788 1 
2789 0.000900 3890655.000000 2789 1 
2790 0.000901 3893445.000000 2790 1 
2791 0.000913 3896236.000000 2791 1 
2792 0.000913 3899028.000000 2792 1 
2793 0.000907 3901821.000000 2793 1 
2794 0.000913 3904615.000000 2794 1 
2795 0.000907 3907410.000000 2795 1 
2796 0.000908 3910206.000000 2796 1 
2797 0.000911 3913003.000000 2797 1 
2798 0.000913 3915801.000000 2798 1 
2799 0.000906 3918600.000000 2799 1 
2800 0.000918 3921400.000000 2800 1 
2801 0.000929 3924201.000000 2801 1 
2802 0.000916 3927003.000000 2802 1 
2803 0.000911 3929806.000000 2803 1 
2804 0.000918 3932610.000000 2804 1 
2805 0.000910 3935415.000000 2805 1 
2806 0.000911 3938221.000000 2806 1 
2807 0.000911 3941028.000000 2807 1 
2808 0.000912 3943836.000000 2808 1 
2809 0.000919 3946645.000000 2809 1 
2810 0.000914 3949455.000000 2810 1 
2811 0.000914 3952266.000000 2811 1 
2812 0.000911 3955078.000000 2812 1 
2813 0.000915 3957891.000000 2813 1 
2814 0.000939 3960705.000000 2814 1 
2815 0.000917 3963520.000000 2815 1 
2816 0.000921 3966336.000000 2816 1 
2817 0.000918 3969153.000000 2817 1 
2818 0.000921 3971971.000000 2818 1 
2819 0.000919 3974790.000000 2819 1 
2820 0.000920 3977610.000000 2820 1 
2821 0.000920 3980431.000000 2821 1 
2822 0.000921 3983253.000000 2822 1 
2823 0.000930 3986076.000000 2823 1 
2824 0.000932 3988900.000000 2824 1 
2825 0.000923 3991725.000000 2825 1 
2826 0.000924 3994551.000000 2826 1 
2827 0.000942 3997378.000000 2827 1 
2828 0.000921 4000206.000000 2828 1 
2829 0.000926 4003035.000000 2829 1 
2830 0.000926 4005865.000000 2830 1 
2831 0.000926 4008696.000000 2831 1 
2832 0.000928 4011528.000000 2832 1 
2833 0.000928 4014361.000000 2833 1 
2834 0.000932 4017195.000000 2834 1 
2835 0.000931 4020030.000000 2835 1 
2836 0.000931 4022866.000000 2836 1 
2837 0.000931 4025703.000000 2837 1 
2838 0.000935 4028541.000000 2838 1 
2839 0.000940 4031380.000000 2839 1 
2840 0.000951 4034220.000000 2840 1 
2841 0.000934 4037061.000000 2841 1 
2842 0.000934 4039903.000000 2842 1 
2843 0.000935 4042746.000000 2843 1 
2844 0.000935 4045590.000000 2844 1 
2845 0.000935 4048435.000000 2845 1 
2846 0.000940 4051281.000000 2846 1 
2847 0.000940 4054128.000000 2847 1 
2848 0.000937 4056976.000000 2848 1 
2849 0.000942 4059825.000000 2849 1 
2850 0.000939 4062675.000000 2850 1 
2851 0.000939 4065526.000000 2851 1 
2852 0.000941 4068378.000000 2852 1 
2853 0.000959 4071231.000000 2853 1 
2854 0.000941 4074085.000000 2854 1 
2855 0.000943 4076940.000000 2855 1 
2856 0.000950 4079796.000000 2856 1 
2857 0.000944 4082653.000000 2857 1 
2858 0.000944 4085511.000000 2858 1 
2859 0.000945 4088370.000000 2859 1 
2860 0.000946 4091230.000000 2860 1 
2861 0.000946 4094091.000000 2861 1 
2862 0.000947 4096953.000000 2862 1 
2863 0.000947 4099816.000000 2863 1 
2864 0.000948 4102680.000000 2864 1 
2865 0.000948 4105545.000000 2865 1 
2866 0.000967 4108411.000000 2866 1 
2867 0.000952 4111278.000000 2867 1 
2868 0.000951 4114146.000000 2868 1 
2869 0.000951 4117015.000000 2869 1 
2870 0.000952 4119885.000000 2870 1 
2871 0.000949 4122756.000000 2871 1 
2872 0.000950 4125628.000000 2872 1 
2873 0.000954 4128501.000000 2873 1 
2874 0.000963 4131375.000000 2874 1 
2875 0.000955 4134250.000000 2875 1 
2876 0.000956 4137126.000000 2876 1 
2877 0.000964 4140003.000000 2877 1 
2878 0.000958 4142881.000000 2878 1 
2879 0.000975 4145760.000000 2879 1 
2880 0.000959 4148640.000000 2880 1 
2881 0.000959 4151521.000000 2881 1 
2882 0.000960 4154403.000000 2882 1 
2883 0.000961 4157286.000000 2883 1 
2884 0.000961 4160170.000000 2884 1 
2885 0.000962 4163055.000000 2885 1 
2886 0.000963 4165941.000000 2886 1 
2887 0.000968 4168828.000000 2887 1 
2888 0.000964 4171716.000000 2888 1 
2889 0.000968 4174605.000000 2889 1 
2890 0.000965 4177495.000000 2890 1 
2891 0.000984 4180386.000000 2891 1 
2892 0.000966 4183278.000000 2892 1 
2893 0.000967 4186171.000000 2893 1 
2894 0.000968 4189065.000000 2894 1 
2895 0.000977 4191960.000000 2895 1 
2896 0.000969 4194856.000000 2896 1 
2897 0.000977 4197753.000000 2897 1 
2898 0.000972 4200651.000000 2898 1 
2899 0.000971 4203550.000000 2899 1 
2900 0.000972 4206450.000000 2900 1 
2901 0.000972 4209351.000000 2901 1 
2902 0.000973 4212253.000000 2902 1 
2903 0.000985 4215156.000000 2903 1 
2904 0.000995 4218060.000000 2904 1 
2905 0.000975 4220965.000000 2905 1 
2906 0.000976 4223871.000000 2906 1 
2907 0.000990 4226778.000000 2907 1 
2908 0.000987 4229686.000000 2908 1 
2909 0.000977 4232595.000000 2909 1 
2910 0.000978 4235505.000000 2910 1 
2911 0.000979 4238416.000000 2911 1 
2912 0.000980 4241328.000000 2912 1 
2913 0.000980 4244241.000000 2913 1 
2914 0.000982 4247155.000000 2914 1 
2915 0.000981 4250070.000000 2915 1 
2916 0.000992 4252986.000000 2916 1 
2917 0.000992 4255903.000000 2917 1 
2918 0.000984 4258821.000000 2918 1 
2919 0.000985 4261740.000000 2919 1 
2920 0.000985 4264660.000000 2920 1 
2921 0.000985 4267581.000000 2921 1 
2922 0.000986 4270503.000000 2922 1 
2923 0.000990 4273426.000000 2923 1 
2924 0.000988 4276350.000000 2924 1 
2925 0.000988 4279275.000000 2925 1 
2926 0.000996 4282201.000000 2926 1 
2927 0.001019 4285128.000000 2927 1 
2928 0.001002 4288056.000000 2928 1 
2929 0.001020 4290985.000000 2929 1 
2930 0.001003 4293915.000000 2930 1 
2931 0.001005 4296846.000000 2931 1 
2932 0.001005 4299778.000000 2932 1 
2933 0.001007 4302711.000000 2933 1 
2934 0.000998 4305645.000000 2934 1 
2935 0.000999 4308580.000000 2935 1 
2936 0.001007 4311516.000000 2936 1 
2937 0.001005 4314453.000000 2937 1 
2938 0.001006 4317391.000000 2938 1 
2939 0.001002 4320330.000000 2939 1 
2940 0.001006 4323270.000000 2940 1 
2941 0.001021 4326211.000000 2941 1 
2942 0.001005 4329153.000000 2942 1 
2943 0.001007 4332096.000000 2943 1 
2944 0.001013 4335040.000000 2944 1 
2945 0.001002 4337985.000000 2945 1 
2946 0.001022 4340931.000000 2946 1 
2947 0.001004 4343878.000000 2947 1 
2948 0.001004 4346826.000000 2948 1 
2949 0.001004 4349775.000000 2949 1 
2950 0.001005 4352725.000000 2950 1 
2951 0.001006 4355676.000000 2951 1 
2952 0.001006 4358628.000000 2952 1 
2953 0.001025 4361581.000000 2953 1 
2954 0.001007 4364535.000000 2954 1 
2955 0.001009 4367490.000000 2955 1 
2956 0.001009 4370446.000000 2956 1 
2957 0.001017 4373403.000000 2957 1 
2958 0.001010 4376361.000000 2958 1 
2959 0.001011 4379320.000000 2959 1 
2960 0.001016 4382280.000000 2960 1 
2961 0.001014 4385241.000000 2961 1 
2962 0.001013 4388203.000000 2962 1 
2963 0.001013 4391166.000000 2963 1 
2964 0.001019 4394130.000000 2964 1 
2965 0.001033 4397095.000000 2965 1 
2966 0.001020 4400061.000000 2966 1 
2967 0.001017 4403028.000000 2967 1 
2968 0.001017 4405996.000000 2968 1 
2969 0.001018 4408965.000000 2969 1 
2970 0.001022 4411935.000000 2970 1 
2971 0.001056 4414906.000000 2971 1 
2972 0.001030 4417878.000000 2972 1 
2973 0.001020 4420851.000000 2973 1 
2974 0.001024 4423825.000000 2974 1 
2975 0.001021 4426800.000000 2975 1 
2976 0.001029 4429776.000000 2976 1 
2977 0.001042 4432753.000000 2977 1 
2978 0.001025 4435731.000000 2978 1 
2979 0.001028 4438710.000000 2979 1 
2980 0.001025 4441690.000000 2980 1 
2981 0.001026 4444671.000000 2981 1 
2982 0.001026 4447653.000000 2982 1 
2983 0.001028 4450636.000000 2983 1 
2984 0.001028 4453620.000000 2984 1 
2985 0.001032 4456605.000000 2985 1 
2986 0.001034 4459591.000000 2986 1 
2987 0.001034 4462578.000000 2987 1 
2988 0.001031 4465566.000000 2988 1 
2989 0.001045 4468555.000000 2989 1 
2990 0.001032 4471545.000000 2990 1 
2991 0.001035 4474536.000000 2991 1 
2992 0.001033 4477528.000000 2992 1 
2993 0.001034 4480521.000000 2993 1 
2994 0.001034 4483515.000000 2994 1 
2995 0.001057 4486510.000000 2995 1 
2996 0.001036 4489506.000000 2996 1 
2997 0.001036 4492503.000000 2997 1 
2998 0.001041 4495501.000000 2998 1 
2999 0.001038 4498500.000000 2999 1 
3000 0.001059 4501500.000000 3000 1 
3001 0.001039 4504501.000000 3001 1 
3002 0.001043 4507503.000000 3002 1 
3003 0.001049 4510506.000000 3003 1 
3004 0.001046 4513510.000000 3004 1 
3005 0.001047 4516515.000000 3005 1 
3006 0.001043 4519521.000000 3006 1 
3007 0.001043 4522528.000000 3007 1 
3008 0.001066 4525536.000000 3008 1 
3009 0.001045 4528545.000000 3009 1 
3010 0.001046 4531555.000000 3010 1 
3011 0.001047 4534566.000000 3011 1 
3012 0.001065 4537578.000000 3012 1 
3013 0.001047 4540591.000000 3013 1 
3014 0.001053 4543605.000000 3014 1 
3015 0.001049 4546620.000000 3015 1 
3016 0.001050 4549636.000000 3016 1 
3017 0.001051 4552653.000000 3017 1 
3018 0.001051 4555671.000000 3018 1 
3019 0.001051 4558690.000000 3019 1 
3020 0.001057 4561710.000000 3020 1 
3021 0.001053 4564731.000000 3021 1 
3022 0.001053 4567753.000000 3022 1 
3023 0.001078 4570776.000000 3023 1 
3024 0.001080 4573800.000000 3024 1 
3025 0.001064 4576825.000000 3025 1 
3026 0.001063 4579851.000000 3026 1 
3027 0.001057 4582878.000000 3027 1 
3028 0.001058 4585906.000000 3028 1 
3029 0.001058 4588935.000000 3029 1 
3030 0.001062 4591965.000000 3030 1 
3031 0.001060 4594996.000000 3031 1 
3032 0.001061 4598028.000000 3032 1 
3033 0.001081 4601061.000000 3033 1 
3034 0.001066 4604095.000000 3034 1 
3035 0.001080 4607130.000000 3035 1 
3036 0.001067 4610166.000000 3036 1 
3037 0.001065 4613203.000000 3037 1 
3038 0.001065 4616241.000000 3038 1 
3039 0.001066 4619280.000000 3039 1 
3040 0.001066 4622320.000000 3040 1 
3041 0.001066 4625361.000000 3041 1 
3042 0.001075 4628403.000000 3042 1 
3043 0.001071 4631446.000000 3043 1 
3044 0.001069 4634490.000000 3044 1 
3045 0.001073 4637535.000000 3045 1 
3046 0.001070 4640581.000000 3046 1 
3047 0.001088 4643628.000000 3047 1 
3048 0.001071 4646676.000000 3048 1 
3049 0.001072 4649725.000000 3049 1 
3050 0.001077 4652775.000000 3050 1 
3051 0.001081 4655826.000000 3051 1 
3052 0.001075 4658878.000000 3052 1 
3053 0.001075 4661931.000000 3053 1 
3054 0.001076 4664985.000000 3054 1 
3055 0.001077 4668040.000000 3055 1 
3056 0.001081 4671096.000000 3056 1 
3057 0.001078 4674153.000000 3057 1 
3058 0.001106 4677211.000000 3058 1 
3059 0.001080 4680270.000000 3059 1 
3060 0.001085 4683330.000000 3060 1 
3061 0.001081 4686391.000000 3061 1 
3062 0.001081 4689453.000000 3062 1 
3063 0.001082 4692516.000000 3063 1 
3064 0.001091 4695580.000000 3064 1 
3065 0.001083 4698645.000000 3065 1 
3066 0.001088 4701711.000000 3066 1 
3067 0.001084 4704778.000000 3067 1 
3068 0.001086 4707846.000000 3068 1 
3069 0.001109 4710915.000000 3069 1 
3070 0.001087 4713985.000000 3070 1 
3071 0.001091 4717056.000000 3071 1 
3072 0.001088 4720128.000000 3072 1 
3073 0.001089 4723201.000000 3073 1 
3074 0.001090 4726275.000000 3074 1 
3075 0.001094 4729350.000000 3075 1 
3076 0.001106 4732426.000000 3076 1 
3077 0.001092 4735503.000000 3077 1 
3078 0.001099 4738581.000000 3078 1 
3079 0.001094 4741660.000000 3079 1 
3080 0.001111 4744740.000000 3080 1 
3081 0.001095 4747821.000000 3081 1 
3082 0.001095 4750903.000000 3082 1 
3083 0.001096 4753986.000000 3083 1 
3084 0.001101 4757070.000000 3084 1 
3085 0.001097 4760155.000000 3085 1 
3086 0.001116 4763241.000000 3086 1 
3087 0.001101 4766328.000000 3087 1 
3088 0.001099 4769416.000000 3088 1 
3089 0.001109 4772505.000000 3089 1 
3090 0.001101 4775595.000000 3090 1 
3091 0.001147 4778686.000000 3091 1 
3092 0.001107 4781778.000000 3092 1 
3093 0.001118 4784871.000000 3093 1 
3094 0.001107 4787965.000000 3094 1 
3095 0.001104 4791060.000000 3095 1 
3096 0.001112 4794156.000000 3096 1 
3097 0.001106 4797253.000000 3097 1 
3098 0.001107 4800351.000000 3098 1 
3099 0.001127 4803450.000000 3099 1 
3100 0.001112 4806550.000000 3100 1 
3101 0.001108 4809651.000000 3101 1 
3102 0.001109 4812753.000000 3102 1 
3103 0.001128 4815856.000000 3103 1 
3104 0.001111 4818960.000000 3104 1 
3105 0.001119 4822065.000000 3105 1 
3106 0.001112 4825171.000000 3106 1 
3107 0.001113 4828278.000000 3107 1 
3108 0.001118 4831386.000000 3108 1 
3109 0.001114 4834495.000000 3109 1 
3110 0.001115 4837605.000000 3110 1 
3111 0.001115 4840716.000000 3111 1 
3112 0.001116 4843828.000000 3112 1 
3113 0.001127 4846941.000000 3113 1 
3114 0.001138 4850055.000000 3114 1 
3115 0.001118 4853170.000000 3115 1 
3116 0.001130 4856286.000000 3116 1 
3117 0.001120 4859403.000000 3117 1 
3118 0.001120 4862521.000000 3118 1 
3119 0.001121 4865640.000000 3119 1 
3120 0.001123 4868760.000000 3120 1 
3121 0.001143 4871881.000000 3121 1 
3122 0.001123 4875003.000000 3122 1 
3123 0.001138 4878126.000000 3123 1 
3124 0.001143 4881250.000000 3124 1 
3125 0.001126 4884375.000000 3125 1 
3126 0.001126 4887501.000000 3126 1 
3127 0.001127 4890628.000000 3127 1 
3128 0.001128 4893756.000000 3128 1 
3129 0.001128 4896885.000000 3129 1 
3130 0.001133 4900015.000000 3130 1 
3131 0.001135 4903146.000000 3131 1 
3132 0.001131 4906278.000000 3132 1 
3133 0.001131 4909411.000000 3133 1 
3134 0.001132 4912545.000000 3134 1 
3135 0.001150 4915680.000000 3135 1 
3136 0.001137 4918816.000000 3136 1 
3137 0.001134 4921953.000000 3137 1 
3138 0.001160 4925091.000000 3138 1 
3139 0.001135 4928230.000000 3139 1 
3140 0.001145 4931370.000000 3140 1 
3141 0.001137 4934511.000000 3141 1 
3142 0.001137 4937653.000000 3142 1 
3143 0.001142 4940796.000000 3143 1 
3144 0.001166 4943940.000000 3144 1 
3145 0.001155 4947085.000000 3145 1 
3146 0.001159 4950231.000000 3146 1 
3147 0.001141 4953378.000000 3147 1 
3148 0.001142 4956526.000000 3148 1 
3149 0.001156 4959675.000000 3149 1 
3150 0.001144 4962825.000000 3150 1 
3151 0.001152 4965976.000000 3151 1 
3152 0.001145 4969128.000000 3152 1 
3153 0.001145 4972281.000000 3153 1 
3154 0.001167 4975435.000000 3154 1 
3155 0.001150 4978590.000000 3155 1 
3156 0.001147 4981746.000000 3156 1 
3157 0.001174 4984903.000000 3157 1 
3158 0.001151 4988061.000000 3158 1 
3159 0.001150 4991220.000000 3159 1 
3160 0.001151 4994380.000000 3160 1 
3161 0.001155 4997541.000000 3161 1 
3162 0.001174 5000703.000000 3162 1 
3163 0.001153 5003866.000000 3163 1 
3164 0.001153 5007030.000000 3164 1 
3165 0.001154 5010195.000000 3165 1 
3166 0.001163 5013361.000000 3166 1 
3167 0.001155 5016528.000000 3167 1 
3168 0.001174 5019696.000000 3168 1 
3169 0.001157 5022865.000000 3169 1 
3170 0.001158 5026035.000000 3170 1 
3171 0.001162 5029206.000000 3171 1 
3172 0.001168 5032378.000000 3172 1 
3173 0.001160 5035551.000000 3173 1 
3174 0.001189 5038725.000000 3174 1 
3175 0.001161 5041900.000000 3175 1 
3176 0.001162 5045076.000000 3176 1 
3177 0.001162 5048253.000000 3177 1 
3178 0.001185 5051431.000000 3178 1 
3179 0.001172 5054610.000000 3179 1 
3180 0.001169 5057790.000000 3180 1 
3181 0.001166 5060971.000000 3181 1 
3182 0.001186 5064153.000000 3182 1 
3183 0.001178 5067336.000000 3183 1 
3184 0.001168 5070520.000000 3184 1 
3185 0.001169 5073705.000000 3185 1 
3186 0.001169 5076891.000000 3186 1 
3187 0.001170 5080078.000000 3187 1 
3188 0.001175 5083266.000000 3188 1 
3189 0.001189 5086455.000000 3189 1 
3190 0.001194 5089645.000000 3190 1 
3191 0.001181 5092836.000000 3191 1 
3192 0.001174 5096028.000000 3192 1 
3193 0.001178 5099221.000000 3193 1 
3194 0.001175 5102415.000000 3194 1 
3195 0.001197 5105610.000000 3195 1 
3196 0.001176 5108806.000000 3196 1 
3197 0.001178 5112003.000000 3197 1 
3198 0.001178 5115201.000000 3198 1 
3199 0.001206 5118400.000000 3199 1 
3200 0.001198 5121600.000000 3200 1 
3201 0.001203 5124801.000000 3201 1 
3202 0.001181 5128003.000000 3202 1 
3203 0.001186 5131206.000000 3203 1 
3204 0.001182 5134410.000000 3204 1 
3205 0.001209 5137615.000000 3205 1 
3206 0.001184 5140821.000000 3206 1 
3207 0.001197 5144028.000000 3207 1 
3208 0.001196 5147236.000000 3208 1 
3209 0.001208 5150445.000000 3209 1 
3210 0.001204 5153655.000000 3210 1 
3211 0.001187 5156866.000000 3211 1 
3212 0.001200 5160078.000000 3212 1 
3213 0.001193 5163291.000000 3213 1 
3214 0.001191 5166505.000000 3214 1 
3215 0.001191 5169720.000000 3215 1 
3216 0.001196 5172936.000000 3216 1 
3217 0.001192 5176153.000000 3217 1 
3218 0.001196 5179371.000000 3218 1 
3219 0.001216 5182590.000000 3219 1 
3220 0.001212 5185810.000000 3220 1 
3221 0.001195 5189031.000000 3221 1 
3222 0.001199 5192253.000000 3222 1 
3223 0.001196 5195476.000000 3223 1 
3224 0.001199 5198700.000000 3224 1 
3225 0.001198 5201925.000000 3225 1 
3226 0.001218 5205151.000000 3226 1 
3227 0.001203 5208378.000000 3227 1 
3228 0.001200 5211606.000000 3228 1 
3229 0.001201 5214835.000000 3229 1 
3230 0.001201 5218065.000000 3230 1 
3231 0.001223 5221296.000000 3231 1 
3232 0.001209 5224528.000000 3232 1 
3233 0.001232 5227761.000000 3233 1 
3234 0.001267 5230995.000000 3234 1 
3235 0.001219 5234230.000000 3235 1 
3236 0.001206 5237466.000000 3236 1 
3237 0.001230 5240703.000000 3237 1 
3238 0.001208 5243941.000000 3238 1 
3239 0.001208 5247180.000000 3239 1 
3240 0.001215 5250420.000000 3240 1 
3241 0.001229 5253661.000000 3241 1 
3242 0.001210 5256903.000000 3242 1 
3243 0.001211 5260146.000000 3243 1 
3244 0.001216 5263390.000000 3244 1 
3245 0.001235 5266635.000000 3245 1 
3246 0.001213 5269881.000000 3246 1 
3247 0.001214 5273128.000000 3247 1 
3248 0.001222 5276376.000000 3248 1 
3249 0.001223 5279625.000000 3249 1 
3250 0.001238 5282875.000000 3250 1 
3251 0.001234 5286126.000000 3251 1 
3252 0.001222 5289378.000000 3252 1 
3253 0.001218 5292631.000000 3253 1 
3254 0.001219 5295885.000000 3254 1 
3255 0.001220 5299140.000000 3255 1 
3256 0.001220 5302396.000000 3256 1 
3257 0.001234 5305653.000000 3257 1 
3258 0.001244 5308911.000000 3258 1 
3259 0.001223 5312170.000000 3259 1 
3260 0.001243 5315430.000000 3260 1 
3261 0.001260 5318691.000000 3261 1 
3262 0.001224 5321953.000000 3262 1 
3263 0.001233 5325216.000000 3263 1 
3264 0.001250 5328480.000000 3264 1 
3265 0.001232 5331745.000000 3265 1 
3266 0.001250 5335011.000000 3266 1 
3267 0.001233 5338278.000000 3267 1 
3268 0.001253 5341546.000000 3268 1 
3269 0.001230 5344815.000000 3269 1 
3270 0.001231 5348085.000000 3270 1 
3271 0.001249 5351356.000000 3271 1 
3272 0.001236 5354628.000000 3272 1 
3273 0.001241 5357901.000000 3273 1 
3274 0.001234 5361175.000000 3274 1 
3275 0.001234 5364450.000000 3275 1 
3276 0.001239 5367726.000000 3276 1 
3277 0.001236 5371003.000000 3277 1 
3278 0.001237 5374281.000000 3278 1 
3279 0.001257 5377560.000000 3279 1 
3280 0.001242 5380840.000000 3280 1 
3281 0.001264 5384121.000000 3281 1 
3282 0.001240 5387403.000000 3282 1 
3283 0.001240 5390686.000000 3283 1 
3284 0.001268 5393970.000000 3284 1 
3285 0.001242 5397255.000000 3285 1 
3286 0.001242 5400541.000000 3286 1 
3287 0.001267 5403828.000000 3287 1 
3288 0.001252 5407116.000000 3288 1 
3289 0.001267 5410405.000000 3289 1 
3290 0.001249 5413695.000000 3290 1 
3291 0.001287 5416986.000000 3291 1 
3292 0.001248 5420278.000000 3292 1 
3293 0.001248 5423571.000000 3293 1 
3294 0.001249 5426865.000000 3294 1 
3295 0.001253 5430160.000000 3295 1 
3296 0.001281 5433456.000000 3296 1 
3297 0.001251 5436753.000000 3297 1 
3298 0.001271 5440051.000000 3298 1 
3299 0.001256 5443350.000000 3299 1 
3300 0.001253 5446650.000000 3300 1 
3301 0.001279 5449951.000000 3301 1 
3302 0.001258 5453253.000000 3302 1 
3303 0.001275 5456556.000000 3303 1 
3304 0.001262 5459860.000000 3304 1 
3305 0.001256 5463165.000000 3305 1 
3306 0.001262 5466471.000000 3306 1 
3307 0.001280 5469778.000000 3307 1 
3308 0.001260 5473086.000000 3308 1 
3309 0.001284 5476395.000000 3309 1 
3310 0.001278 5479705.000000 3310 1 
3311 0.001261 5483016.000000 3311 1 
3312 0.001268 5486328.000000 3312 1 
3313 0.001275 5489641.000000 3313 1 
3314 0.001286 5492955.000000 3314 1 
3315 0.001264 5496270.000000 3315 1 
3316 0.001289 5499586.000000 3316 1 
3317 0.001266 5502903.000000 3317 1 
3318 0.001267 5506221.000000 3318 1 
3319 0.001268 5509540.000000 3319 1 
3320 0.001298 5512860.000000 3320 1 
3321 0.001291 5516181.000000 3321 1 
3322 0.001269 5519503.000000 3322 1 
3323 0.001274 5522826.000000 3323 1 
3324 0.001271 5526150.000000 3324 1 
3325 0.001292 5529475.000000 3325 1 
3326 0.001273 5532801.000000 3326 1 
3327 0.001284 5536128.000000 3327 1 
3328 0.001282 5539456.000000 3328 1 
3329 0.001277 5542785.000000 3329 1 
3330 0.001297 5546115.000000 3330 1 
3331 0.001298 5549446.000000 3331 1 
3332 0.001277 5552778.000000 3332 1 
3333 0.001282 5556111.000000 3333 1 
3334 0.001300 5559445.000000 3334 1 
3335 0.001287 5562780.000000 3335 1 
3336 0.001303 5566116.000000 3336 1 
3337 0.001281 5569453.000000 3337 1 
3338 0.001290 5572791.000000 3338 1 
3339 0.001300 5576130.000000 3339 1 
3340 0.001287 5579470.000000 3340 1 
3341 0.001314 5582811.000000 3341 1 
3342 0.001285 5586153.000000 3342 1 
3343 0.001294 5589496.000000 3343 1 
3344 0.001308 5592840.000000 3344 1 
3345 0.001290 5596185.000000 3345 1 
3346 0.001291 5599531.000000 3346 1 
3347 0.001288 5602878.000000 3347 1 
3348 0.001303 5606226.000000 3348 1 
3349 0.001319 5609575.000000 3349 1 
3350 0.001299 5612925.000000 3350 1 
3351 0.001291 5616276.000000 3351 1 
3352 0.001316 5619628.000000 3352 1 
3353 0.001293 5622981.000000 3353 1 
3354 0.001294 5626335.000000 3354 1 
3355 0.001315 5629690.000000 3355 1 
3356 0.001299 5633046.000000 3356 1 
3357 0.001296 5636403.000000 3357 1 
3358 0.001325 5639761.000000 3358 1 
3359 0.001302 5643120.000000 3359 1 
3360 0.001324 5646480.000000 3360 1 
3361 0.001301 5649841.000000 3361 1 
3362 0.001304 5653203.000000 3362 1 
3363 0.001325 5656566.000000 3363 1 
3364 0.001316 5659930.000000 3364 1 
3365 0.001313 5663295.000000 3365 1 
3366 0.001325 5666661.000000 3366 1 
3367 0.001322 5670028.000000 3367 1 
3368 0.001308 5673396.000000 3368 1 
3369 0.001328 5676765.000000 3369 1 
3370 0.001306 5680135.000000 3370 1 
3371 0.001310 5683506.000000 3371 1 
3372 0.001330 5686878.000000 3372 1 
3373 0.001316 5690251.000000 3373 1 
3374 0.001313 5693625.000000 3374 1 
3375 0.001332 5697000.000000 3375 1 
3376 0.001310 5700376.000000 3376 1 
3377 0.001349 5703753.000000 3377 1 
3378 0.001316 5707131.000000 3378 1 
3379 0.001313 5710510.000000 3379 1 
3380 0.001325 5713890.000000 3380 1 
3381 0.001337 5717271.000000 3381 1 
3382 0.001315 5720653.000000 3382 1 
3383 0.001342 5724036.000000 3383 1 
3384 0.001317 5727420.000000 3384 1 
3385 0.001338 5730805.000000 3385 1 
3386 0.001340 5734191.000000 3386 1 
3387 0.001327 5737578.000000 3387 1 
3388 0.001349 5740966.000000 3388 1 
3389 0.001321 5744355.000000 3389 1 
3390 0.001322 5747745.000000 3390 1 
3391 0.001346 5751136.000000 3391 1 
3392 0.001323 5754528.000000 3392 1 
3393 0.001324 5757921.000000 3393 1 
3394 0.001348 5761315.000000 3394 1 
3395 0.001371 5764710.000000 3395 1 
3396 0.001326 5768106.000000 3396 1 
3397 0.001331 5771503.000000 3397 1 
3398 0.001347 5774901.000000 3398 1 
3399 0.001329 5778300.000000 3399 1 
3400 0.001332 5781700.000000 3400 1 
3401 0.001352 5785101.000000 3401 1 
3402 0.001330 5788503.000000 3402 1 
3403 0.001343 5791906.000000 3403 1 
3404 0.001350 5795310.000000 3404 1 
3405 0.001357 5798715.000000 3405 1 
3406 0.001337 5802121.000000 3406 1 
3407 0.001335 5805528.000000 3407 1 
3408 0.001359 5808936.000000 3408 1 
3409 0.001336 5812345.000000 3409 1 
3410 0.001364 5815755.000000 3410 1 
3411 0.001386 5819166.000000 3411 1 
3412 0.001360 5822578.000000 3412 1 
3413 0.001339 5825991.000000 3413 1 
3414 0.001358 5829405.000000 3414 1 
3415 0.001341 5832820.000000 3415 1 
3416 0.001367 5836236.000000 3416 1 
3417 0.001357 5839653.000000 3417 1 
3418 0.001346 5843071.000000 3418 1 
3419 0.001356 5846490.000000 3419 1 
3420 0.001359 5849910.000000 3420 1 
3421 0.001347 5853331.000000 3421 1 
3422 0.001350 5856753.000000 3422 1 
3423 0.001365 5860176.000000 3423 1 
3424 0.001372 5863600.000000 3424 1 
3425 0.001359 5867025.000000 3425 1 
3426 0.001369 5870451.000000 3426 1 
3427 0.001357 5873878.000000 3427 1 
3428 0.001373 5877306.000000 3428 1 
3429 0.001351 5880735.000000 3429 1 
3430 0.001356 5884165.000000 3430 1 
3431 0.001373 5887596.000000 3431 1 
3432 0.001380 5891028.000000 3432 1 
3433 0.001376 5894461.000000 3433 1 
3434 0.001359 5897895.000000 3434 1 
3435 0.001368 5901330.000000 3435 1 
3436 0.001379 5904766.000000 3436 1 
3437 0.001365 5908203.000000 3437 1 
3438 0.001358 5911641.000000 3438 1 
3439 0.001386 5915080.000000 3439 1 
3440 0.001364 5918520.000000 3440 1 
3441 0.001390 5921961.000000 3441 1 
3442 0.001385 5925403.000000 3442 1 
3443 0.001362 5928846.000000 3443 1 
3444 0.001384 5932290.000000 3444 1 
3445 0.001368 5935735.000000 3445 1 
3446 0.001395 5939181.000000 3446 1 
3447 0.001366 5942628.000000 3447 1 
3448 0.001371 5946076.000000 3448 1 
3449 0.001387 5949525.000000 3449 1 
3450 0.001389 5952975.000000 3450 1 
3451 0.001444 5956426.000000 3451 1 
3452 0.001375 5959878.000000 3452 1 
3453 0.001380 5963331.000000 3453 1 
3454 0.001391 5966785.000000 3454 1 
3455 0.001376 5970240.000000 3455 1 
3456 0.001395 5973696.000000 3456 1 
3457 0.001377 5977153.000000 3457 1 
3458 0.001374 5980611.000000 3458 1 
3459 0.001401 5984070.000000 3459 1 
3460 0.001407 5987530.000000 3460 1 
3461 0.001402 5990991.000000 3461 1 
3462 0.001381 5994453.000000 3462 1 
3463 0.001400 5997916.000000 3463 1 
3464 0.001379 6001380.000000 3464 1 
3465 0.001384 6004845.000000 3465 1 
3466 0.001402 6008311.000000 3466 1 
3467 0.001402 6011778.000000 3467 1 
3468 0.001407 6015246.000000 3468 1 
3469 0.001382 6018715.000000 3469 1 
3470 0.001387 6022185.000000 3470 1 
3471 0.001408 6025656.000000 3471 1 
3472 0.001409 6029128.000000 3472 1 
3473 0.001386 6032601.000000 3473 1 
3474 0.001407 6036075.000000 3474 1 
3475 0.001395 6039550.000000 3475 1 
3476 0.001432 6043026.000000 3476 1 
3477 0.001392 6046503.000000 3477 1 
3478 0.001412 6049981.000000 3478 1 
3479 0.001395 6053460.000000 3479 1 
3480 0.001391 6056940.000000 3480 1 
3481 0.001420 6060421.000000 3481 1 
3482 0.001412 6063903.000000 3482 1 
3483 0.001394 6067386.000000 3483 1 
3484 0.001420 6070870.000000 3484 1 
3485 0.001435 6074355.000000 3485 1 
3486 0.001400 6077841.000000 3486 1 
3487 0.001397 6081328.000000 3487 1 
3488 0.001431 6084816.000000 3488 1 
3489 0.001410 6088305.000000 3489 1 
3490 0.001403 6091795.000000 3490 1 
3491 0.001428 6095286.000000 3491 1 
3492 0.001401 6098778.000000 3492 1 
3493 0.001425 6102271.000000 3493 1 
3494 0.001420 6105765.000000 3494 1 
3495 0.001403 6109260.000000 3495 1 
3496 0.001439 6112756.000000 3496 1 
3497 0.001426 6116253.000000 3497 1 
3498 0.001410 6119751.000000 3498 1 
3499 0.001429 6123250.000000 3499 1 
3500 0.001430 6126750.000000 3500 1 
3501 0.001408 6130251.000000 3501 1 
3502 0.001432 6133753.000000 3502 1 
3503 0.001433 6137256.000000 3503 1 
3504 0.001410 6140760.000000 3504 1 
3505 0.001450 6144265.000000 3505 1 
3506 0.001412 6147771.000000 3506 1 
3507 0.001417 6151278.000000 3507 1 
3508 0.001440 6154786.000000 3508 1 
3509 0.001438 6158295.000000 3509 1 
3510 0.001423 6161805.000000 3510 1 
3511 0.001458 6165316.000000 3511 1 
3512 0.001417 6168828.000000 3512 1 
3513 0.001437 6172341.000000 3513 1 
3514 0.001448 6175855.000000 3514 1 
3515 0.001419 6179370.000000 3515 1 
3516 0.001451 6182886.000000 3516 1 
3517 0.001421 6186403.000000 3517 1 
3518 0.001445 6189921.000000 3518 1 
3519 0.001445 6193440.000000 3519 1 
3520 0.001444 6196960.000000 3520 1 
3521 0.001446 6200481.000000 3521 1 
3522 0.001429 6204003.000000 3522 1 
3523 0.001453 6207526.000000 3523 1 
3524 0.001427 6211050.000000 3524 1 
3525 0.001453 6214575.000000 3525 1 
3526 0.001428 6218101.000000 3526 1 
3527 0.001455 6221628.000000 3527 1 
3528 0.001438 6225156.000000 3528 1 
3529 0.001463 6228685.000000 3529 1 
3530 0.001446 6232215.000000 3530 1 
3531 0.001456 6235746.000000 3531 1 
3532 0.001455 6239278.000000 3532 1 
3533 0.001438 6242811.000000 3533 1 
3534 0.001435 6246345.000000 3534 1 
3535 0.001458 6249880.000000 3535 1 
3536 0.001439 6253416.000000 3536 1 
3537 0.001457 6256953.000000 3537 1 
3538 0.001462 6260491.000000 3538 1 
3539 0.001441 6264030.000000 3539 1 
3540 0.001469 6267570.000000 3540 1 
3541 0.001440 6271111.000000 3541 1 
3542 0.001466 6274653.000000 3542 1 
3543 0.001462 6278196.000000 3543 1 
3544 0.001454 6281740.000000 3544 1 
3545 0.001483 6285285.000000 3545 1 
3546 0.001447 6288831.000000 3546 1 
3547 0.001467 6292378.000000 3547 1 
3548 0.001469 6295926.000000 3548 1 
3549 0.001472 6299475.000000 3549 1 
3550 0.001459 6303025.000000 3550 1 
3551 0.001453 6306576.000000 3551 1 
3552 0.001473 6310128.000000 3552 1 
3553 0.001471 6313681.000000 3553 1 
3554 0.001472 6317235.000000 3554 1 
3555 0.001473 6320790.000000 3555 1 
3556 0.001456 6324346.000000 3556 1 
3557 0.001483 6327903.000000 3557 1 
3558 0.001469 6331461.000000 3558 1 
3559 0.001477 6335020.000000 3559 1 
3560 0.001459 6338580.000000 3560 1 
3561 0.001486 6342141.000000 3561 1 
3562 0.001478 6345703.000000 3562 1 
3563 0.001474 6349266.000000 3563 1 
3564 0.001484 6352830.000000 3564 1 
3565 0.001459 6356395.000000 3565 1 
3566 0.001485 6359961.000000 3566 1 
3567 0.001461 6363528.000000 3567 1 
3568 0.001492 6367096.000000 3568 1 
3569 0.001488 6370665.000000 3569 1 
3570 0.001463 6374235.000000 3570 1 
3571 0.001491 6377806.000000 3571 1 
3572 0.001485 6381378.000000 3572 1 
3573 0.001498 6384951.000000 3573 1 
3574 0.001467 6388525.000000 3574 1 
3575 0.001471 6392100.000000 3575 1 
3576 0.001496 6395676.000000 3576 1 
3577 0.001508 6399253.000000 3577 1 
3578 0.001474 6402831.000000 3578 1 
3579 0.001520 6406410.000000 3579 1 
3580 0.001487 6409990.000000 3580 1 
3581 0.001544 6413571.000000 3581 1 
3582 0.001504 6417153.000000 3582 1 
3583 0.001508 6420736.000000 3583 1 
3584 0.001503 6424320.000000 3584 1 
3585 0.001498 6427905.000000 3585 1 
3586 0.001480 6431491.000000 3586 1 
3587 0.001495 6435078.000000 3587 1 
3588 0.001502 6438666.000000 3588 1 
3589 0.001500 6442255.000000 3589 1 
3590 0.001488 6445845.000000 3590 1 
3591 0.001505 6449436.000000 3591 1 
3592 0.001504 6453028.000000 3592 1 
3593 0.001504 6456621.000000 3593 1 
3594 0.001516 6460215.000000 3594 1 
3595 0.001510 6463810.000000 3595 1 
3596 0.001510 6467406.000000 3596 1 
3597 0.001493 6471003.000000 3597 1 
3598 0.001511 6474601.000000 3598 1 
3599 0.001487 6478200.000000 3599 1 
3600 0.001513 6481800.000000 3600 1 
3601 0.001488 6485401.000000 3601 1 
3602 0.001527 6489003.000000 3602 1 
3603 0.001508 6492606.000000 3603 1 
3604 0.001519 6496210.000000 3604 1 
3605 0.001495 6499815.000000 3605 1 
3606 0.001514 6503421.000000 3606 1 
3607 0.001518 6507028.000000 3607 1 
3608 0.001494 6510636.000000 3608 1 
3609 0.001520 6514245.000000 3609 1 
3610 0.001525 6517855.000000 3610 1 
3611 0.001538 6521466.000000 3611 1 
3612 0.001498 6525078.000000 3612 1 
3613 0.001524 6528691.000000 3613 1 
3614 0.001521 6532305.000000 3614 1 
3615 0.001504 6535920.000000 3615 1 
3616 0.001513 6539536.000000 3616 1 
3617 0.001528 6543153.000000 3617 1 
3618 0.001520 6546771.000000 3618 1 
3619 0.001543 6550390.000000 3619 1 
3620 0.001537 6554010.000000 3620 1 
3621 0.001534 6557631.000000 3621 1 
3622 0.001530 6561253.000000 3622 1 
3623 0.001537 6564876.000000 3623 1 
3624 0.001533 6568500.000000 3624 1 
3625 0.001542 6572125.000000 3625 1 
3626 0.001537 6575751.000000 3626 1 
3627 0.001531 6579378.000000 3627 1 
3628 0.001537 6583006.000000 3628 1 
3629 0.001535 6586635.000000 3629 1 
3630 0.001536 6590265.000000 3630 1 
3631 0.001537 6593896.000000 3631 1 
3632 0.001536 6597528.000000 3632 1 
3633 0.001538 6601161.000000 3633 1 
3634 0.001537 6604795.000000 3634 1 
3635 0.001559 6608430.000000 3635 1 
3636 0.001544 6612066.000000 3636 1 
3637 0.001530 6615703.000000 3637 1 
3638 0.001543 6619341.000000 3638 1 
3639 0.001545 6622980.000000 3639 1 
3640 0.001544 6626620.000000 3640 1 
3641 0.001544 6630261.000000 3641 1 
3642 0.001555 6633903.000000 3642 1 
3643 0.001565 6637546.000000 3643 1 
3644 0.001543 6641190.000000 3644 1 
3645 0.001548 6644835.000000 3645 1 
3646 0.001546 6648481.000000 3646 1 
3647 0.001552 6652128.000000 3647 1 
3648 0.001527 6655776.000000 3648 1 
3649 0.001554 6659425.000000 3649 1 
3650 0.001551 6663075.000000 3650 1 
3651 0.001551 6666726.000000 3651 1 
3652 0.001554 6670378.000000 3652 1 
3653 0.001557 6674031.000000 3653 1 
3654 0.001556 6677685.000000 3654 1 
3655 0.001559 6681340.000000 3655 1 
3656 0.001558 6684996.000000 3656 1 
3657 0.001556 6688653.000000 3657 1 
3658 0.001569 6692311.000000 3658 1 
3659 0.001554 6695970.000000 3659 1 
3660 0.001566 6699630.000000 3660 1 
3661 0.001561 6703291.000000 3661 1 
3662 0.001565 6706953.000000 3662 1 
3663 0.001565 6710616.000000 3663 1 
3664 0.001564 6714280.000000 3664 1 
3665 0.001548 6717945.000000 3665 1 
3666 0.001575 6721611.000000 3666 1 
3667 0.001556 6725278.000000 3667 1 
3668 0.001581 6728946.000000 3668 1 
3669 0.001566 6732615.000000 3669 1 
3670 0.001581 6736285.000000 3670 1 
3671 0.001568 6739956.000000 3671 1 
3672 0.001547 6743628.000000 3672 1 
3673 0.001578 6747301.000000 3673 1 
3674 0.001585 6750975.000000 3674 1 
3675 0.001557 6754650.000000 3675 1 
3676 0.001574 6758326.000000 3676 1 
3677 0.001576 6762003.000000 3677 1 
3678 0.001579 6765681.000000 3678 1 
3679 0.001575 6769360.000000 3679 1 
3680 0.001584 6773040.000000 3680 1 
3681 0.001578 6776721.000000 3681 1 
3682 0.001585 6780403.000000 3682 1 
3683 0.001579 6784086.000000 3683 1 
3684 0.001579 6787770.000000 3684 1 
3685 0.001584 6791455.000000 3685 1 
3686 0.001578 6795141.000000 3686 1 
3687 0.001590 6798828.000000 3687 1 
3688 0.001579 6802516.000000 3688 1 
3689 0.001587 6806205.000000 3689 1 
3690 0.001591 6809895.000000 3690 1 
3691 0.001585 6813586.000000 3691 1 
3692 0.001592 6817278.000000 3692 1 
3693 0.001577 6820971.000000 3693 1 
3694 0.001587 6824665.000000 3694 1 
3695 0.001590 6828360.000000 3695 1 
3696 0.001587 6832056.000000 3696 1 
3697 0.001593 6835753.000000 3697 1 
3698 0.001591 6839451.000000 3698 1 
3699 0.001601 6843150.000000 3699 1 
3700 0.001596 6846850.000000 3700 1 
3701 0.001591 6850551.000000 3701 1 
3702 0.001594 6854253.000000 3702 1 
3703 0.001601 6857956.000000 3703 1 
3704 0.001585 6861660.000000 3704 1 
3705 0.001615 6865365.000000 3705 1 
3706 0.001630 6869071.000000 3706 1 
3707 0.001609 6872778.000000 3707 1 
3708 0.001617 6876486.000000 3708 1 
3709 0.001601 6880195.000000 3709 1 
3710 0.001616 6883905.000000 3710 1 
3711 0.001634 6887616.000000 3711 1 
3712 0.001612 6891328.000000 3712 1 
3713 0.001603 6895041.000000 3713 1 
3714 0.001606 6898755.000000 3714 1 
3715 0.001605 6902470.000000 3715 1 
3716 0.001613 6906186.000000 3716 1 
3717 0.001613 6909903.000000 3717 1 
3718 0.001615 6913621.000000 3718 1 
3719 0.001618 6917340.000000 3719 1 
3720 0.001627 6921060.000000 3720 1 
3721 0.001616 6924781.000000 3721 1 
3722 0.001613 6928503.000000 3722 1 
3723 0.001612 6932226.000000 3723 1 
3724 0.001624 6935950.000000 3724 1 
3725 0.001615 6939675.000000 3725 1 
3726 0.001614 6943401.000000 3726 1 
3727 0.001620 6947128.000000 3727 1 
3728 0.001619 6950856.000000 3728 1 
3729 0.001616 6954585.000000 3729 1 
3730 0.001626 6958315.000000 3730 1 
3731 0.001619 6962046.000000 3731 1 
3732 0.001625 6965778.000000 3732 1 
3733 0.001621 6969511.000000 3733 1 
3734 0.001624 6973245.000000 3734 1 
3735 0.001625 6976980.000000 3735 1 
3736 0.001649 6980716.000000 3736 1 
3737 0.001613 6984453.000000 3737 1 
3738 0.001635 6988191.000000 3738 1 
3739 0.001635 6991930.000000 3739 1 
3740 0.001626 6995670.000000 3740 1 
3741 0.001629 6999411.000000 3741 1 
3742 0.001639 7003153.000000 3742 1 
3743 0.001637 7006896.000000 3743 1 
3744 0.001659 7010640.000000 3744 1 
3745 0.001610 7014385.000000 3745 1 
3746 0.001639 7018131.000000 3746 1 
3747 0.001636 7021878.000000 3747 1 
3748 0.001640 7025626.000000 3748 1 
3749 0.001638 7029375.000000 3749 1 
3750 0.001636 7033125.000000 3750 1 
3751 0.001640 7036876.000000 3751 1 
3752 0.001642 7040628.000000 3752 1 
3753 0.001646 7044381.000000 3753 1 
3754 0.001643 7048135.000000 3754 1 
3755 0.001640 7051890.000000 3755 1 
3756 0.001643 7055646.000000 3756 1 
3757 0.001632 7059403.000000 3757 1 
3758 0.001672 7063161.000000 3758 1 
3759 0.001659 7066920.000000 3759 1 
3760 0.001664 7070680.000000 3760 1 
3761 0.001642 7074441.000000 3761 1 
3762 0.001669 7078203.000000 3762 1 
3763 0.001659 7081966.000000 3763 1 
3764 0.001640 7085730.000000 3764 1 
3765 0.001660 7089495.000000 3765 1 
3766 0.001671 7093261.000000 3766 1 
3767 0.001650 7097028.000000 3767 1 
3768 0.001652 7100796.000000 3768 1 
3769 0.001650 7104565.000000 3769 1 
3770 0.001655 7108335.000000 3770 1 
3771 0.001654 7112106.000000 3771 1 
3772 0.001661 7115878.000000 3772 1 
3773 0.001682 7119651.000000 3773 1 
3774 0.001659 7123425.000000 3774 1 
3775 0.001661 7127200.000000 3775 1 
3776 0.001656 7130976.000000 3776 1 
3777 0.001660 7134753.000000 3777 1 
3778 0.001668 7138531.000000 3778 1 
3779 0.001673 7142310.000000 3779 1 
3780 0.001686 7146090.000000 3780 1 
3781 0.001666 7149871.000000 3781 1 
3782 0.001661 7153653.000000 3782 1 
3783 0.001668 7157436.000000 3783 1 
3784 0.001694 7161220.000000 3784 1 
3785 0.001668 7165005.000000 3785 1 
3786 0.001672 7168791.000000 3786 1 
3787 0.001670 7172578.000000 3787 1 
3788 0.001685 7176366.000000 3788 1 
3789 0.001653 7180155.000000 3789 1 
3790 0.001674 7183945.000000 3790 1 
3791 0.001675 7187736.000000 3791 1 
3792 0.001671 7191528.000000 3792 1 
3793 0.001673 7195321.000000 3793 1 
3794 0.001677 7199115.000000 3794 1 
3795 0.001711 7202910.000000 3795 1 
3796 0.001685 7206706.000000 3796 1 
3797 0.001676 7210503.000000 3797 1 
3798 0.001675 7214301.000000 3798 1 
3799 0.001689 7218100.000000 3799 1 
3800 0.001682 7221900.000000 3800 1 
3801 0.001682 7225701.000000 3801 1 
3802 0.001690 7229503.000000 3802 1 
3803 0.001696 7233306.000000 3803 1 
3804 0.001686 7237110.000000 3804 1 
3805 0.001681 7240915.000000 3805 1 
3806 0.001686 7244721.000000 3806 1 
3807 0.001700 7248528.000000 3807 1 
3808 0.001684 7252336.000000 3808 1 
3809 0.001698 7256145.000000 3809 1 
3810 0.001695 7259955.000000 3810 1 
3811 0.001693 7263766.000000 3811 1 
3812 0.001687 7267578.000000 3812 1 
3813 0.001700 7271391.000000 3813 1 
3814 0.001703 7275205.000000 3814 1 
3815 0.001690 7279020.000000 3815 1 
3816 0.001694 7282836.000000 3816 1 
3817 0.001711 7286653.000000 3817 1 
3818 0.001705 7290471.000000 3818 1 
3819 0.001695 7294290.000000 3819 1 
3820 0.001681 7298110.000000 3820 1 
3821 0.001708 7301931.000000 3821 1 
3822 0.001696 7305753.000000 3822 1 
3823 0.001707 7309576.000000 3823 1 
3824 0.001730 7313400.000000 3824 1 
3825 0.001704 7317225.000000 3825 1 
3826 0.001699 7321051.000000 3826 1 
3827 0.001704 7324878.000000 3827 1 
3828 0.001709 7328706.000000 3828 1 
3829 0.001713 7332535.000000 3829 1 
3830 0.001703 7336365.000000 3830 1 
3831 0.001714 7340196.000000 3831 1 
3832 0.001712 7344028.000000 3832 1 
3833 0.001719 7347861.000000 3833 1 
3834 0.001709 7351695.000000 3834 1 
3835 0.001709 7355530.000000 3835 1 
3836 0.001710 7359366.000000 3836 1 
3837 0.001722 7363203.000000 3837 1 
3838 0.001714 7367041.000000 3838 1 
3839 0.001735 7370880.000000 3839 1 
3840 0.001718 7374720.000000 3840 1 
3841 0.001713 7378561.000000 3841 1 
3842 0.001725 7382403.000000 3842 1 
3843 0.001717 7386246.000000 3843 1 
3844 0.001719 7390090.000000 3844 1 
3845 0.001716 7393935.000000 3845 1 
3846 0.001742 7397781.000000 3846 1 
3847 0.001720 7401628.000000 3847 1 
3848 0.001730 7405476.000000 3848 1 
3849 0.001727 7409325.000000 3849 1 
3850 0.001724 7413175.000000 3850 1 
3851 0.001744 7417026.000000 3851 1 
3852 0.001710 7420878.000000 3852 1 
3853 0.001740 7424731.000000 3853 1 
3854 0.001735 7428585.000000 3854 1 
3855 0.001738 7432440.000000 3855 1 
3856 0.001737 7436296.000000 3856 1 
3857 0.001726 7440153.000000 3857 1 
3858 0.001730 7444011.000000 3858 1 
3859 0.001750 7447870.000000 3859 1 
3860 0.001751 7451730.000000 3860 1 
3861 0.001730 7455591.000000 3861 1 
3862 0.001734 7459453.000000 3862 1 
3863 0.001739 7463316.000000 3863 1 
3864 0.001738 7467180.000000 3864 1 
3865 0.001745 7471045.000000 3865 1 
3866 0.001759 7474911.000000 3866 1 
3867 0.001750 7478778.000000 3867 1 
3868 0.001721 7482646.000000 3868 1 
3869 0.001737 7486515.000000 3869 1 
3870 0.001742 7490385.000000 3870 1 
3871 0.001750 7494256.000000 3871 1 
3872 0.001742 7498128.000000 3872 1 
3873 0.001740 7502001.000000 3873 1 
3874 0.001745 7505875.000000 3874 1 
3875 0.001772 7509750.000000 3875 1 
3876 0.001747 7513626.000000 3876 1 
3877 0.001744 7517503.000000 3877 1 
3878 0.001745 7521381.000000 3878 1 
3879 0.001750 7525260.000000 3879 1 
3880 0.001754 7529140.000000 3880 1 
3881 0.001751 7533021.000000 3881 1 
3882 0.001777 7536903.000000 3882 1 
3883 0.001755 7540786.000000 3883 1 
3884 0.001752 7544670.000000 3884 1 
3885 0.001756 7548555.000000 3885 1 
3886 0.001752 7552441.000000 3886 1 
3887 0.001756 7556328.000000 3887 1 
3888 0.001764 7560216.000000 3888 1 
3889 0.001800 7564105.000000 3889 1 
3890 0.001761 7567995.000000 3890 1 
3891 0.001760 7571886.000000 3891 1 
3892 0.001761 7575778.000000 3892 1 
3893 0.001773 7579671.000000 3893 1 
3894 0.001765 7583565.000000 3894 1 
3895 0.001778 7587460.000000 3895 1 
3896 0.001771 7591356.000000 3896 1 
3897 0.001749 7595253.000000 3897 1 
3898 0.001772 7599151.000000 3898 1 
3899 0.001777 7603050.000000 3899 1 
3900 0.001765 7606950.000000 3900 1 
3901 0.001773 7610851.000000 3901 1 
3902 0.001769 7614753.000000 3902 1 
3903 0.001786 7618656.000000 3903 1 
3904 0.001773 7622560.000000 3904 1 
3905 0.001776 7626465.000000 3905 1 
3906 0.001775 7630371.000000 3906 1 
3907 0.001774 7634278.000000 3907 1 
3908 0.001783 7638186.000000 3908 1 
3909 0.001777 7642095.000000 3909 1 
3910 0.001803 7646005.000000 3910 1 
3911 0.001778 7649916.000000 3911 1 
3912 0.001781 7653828.000000 3912 1 
3913 0.001789 7657741.000000 3913 1 
3914 0.001800 7661655.000000 3914 1 
3915 0.001779 7665570.000000 3915 1 
3916 0.001786 7669486.000000 3916 1 
3917 0.001803 7673403.000000 3917 1 
3918 0.001782 7677321.000000 3918 1 
3919 0.001787 7681240.000000 3919 1 
3920 0.001782 7685160.000000 3920 1 
3921 0.001798 7689081.000000 3921 1 
3922 0.001807 7693003.000000 3922 1 
3923 0.001798 7696926.000000 3923 1 
3924 0.001802 7700850.000000 3924 1 
3925 0.001812 7704775.000000 3925 1 
3926 0.001786 7708701.000000 3926 1 
3927 0.001797 7712628.000000 3927 1 
3928 0.001793 7716556.000000 3928 1 
3929 0.001893 7720485.000000 3929 1 
3930 0.002195 7724415.000000 3930 1 
3931 0.001816 7728346.000000 3931 1 
3932 0.001775 7732278.000000 3932 1 
3933 0.001776 7736211.000000 3933 1 
3934 0.001773 7740145.000000 3934 1 
3935 0.001786 7744080.000000 3935 1 
3936 0.001778 7748016.000000 3936 1 
3937 0.001782 7751953.000000 3937 1 
3938 0.001798 7755891.000000 3938 1 
3939 0.001796 7759830.000000 3939 1 
3940 0.001786 7763770.000000 3940 1 
3941 0.001786 7767711.000000 3941 1 
3942 0.001783 7771653.000000 3942 1 
3943 0.001785 7775596.000000 3943 1 
3944 0.001911 7779540.000000 3944 1 
3945 0.001802 7783485.000000 3945 1 
3946 0.001792 7787431.000000 3946 1 
3947 0.001796 7791378.000000 3947 1 
3948 0.001789 7795326.000000 3948 1 
3949 0.001790 7799275.000000 3949 1 
3950 0.001787 7803225.000000 3950 1 
3951 0.001811 7807176.000000 3951 1 
3952 0.001796 7811128.000000 3952 1 
3953 0.001793 7815081.000000 3953 1 
3954 0.001794 7819035.000000 3954 1 
3955 0.001792 7822990.000000 3955 1 
3956 0.001796 7826946.000000 3956 1 
3957 0.001804 7830903.000000 3957 1 
3958 0.001815 7834861.000000 3958 1 
3959 0.001798 7838820.000000 3959 1 
3960 0.001799 7842780.000000 3960 1 
3961 0.001797 7846741.000000 3961 1 
3962 0.001811 7850703.000000 3962 1 
3963 0.001802 7854666.000000 3963 1 
3964 0.001803 7858630.000000 3964 1 
3965 0.001829 7862595.000000 3965 1 
3966 0.001805 7866561.000000 3966 1 
3967 0.001802 7870528.000000 3967 1 
3968 0.001815 7874496.000000 3968 1 
3969 0.001808 7878465.000000 3969 1 
3970 0.001808 7882435.000000 3970 1 
3971 0.001809 7886406.000000 3971 1 
3972 0.001827 7890378.000000 3972 1 
3973 0.001813 7894351.000000 3973 1 
3974 0.001813 7898325.000000 3974 1 
3975 0.001813 7902300.000000 3975 1 
3976 0.001813 7906276.000000 3976 1 
3977 0.001815 7910253.000000 3977 1 
3978 0.001843 7914231.000000 3978 1 
3979 0.001836 7918210.000000 3979 1 
3980 0.001818 7922190.000000 3980 1 
3981 0.001846 7926171.000000 3981 1 
3982 0.001819 7930153.000000 3982 1 
3983 0.001828 7934136.000000 3983 1 
3984 0.001857 7938120.000000 3984 1 
3985 0.001836 7942105.000000 3985 1 
3986 0.001825 7946091.000000 3986 1 
3987 0.001827 7950078.000000 3987 1 
3988 0.001852 7954066.000000 3988 1 
3989 0.001833 7958055.000000 3989 1 
3990 0.001837 7962045.000000 3990 1 
3991 0.001886 7966036.000000 3991 1 
3992 0.001849 7970028.000000 3992 1 
3993 0.001831 7974021.000000 3993 1 
3994 0.001849 7978015.000000 3994 1 
3995 0.001866 7982010.000000 3995 1 
3996 0.001832 7986006.000000 3996 1 
3997 0.001865 7990003.000000 3997 1 
3998 0.001848 7994001.000000 3998 1 
3999 0.001834 7998000.000000 3999 1 
4000 0.001867 8002000.000000 4000 1 
4001 0.001845 8006001.000000 4001 1 
4002 0.001864 8010003.000000 4002 1 
4003 0.001866 8014006.000000 4003 1 
4004 0.001839 8018010.000000 4004 1 
4005 0.001890 8022015.000000 4005 1 
4006 0.001841 8026021.000000 4006 1 
4007 0.001869 8030028.000000 4007 1 
4008 0.001866 8034036.000000 4008 1 
4009 0.001870 8038045.000000 4009 1 
4010 0.001844 8042055.000000 4010 1 
4011 0.001881 8046066.000000 4011 1 
4012 0.001875 8050078.000000 4012 1 
4013 0.001875 8054091.000000 4013 1 
4014 0.001864 8058105.000000 4014 1 
4015 0.001858 8062120.000000 4015 1 
4016 0.001882 8066136.000000 4016 1 
4017 0.001874 8070153.000000 4017 1 
4018 0.001869 8074171.000000 4018 1 
4019 0.001888 8078190.000000 4019 1 
4020 0.001881 8082210.000000 4020 1 
4021 0.001889 8086231.000000 4021 1 
4022 0.001883 8090253.000000 4022 1 
4023 0.001860 8094276.000000 4023 1 
4024 0.001878 8098300.000000 4024 1 
4025 0.001903 8102325.000000 4025 1 
4026 0.001924 8106351.000000 4026 1 
4027 0.001877 8110378.000000 4027 1 
4028 0.001877 8114406.000000 4028 1 
4029 0.001902 8118435.000000 4029 1 
4030 0.001895 8122465.000000 4030 1 
4031 0.001885 8126496.000000 4031 1 
4032 0.001906 8130528.000000 4032 1 
4033 0.001894 8134561.000000 4033 1 
4034 0.001894 8138595.000000 4034 1 
4035 0.001886 8142630.000000 4035 1 
4036 0.001884 8146666.000000 4036 1 
4037 0.001904 8150703.000000 4037 1 
4038 0.001910 8154741.000000 4038 1 
4039 0.001882 8158780.000000 4039 1 
4040 0.001899 8162820.000000 4040 1 
4041 0.001902 8166861.000000 4041 1 
4042 0.001915 8170903.000000 4042 1 
4043 0.001902 8174946.000000 4043 1 
4044 0.001921 8178990.000000 4044 1 
4045 0.001905 8183035.000000 4045 1 
4046 0.001893 8187081.000000 4046 1 
4047 0.001913 8191128.000000 4047 1 
4048 0.001906 8195176.000000 4048 1 
4049 0.001891 8199225.000000 4049 1 
4050 0.001899 8203275.000000 4050 1 
4051 0.001928 8207326.000000 4051 1 
4052 0.001894 8211378.000000 4052 1 
4053 0.001921 8215431.000000 4053 1 
4054 0.001912 8219485.000000 4054 1 
4055 0.001913 8223540.000000 4055 1 
4056 0.001886 8227596.000000 4056 1 
4057 0.001933 8231653.000000 4057 1 
4058 0.001931 8235711.000000 4058 1 
4059 0.001916 8239770.000000 4059 1 
4060 0.001918 8243830.000000 4060 1 
4061 0.001921 8247891.000000 4061 1 
4062 0.001911 8251953.000000 4062 1 
4063 0.001936 8256016.000000 4063 1 
4064 0.001894 8260080.000000 4064 1 
4065 0.001933 8264145.000000 4065 1 
4066 0.001911 8268211.000000 4066 1 
4067 0.001924 8272278.000000 4067 1 
4068 0.001929 8276346.000000 4068 1 
4069 0.001926 8280415.000000 4069 1 
4070 0.001939 8284485.000000 4070 1 
4071 0.001931 8288556.000000 4071 1 
4072 0.001929 8292628.000000 4072 1 
4073 0.001937 8296701.000000 4073 1 
4074 0.001931 8300775.000000 4074 1 
4075 0.001932 8304850.000000 4075 1 
4076 0.001952 8308926.000000 4076 1 
4077 0.001917 8313003.000000 4077 1 
4078 0.001936 8317081.000000 4078 1 
4079 0.001928 8321160.000000 4079 1 
4080 0.001944 8325240.000000 4080 1 
4081 0.001929 8329321.000000 4081 1 
4082 0.001938 8333403.000000 4082 1 
4083 0.001955 8337486.000000 4083 1 
4084 0.001947 8341570.000000 4084 1 
4085 0.001940 8345655.000000 4085 1 
4086 0.001960 8349741.000000 4086 1 
4087 0.001951 8353828.000000 4087 1 
4088 0.001943 8357916.000000 4088 1 
4089 0.001970 8362005.000000 4089 1 
4090 0.001949 8366095.000000 4090 1 
4091 0.001946 8370186.000000 4091 1 
4092 0.001943 8374278.000000 4092 1 
4093 0.001949 8378371.000000 4093 1 
4094 0.001954 8382465.000000 4094 1 
4095 0.001950 8386560.000000 4095 1 
4096 0.001968 8390656.000000 4096 1 
4097 0.001946 8394753.000000 4097 1 
4098 0.001948 8398851.000000 4098 1 
4099 0.001963 8402950.000000 4099 1 
4100 0.001955 8407050.000000 4100 1 
4101 0.001956 8411151.000000 4101 1 
4102 0.001974 8415253.000000 4102 1 
4103 0.001957 8419356.000000 4103 1 
4104 0.001969 8423460.000000 4104 1 
4105 0.001959 8427565.000000 4105 1 
4106 0.001960 8431671.000000 4106 1 
4107 0.001961 8435778.000000 4107 1 
4108 0.001979 8439886.000000 4108 1 
4109 0.001986 8443995.000000 4109 1 
4110 0.001983 8448105.000000 4110 1 
4111 0.001965 8452216.000000 4111 1 
4112 0.001979 8456328.000000 4112 1 
4113 0.001966 8460441.000000 4113 1 
4114 0.001992 8464555.000000 4114 1 
4115 0.001968 8468670.000000 4115 1 
4116 0.001969 8472786.000000 4116 1 
4117 0.001981 8476903.000000 4117 1 
4118 0.001975 8481021.000000 4118 1 
4119 0.001980 8485140.000000 4119 1 
4120 0.001990 8489260.000000 4120 1 
4121 0.001991 8493381.000000 4121 1 
4122 0.001981 8497503.000000 4122 1 
4123 0.001986 8501626.000000 4123 1 
4124 0.001984 8505750.000000 4124 1 
4125 0.001978 8509875.000000 4125 1 
4126 0.001979 8514001.000000 4126 1 
4127 0.001987 8518128.000000 4127 1 
4128 0.001999 8522256.000000 4128 1 
4129 0.001996 8526385.000000 4129 1 
4130 0.001981 8530515.000000 4130 1 
4131 0.001982 8534646.000000 4131 1 
4132 0.001999 8538778.000000 4132 1 
4133 0.002003 8542911.000000 4133 1 
4134 0.001994 8547045.000000 4134 1 
4135 0.002002 8551180.000000 4135 1 
4136 0.001994 8555316.000000 4136 1 
4137 0.001979 8559453.000000 4137 1 
4138 0.002008 8563591.000000 4138 1 
4139 0.001997 8567730.000000 4139 1 
4140 0.001994 8571870.000000 4140 1 
4141 0.002007 8576011.000000 4141 1 
4142 0.001993 8580153.000000 4142 1 
4143 0.001997 8584296.000000 4143 1 
4144 0.002000 8588440.000000 4144 1 
4145 0.002002 8592585.000000 4145 1 
4146 0.002007 8596731.000000 4146 1 
4147 0.002007 8600878.000000 4147 1 
4148 0.002015 8605026.000000 4148 1 
4149 0.002007 8609175.000000 4149 1 
4150 0.002001 8613325.000000 4150 1 
4151 0.002014 8617476.000000 4151 1 
4152 0.002013 8621628.000000 4152 1 
4153 0.002004 8625781.000000 4153 1 
4154 0.002033 8629935.000000 4154 1 
4155 0.002021 8634090.000000 4155 1 
4156 0.002007 8638246.000000 4156 1 
4157 0.002007 8642403.000000 4157 1 
4158 0.002026 8646561.000000 4158 1 
4159 0.002009 8650720.000000 4159 1 
4160 0.002026 8654880.000000 4160 1 
4161 0.002011 8659041.000000 4161 1 
4162 0.002020 8663203.000000 4162 1 
4163 0.002031 8667366.000000 4163 1 
4164 0.002025 8671530.000000 4164 1 
4165 0.002026 8675695.000000 4165 1 
4166 0.002034 8679861.000000 4166 1 
4167 0.002017 8684028.000000 4167 1 
4168 0.002027 8688196.000000 4168 1 
4169 0.002019 8692365.000000 4169 1 
4170 0.002038 8696535.000000 4170 1 
4171 0.002020 8700706.000000 4171 1 
4172 0.002021 8704878.000000 4172 1 
4173 0.002046 8709051.000000 4173 1 
4174 0.002024 8713225.000000 4174 1 
4175 0.002024 8717400.000000 4175 1 
4176 0.002033 8721576.000000 4176 1 
4177 0.002029 8725753.000000 4177 1 
4178 0.002040 8729931.000000 4178 1 
4179 0.002039 8734110.000000 4179 1 
4180 0.002034 8738290.000000 4180 1 
4181 0.002034 8742471.000000 4181 1 
4182 0.002034 8746653.000000 4182 1 
4183 0.002058 8750836.000000 4183 1 
4184 0.002037 8755020.000000 4184 1 
4185 0.002052 8759205.000000 4185 1 
4186 0.002035 8763391.000000 4186 1 
4187 0.002035 8767578.000000 4187 1 
4188 0.002044 8771766.000000 4188 1 
4189 0.002063 8775955.000000 4189 1 
4190 0.002043 8780145.000000 4190 1 
4191 0.002040 8784336.000000 4191 1 
4192 0.002053 8788528.000000 4192 1 
4193 0.002070 8792721.000000 4193 1 
4194 0.002047 8796915.000000 4194 1 
4195 0.002066 8801110.000000 4195 1 
4196 0.002053 8805306.000000 4196 1 
4197 0.002076 8809503.000000 4197 1 
4198 0.002046 8813701.000000 4198 1 
4199 0.002051 8817900.000000 4199 1 
4200 0.002060 8822100.000000 4200 1 
4201 0.002073 8826301.000000 4201 1 
4202 0.002052 8830503.000000 4202 1 
4203 0.002055 8834706.000000 4203 1 
4204 0.002072 8838910.000000 4204 1 
4205 0.002053 8843115.000000 4205 1 
4206 0.002071 8847321.000000 4206 1 
4207 0.002060 8851528.000000 4207 1 
4208 0.002072 8855736.000000 4208 1 
4209 0.002068 8859945.000000 4209 1 
4210 0.002065 8864155.000000 4210 1 
4211 0.002062 8868366.000000 4211 1 
4212 0.002084 8872578.000000 4212 1 
4213 0.002076 8876791.000000 4213 1 
4214 0.002068 8881005.000000 4214 1 
4215 0.002065 8885220.000000 4215 1 
4216 0.002063 8889436.000000 4216 1 
4217 0.002071 8893653.000000 4217 1 
4218 0.002083 8897871.000000 4218 1 
4219 0.002087 8902090.000000 4219 1 
4220 0.002073 8906310.000000 4220 1 
4221 0.002079 8910531.000000 4221 1 
4222 0.002069 8914753.000000 4222 1 
4223 0.002086 8918976.000000 4223 1 
4224 0.002094 8923200.000000 4224 1 
4225 0.002070 8927425.000000 4225 1 
4226 0.002099 8931651.000000 4226 1 
4227 0.002089 8935878.000000 4227 1 
4228 0.002074 8940106.000000 4228 1 
4229 0.002096 8944335.000000 4229 1 
4230 0.002099 8948565.000000 4230 1 
4231 0.002089 8952796.000000 4231 1 
4232 0.002104 8957028.000000 4232 1 
4233 0.002085 8961261.000000 4233 1 
4234 0.002103 8965495.000000 4234 1 
4235 0.002096 8969730.000000 4235 1 
4236 0.002096 8973966.000000 4236 1 
4237 0.002099 8978203.000000 4237 1 
4238 0.002093 8982441.000000 4238 1 
4239 0.002090 8986680.000000 4239 1 
4240 0.002096 8990920.000000 4240 1 
4241 0.002099 8995161.000000 4241 1 
4242 0.002126 8999403.000000 4242 1 
4243 0.002095 9003646.000000 4243 1 
4244 0.002091 9007890.000000 4244 1 
4245 0.002120 9012135.000000 4245 1 
4246 0.002100 9016381.000000 4246 1 
4247 0.002106 9020628.000000 4247 1 
4248 0.002112 9024876.000000 4248 1 
4249 0.002111 9029125.000000 4249 1 
4250 0.002134 9033375.000000 4250 1 
4251 0.002101 9037626.000000 4251 1 
4252 0.002109 9041878.000000 4252 1 
4253 0.002125 9046131.000000 4253 1 
4254 0.002102 9050385.000000 4254 1 
4255 0.002112 9054640.000000 4255 1 
4256 0.002104 9058896.000000 4256 1 
4257 0.002122 9063153.000000 4257 1 
4258 0.002111 9067411.000000 4258 1 
4259 0.002128 9071670.000000 4259 1 
4260 0.002116 9075930.000000 4260 1 
4261 0.002109 9080191.000000 4261 1 
4262 0.002126 9084453.000000 4262 1 
4263 0.002121 9088716.000000 4263 1 
4264 0.002117 9092980.000000 4264 1 
4265 0.002157 9097245.000000 4265 1 
4266 0.002112 9101511.000000 4266 1 
4267 0.002112 9105778.000000 4267 1 
4268 0.002146 9110046.000000 4268 1 
4269 0.002114 9114315.000000 4269 1 
4270 0.002112 9118585.000000 4270 1 
4271 0.002155 9122856.000000 4271 1 
4272 0.002132 9127128.000000 4272 1 
4273 0.002138 9131401.000000 4273 1 
4274 0.002135 9135675.000000 4274 1 
4275 0.002132 9139950.000000 4275 1 
4276 0.002139 9144226.000000 4276 1 
4277 0.002136 9148503.000000 4277 1 
4278 0.002143 9152781.000000 4278 1 
4279 0.002128 9157060.000000 4279 1 
4280 0.002125 9161340.000000 4280 1 
4281 0.002151 9165621.000000 4281 1 
4282 0.002150 9169903.000000 4282 1 
4283 0.002128 9174186.000000 4283 1 
4284 0.002155 9178470.000000 4284 1 
4285 0.002131 9182755.000000 4285 1 
4286 0.002131 9187041.000000 4286 1 
4287 0.002167 9191328.000000 4287 1 
4288 0.002148 9195616.000000 4288 1 
4289 0.002148 9199905.000000 4289 1 
4290 0.002163 9204195.000000 4290 1 
4291 0.002150 9208486.000000 4291 1 
4292 0.002157 9212778.000000 4292 1 
4293 0.002164 9217071.000000 4293 1 
4294 0.002160 9221365.000000 4294 1 
4295 0.002154 9225660.000000 4295 1 
4296 0.002162 9229956.000000 4296 1 
4297 0.002153 9234253.000000 4297 1 
4298 0.002158 9238551.000000 4298 1 
4299 0.002172 9242850.000000 4299 1 
4300 0.002144 9247150.000000 4300 1 
4301 0.002173 9251451.000000 4301 1 
4302 0.002153 9255753.000000 4302 1 
4303 0.002169 9260056.000000 4303 1 
4304 0.002154 9264360.000000 4304 1 
4305 0.002186 9268665.000000 4305 1 
4306 0.002167 9272971.000000 4306 1 
4307 0.002174 9277278.000000 4307 1 
4308 0.002169 9281586.000000 4308 1 
4309 0.002175 9285895.000000 4309 1 
4310 0.002164 9290205.000000 4310 1 
4311 0.002172 9294516.000000 4311 1 
4312 0.002203 9298828.000000 4312 1 
4313 0.002175 9303141.000000 4313 1 
4314 0.002164 9307455.000000 4314 1 
4315 0.002174 9311770.000000 4315 1 
4316 0.002161 9316086.000000 4316 1 
4317 0.002190 9320403.000000 4317 1 
4318 0.002189 9324721.000000 4318 1 
4319 0.002190 9329040.000000 4319 1 
4320 0.002169 9333360.000000 4320 1 
4321 0.002177 9337681.000000 4321 1 
4322 0.002189 9342003.000000 4322 1 
4323 0.002186 9346326.000000 4323 1 
4324 0.002191 9350650.000000 4324 1 
4325 0.002175 9354975.000000 4325 1 
4326 0.002197 9359301.000000 4326 1 
4327 0.002202 9363628.000000 4327 1 
4328 0.002194 9367956.000000 4328 1 
4329 0.002199 9372285.000000 4329 1 
4330 0.002174 9376615.000000 4330 1 
4331 0.002193 9380946.000000 4331 1 
4332 0.002187 9385278.000000 4332 1 
4333 0.002203 9389611.000000 4333 1 
4334 0.002206 9393945.000000 4334 1 
4335 0.002199 9398280.000000 4335 1 
4336 0.002211 9402616.000000 4336 1 
4337 0.002189 9406953.000000 4337 1 
4338 0.002206 9411291.000000 4338 1 
4339 0.002205 9415630.000000 4339 1 
4340 0.002203 9419970.000000 4340 1 
4341 0.002197 9424311.000000 4341 1 
4342 0.002209 9428653.000000 4342 1 
4343 0.002198 9432996.000000 4343 1 
4344 0.002207 9437340.000000 4344 1 
4345 0.002217 9441685.000000 4345 1 
4346 0.002209 9446031.000000 4346 1 
4347 0.002215 9450378.000000 4347 1 
4348 0.002215 9454726.000000 4348 1 
4349 0.002196 9459075.000000 4349 1 
4350 0.002218 9463425.000000 4350 1 
4351 0.002217 9467776.000000 4351 1 
4352 0.002206 9472128.000000 4352 1 
4353 0.002211 9476481.000000 4353 1 
4354 0.002212 9480835.000000 4354 1 
4355 0.002212 9485190.000000 4355 1 
4356 0.002233 9489546.000000 4356 1 
4357 0.002212 9493903.000000 4357 1 
4358 0.002237 9498261.000000 4358 1 
4359 0.002207 9502620.000000 4359 1 
4360 0.002234 9506980.000000 4360 1 
4361 0.002222 9511341.000000 4361 1 
4362 0.002231 9515703.000000 4362 1 
4363 0.002213 9520066.000000 4363 1 
4364 0.002245 9524430.000000 4364 1 
4365 0.002226 9528795.000000 4365 1 
4366 0.002240 9533161.000000 4366 1 
4367 0.002227 9537528.000000 4367 1 
4368 0.002251 9541896.000000 4368 1 
4369 0.002247 9546265.000000 4369 1 
4370 0.002312 9550635.000000 4370 1 
4371 0.002254 9555006.000000 4371 1 
4372 0.002250 9559378.000000 4372 1 
4373 0.002236 9563751.000000 4373 1 
4374 0.002232 9568125.000000 4374 1 
4375 0.002252 9572500.000000 4375 1 
4376 0.002230 9576876.000000 4376 1 
4377 0.002242 9581253.000000 4377 1 
4378 0.002250 9585631.000000 4378 1 
4379 0.002248 9590010.000000 4379 1 
4380 0.002227 9594390.000000 4380 1 
4381 0.002259 9598771.000000 4381 1 
4382 0.002247 9603153.000000 4382 1 
4383 0.002259 9607536.000000 4383 1 
4384 0.002227 9611920.000000 4384 1 
4385 0.002263 9616305.000000 4385 1 
4386 0.002253 9620691.000000 4386 1 
4387 0.002258 9625078.000000 4387 1 
4388 0.002249 9629466.000000 4388 1 
4389 0.002274 9633855.000000 4389 1 
4390 0.002261 9638245.000000 4390 1 
4391 0.002249 9642636.000000 4391 1 
4392 0.002275 9647028.000000 4392 1 
4393 0.002256 9651421.000000 4393 1 
4394 0.002264 9655815.000000 4394 1 
4395 0.002260 9660210.000000 4395 1 
4396 0.002259 9664606.000000 4396 1 
4397 0.002265 9669003.000000 4397 1 
4398 0.002253 9673401.000000 4398 1 
4399 0.002273 9677800.000000 4399 1 
4400 0.002260 9682200.000000 4400 1 
4401 0.002274 9686601.000000 4401 1 
4402 0.002265 9691003.000000 4402 1 
4403 0.002272 9695406.000000 4403 1 
4404 0.002278 9699810.000000 4404 1 
4405 0.002253 9704215.000000 4405 1 
4406 0.002298 9708621.000000 4406 1 
4407 0.002264 9713028.000000 4407 1 
4408 0.002288 9717436.000000 4408 1 
4409 0.002258 9721845.000000 4409 1 
4410 0.002274 9726255.000000 4410 1 
4411 0.002272 9730666.000000 4411 1 
4412 0.002278 9735078.000000 4412 1 
4413 0.002290 9739491.000000 4413 1 
4414 0.002269 9743905.000000 4414 1 
4415 0.002279 9748320.000000 4415 1 
4416 0.002296 9752736.000000 4416 1 
4417 0.002287 9757153.000000 4417 1 
4418 0.002272 9761571.000000 4418 1 
4419 0.002279 9765990.000000 4419 1 
4420 0.002287 9770410.000000 4420 1 
4421 0.002286 9774831.000000 4421 1 
4422 0.002282 9779253.000000 4422 1 
4423 0.002299 9783676.000000 4423 1 
4424 0.002299 9788100.000000 4424 1 
4425 0.002294 9792525.000000 4425 1 
4426 0.002300 9796951.000000 4426 1 
4427 0.002292 9801378.000000 4427 1 
4428 0.002287 9805806.000000 4428 1 
4429 0.002300 9810235.000000 4429 1 
4430 0.002301 9814665.000000 4430 1 
4431 0.002281 9819096.000000 4431 1 
4432 0.002308 9823528.000000 4432 1 
4433 0.002307 9827961.000000 4433 1 
4434 0.002296 9832395.000000 4434 1 
4435 0.002315 9836830.000000 4435 1 
4436 0.002296 9841266.000000 4436 1 
4437 0.002307 9845703.000000 4437 1 
4438 0.002328 9850141.000000 4438 1 
4439 0.002282 9854580.000000 4439 1 
4440 0.002332 9859020.000000 4440 1 
4441 0.002314 9863461.000000 4441 1 
4442 0.002300 9867903.000000 4442 1 
4443 0.002330 9872346.000000 4443 1 
4444 0.002313 9876790.000000 4444 1 
4445 0.002303 9881235.000000 4445 1 
4446 0.002300 9885681.000000 4446 1 
4447 0.002326 9890128.000000 4447 1 
4448 0.002299 9894576.000000 4448 1 
4449 0.002345 9899025.000000 4449 1 
4450 0.002303 9903475.000000 4450 1 
4451 0.002305 9907926.000000 4451 1 
4452 0.002322 9912378.000000 4452 1 
4453 0.002325 9916831.000000 4453 1 
4454 0.002318 9921285.000000 4454 1 
4455 0.002317 9925740.000000 4455 1 
4456 0.002375 9930196.000000 4456 1 
4457 0.002328 9934653.000000 4457 1 
4458 0.002395 9939111.000000 4458 1 
4459 0.002497 9943570.000000 4459 1 
4460 0.002330 9948030.000000 4460 1 
4461 0.002330 9952491.000000 4461 1 
4462 0.002328 9956953.000000 4462 1 
4463 0.002337 9961416.000000 4463 1 
4464 0.002362 9965880.000000 4464 1 
4465 0.002330 9970345.000000 4465 1 
4466 0.002330 9974811.000000 4466 1 
4467 0.002329 9979278.000000 4467 1 
4468 0.002344 9983746.000000 4468 1 
4469 0.002322 9988215.000000 4469 1 
4470 0.002343 9992685.000000 4470 1 
4471 0.002358 9997156.000000 4471 1 
4472 0.002363 10001628.000000 4472 1 
4473 0.002338 10006101.000000 4473 1 
4474 0.002333 10010575.000000 4474 1 
4475 0.002367 10015050.000000 4475 1 
4476 0.002355 10019526.000000 4476 1 
4477 0.002344 10024003.000000 4477 1 
4478 0.002353 10028481.000000 4478 1 
4479 0.002343 10032960.000000 4479 1 
4480 0.002355 10037440.000000 4480 1 
4481 0.002348 10041921.000000 4481 1 
4482 0.002341 10046403.000000 4482 1 
4483 0.002360 10050886.000000 4483 1 
4484 0.002352 10055370.000000 4484 1 
4485 0.002357 10059855.000000 4485 1 
4486 0.002349 10064341.000000 4486 1 
4487 0.002355 10068828.000000 4487 1 
4488 0.002357 10073316.000000 4488 1 
4489 0.002341 10077805.000000 4489 1 
4490 0.002361 10082295.000000 4490 1 
4491 0.002379 10086786.000000 4491 1 
4492 0.002362 10091278.000000 4492 1 
4493 0.002361 10095771.000000 4493 1 
4494 0.002374 10100265.000000 4494 1 
4495 0.002365 10104760.000000 4495 1 
4496 0.002377 10109256.000000 4496 1 
4497 0.002362 10113753.000000 4497 1 
4498 0.002374 10118251.000000 4498 1 
4499 0.002374 10122750.000000 4499 1 
4500 0.002378 10127250.000000 4500 1 
4501 0.002377 10131751.000000 4501 1 
4502 0.002369 10136253.000000 4502 1 
4503 0.002356 10140756.000000 4503 1 
4504 0.002391 10145260.000000 4504 1 
4505 0.002380 10149765.000000 4505 1 
4506 0.002406 10154271.000000 4506 1 
4507 0.002372 10158778.000000 4507 1 
4508 0.002388 10163286.000000 4508 1 
4509 0.002384 10167795.000000 4509 1 
4510 0.002387 10172305.000000 4510 1 
4511 0.002391 10176816.000000 4511 1 
4512 0.002384 10181328.000000 4512 1 
4513 0.002361 10185841.000000 4513 1 
4514 0.002392 10190355.000000 4514 1 
4515 0.002380 10194870.000000 4515 1 
4516 0.002409 10199386.000000 4516 1 
4517 0.002389 10203903.000000 4517 1 
4518 0.002387 10208421.000000 4518 1 
4519 0.002379 10212940.000000 4519 1 
4520 0.002391 10217460.000000 4520 1 
4521 0.002415 10221981.000000 4521 1 
4522 0.002391 10226503.000000 4522 1 
4523 0.002454 10231026.000000 4523 1 
4524 0.002652 10235550.000000 4524 1 
4525 0.002450 10240075.000000 4525 1 
4526 0.002388 10244601.000000 4526 1 
4527 0.002387 10249128.000000 4527 1 
4528 0.002681 10253656.000000 4528 1 
4529 0.002353 10258185.000000 4529 1 
4530 0.002366 10262715.000000 4530 1 
4531 0.002402 10267246.000000 4531 1 
4532 0.002372 10271778.000000 4532 1 
4533 0.002351 10276311.000000 4533 1 
4534 0.002367 10280845.000000 4534 1 
4535 0.002358 10285380.000000 4535 1 
4536 0.002378 10289916.000000 4536 1 
4537 0.002452 10294453.000000 4537 1 
4538 0.002398 10298991.000000 4538 1 
4539 0.002404 10303530.000000 4539 1 
4540 0.002431 10308070.000000 4540 1 
4541 0.002410 10312611.000000 4541 1 
4542 0.002433 10317153.000000 4542 1 
4543 0.002404 10321696.000000 4543 1 
4544 0.002428 10326240.000000 4544 1 
4545 0.002435 10330785.000000 4545 1 
4546 0.002448 10335331.000000 4546 1 
4547 0.002472 10339878.000000 4547 1 
4548 0.002460 10344426.000000 4548 1 
4549 0.002445 10348975.000000 4549 1 
4550 0.002438 10353525.000000 4550 1 
4551 0.002451 10358076.000000 4551 1 
4552 0.002467 10362628.000000 4552 1 
4553 0.002438 10367181.000000 4553 1 
4554 0.002484 10371735.000000 4554 1 
4555 0.002452 10376290.000000 4555 1 
4556 0.002499 10380846.000000 4556 1 
4557 0.002437 10385403.000000 4557 1 
4558 0.002501 10389961.000000 4558 1 
4559 0.002438 10394520.000000 4559 1 
4560 0.002505 10399080.000000 4560 1 
4561 0.002459 10403641.000000 4561 1 
4562 0.002509 10408203.000000 4562 1 
4563 0.002442 10412766.000000 4563 1 
4564 0.002511 10417330.000000 4564 1 
4565 0.002448 10421895.000000 4565 1 
4566 0.002509 10426461.000000 4566 1 
4567 0.002467 10431028.000000 4567 1 
4568 0.002522 10435596.000000 4568 1 
4569 0.002471 10440165.000000 4569 1 
4570 0.002487 10444735.000000 4570 1 
4571 0.002489 10449306.000000 4571 1 
4572 0.002506 10453878.000000 4572 1 
4573 0.002502 10458451.000000 4573 1 
4574 0.002507 10463025.000000 4574 1 
4575 0.002506 10467600.000000 4575 1 
4576 0.002503 10472176.000000 4576 1 
4577 0.002499 10476753.000000 4577 1 
4578 0.002483 10481331.000000 4578 1 
4579 0.002500 10485910.000000 4579 1 
4580 0.002522 10490490.000000 4580 1 
4581 0.002505 10495071.000000 4581 1 
4582 0.002533 10499653.000000 4582 1 
4583 0.002486 10504236.000000 4583 1 
4584 0.002493 10508820.000000 4584 1 
4585 0.002541 10513405.000000 4585 1 
4586 0.002497 10517991.000000 4586 1 
4587 0.002523 10522578.000000 4587 1 
4588 0.002515 10527166.000000 4588 1 
4589 0.002538 10531755.000000 4589 1 
4590 0.002505 10536345.000000 4590 1 
4591 0.002513 10540936.000000 4591 1 
4592 0.002505 10545528.000000 4592 1 
4593 0.002509 10550121.000000 4593 1 
4594 0.002534 10554715.000000 4594 1 
4595 0.002525 10559310.000000 4595 1 
4596 0.002500 10563906.000000 4596 1 
4597 0.002501 10568503.000000 4597 1 
4598 0.002531 10573101.000000 4598 1 
4599 0.002526 10577700.000000 4599 1 
4600 0.002509 10582300.000000 4600 1 
4601 0.002533 10586901.000000 4601 1 
4602 0.002518 10591503.000000 4602 1 
4603 0.002525 10596106.000000 4603 1 
4604 0.002551 10600710.000000 4604 1 
4605 0.002516 10605315.000000 4605 1 
4606 0.002545 10609921.000000 4606 1 
4607 0.002515 10614528.000000 4607 1 
4608 0.002566 10619136.000000 4608 1 
4609 0.002515 10623745.000000 4609 1 
4610 0.002548 10628355.000000 4610 1 
4611 0.002536 10632966.000000 4611 1 
4612 0.002535 10637578.000000 4612 1 
4613 0.002548 10642191.000000 4613 1 
4614 0.002532 10646805.000000 4614 1 
4615 0.002559 10651420.000000 4615 1 
4616 0.002522 10656036.000000 4616 1 
4617 0.002555 10660653.000000 4617 1 
4618 0.002536 10665271.000000 4618 1 
4619 0.002545 10669890.000000 4619 1 
4620 0.002567 10674510.000000 4620 1 
4621 0.002533 10679131.000000 4621 1 
4622 0.002566 10683753.000000 4622 1 
4623 0.002540 10688376.000000 4623 1 
4624 0.002563 10693000.000000 4624 1 
4625 0.002542 10697625.000000 4625 1 
4626 0.002553 10702251.000000 4626 1 
4627 0.002573 10706878.000000 4627 1 
4628 0.002553 10711506.000000 4628 1 
4629 0.002583 10716135.000000 4629 1 
4630 0.002543 10720765.000000 4630 1 
4631 0.002572 10725396.000000 4631 1 
4632 0.002554 10730028.000000 4632 1 
4633 0.002546 10734661.000000 4633 1 
4634 0.002578 10739295.000000 4634 1 
4635 0.002557 10743930.000000 4635 1 
4636 0.002585 10748566.000000 4636 1 
4637 0.002576 10753203.000000 4637 1 
4638 0.002562 10757841.000000 4638 1 
4639 0.002580 10762480.000000 4639 1 
4640 0.002563 10767120.000000 4640 1 
4641 0.002601 10771761.000000 4641 1 
4642 0.002557 10776403.000000 4642 1 
4643 0.002578 10781046.000000 4643 1 
4644 0.002579 10785690.000000 4644 1 
4645 0.002556 10790335.000000 4645 1 
4646 0.002608 10794981.000000 4646 1 
4647 0.002568 10799628.000000 4647 1 
4648 0.002575 10804276.000000 4648 1 
4649 0.002593 10808925.000000 4649 1 
4650 0.002566 10813575.000000 4650 1 
4651 0.002605 10818226.000000 4651 1 
4652 0.002573 10822878.000000 4652 1 
4653 0.002586 10827531.000000 4653 1 
4654 0.002600 10832185.000000 4654 1 
4655 0.002565 10836840.000000 4655 1 
4656 0.002599 10841496.000000 4656 1 
4657 0.002579 10846153.000000 4657 1 
4658 0.002584 10850811.000000 4658 1 
4659 0.002611 10855470.000000 4659 1 
4660 0.002593 10860130.000000 4660 1 
4661 0.002601 10864791.000000 4661 1 
4662 0.002598 10869453.000000 4662 1 
4663 0.002577 10874116.000000 4663 1 
4664 0.002611 10878780.000000 4664 1 
4665 0.002610 10883445.000000 4665 1 
4666 0.002596 10888111.000000 4666 1 
4667 0.002607 10892778.000000 4667 1 
4668 0.002593 10897446.000000 4668 1 
4669 0.002628 10902115.000000 4669 1 
4670 0.002701 10906785.000000 4670 1 
4671 0.002584 10911456.000000 4671 1 
4672 0.002631 10916128.000000 4672 1 
4673 0.002612 10920801.000000 4673 1 
4674 0.002628 10925475.000000 4674 1 
4675 0.002618 10930150.000000 4675 1 
4676 0.002602 10934826.000000 4676 1 
4677 0.002607 10939503.000000 4677 1 
4678 0.002645 10944181.000000 4678 1 
4679 0.002592 10948860.000000 4679 1 
4680 0.002623 10953540.000000 4680 1 
4681 0.002625 10958221.000000 4681 1 
4682 0.002591 10962903.000000 4682 1 
4683 0.002647 10967586.000000 4683 1 
4684 0.002635 10972270.000000 4684 1 
4685 0.002606 10976955.000000 4685 1 
4686 0.002638 10981641.000000 4686 1 
4687 0.002627 10986328.000000 4687 1 
4688 0.002616 10991016.000000 4688 1 
4689 0.002602 10995705.000000 4689 1 
4690 0.002623 11000395.000000 4690 1 
4691 0.002631 11005086.000000 4691 1 
4692 0.002609 11009778.000000 4692 1 
4693 0.002627 11014471.000000 4693 1 
4694 0.002626 11019165.000000 4694 1 
4695 0.002643 11023860.000000 4695 1 
4696 0.002613 11028556.000000 4696 1 
4697 0.002669 11033253.000000 4697 1 
4698 0.002642 11037951.000000 4698 1 
4699 0.002633 11042650.000000 4699 1 
4700 0.002639 11047350.000000 4700 1 
4701 0.002649 11052051.000000 4701 1 
4702 0.002649 11056753.000000 4702 1 
4703 0.002723 11061456.000000 4703 1 
4704 0.002629 11066160.000000 4704 1 
4705 0.002661 11070865.000000 4705 1 
4706 0.002666 11075571.000000 4706 1 
4707 0.002627 11080278.000000 4707 1 
4708 0.002656 11084986.000000 4708 1 
4709 0.002665 11089695.000000 4709 1 
4710 0.002627 11094405.000000 4710 1 
4711 0.002681 11099116.000000 4711 1 
4712 0.002678 11103828.000000 4712 1 
4713 0.002621 11108541.000000 4713 1 
4714 0.002656 11113255.000000 4714 1 
4715 0.002697 11117970.000000 4715 1 
4716 0.002628 11122686.000000 4716 1 
4717 0.002655 11127403.000000 4717 1 
4718 0.002683 11132121.000000 4718 1 
4719 0.002637 11136840.000000 4719 1 
4720 0.002663 11141560.000000 4720 1 
4721 0.002677 11146281.000000 4721 1 
4722 0.002662 11151003.000000 4722 1 
4723 0.002673 11155726.000000 4723 1 
4724 0.002686 11160450.000000 4724 1 
4725 0.002658 11165175.000000 4725 1 
4726 0.002651 11169901.000000 4726 1 
4727 0.002677 11174628.000000 4727 1 
4728 0.002685 11179356.000000 4728 1 
4729 0.002655 11184085.000000 4729 1 
4730 0.002689 11188815.000000 4730 1 
4731 0.002688 11193546.000000 4731 1 
4732 0.002649 11198278.000000 4732 1 
4733 0.002679 11203011.000000 4733 1 
4734 0.002661 11207745.000000 4734 1 
4735 0.002677 11212480.000000 4735 1 
4736 0.002710 11217216.000000 4736 1 
4737 0.002664 11221953.000000 4737 1 
4738 0.002675 11226691.000000 4738 1 
4739 0.002700 11231430.000000 4739 1 
4740 0.002692 11236170.000000 4740 1 
4741 0.002670 11240911.000000 4741 1 
4742 0.002694 11245653.000000 4742 1 
4743 0.002699 11250396.000000 4743 1 
4744 0.002668 11255140.000000 4744 1 
4745 0.002682 11259885.000000 4745 1 
4746 0.002721 11264631.000000 4746 1 
4747 0.002679 11269378.000000 4747 1 
4748 0.002686 11274126.000000 4748 1 
4749 0.002719 11278875.000000 4749 1 
4750 0.002704 11283625.000000 4750 1 
4751 0.002694 11288376.000000 4751 1 
4752 0.002703 11293128.000000 4752 1 
4753 0.002709 11297881.000000 4753 1 
4754 0.002691 11302635.000000 4754 1 
4755 0.002697 11307390.000000 4755 1 
4756 0.002721 11312146.000000 4756 1 
4757 0.002707 11316903.000000 4757 1 
4758 0.002686 11321661.000000 4758 1 
4759 0.002710 11326420.000000 4759 1 
4760 0.002722 11331180.000000 4760 1 
4761 0.002718 11335941.000000 4761 1 
4762 0.002683 11340703.000000 4762 1 
4763 0.002704 11345466.000000 4763 1 
4764 0.002728 11350230.000000 4764 1 
4765 0.002725 11354995.000000 4765 1 
4766 0.002693 11359761.000000 4766 1 
4767 0.002708 11364528.000000 4767 1 
4768 0.002719 11369296.000000 4768 1 
4769 0.002705 11374065.000000 4769 1 
4770 0.002699 11378835.000000 4770 1 
4771 0.002732 11383606.000000 4771 1 
4772 0.002730 11388378.000000 4772 1 
4773 0.002718 11393151.000000 4773 1 
4774 0.002708 11397925.000000 4774 1 
4775 0.002725 11402700.000000 4775 1 
4776 0.002728 11407476.000000 4776 1 
4777 0.002728 11412253.000000 4777 1 
4778 0.002712 11417031.000000 4778 1 
4779 0.002733 11421810.000000 4779 1 
4780 0.002749 11426590.000000 4780 1 
4781 0.002713 11431371.000000 4781 1 
4782 0.002734 11436153.000000 4782 1 
4783 0.002764 11440936.000000 4783 1 
4784 0.002728 11445720.000000 4784 1 
4785 0.002777 11450505.000000 4785 1 
4786 0.002754 11455291.000000 4786 1 
4787 0.002733 11460078.000000 4787 1 
4788 0.002727 11464866.000000 4788 1 
4789 0.002751 11469655.000000 4789 1 
4790 0.002744 11474445.000000 4790 1 
4791 0.002761 11479236.000000 4791 1 
4792 0.002732 11484028.000000 4792 1 
4793 0.002732 11488821.000000 4793 1 
4794 0.002755 11493615.000000 4794 1 
4795 0.002788 11498410.000000 4795 1 
4796 0.002726 11503206.000000 4796 1 
4797 0.002737 11508003.000000 4797 1 
4798 0.002765 11512801.000000 4798 1 
4799 0.002784 11517600.000000 4799 1 
4800 0.002741 11522400.000000 4800 1 
4801 0.002730 11527201.000000 4801 1 
4802 0.002758 11532003.000000 4802 1 
4803 0.002745 11536806.000000 4803 1 
4804 0.002764 11541610.000000 4804 1 
4805 0.002762 11546415.000000 4805 1 
4806 0.002765 11551221.000000 4806 1 
4807 0.002763 11556028.000000 4807 1 
4808 0.002776 11560836.000000 4808 1 
4809 0.002771 11565645.000000 4809 1 
4810 0.002756 11570455.000000 4810 1 
4811 0.002751 11575266.000000 4811 1 
4812 0.002766 11580078.000000 4812 1 
4813 0.002793 11584891.000000 4813 1 
4814 0.002737 11589705.000000 4814 1 
4815 0.002785 11594520.000000 4815 1 
4816 0.002754 11599336.000000 4816 1 
4817 0.002788 11604153.000000 4817 1 
4818 0.002777 11608971.000000 4818 1 
4819 0.002781 11613790.000000 4819 1 
4820 0.002752 11618610.000000 4820 1 
4821 0.002805 11623431.000000 4821 1 
4822 0.002789 11628253.000000 4822 1 
4823 0.002779 11633076.000000 4823 1 
4824 0.002768 11637900.000000 4824 1 
4825 0.002782 11642725.000000 4825 1 
4826 0.002796 11647551.000000 4826 1 
4827 0.002772 11652378.000000 4827 1 
4828 0.002771 11657206.000000 4828 1 
4829 0.002780 11662035.000000 4829 1 
4830 0.002806 11666865.000000 4830 1 
4831 0.002805 11671696.000000 4831 1 
4832 0.002780 11676528.000000 4832 1 
4833 0.002784 11681361.000000 4833 1 
4834 0.002811 11686195.000000 4834 1 
4835 0.002798 11691030.000000 4835 1 
4836 0.002793 11695866.000000 4836 1 
4837 0.002802 11700703.000000 4837 1 
4838 0.002799 11705541.000000 4838 1 
4839 0.002788 11710380.000000 4839 1 
4840 0.002795 11715220.000000 4840 1 
4841 0.002807 11720061.000000 4841 1 
4842 0.002805 11724903.000000 4842 1 
4843 0.002805 11729746.000000 4843 1 
4844 0.002776 11734590.000000 4844 1 
4845 0.002819 11739435.000000 4845 1 
4846 0.002801 11744281.000000 4846 1 
4847 0.002811 11749128.000000 4847 1 
4848 0.002809 11753976.000000 4848 1 
4849 0.002808 11758825.000000 4849 1 
4850 0.002784 11763675.000000 4850 1 
4851 0.002836 11768526.000000 4851 1 
4852 0.002812 11773378.000000 4852 1 
4853 0.002793 11778231.000000 4853 1 
4854 0.002803 11783085.000000 4854 1 
4855 0.002810 11787940.000000 4855 1 
4856 0.002840 11792796.000000 4856 1 
4857 0.002829 11797653.000000 4857 1 
4858 0.002797 11802511.000000 4858 1 
4859 0.002811 11807370.000000 4859 1 
4860 0.002843 11812230.000000 4860 1 
4861 0.002810 11817091.000000 4861 1 
4862 0.002812 11821953.000000 4862 1 
4863 0.002867 11826816.000000 4863 1 
4864 0.002845 11831680.000000 4864 1 
4865 0.002819 11836545.000000 4865 1 
4866 0.002831 11841411.000000 4866 1 
4867 0.002842 11846278.000000 4867 1 
4868 0.002864 11851146.000000 4868 1 
4869 0.002840 11856015.000000 4869 1 
4870 0.002835 11860885.000000 4870 1 
4871 0.002830 11865756.000000 4871 1 
4872 0.002833 11870628.000000 4872 1 
4873 0.002822 11875501.000000 4873 1 
4874 0.002877 11880375.000000 4874 1 
4875 0.002838 11885250.000000 4875 1 
4876 0.002830 11890126.000000 4876 1 
4877 0.002864 11895003.000000 4877 1 
4878 0.002839 11899881.000000 4878 1 
4879 0.002826 11904760.000000 4879 1 
4880 0.002836 11909640.000000 4880 1 
4881 0.002877 11914521.000000 4881 1 
4882 0.002845 11919403.000000 4882 1 
4883 0.002837 11924286.000000 4883 1 
4884 0.002833 11929170.000000 4884 1 
4885 0.002849 11934055.000000 4885 1 
4886 0.002867 11938941.000000 4886 1 
4887 0.002844 11943828.000000 4887 1 
4888 0.002856 11948716.000000 4888 1 
4889 0.002865 11953605.000000 4889 1 
4890 0.002856 11958495.000000 4890 1 
4891 0.002853 11963386.000000 4891 1 
4892 0.002878 11968278.000000 4892 1 
4893 0.002858 11973171.000000 4893 1 
4894 0.002878 11978065.000000 4894 1 
4895 0.002855 11982960.000000 4895 1 
4896 0.002835 11987856.000000 4896 1 
4897 0.002867 11992753.000000 4897 1 
4898 0.002909 11997651.000000 4898 1 
4899 0.002860 12002550.000000 4899 1 
4900 0.002852 12007450.000000 4900 1 
4901 0.002873 12012351.000000 4901 1 
4902 0.002869 12017253.000000 4902 1 
4903 0.002906 12022156.000000 4903 1 
4904 0.002866 12027060.000000 4904 1 
4905 0.002854 12031965.000000 4905 1 
4906 0.002872 12036871.000000 4906 1 
4907 0.002886 12041778.000000 4907 1 
4908 0.002871 12046686.000000 4908 1 
4909 0.002873 12051595.000000 4909 1 
4910 0.002906 12056505.000000 4910 1 
4911 0.002903 12061416.000000 4911 1 
4912 0.002902 12066328.000000 4912 1 
4913 0.002885 12071241.000000 4913 1 
4914 0.002864 12076155.000000 4914 1 
4915 0.002944 12081070.000000 4915 1 
4916 0.002918 12085986.000000 4916 1 
4917 0.002886 12090903.000000 4917 1 
4918 0.002889 12095821.000000 4918 1 
4919 0.002907 12100740.000000 4919 1 
4920 0.002923 12105660.000000 4920 1 
4921 0.002907 12110581.000000 4921 1 
4922 0.002905 12115503.000000 4922 1 
4923 0.002892 12120426.000000 4923 1 
4924 0.002891 12125350.000000 4924 1 
4925 0.002899 12130275.000000 4925 1 
4926 0.002909 12135201.000000 4926 1 
4927 0.002914 12140128.000000 4927 1 
4928 0.002883 12145056.000000 4928 1 
4929 0.002902 12149985.000000 4929 1 
4930 0.002884 12154915.000000 4930 1 
4931 0.002893 12159846.000000 4931 1 
4932 0.002933 12164778.000000 4932 1 
4933 0.002930 12169711.000000 4933 1 
4934 0.002894 12174645.000000 4934 1 
4935 0.002911 12179580.000000 4935 1 
4936 0.002902 12184516.000000 4936 1 
4937 0.002901 12189453.000000 4937 1 
4938 0.002916 12194391.000000 4938 1 
4939 0.002920 12199330.000000 4939 1 
4940 0.002918 12204270.000000 4940 1 
4941 0.002914 12209211.000000 4941 1 
4942 0.002916 12214153.000000 4942 1 
4943 0.002919 12219096.000000 4943 1 
4944 0.002940 12224040.000000 4944 1 
4945 0.002898 12228985.000000 4945 1 
4946 0.002945 12233931.000000 4946 1 
4947 0.002902 12238878.000000 4947 1 
4948 0.002919 12243826.000000 4948 1 
4949 0.002961 12248775.000000 4949 1 
4950 0.002948 12253725.000000 4950 1 
4951 0.002920 12258676.000000 4951 1 
4952 0.002918 12263628.000000 4952 1 
4953 0.002928 12268581.000000 4953 1 
4954 0.002951 12273535.000000 4954 1 
4955 0.002936 12278490.000000 4955 1 
4956 0.002936 12283446.000000 4956 1 
4957 0.002941 12288403.000000 4957 1 
4958 0.002948 12293361.000000 4958 1 
4959 0.002953 12298320.000000 4959 1 
4960 0.002958 12303280.000000 4960 1 
4961 0.002952 12308241.000000 4961 1 
4962 0.002933 12313203.000000 4962 1 
4963 0.002956 12318166.000000 4963 1 
4964 0.002943 12323130.000000 4964 1 
4965 0.002945 12328095.000000 4965 1 
4966 0.002956 12333061.000000 4966 1 
4967 0.002951 12338028.000000 4967 1 
4968 0.002947 12342996.000000 4968 1 
4969 0.002932 12347965.000000 4969 1 
4970 0.002943 12352935.000000 4970 1 
4971 0.002951 12357906.000000 4971 1 
4972 0.002948 12362878.000000 4972 1 
4973 0.002952 12367851.000000 4973 1 
4974 0.002969 12372825.000000 4974 1 
4975 0.002948 12377800.000000 4975 1 
4976 0.002964 12382776.000000 4976 1 
4977 0.002985 12387753.000000 4977 1 
4978 0.002944 12392731.000000 4978 1 
4979 0.002949 12397710.000000 4979 1 
4980 0.002961 12402690.000000 4980 1 
4981 0.002968 12407671.000000 4981 1 
4982 0.002971 12412653.000000 4982 1 
4983 0.002993 12417636.000000 4983 1 
4984 0.002954 12422620.000000 4984 1 
4985 0.002960 12427605.000000 4985 1 
4986 0.002966 12432591.000000 4986 1 
4987 0.002963 12437578.000000 4987 1 
4988 0.003006 12442566.000000 4988 1 
4989 0.002965 12447555.000000 4989 1 
4990 0.002979 12452545.000000 4990 1 
4991 0.002992 12457536.000000 4991 1 
4992 0.002969 12462528.000000 4992 1 
4993 0.002977 12467521.000000 4993 1 
4994 0.003010 12472515.000000 4994 1 
4995 0.002979 12477510.000000 4995 1 
4996 0.002982 12482506.000000 4996 1 
4997 0.002970 12487503.000000 4997 1 
4998 0.002971 12492501.000000 4998 1 
4999 0.003018 12497500.000000 4999 1 
5000 0.003000 12502500.000000 5000 1 
5001 0.002983 12507501.000000 5001 1 
5002 0.003001 12512503.000000 5002 1 
5003 0.002973 12517506.000000 5003 1 
5004 0.002987 12522510.000000 5004 1 
5005 0.003003 12527515.000000 5005 1 
5006 0.003082 12532521.000000 5006 1 
5007 0.003013 12537528.000000 5007 1 
5008 0.003014 12542536.000000 5008 1 
5009 0.002995 12547545.000000 5009 1 
5010 0.002991 12552555.000000 5010 1 
5011 0.003016 12557566.000000 5011 1 
5012 0.002987 12562578.000000 5012 1 
5013 0.003019 12567591.000000 5013 1 
5014 0.003002 12572605.000000 5014 1 
5015 0.003026 12577620.000000 5015 1 
5016 0.003025 12582636.000000 5016 1 
5017 0.003024 12587653.000000 5017 1 
5018 0.003008 12592671.000000 5018 1 
5019 0.003009 12597690.000000 5019 1 
5020 0.003012 12602710.000000 5020 1 
5021 0.003033 12607731.000000 5021 1 
5022 0.003021 12612753.000000 5022 1 
5023 0.003010 12617776.000000 5023 1 
5024 0.003027 12622800.000000 5024 1 
5025 0.003028 12627825.000000 5025 1 
5026 0.003015 12632851.000000 5026 1 
5027 0.003049 12637878.000000 5027 1 
5028 0.003018 12642906.000000 5028 1 
5029 0.003038 12647935.000000 5029 1 
5030 0.003019 12652965.000000 5030 1 
5031 0.003041 12657996.000000 5031 1 
5032 0.003041 12663028.000000 5032 1 
5033 0.003051 12668061.000000 5033 1 
5034 0.003023 12673095.000000 5034 1 
5035 0.003017 12678130.000000 5035 1 
5036 0.003020 12683166.000000 5036 1 
5037 0.003040 12688203.000000 5037 1 
5038 0.003035 12693241.000000 5038 1 
5039 0.003034 12698280.000000 5039 1 
5040 0.003037 12703320.000000 5040 1 
5041 0.003038 12708361.000000 5041 1 
5042 0.003059 12713403.000000 5042 1 
5043 0.003054 12718446.000000 5043 1 
5044 0.003026 12723490.000000 5044 1 
5045 0.003057 12728535.000000 5045 1 
5046 0.003041 12733581.000000 5046 1 
5047 0.003031 12738628.000000 5047 1 
5048 0.003043 12743676.000000 5048 1 
5049 0.003090 12748725.000000 5049 1 
5050 0.003038 12753775.000000 5050 1 
5051 0.003033 12758826.000000 5051 1 
5052 0.003055 12763878.000000 5052 1 
5053 0.003072 12768931.000000 5053 1 
5054 0.003060 12773985.000000 5054 1 
5055 0.003024 12779040.000000 5055 1 
5056 0.003054 12784096.000000 5056 1 
5057 0.003084 12789153.000000 5057 1 
5058 0.003041 12794211.000000 5058 1 
5059 0.003087 12799270.000000 5059 1 
5060 0.003065 12804330.000000 5060 1 
5061 0.003064 12809391.000000 5061 1 
5062 0.003061 12814453.000000 5062 1 
5063 0.003058 12819516.000000 5063 1 
5064 0.003069 12824580.000000 5064 1 
5065 0.003089 12829645.000000 5065 1 
5066 0.003053 12834711.000000 5066 1 
5067 0.003059 12839778.000000 5067 1 
5068 0.003066 12844846.000000 5068 1 
5069 0.003103 12849915.000000 5069 1 
5070 0.003075 12854985.000000 5070 1 
5071 0.003067 12860056.000000 5071 1 
5072 0.003073 12865128.000000 5072 1 
5073 0.003103 12870201.000000 5073 1 
5074 0.003066 12875275.000000 5074 1 
5075 0.003088 12880350.000000 5075 1 
5076 0.003070 12885426.000000 5076 1 
5077 0.003085 12890503.000000 5077 1 
5078 0.003075 12895581.000000 5078 1 
5079 0.003071 12900660.000000 5079 1 
5080 0.003076 12905740.000000 5080 1 
5081 0.003124 12910821.000000 5081 1 
5082 0.003088 12915903.000000 5082 1 
5083 0.003072 12920986.000000 5083 1 
5084 0.003084 12926070.000000 5084 1 
5085 0.003100 12931155.000000 5085 1 
5086 0.003090 12936241.000000 5086 1 
5087 0.003084 12941328.000000 5087 1 
5088 0.003090 12946416.000000 5088 1 
5089 0.003115 12951505.000000 5089 1 
5090 0.003103 12956595.000000 5090 1 
5091 0.003084 12961686.000000 5091 1 
5092 0.003113 12966778.000000 5092 1 
5093 0.003101 12971871.000000 5093 1 
5094 0.003096 12976965.000000 5094 1 
5095 0.003095 12982060.000000 5095 1 
5096 0.003093 12987156.000000 5096 1 
5097 0.003148 12992253.000000 5097 1 
5098 0.003096 12997351.000000 5098 1 
5099 0.003097 13002450.000000 5099 1 
5100 0.003111 13007550.000000 5100 1 
5101 0.003100 13012651.000000 5101 1 
5102 0.003108 13017753.000000 5102 1 
5103 0.003108 13022856.000000 5103 1 
5104 0.003106 13027960.000000 5104 1 
5105 0.003123 13033065.000000 5105 1 
5106 0.003105 13038171.000000 5106 1 
5107 0.003118 13043278.000000 5107 1 
5108 0.003144 13048386.000000 5108 1 
5109 0.003113 13053495.000000 5109 1 
5110 0.003112 13058605.000000 5110 1 
5111 0.003109 13063716.000000 5111 1 
5112 0.003108 13068828.000000 5112 1 
5113 0.003170 13073941.000000 5113 1 
5114 0.003122 13079055.000000 5114 1 
5115 0.003130 13084170.000000 5115 1 
5116 0.003107 13089286.000000 5116 1 
5117 0.003153 13094403.000000 5117 1 
5118 0.003119 13099521.000000 5118 1 
5119 0.003135 13104640.000000 5119 1 
5120 0.003122 13109760.000000 5120 1 
5121 0.003160 13114881.000000 5121 1 
5122 0.003121 13120003.000000 5122 1 
5123 0.003157 13125126.000000 5123 1 
5124 0.003151 13130250.000000 5124 1 
5125 0.003144 13135375.000000 5125 1 
5126 0.003140 13140501.000000 5126 1 
5127 0.003117 13145628.000000 5127 1 
5128 0.003159 13150756.000000 5128 1 
5129 0.003175 13155885.000000 5129 1 
5130 0.003132 13161015.000000 5130 1 
5131 0.003138 13166146.000000 5131 1 
5132 0.003139 13171278.000000 5132 1 
5133 0.003158 13176411.000000 5133 1 
5134 0.003135 13181545.000000 5134 1 
5135 0.003158 13186680.000000 5135 1 
5136 0.003166 13191816.000000 5136 1 
5137 0.003179 13196953.000000 5137 1 
5138 0.003224 13202091.000000 5138 1 
5139 0.003182 13207230.000000 5139 1 
5140 0.003149 13212370.000000 5140 1 
5141 0.003166 13217511.000000 5141 1 
5142 0.003158 13222653.000000 5142 1 
5143 0.003161 13227796.000000 5143 1 
5144 0.003156 13232940.000000 5144 1 
5145 0.003212 13238085.000000 5145 1 
5146 0.003163 13243231.000000 5146 1 
5147 0.003131 13248378.000000 5147 1 
5148 0.003183 13253526.000000 5148 1 
5149 0.003187 13258675.000000 5149 1 
5150 0.003166 13263825.000000 5150 1 
5151 0.003184 13268976.000000 5151 1 
5152 0.003184 13274128.000000 5152 1 
5153 0.003178 13279281.000000 5153 1 
5154 0.003171 13284435.000000 5154 1 
5155 0.003228 13289590.000000 5155 1 
5156 0.003154 13294746.000000 5156 1 
5157 0.003185 13299903.000000 5157 1 
5158 0.003184 13305061.000000 5158 1 
5159 0.003161 13310220.000000 5159 1 
5160 0.003217 13315380.000000 5160 1 
5161 0.003192 13320541.000000 5161 1 
5162 0.003179 13325703.000000 5162 1 
5163 0.003193 13330866.000000 5163 1 
5164 0.003169 13336030.000000 5164 1 
5165 0.003200 13341195.000000 5165 1 
5166 0.003185 13346361.000000 5166 1 
5167 0.003188 13351528.000000 5167 1 
5168 0.003199 13356696.000000 5168 1 
5169 0.003183 13361865.000000 5169 1 
5170 0.003181 13367035.000000 5170 1 
5171 0.003214 13372206.000000 5171 1 
5172 0.003194 13377378.000000 5172 1 
5173 0.003210 13382551.000000 5173 1 
5174 0.003195 13387725.000000 5174 1 
5175 0.003190 13392900.000000 5175 1 
5176 0.003284 13398076.000000 5176 1 
5177 0.003186 13403253.000000 5177 1 
5178 0.003196 13408431.000000 5178 1 
5179 0.003215 13413610.000000 5179 1 
5180 0.003217 13418790.000000 5180 1 
5181 0.003203 13423971.000000 5181 1 
5182 0.003228 13429153.000000 5182 1 
5183 0.003193 13434336.000000 5183 1 
5184 0.003237 13439520.000000 5184 1 
5185 0.003208 13444705.000000 5185 1 
5186 0.003228 13449891.000000 5186 1 
5187 0.003218 13455078.000000 5187 1 
5188 0.003217 13460266.000000 5188 1 
5189 0.003209 13465455.000000 5189 1 
5190 0.003211 13470645.000000 5190 1 
5191 0.003251 13475836.000000 5191 1 
5192 0.003226 13481028.000000 5192 1 
5193 0.003241 13486221.000000 5193 1 
5194 0.003234 13491415.000000 5194 1 
5195 0.003223 13496610.000000 5195 1 
5196 0.003238 13501806.000000 5196 1 
5197 0.003226 13507003.000000 5197 1 
5198 0.003212 13512201.000000 5198 1 
5199 0.003243 13517400.000000 5199 1 
5200 0.003237 13522600.000000 5200 1 
5201 0.003254 13527801.000000 5201 1 
5202 0.003256 13533003.000000 5202 1 
5203 0.003224 13538206.000000 5203 1 
5204 0.003227 13543410.000000 5204 1 
5205 0.003216 13548615.000000 5205 1 
5206 0.003263 13553821.000000 5206 1 
5207 0.003230 13559028.000000 5207 1 
5208 0.003245 13564236.000000 5208 1 
5209 0.003262 13569445.000000 5209 1 
5210 0.003266 13574655.000000 5210 1 
5211 0.003211 13579866.000000 5211 1 
5212 0.003274 13585078.000000 5212 1 
5213 0.003239 13590291.000000 5213 1 
5214 0.003253 13595505.000000 5214 1 
5215 0.003251 13600720.000000 5215 1 
5216 0.003252 13605936.000000 5216 1 
5217 0.003264 13611153.000000 5217 1 
5218 0.003257 13616371.000000 5218 1 
5219 0.003255 13621590.000000 5219 1 
5220 0.003247 13626810.000000 5220 1 
5221 0.003253 13632031.000000 5221 1 
5222 0.003260 13637253.000000 5222 1 
5223 0.003242 13642476.000000 5223 1 
5224 0.003295 13647700.000000 5224 1 
5225 0.003247 13652925.000000 5225 1 
5226 0.003276 13658151.000000 5226 1 
5227 0.003284 13663378.000000 5227 1 
5228 0.003266 13668606.000000 5228 1 
5229 0.003277 13673835.000000 5229 1 
5230 0.003254 13679065.000000 5230 1 
5231 0.003302 13684296.000000 5231 1 
5232 0.003299 13689528.000000 5232 1 
5233 0.003255 13694761.000000 5233 1 
5234 0.003271 13699995.000000 5234 1 
5235 0.003274 13705230.000000 5235 1 
5236 0.003260 13710466.000000 5236 1 
5237 0.003315 13715703.000000 5237 1 
5238 0.003271 13720941.000000 5238 1 
5239 0.003303 13726180.000000 5239 1 
5240 0.003274 13731420.000000 5240 1 
5241 0.003277 13736661.000000 5241 1 
5242 0.003344 13741903.000000 5242 1 
5243 0.003268 13747146.000000 5243 1 
5244 0.003331 13752390.000000 5244 1 
5245 0.003265 13757635.000000 5245 1 
5246 0.003303 13762881.000000 5246 1 
5247 0.003340 13768128.000000 5247 1 
5248 0.003286 13773376.000000 5248 1 
5249 0.003279 13778625.000000 5249 1 
5250 0.003295 13783875.000000 5250 1 
5251 0.003294 13789126.000000 5251 1 
5252 0.003315 13794378.000000 5252 1 
5253 0.003285 13799631.000000 5253 1 
5254 0.003319 13804885.000000 5254 1 
5255 0.003314 13810140.000000 5255 1 
5256 0.003335 13815396.000000 5256 1 
5257 0.003334 13820653.000000 5257 1 
5258 0.003299 13825911.000000 5258 1 
5259 0.003317 13831170.000000 5259 1 
5260 0.003334 13836430.000000 5260 1 
5261 0.003327 13841691.000000 5261 1 
5262 0.003351 13846953.000000 5262 1 
5263 0.003341 13852216.000000 5263 1 
5264 0.003292 13857480.000000 5264 1 
5265 0.003322 13862745.000000 5265 1 
5266 0.003337 13868011.000000 5266 1 
5267 0.003305 13873278.000000 5267 1 
5268 0.003295 13878546.000000 5268 1 
5269 0.003322 13883815.000000 5269 1 
5270 0.003330 13889085.000000 5270 1 
5271 0.003307 13894356.000000 5271 1 
5272 0.003352 13899628.000000 5272 1 
5273 0.003303 13904901.000000 5273 1 
5274 0.003333 13910175.000000 5274 1 
5275 0.003321 13915450.000000 5275 1 
5276 0.003366 13920726.000000 5276 1 
5277 0.003327 13926003.000000 5277 1 
5278 0.003356 13931281.000000 5278 1 
5279 0.003328 13936560.000000 5279 1 
5280 0.003339 13941840.000000 5280 1 
5281 0.003326 13947121.000000 5281 1 
5282 0.003343 13952403.000000 5282 1 
5283 0.003328 13957686.000000 5283 1 
5284 0.003363 13962970.000000 5284 1 
5285 0.003336 13968255.000000 5285 1 
5286 0.003358 13973541.000000 5286 1 
5287 0.003350 13978828.000000 5287 1 
5288 0.003348 13984116.000000 5288 1 
5289 0.003339 13989405.000000 5289 1 
5290 0.003337 13994695.000000 5290 1 
5291 0.003376 13999986.000000 5291 1 
5292 0.003352 14005278.000000 5292 1 
5293 0.003356 14010571.000000 5293 1 
5294 0.003339 14015865.000000 5294 1 
5295 0.003343 14021160.000000 5295 1 
5296 0.003390 14026456.000000 5296 1 
5297 0.003338 14031753.000000 5297 1 
5298 0.003344 14037051.000000 5298 1 
5299 0.003369 14042350.000000 5299 1 
5300 0.003389 14047650.000000 5300 1 
5301 0.003368 14052951.000000 5301 1 
5302 0.003389 14058253.000000 5302 1 
5303 0.003371 14063556.000000 5303 1 
5304 0.003373 14068860.000000 5304 1 
5305 0.003412 14074165.000000 5305 1 
5306 0.003358 14079471.000000 5306 1 
5307 0.003379 14084778.000000 5307 1 
5308 0.003376 14090086.000000 5308 1 
5309 0.003354 14095395.000000 5309 1 
5310 0.003368 14100705.000000 5310 1 
5311 0.003389 14106016.000000 5311 1 
5312 0.003377 14111328.000000 5312 1 
5313 0.003373 14116641.000000 5313 1 
5314 0.003382 14121955.000000 5314 1 
5315 0.003387 14127270.000000 5315 1 
5316 0.003392 14132586.000000 5316 1 
5317 0.003401 14137903.000000 5317 1 
5318 0.003374 14143221.000000 5318 1 
5319 0.003383 14148540.000000 5319 1 
5320 0.003375 14153860.000000 5320 1 
5321 0.003416 14159181.000000 5321 1 
5322 0.003402 14164503.000000 5322 1 
5323 0.003391 14169826.000000 5323 1 
5324 0.003380 14175150.000000 5324 1 
5325 0.003403 14180475.000000 5325 1 
5326 0.003382 14185801.000000 5326 1 
5327 0.003400 14191128.000000 5327 1 
5328 0.003419 14196456.000000 5328 1 
5329 0.003408 14201785.000000 5329 1 
5330 0.003403 14207115.000000 5330 1 
5331 0.003399 14212446.000000 5331 1 
5332 0.003390 14217778.000000 5332 1 
5333 0.003417 14223111.000000 5333 1 
5334 0.003397 14228445.000000 5334 1 
5335 0.003420 14233780.000000 5335 1 
5336 0.003426 14239116.000000 5336 1 
5337 0.003405 14244453.000000 5337 1 
5338 0.003420 14249791.000000 5338 1 
5339 0.003403 14255130.000000 5339 1 
5340 0.003417 14260470.000000 5340 1 
5341 0.003436 14265811.000000 5341 1 
5342 0.003410 14271153.000000 5342 1 
5343 0.003440 14276496.000000 5343 1 
5344 0.003409 14281840.000000 5344 1 
5345 0.003442 14287185.000000 5345 1 
5346 0.003424 14292531.000000 5346 1 
5347 0.003427 14297878.000000 5347 1 
5348 0.003415 14303226.000000 5348 1 
5349 0.003409 14308575.000000 5349 1 
5350 0.003470 14313925.000000 5350 1 
5351 0.003406 14319276.000000 5351 1 
5352 0.003432 14324628.000000 5352 1 
5353 0.003428 14329981.000000 5353 1 
5354 0.003439 14335335.000000 5354 1 
5355 0.003452 14340690.000000 5355 1 
5356 0.003408 14346046.000000 5356 1 
5357 0.003467 14351403.000000 5357 1 
5358 0.003411 14356761.000000 5358 1 
5359 0.003442 14362120.000000 5359 1 
5360 0.003448 14367480.000000 5360 1 
5361 0.003453 14372841.000000 5361 1 
5362 0.003439 14378203.000000 5362 1 
5363 0.003438 14383566.000000 5363 1 
5364 0.003448 14388930.000000 5364 1 
5365 0.003490 14394295.000000 5365 1 
5366 0.003429 14399661.000000 5366 1 
5367 0.003444 14405028.000000 5367 1 
5368 0.003450 14410396.000000 5368 1 
5369 0.003465 14415765.000000 5369 1 
5370 0.003441 14421135.000000 5370 1 
5371 0.003434 14426506.000000 5371 1 
5372 0.003486 14431878.000000 5372 1 
5373 0.003469 14437251.000000 5373 1 
5374 0.003462 14442625.000000 5374 1 
5375 0.003468 14448000.000000 5375 1 
5376 0.003447 14453376.000000 5376 1 
5377 0.003467 14458753.000000 5377 1 
5378 0.003448 14464131.000000 5378 1 
5379 0.003494 14469510.000000 5379 1 
5380 0.003461 14474890.000000 5380 1 
5381 0.003449 14480271.000000 5381 1 
5382 0.003481 14485653.000000 5382 1 
5383 0.003484 14491036.000000 5383 1 
5384 0.003439 14496420.000000 5384 1 
5385 0.003461 14501805.000000 5385 1 
5386 0.003497 14507191.000000 5386 1 
5387 0.003452 14512578.000000 5387 1 
5388 0.003513 14517966.000000 5388 1 
5389 0.003468 14523355.000000 5389 1 
5390 0.003489 14528745.000000 5390 1 
5391 0.003461 14534136.000000 5391 1 
5392 0.003483 14539528.000000 5392 1 
5393 0.003495 14544921.000000 5393 1 
5394 0.003504 14550315.000000 5394 1 
5395 0.003481 14555710.000000 5395 1 
5396 0.003476 14561106.000000 5396 1 
5397 0.003480 14566503.000000 5397 1 
5398 0.003513 14571901.000000 5398 1 
5399 0.003471 14577300.000000 5399 1 
5400 0.003498 14582700.000000 5400 1 
5401 0.003502 14588101.000000 5401 1 
5402 0.003508 14593503.000000 5402 1 
5403 0.003492 14598906.000000 5403 1 
5404 0.003499 14604310.000000 5404 1 
5405 0.003495 14609715.000000 5405 1 
5406 0.003488 14615121.000000 5406 1 
5407 0.003530 14620528.000000 5407 1 
5408 0.003525 14625936.000000 5408 1 
5409 0.003498 14631345.000000 5409 1 
5410 0.003501 14636755.000000 5410 1 
5411 0.003509 14642166.000000 5411 1 
5412 0.003496 14647578.000000 5412 1 
5413 0.003493 14652991.000000 5413 1 
5414 0.003505 14658405.000000 5414 1 
5415 0.003546 14663820.000000 5415 1 
5416 0.003491 14669236.000000 5416 1 
5417 0.003516 14674653.000000 5417 1 
5418 0.003519 14680071.000000 5418 1 
5419 0.003519 14685490.000000 5419 1 
5420 0.003519 14690910.000000 5420 1 
5421 0.003521 14696331.000000 5421 1 
5422 0.003549 14701753.000000 5422 1 
5423 0.003497 14707176.000000 5423 1 
5424 0.003524 14712600.000000 5424 1 
5425 0.003506 14718025.000000 5425 1 
5426 0.003557 14723451.000000 5426 1 
5427 0.003495 14728878.000000 5427 1 
5428 0.003537 14734306.000000 5428 1 
5429 0.003552 14739735.000000 5429 1 
5430 0.003525 14745165.000000 5430 1 
5431 0.003563 14750596.000000 5431 1 
5432 0.003520 14756028.000000 5432 1 
5433 0.003535 14761461.000000 5433 1 
5434 0.003516 14766895.000000 5434 1 
5435 0.003543 14772330.000000 5435 1 
5436 0.003567 14777766.000000 5436 1 
5437 0.003516 14783203.000000 5437 1 
5438 0.003552 14788641.000000 5438 1 
5439 0.003525 14794080.000000 5439 1 
5440 0.003557 14799520.000000 5440 1 
5441 0.003540 14804961.000000 5441 1 
5442 0.003523 14810403.000000 5442 1 
5443 0.003581 14815846.000000 5443 1 
5444 0.003534 14821290.000000 5444 1 
5445 0.003553 14826735.000000 5445 1 
5446 0.003563 14832181.000000 5446 1 
5447 0.003568 14837628.000000 5447 1 
5448 0.003534 14843076.000000 5448 1 
5449 0.003551 14848525.000000 5449 1 
5450 0.003593 14853975.000000 5450 1 
5451 0.003549 14859426.000000 5451 1 
5452 0.003541 14864878.000000 5452 1 
5453 0.003566 14870331.000000 5453 1 
5454 0.003566 14875785.000000 5454 1 
5455 0.003563 14881240.000000 5455 1 
5456 0.003547 14886696.000000 5456 1 
5457 0.003604 14892153.000000 5457 1 
5458 0.003603 14897611.000000 5458 1 
5459 0.003605 14903070.000000 5459 1 
5460 0.003595 14908530.000000 5460 1 
5461 0.003556 14913991.000000 5461 1 
5462 0.003582 14919453.000000 5462 1 
5463 0.003576 14924916.000000 5463 1 
5464 0.003584 14930380.000000 5464 1 
5465 0.003566 14935845.000000 5465 1 
5466 0.003574 14941311.000000 5466 1 
5467 0.003580 14946778.000000 5467 1 
5468 0.003582 14952246.000000 5468 1 
5469 0.003567 14957715.000000 5469 1 
5470 0.003587 14963185.000000 5470 1 
5471 0.003588 14968656.000000 5471 1 
5472 0.003584 14974128.000000 5472 1 
5473 0.003603 14979601.000000 5473 1 
5474 0.003582 14985075.000000 5474 1 
5475 0.003575 14990550.000000 5475 1 
5476 0.003601 14996026.000000 5476 1 
5477 0.003627 15001503.000000 5477 1 
5478 0.003595 15006981.000000 5478 1 
5479 0.003594 15012460.000000 5479 1 
5480 0.003579 15017940.000000 5480 1 
5481 0.003615 15023421.000000 5481 1 
5482 0.003571 15028903.000000 5482 1 
5483 0.003604 15034386.000000 5483 1 
5484 0.003628 15039870.000000 5484 1 
5485 0.003613 15045355.000000 5485 1 
5486 0.003603 15050841.000000 5486 1 
5487 0.003614 15056328.000000 5487 1 
5488 0.003600 15061816.000000 5488 1 
5489 0.003615 15067305.000000 5489 1 
5490 0.003621 15072795.000000 5490 1 
5491 0.003683 15078286.000000 5491 1 
5492 0.003581 15083778.000000 5492 1 
5493 0.003620 15089271.000000 5493 1 
5494 0.003622 15094765.000000 5494 1 
5495 0.003619 15100260.000000 5495 1 
5496 0.003608 15105756.000000 5496 1 
5497 0.003600 15111253.000000 5497 1 
5498 0.003621 15116751.000000 5498 1 
5499 0.003626 15122250.000000 5499 1 
5500 0.003639 15127750.000000 5500 1 
5501 0.003622 15133251.000000 5501 1 
5502 0.003637 15138753.000000 5502 1 
5503 0.003610 15144256.000000 5503 1 
5504 0.003633 15149760.000000 5504 1 
5505 0.003659 15155265.000000 5505 1 
5506 0.003624 15160771.000000 5506 1 
5507 0.003620 15166278.000000 5507 1 
5508 0.003646 15171786.000000 5508 1 
5509 0.003624 15177295.000000 5509 1 
5510 0.003642 15182805.000000 5510 1 
5511 0.003643 15188316.000000 5511 1 
5512 0.003639 15193828.000000 5512 1 
5513 0.003633 15199341.000000 5513 1 
5514 0.003674 15204855.000000 5514 1 
5515 0.003630 15210370.000000 5515 1 
5516 0.003640 15215886.000000 5516 1 
5517 0.003645 15221403.000000 5517 1 
5518 0.003677 15226921.000000 5518 1 
5519 0.003652 15232440.000000 5519 1 
5520 0.003659 15237960.000000 5520 1 
5521 0.003673 15243481.000000 5521 1 
5522 0.003643 15249003.000000 5522 1 
5523 0.003653 15254526.000000 5523 1 
5524 0.003642 15260050.000000 5524 1 
5525 0.003671 15265575.000000 5525 1 
5526 0.003657 15271101.000000 5526 1 
5527 0.003637 15276628.000000 5527 1 
5528 0.003704 15282156.000000 5528 1 
5529 0.003648 15287685.000000 5529 1 
5530 0.003647 15293215.000000 5530 1 
5531 0.003677 15298746.000000 5531 1 
5532 0.003695 15304278.000000 5532 1 
5533 0.003665 15309811.000000 5533 1 
5534 0.003642 15315345.000000 5534 1 
5535 0.003673 15320880.000000 5535 1 
5536 0.003669 15326416.000000 5536 1 
5537 0.003679 15331953.000000 5537 1 
5538 0.003661 15337491.000000 5538 1 
5539 0.003679 15343030.000000 5539 1 
5540 0.003659 15348570.000000 5540 1 
5541 0.003717 15354111.000000 5541 1 
5542 0.003679 15359653.000000 5542 1 
5543 0.003679 15365196.000000 5543 1 
5544 0.003680 15370740.000000 5544 1 
5545 0.003735 15376285.000000 5545 1 
5546 0.003699 15381831.000000 5546 1 
5547 0.003686 15387378.000000 5547 1 
5548 0.003688 15392926.000000 5548 1 
5549 0.003664 15398475.000000 5549 1 
5550 0.003710 15404025.000000 5550 1 
5551 0.003680 15409576.000000 5551 1 
5552 0.003699 15415128.000000 5552 1 
5553 0.003685 15420681.000000 5553 1 
5554 0.003699 15426235.000000 5554 1 
5555 0.003720 15431790.000000 5555 1 
5556 0.003698 15437346.000000 5556 1 
5557 0.003685 15442903.000000 5557 1 
5558 0.003706 15448461.000000 5558 1 
5559 0.003736 15454020.000000 5559 1 
5560 0.003687 15459580.000000 5560 1 
5561 0.003753 15465141.000000 5561 1 
5562 0.003709 15470703.000000 5562 1 
5563 0.003705 15476266.000000 5563 1 
5564 0.003702 15481830.000000 5564 1 
5565 0.003712 15487395.000000 5565 1 
5566 0.003733 15492961.000000 5566 1 
5567 0.003707 15498528.000000 5567 1 
5568 0.003744 15504096.000000 5568 1 
5569 0.003713 15509665.000000 5569 1 
5570 0.003707 15515235.000000 5570 1 
5571 0.003708 15520806.000000 5571 1 
5572 0.003740 15526378.000000 5572 1 
5573 0.003726 15531951.000000 5573 1 
5574 0.003694 15537525.000000 5574 1 
5575 0.003732 15543100.000000 5575 1 
5576 0.003719 15548676.000000 5576 1 
5577 0.003763 15554253.000000 5577 1 
5578 0.003713 15559831.000000 5578 1 
5579 0.003720 15565410.000000 5579 1 
5580 0.003712 15570990.000000 5580 1 
5581 0.003781 15576571.000000 5581 1 
5582 0.003720 15582153.000000 5582 1 
5583 0.003723 15587736.000000 5583 1 
5584 0.003759 15593320.000000 5584 1 
5585 0.003785 15598905.000000 5585 1 
5586 0.003733 15604491.000000 5586 1 
5587 0.003744 15610078.000000 5587 1 
5588 0.003762 15615666.000000 5588 1 
5589 0.003733 15621255.000000 5589 1 
5590 0.003755 15626845.000000 5590 1 
5591 0.003746 15632436.000000 5591 1 
5592 0.003733 15638028.000000 5592 1 
5593 0.003750 15643621.000000 5593 1 
5594 0.003786 15649215.000000 5594 1 
5595 0.003784 15654810.000000 5595 1 
5596 0.003733 15660406.000000 5596 1 
5597 0.003758 15666003.000000 5597 1 
5598 0.003772 15671601.000000 5598 1 
5599 0.003740 15677200.000000 5599 1 
5600 0.003759 15682800.000000 5600 1 
5601 0.003781 15688401.000000 5601 1 
5602 0.003749 15694003.000000 5602 1 
5603 0.003794 15699606.000000 5603 1 
5604 0.003790 15705210.000000 5604 1 
5605 0.003771 15710815.000000 5605 1 
5606 0.003771 15716421.000000 5606 1 
5607 0.003766 15722028.000000 5607 1 
5608 0.003810 15727636.000000 5608 1 
5609 0.003774 15733245.000000 5609 1 
5610 0.003744 15738855.000000 5610 1 
5611 0.003776 15744466.000000 5611 1 
5612 0.003777 15750078.000000 5612 1 
5613 0.003783 15755691.000000 5613 1 
5614 0.003792 15761305.000000 5614 1 
5615 0.003786 15766920.000000 5615 1 
5616 0.003790 15772536.000000 5616 1 
5617 0.003789 15778153.000000 5617 1 
5618 0.003766 15783771.000000 5618 1 
5619 0.003784 15789390.000000 5619 1 
5620 0.003793 15795010.000000 5620 1 
5621 0.003827 15800631.000000 5621 1 
5622 0.003772 15806253.000000 5622 1 
5623 0.003779 15811876.000000 5623 1 
5624 0.003809 15817500.000000 5624 1 
5625 0.003795 15823125.000000 5625 1 
5626 0.003813 15828751.000000 5626 1 
5627 0.003805 15834378.000000 5627 1 
5628 0.003774 15840006.000000 5628 1 
5629 0.003815 15845635.000000 5629 1 
5630 0.003804 15851265.000000 5630 1 
5631 0.003793 15856896.000000 5631 1 
5632 0.003792 15862528.000000 5632 1 
5633 0.003800 15868161.000000 5633 1 
5634 0.003828 15873795.000000 5634 1 
5635 0.003824 15879430.000000 5635 1 
5636 0.003779 15885066.000000 5636 1 
5637 0.003822 15890703.000000 5637 1 
5638 0.003809 15896341.000000 5638 1 
5639 0.003787 15901980.000000 5639 1 
5640 0.003850 15907620.000000 5640 1 
5641 0.003793 15913261.000000 5641 1 
5642 0.003831 15918903.000000 5642 1 
5643 0.003832 15924546.000000 5643 1 
5644 0.003802 15930190.000000 5644 1 
5645 0.003806 15935835.000000 5645 1 
5646 0.003833 15941481.000000 5646 1 
5647 0.003853 15947128.000000 5647 1 
5648 0.003825 15952776.000000 5648 1 
5649 0.003808 15958425.000000 5649 1 
5650 0.003852 15964075.000000 5650 1 
5651 0.003804 15969726.000000 5651 1 
5652 0.003828 15975378.000000 5652 1 
5653 0.003850 15981031.000000 5653 1 
5654 0.003831 15986685.000000 5654 1 
5655 0.003845 15992340.000000 5655 1 
5656 0.003840 15997996.000000 5656 1 
5657 0.003816 16003653.000000 5657 1 
5658 0.003857 16009311.000000 5658 1 
5659 0.003836 16014970.000000 5659 1 
5660 0.003860 16020630.000000 5660 1 
5661 0.003833 16026291.000000 5661 1 
5662 0.003818 16031953.000000 5662 1 
5663 0.003859 16037616.000000 5663 1 
5664 0.003860 16043280.000000 5664 1 
5665 0.003833 16048945.000000 5665 1 
5666 0.003860 16054611.000000 5666 1 
5667 0.003831 16060278.000000 5667 1 
5668 0.003860 16065946.000000 5668 1 
5669 0.003863 16071615.000000 5669 1 
5670 0.003846 16077285.000000 5670 1 
5671 0.003862 16082956.000000 5671 1 
5672 0.003879 16088628.000000 5672 1 
5673 0.003861 16094301.000000 5673 1 
5674 0.003863 16099975.000000 5674 1 
5675 0.003839 16105650.000000 5675 1 
5676 0.003856 16111326.000000 5676 1 
5677 0.003863 16117003.000000 5677 1 
5678 0.003873 16122681.000000 5678 1 
5679 0.003888 16128360.000000 5679 1 
5680 0.003851 16134040.000000 5680 1 
5681 0.003883 16139721.000000 5681 1 
5682 0.003853 16145403.000000 5682 1 
5683 0.003883 16151086.000000 5683 1 
5684 0.003852 16156770.000000 5684 1 
5685 0.003874 16162455.000000 5685 1 
5686 0.003894 16168141.000000 5686 1 
5687 0.003860 16173828.000000 5687 1 
5688 0.003898 16179516.000000 5688 1 
5689 0.003875 16185205.000000 5689 1 
5690 0.003867 16190895.000000 5690 1 
5691 0.003882 16196586.000000 5691 1 
5692 0.003895 16202278.000000 5692 1 
5693 0.003882 16207971.000000 5693 1 
5694 0.003922 16213665.000000 5694 1 
5695 0.003872 16219360.000000 5695 1 
5696 0.003876 16225056.000000 5696 1 
5697 0.003900 16230753.000000 5697 1 
5698 0.003941 16236451.000000 5698 1 
5699 0.003896 16242150.000000 5699 1 
5700 0.003894 16247850.000000 5700 1 
5701 0.003874 16253551.000000 5701 1 
5702 0.003933 16259253.000000 5702 1 
5703 0.003901 16264956.000000 5703 1 
5704 0.003934 16270660.000000 5704 1 
5705 0.003924 16276365.000000 5705 1 
5706 0.003887 16282071.000000 5706 1 
5707 0.003922 16287778.000000 5707 1 
5708 0.003920 16293486.000000 5708 1 
5709 0.003912 16299195.000000 5709 1 
5710 0.003912 16304905.000000 5710 1 
5711 0.003941 16310616.000000 5711 1 
5712 0.003910 16316328.000000 5712 1 
5713 0.003914 16322041.000000 5713 1 
5714 0.004046 16327755.000000 5714 1 
5715 0.003921 16333470.000000 5715 1 
5716 0.003903 16339186.000000 5716 1 
5717 0.003961 16344903.000000 5717 1 
5718 0.003905 16350621.000000 5718 1 
5719 0.003948 16356340.000000 5719 1 
5720 0.003932 16362060.000000 5720 1 
5721 0.003912 16367781.000000 5721 1 
5722 0.003940 16373503.000000 5722 1 
5723 0.003933 16379226.000000 5723 1 
5724 0.003951 16384950.000000 5724 1 
5725 0.003901 16390675.000000 5725 1 
5726 0.003911 16396401.000000 5726 1 
5727 0.003938 16402128.000000 5727 1 
5728 0.003925 16407856.000000 5728 1 
5729 0.003926 16413585.000000 5729 1 
5730 0.003961 16419315.000000 5730 1 
5731 0.003923 16425046.000000 5731 1 
5732 0.003955 16430778.000000 5732 1 
5733 0.003944 16436511.000000 5733 1 
5734 0.003942 16442245.000000 5734 1 
5735 0.003943 16447980.000000 5735 1 
5736 0.003981 16453716.000000 5736 1 
5737 0.003952 16459453.000000 5737 1 
5738 0.003934 16465191.000000 5738 1 
5739 0.003985 16470930.000000 5739 1 
5740 0.003950 16476670.000000 5740 1 
5741 0.003942 16482411.000000 5741 1 
5742 0.003990 16488153.000000 5742 1 
5743 0.003936 16493896.000000 5743 1 
5744 0.003938 16499640.000000 5744 1 
5745 0.003969 16505385.000000 5745 1 
5746 0.003948 16511131.000000 5746 1 
5747 0.003954 16516878.000000 5747 1 
5748 0.003976 16522626.000000 5748 1 
5749 0.003961 16528375.000000 5749 1 
5750 0.003961 16534125.000000 5750 1 
5751 0.003986 16539876.000000 5751 1 
5752 0.003960 16545628.000000 5752 1 
5753 0.003980 16551381.000000 5753 1 
5754 0.004003 16557135.000000 5754 1 
5755 0.003986 16562890.000000 5755 1 
5756 0.003964 16568646.000000 5756 1 
5757 0.004006 16574403.000000 5757 1 
5758 0.003964 16580161.000000 5758 1 
5759 0.003959 16585920.000000 5759 1 
5760 0.003947 16591680.000000 5760 1 
5761 0.004024 16597441.000000 5761 1 
5762 0.003999 16603203.000000 5762 1 
5763 0.003977 16608966.000000 5763 1 
5764 0.003982 16614730.000000 5764 1 
5765 0.003985 16620495.000000 5765 1 
5766 0.003959 16626261.000000 5766 1 
5767 0.004011 16632028.000000 5767 1 
5768 0.003996 16637796.000000 5768 1 
5769 0.003988 16643565.000000 5769 1 
5770 0.003995 16649335.000000 5770 1 
5771 0.003980 16655106.000000 5771 1 
5772 0.004014 16660878.000000 5772 1 
5773 0.004004 16666651.000000 5773 1 
5774 0.004028 16672425.000000 5774 1 
5775 0.003985 16678200.000000 5775 1 
5776 0.004005 16683976.000000 5776 1 
5777 0.004010 16689753.000000 5777 1 
5778 0.004037 16695531.000000 5778 1 
5779 0.004011 16701310.000000 5779 1 
5780 0.004006 16707090.000000 5780 1 
5781 0.003994 16712871.000000 5781 1 
5782 0.004068 16718653.000000 5782 1 
5783 0.004005 16724436.000000 5783 1 
5784 0.004004 16730220.000000 5784 1 
5785 0.004006 16736005.000000 5785 1 
5786 0.004026 16741791.000000 5786 1 
5787 0.004010 16747578.000000 5787 1 
5788 0.004018 16753366.000000 5788 1 
5789 0.003996 16759155.000000 5789 1 
5790 0.004038 16764945.000000 5790 1 
5791 0.004021 16770736.000000 5791 1 
5792 0.004015 16776528.000000 5792 1 
5793 0.004030 16782321.000000 5793 1 
5794 0.004040 16788115.000000 5794 1 
5795 0.004026 16793910.000000 5795 1 
5796 0.004015 16799706.000000 5796 1 
5797 0.004044 16805503.000000 5797 1 
5798 0.004047 16811301.000000 5798 1 
5799 0.004019 16817100.000000 5799 1 
5800 0.004067 16822900.000000 5800 1 
5801 0.004028 16828701.000000 5801 1 
5802 0.004055 16834503.000000 5802 1 
5803 0.004028 16840306.000000 5803 1 
5804 0.004036 16846110.000000 5804 1 
5805 0.004025 16851915.000000 5805 1 
5806 0.004034 16857721.000000 5806 1 
5807 0.004084 16863528.000000 5807 1 
5808 0.004035 16869336.000000 5808 1 
5809 0.004037 16875145.000000 5809 1 
5810 0.004053 16880955.000000 5810 1 
5811 0.004064 16886766.000000 5811 1 
5812 0.004053 16892578.000000 5812 1 
5813 0.004037 16898391.000000 5813 1 
5814 0.004066 16904205.000000 5814 1 
5815 0.004082 16910020.000000 5815 1 
5816 0.004051 16915836.000000 5816 1 
5817 0.004043 16921653.000000 5817 1 
5818 0.004070 16927471.000000 5818 1 
5819 0.004067 16933290.000000 5819 1 
5820 0.004047 16939110.000000 5820 1 
5821 0.004057 16944931.000000 5821 1 
5822 0.004067 16950753.000000 5822 1 
5823 0.004084 16956576.000000 5823 1 
5824 0.004082 16962400.000000 5824 1 
5825 0.004059 16968225.000000 5825 1 
5826 0.004065 16974051.000000 5826 1 
5827 0.004079 16979878.000000 5827 1 
5828 0.004059 16985706.000000 5828 1 
5829 0.004081 16991535.000000 5829 1 
5830 0.004078 16997365.000000 5830 1 
5831 0.004097 17003196.000000 5831 1 
5832 0.004050 17009028.000000 5832 1 
5833 0.004081 17014861.000000 5833 1 
5834 0.004070 17020695.000000 5834 1 
5835 0.004112 17026530.000000 5835 1 
5836 0.004107 17032366.000000 5836 1 
5837 0.004067 17038203.000000 5837 1 
5838 0.004081 17044041.000000 5838 1 
5839 0.004112 17049880.000000 5839 1 
5840 0.004094 17055720.000000 5840 1 
5841 0.004085 17061561.000000 5841 1 
5842 0.004105 17067403.000000 5842 1 
5843 0.004090 17073246.000000 5843 1 
5844 0.004083 17079090.000000 5844 1 
5845 0.004089 17084935.000000 5845 1 
5846 0.004099 17090781.000000 5846 1 
5847 0.004108 17096628.000000 5847 1 
5848 0.004116 17102476.000000 5848 1 
5849 0.004114 17108325.000000 5849 1 
5850 0.004111 17114175.000000 5850 1 
5851 0.004129 17120026.000000 5851 1 
5852 0.004107 17125878.000000 5852 1 
5853 0.004115 17131731.000000 5853 1 
5854 0.004096 17137585.000000 5854 1 
5855 0.004133 17143440.000000 5855 1 
5856 0.004141 17149296.000000 5856 1 
5857 0.004134 17155153.000000 5857 1 
5858 0.004100 17161011.000000 5858 1 
5859 0.004130 17166870.000000 5859 1 
5860 0.004121 17172730.000000 5860 1 
5861 0.004116 17178591.000000 5861 1 
5862 0.004114 17184453.000000 5862 1 
5863 0.004137 17190316.000000 5863 1 
5864 0.004112 17196180.000000 5864 1 
5865 0.004139 17202045.000000 5865 1 
5866 0.004111 17207911.000000 5866 1 
5867 0.004152 17213778.000000 5867 1 
5868 0.004140 17219646.000000 5868 1 
5869 0.004117 17225515.000000 5869 1 
5870 0.004141 17231385.000000 5870 1 
5871 0.004164 17237256.000000 5871 1 
5872 0.004138 17243128.000000 5872 1 
5873 0.004142 17249001.000000 5873 1 
5874 0.004142 17254875.000000 5874 1 
5875 0.004133 17260750.000000 5875 1 
5876 0.004129 17266626.000000 5876 1 
5877 0.004175 17272503.000000 5877 1 
5878 0.004138 17278381.000000 5878 1 
5879 0.004168 17284260.000000 5879 1 
5880 0.004149 17290140.000000 5880 1 
5881 0.004143 17296021.000000 5881 1 
5882 0.004146 17301903.000000 5882 1 
5883 0.004175 17307786.000000 5883 1 
5884 0.004144 17313670.000000 5884 1 
5885 0.004137 17319555.000000 5885 1 
5886 0.004167 17325441.000000 5886 1 
5887 0.004186 17331328.000000 5887 1 
5888 0.004162 17337216.000000 5888 1 
5889 0.004154 17343105.000000 5889 1 
5890 0.004167 17348995.000000 5890 1 
5891 0.004197 17354886.000000 5891 1 
5892 0.004162 17360778.000000 5892 1 
5893 0.004147 17366671.000000 5893 1 
5894 0.004157 17372565.000000 5894 1 
5895 0.004202 17378460.000000 5895 1 
5896 0.004174 17384356.000000 5896 1 
5897 0.004187 17390253.000000 5897 1 
5898 0.004164 17396151.000000 5898 1 
5899 0.004179 17402050.000000 5899 1 
5900 0.004191 17407950.000000 5900 1 
5901 0.004162 17413851.000000 5901 1 
5902 0.004170 17419753.000000 5902 1 
5903 0.004191 17425656.000000 5903 1 
5904 0.004195 17431560.000000 5904 1 
5905 0.004165 17437465.000000 5905 1 
5906 0.004186 17443371.000000 5906 1 
5907 0.004205 17449278.000000 5907 1 
5908 0.004186 17455186.000000 5908 1 
5909 0.004211 17461095.000000 5909 1 
5910 0.004179 17467005.000000 5910 1 
5911 0.004216 17472916.000000 5911 1 
5912 0.004181 17478828.000000 5912 1 
5913 0.004211 17484741.000000 5913 1 
5914 0.004184 17490655.000000 5914 1 
5915 0.004191 17496570.000000 5915 1 
5916 0.004207 17502486.000000 5916 1 
5917 0.004189 17508403.000000 5917 1 
5918 0.004190 17514321.000000 5918 1 
5919 0.004219 17520240.000000 5919 1 
5920 0.004203 17526160.000000 5920 1 
5921 0.004208 17532081.000000 5921 1 
5922 0.004226 17538003.000000 5922 1 
5923 0.004217 17543926.000000 5923 1 
5924 0.004199 17549850.000000 5924 1 
5925 0.004218 17555775.000000 5925 1 
5926 0.004221 17561701.000000 5926 1 
5927 0.004225 17567628.000000 5927 1 
5928 0.004205 17573556.000000 5928 1 
5929 0.004224 17579485.000000 5929 1 
5930 0.004206 17585415.000000 5930 1 
5931 0.004250 17591346.000000 5931 1 
5932 0.004209 17597278.000000 5932 1 
5933 0.004221 17603211.000000 5933 1 
5934 0.004230 17609145.000000 5934 1 
5935 0.004266 17615080.000000 5935 1 
5936 0.004234 17621016.000000 5936 1 
5937 0.004200 17626953.000000 5937 1 
5938 0.004234 17632891.000000 5938 1 
5939 0.004250 17638830.000000 5939 1 
5940 0.004228 17644770.000000 5940 1 
5941 0.004230 17650711.000000 5941 1 
5942 0.004262 17656653.000000 5942 1 
5943 0.004244 17662596.000000 5943 1 
5944 0.004243 17668540.000000 5944 1 
5945 0.004232 17674485.000000 5945 1 
5946 0.004281 17680431.000000 5946 1 
5947 0.004230 17686378.000000 5947 1 
5948 0.004224 17692326.000000 5948 1 
5949 0.004248 17698275.000000 5949 1 
5950 0.004273 17704225.000000 5950 1 
5951 0.004260 17710176.000000 5951 1 
5952 0.004229 17716128.000000 5952 1 
5953 0.004246 17722081.000000 5953 1 
5954 0.004279 17728035.000000 5954 1 
5955 0.004261 17733990.000000 5955 1 
5956 0.004263 17739946.000000 5956 1 
5957 0.004240 17745903.000000 5957 1 
5958 0.004293 17751861.000000 5958 1 
5959 0.004229 17757820.000000 5959 1 
5960 0.004268 17763780.000000 5960 1 
5961 0.004261 17769741.000000 5961 1 
5962 0.004269 17775703.000000 5962 1 
5963 0.004265 17781666.000000 5963 1 
5964 0.004261 17787630.000000 5964 1 
5965 0.004262 17793595.000000 5965 1 
5966 0.004275 17799561.000000 5966 1 
5967 0.004274 17805528.000000 5967 1 
5968 0.004269 17811496.000000 5968 1 
5969 0.004272 17817465.000000 5969 1 
5970 0.004296 17823435.000000 5970 1 
5971 0.004286 17829406.000000 5971 1 
5972 0.004257 17835378.000000 5972 1 
5973 0.004304 17841351.000000 5973 1 
5974 0.004286 17847325.000000 5974 1 
5975 0.004273 17853300.000000 5975 1 
5976 0.004263 17859276.000000 5976 1 
5977 0.004309 17865253.000000 5977 1 
5978 0.004280 17871231.000000 5978 1 
5979 0.004275 17877210.000000 5979 1 
5980 0.004286 17883190.000000 5980 1 
5981 0.004343 17889171.000000 5981 1 
5982 0.004265 17895153.000000 5982 1 
5983 0.004321 17901136.000000 5983 1 
5984 0.004299 17907120.000000 5984 1 
5985 0.004309 17913105.000000 5985 1 
5986 0.004281 17919091.000000 5986 1 
5987 0.004288 17925078.000000 5987 1 
5988 0.004315 17931066.000000 5988 1 
5989 0.004328 17937055.000000 5989 1 
5990 0.004298 17943045.000000 5990 1 
5991 0.004292 17949036.000000 5991 1 
5992 0.004314 17955028.000000 5992 1 
5993 0.004349 17961021.000000 5993 1 
5994 0.004336 17967015.000000 5994 1 
5995 0.004304 17973010.000000 5995 1 
5996 0.004312 17979006.000000 5996 1 
5997 0.004342 17985003.000000 5997 1 
5998 0.004307 17991001.000000 5998 1 
5999 0.004328 17997000.000000 5999 1 
6000 0.004307 18003000.000000 6000 1 
6001 0.004317 18009001.000000 6001 1 
6002 0.004335 18015003.000000 6002 1 
6003 0.004318 18021006.000000 6003 1 
6004 0.004352 18027010.000000 6004 1 
6005 0.004314 18033015.000000 6005 1 
6006 0.004324 18039021.000000 6006 1 
6007 0.004343 18045028.000000 6007 1 
6008 0.004319 18051036.000000 6008 1 
6009 0.004336 18057045.000000 6009 1 
6010 0.004355 18063055.000000 6010 1 
6011 0.004332 18069066.000000 6011 1 
6012 0.004346 18075078.000000 6012 1 
6013 0.004333 18081091.000000 6013 1 
6014 0.004333 18087105.000000 6014 1 
6015 0.004339 18093120.000000 6015 1 
6016 0.004386 18099136.000000 6016 1 
6017 0.004347 18105153.000000 6017 1 
6018 0.004356 18111171.000000 6018 1 
6019 0.004359 18117190.000000 6019 1 
6020 0.004336 18123210.000000 6020 1 
6021 0.004344 18129231.000000 6021 1 
6022 0.004374 18135253.000000 6022 1 
6023 0.004377 18141276.000000 6023 1 
6024 0.004356 18147300.000000 6024 1 
6025 0.004348 18153325.000000 6025 1 
6026 0.004367 18159351.000000 6026 1 
6027 0.004357 18165378.000000 6027 1 
6028 0.004354 18171406.000000 6028 1 
6029 0.004347 18177435.000000 6029 1 
6030 0.004369 18183465.000000 6030 1 
6031 0.004396 18189496.000000 6031 1 
6032 0.004351 18195528.000000 6032 1 
6033 0.004364 18201561.000000 6033 1 
6034 0.004366 18207595.000000 6034 1 
6035 0.004415 18213630.000000 6035 1 
6036 0.004359 18219666.000000 6036 1 
6037 0.004382 18225703.000000 6037 1 
6038 0.004418 18231741.000000 6038 1 
6039 0.004358 18237780.000000 6039 1 
6040 0.004389 18243820.000000 6040 1 
6041 0.004379 18249861.000000 6041 1 
6042 0.004403 18255903.000000 6042 1 
6043 0.004384 18261946.000000 6043 1 
6044 0.004375 18267990.000000 6044 1 
6045 0.004400 18274035.000000 6045 1 
6046 0.004427 18280081.000000 6046 1 
6047 0.004376 18286128.000000 6047 1 
6048 0.004382 18292176.000000 6048 1 
6049 0.004418 18298225.000000 6049 1 
6050 0.004399 18304275.000000 6050 1 
6051 0.004393 18310326.000000 6051 1 
6052 0.004390 18316378.000000 6052 1 
6053 0.004415 18322431.000000 6053 1 
6054 0.004399 18328485.000000 6054 1 
6055 0.004397 18334540.000000 6055 1 
6056 0.004409 18340596.000000 6056 1 
6057 0.004423 18346653.000000 6057 1 
6058 0.004413 18352711.000000 6058 1 
6059 0.004378 18358770.000000 6059 1 
6060 0.004412 18364830.000000 6060 1 
6061 0.004444 18370891.000000 6061 1 
6062 0.004390 18376953.000000 6062 1 
6063 0.004427 18383016.000000 6063 1 
6064 0.004422 18389080.000000 6064 1 
6065 0.004449 18395145.000000 6065 1 
6066 0.004397 18401211.000000 6066 1 
6067 0.004426 18407278.000000 6067 1 
6068 0.004411 18413346.000000 6068 1 
6069 0.004445 18419415.000000 6069 1 
6070 0.004431 18425485.000000 6070 1 
6071 0.004413 18431556.000000 6071 1 
6072 0.004449 18437628.000000 6072 1 
6073 0.004409 18443701.000000 6073 1 
6074 0.004436 18449775.000000 6074 1 
6075 0.004411 18455850.000000 6075 1 
6076 0.004455 18461926.000000 6076 1 
6077 0.004435 18468003.000000 6077 1 
6078 0.004417 18474081.000000 6078 1 
6079 0.004467 18480160.000000 6079 1 
6080 0.004418 18486240.000000 6080 1 
6081 0.004434 18492321.000000 6081 1 
6082 0.004433 18498403.000000 6082 1 
6083 0.004460 18504486.000000 6083 1 
6084 0.004416 18510570.000000 6084 1 
6085 0.004473 18516655.000000 6085 1 
6086 0.004416 18522741.000000 6086 1 
6087 0.004508 18528828.000000 6087 1 
6088 0.004438 18534916.000000 6088 1 
6089 0.004435 18541005.000000 6089 1 
6090 0.004452 18547095.000000 6090 1 
6091 0.004494 18553186.000000 6091 1 
6092 0.004441 18559278.000000 6092 1 
6093 0.004464 18565371.000000 6093 1 
6094 0.004469 18571465.000000 6094 1 
6095 0.004483 18577560.000000 6095 1 
6096 0.004438 18583656.000000 6096 1 
6097 0.004454 18589753.000000 6097 1 
6098 0.004535 18595851.000000 6098 1 
6099 0.004453 18601950.000000 6099 1 
6100 0.004445 18608050.000000 6100 1 
6101 0.004461 18614151.000000 6101 1 
6102 0.004498 18620253.000000 6102 1 
6103 0.004472 18626356.000000 6103 1 
6104 0.004466 18632460.000000 6104 1 
6105 0.004482 18638565.000000 6105 1 
6106 0.004516 18644671.000000 6106 1 
6107 0.004467 18650778.000000 6107 1 
6108 0.004497 18656886.000000 6108 1 
6109 0.004541 18662995.000000 6109 1 
6110 0.004465 18669105.000000 6110 1 
6111 0.004483 18675216.000000 6111 1 
6112 0.004463 18681328.000000 6112 1 
6113 0.004541 18687441.000000 6113 1 
6114 0.004487 18693555.000000 6114 1 
6115 0.004478 18699670.000000 6115 1 
6116 0.004491 18705786.000000 6116 1 
6117 0.004548 18711903.000000 6117 1 
6118 0.004492 18718021.000000 6118 1 
6119 0.004475 18724140.000000 6119 1 
6120 0.004545 18730260.000000 6120 1 
6121 0.004504 18736381.000000 6121 1 
6122 0.004497 18742503.000000 6122 1 
6123 0.004501 18748626.000000 6123 1 
6124 0.004514 18754750.000000 6124 1 
6125 0.004507 18760875.000000 6125 1 
6126 0.004495 18767001.000000 6126 1 
6127 0.004504 18773128.000000 6127 1 
6128 0.004558 18779256.000000 6128 1 
6129 0.004495 18785385.000000 6129 1 
6130 0.004527 18791515.000000 6130 1 
6131 0.004534 18797646.000000 6131 1 
6132 0.004513 18803778.000000 6132 1 
6133 0.004517 18809911.000000 6133 1 
6134 0.004505 18816045.000000 6134 1 
6135 0.004556 18822180.000000 6135 1 
6136 0.004518 18828316.000000 6136 1 
6137 0.004528 18834453.000000 6137 1 
6138 0.004522 18840591.000000 6138 1 
6139 0.004574 18846730.000000 6139 1 
6140 0.004535 18852870.000000 6140 1 
6141 0.004545 18859011.000000 6141 1 
6142 0.004559 18865153.000000 6142 1 
6143 0.004516 18871296.000000 6143 1 
6144 0.004542 18877440.000000 6144 1 
6145 0.004522 18883585.000000 6145 1 
6146 0.004559 18889731.000000 6146 1 
6147 0.004544 18895878.000000 6147 1 
6148 0.004521 18902026.000000 6148 1 
6149 0.004568 18908175.000000 6149 1 
6150 0.004561 18914325.000000 6150 1 
6151 0.004543 18920476.000000 6151 1 
6152 0.004533 18926628.000000 6152 1 
6153 0.004605 18932781.000000 6153 1 
6154 0.004544 18938935.000000 6154 1 
6155 0.004542 18945090.000000 6155 1 
6156 0.004536 18951246.000000 6156 1 
6157 0.004593 18957403.000000 6157 1 
6158 0.004564 18963561.000000 6158 1 
6159 0.004542 18969720.000000 6159 1 
6160 0.004568 18975880.000000 6160 1 
6161 0.004584 18982041.000000 6161 1 
6162 0.004556 18988203.000000 6162 1 
6163 0.004548 18994366.000000 6163 1 
6164 0.004603 19000530.000000 6164 1 
6165 0.004556 19006695.000000 6165 1 
6166 0.004576 19012861.000000 6166 1 
6167 0.004551 19019028.000000 6167 1 
6168 0.004615 19025196.000000 6168 1 
6169 0.004565 19031365.000000 6169 1 
6170 0.004572 19037535.000000 6170 1 
6171 0.004623 19043706.000000 6171 1 
6172 0.004578 19049878.000000 6172 1 
6173 0.004625 19056051.000000 6173 1 
6174 0.004555 19062225.000000 6174 1 
6175 0.004631 19068400.000000 6175 1 
6176 0.004575 19074576.000000 6176 1 
6177 0.004586 19080753.000000 6177 1 
6178 0.004591 19086931.000000 6178 1 
6179 0.004623 19093110.000000 6179 1 
6180 0.004572 19099290.000000 6180 1 
6181 0.004592 19105471.000000 6181 1 
6182 0.004634 19111653.000000 6182 1 
6183 0.004604 19117836.000000 6183 1 
6184 0.004590 19124020.000000 6184 1 
6185 0.004594 19130205.000000 6185 1 
6186 0.004619 19136391.000000 6186 1 
6187 0.004568 19142578.000000 6187 1 
6188 0.004625 19148766.000000 6188 1 
6189 0.004634 19154955.000000 6189 1 
6190 0.004609 19161145.000000 6190 1 
6191 0.004597 19167336.000000 6191 1 
6192 0.004607 19173528.000000 6192 1 
6193 0.004639 19179721.000000 6193 1 
6194 0.004597 19185915.000000 6194 1 
6195 0.004603 19192110.000000 6195 1 
6196 0.004609 19198306.000000 6196 1 
6197 0.004655 19204503.000000 6197 1 
6198 0.004603 19210701.000000 6198 1 
6199 0.004645 19216900.000000 6199 1 
6200 0.004648 19223100.000000 6200 1 
6201 0.004608 19229301.000000 6201 1 
6202 0.004622 19235503.000000 6202 1 
6203 0.004606 19241706.000000 6203 1 
6204 0.004655 19247910.000000 6204 1 
6205 0.004631 19254115.000000 6205 1 
6206 0.004620 19260321.000000 6206 1 
6207 0.004694 19266528.000000 6207 1 
6208 0.004610 19272736.000000 6208 1 
6209 0.004617 19278945.000000 6209 1 
6210 0.004628 19285155.000000 6210 1 
6211 0.004687 19291366.000000 6211 1 
6212 0.004629 19297578.000000 6212 1 
6213 0.004626 19303791.000000 6213 1 
6214 0.004685 19310005.000000 6214 1 
6215 0.004622 19316220.000000 6215 1 
6216 0.004637 19322436.000000 6216 1 
6217 0.004666 19328653.000000 6217 1 
6218 0.004689 19334871.000000 6218 1 
6219 0.004632 19341090.000000 6219 1 
6220 0.004661 19347310.000000 6220 1 
6221 0.004658 19353531.000000 6221 1 
6222 0.004671 19359753.000000 6222 1 
6223 0.004650 19365976.000000 6223 1 
6224 0.004661 19372200.000000 6224 1 
6225 0.004694 19378425.000000 6225 1 
6226 0.004649 19384651.000000 6226 1 
6227 0.004629 19390878.000000 6227 1 
6228 0.004667 19397106.000000 6228 1 
6229 0.004712 19403335.000000 6229 1 
6230 0.004643 19409565.000000 6230 1 
6231 0.004655 19415796.000000 6231 1 
6232 0.004724 19422028.000000 6232 1 
6233 0.004659 19428261.000000 6233 1 
6234 0.004649 19434495.000000 6234 1 
6235 0.004667 19440730.000000 6235 1 
6236 0.004707 19446966.000000 6236 1 
6237 0.004677 19453203.000000 6237 1 
6238 0.004652 19459441.000000 6238 1 
6239 0.004730 19465680.000000 6239 1 
6240 0.004660 19471920.000000 6240 1 
6241 0.004665 19478161.000000 6241 1 
6242 0.004664 19484403.000000 6242 1 
6243 0.004729 19490646.000000 6243 1 
6244 0.004684 19496890.000000 6244 1 
6245 0.004673 19503135.000000 6245 1 
6246 0.004735 19509381.000000 6246 1 
6247 0.004678 19515628.000000 6247 1 
6248 0.004692 19521876.000000 6248 1 
6249 0.004666 19528125.000000 6249 1 
6250 0.004745 19534375.000000 6250 1 
6251 0.004678 19540626.000000 6251 1 
6252 0.004686 19546878.000000 6252 1 
6253 0.004736 19553131.000000 6253 1 
6254 0.004691 19559385.000000 6254 1 
6255 0.004695 19565640.000000 6255 1 
6256 0.004692 19571896.000000 6256 1 
6257 0.004748 19578153.000000 6257 1 
6258 0.004712 19584411.000000 6258 1 
6259 0.004692 19590670.000000 6259 1 
6260 0.004757 19596930.000000 6260 1 
6261 0.004704 19603191.000000 6261 1 
6262 0.004704 19609453.000000 6262 1 
6263 0.004724 19615716.000000 6263 1 
6264 0.004751 19621980.000000 6264 1 
6265 0.004748 19628245.000000 6265 1 
6266 0.004716 19634511.000000 6266 1 
6267 0.004729 19640778.000000 6267 1 
6268 0.004728 19647046.000000 6268 1 
6269 0.004710 19653315.000000 6269 1 
6270 0.004717 19659585.000000 6270 1 
6271 0.004714 19665856.000000 6271 1 
6272 0.004720 19672128.000000 6272 1 
6273 0.004700 19678401.000000 6273 1 
6274 0.004787 19684675.000000 6274 1 
6275 0.004722 19690950.000000 6275 1 
6276 0.004731 19697226.000000 6276 1 
6277 0.004716 19703503.000000 6277 1 
6278 0.004777 19709781.000000 6278 1 
6279 0.004732 19716060.000000 6279 1 
6280 0.004727 19722340.000000 6280 1 
6281 0.004788 19728621.000000 6281 1 
6282 0.004745 19734903.000000 6282 1 
6283 0.004718 19741186.000000 6283 1 
6284 0.004739 19747470.000000 6284 1 
6285 0.004794 19753755.000000 6285 1 
6286 0.004725 19760041.000000 6286 1 
6287 0.004767 19766328.000000 6287 1 
6288 0.004737 19772616.000000 6288 1 
6289 0.004753 19778905.000000 6289 1 
6290 0.004748 19785195.000000 6290 1 
6291 0.004757 19791486.000000 6291 1 
6292 0.004817 19797778.000000 6292 1 
6293 0.004740 19804071.000000 6293 1 
6294 0.004761 19810365.000000 6294 1 
6295 0.004790 19816660.000000 6295 1 
6296 0.004766 19822956.000000 6296 1 
6297 0.004819 19829253.000000 6297 1 
6298 0.004759 19835551.000000 6298 1 
6299 0.004843 19841850.000000 6299 1 
6300 0.004758 19848150.000000 6300 1 
6301 0.004768 19854451.000000 6301 1 
6302 0.004806 19860753.000000 6302 1 
6303 0.004767 19867056.000000 6303 1 
6304 0.004793 19873360.000000 6304 1 
6305 0.004770 19879665.000000 6305 1 
6306 0.004802 19885971.000000 6306 1 
6307 0.004775 19892278.000000 6307 1 
6308 0.004774 19898586.000000 6308 1 
6309 0.004830 19904895.000000 6309 1 
6310 0.004791 19911205.000000 6310 1 
6311 0.004773 19917516.000000 6311 1 
6312 0.004801 19923828.000000 6312 1 
6313 0.004844 19930141.000000 6313 1 
6314 0.004773 19936455.000000 6314 1 
6315 0.004771 19942770.000000 6315 1 
6316 0.004842 19949086.000000 6316 1 
6317 0.004793 19955403.000000 6317 1 
6318 0.004781 19961721.000000 6318 1 
6319 0.004818 19968040.000000 6319 1 
6320 0.004825 19974360.000000 6320 1 
6321 0.004794 19980681.000000 6321 1 
6322 0.004825 19987003.000000 6322 1 
6323 0.004839 19993326.000000 6323 1 
6324 0.004804 19999650.000000 6324 1 
6325 0.004792 20005975.000000 6325 1 
6326 0.004842 20012301.000000 6326 1 
6327 0.004824 20018628.000000 6327 1 
6328 0.004807 20024956.000000 6328 1 
6329 0.004817 20031285.000000 6329 1 
6330 0.004838 20037615.000000 6330 1 
6331 0.004798 20043946.000000 6331 1 
6332 0.004817 20050278.000000 6332 1 
6333 0.004877 20056611.000000 6333 1 
6334 0.004810 20062945.000000 6334 1 
6335 0.004805 20069280.000000 6335 1 
6336 0.004825 20075616.000000 6336 1 
6337 0.004876 20081953.000000 6337 1 
6338 0.004823 20088291.000000 6338 1 
6339 0.004819 20094630.000000 6339 1 
6340 0.004883 20100970.000000 6340 1 
6341 0.004831 20107311.000000 6341 1 
6342 0.004827 20113653.000000 6342 1 
6343 0.004823 20119996.000000 6343 1 
6344 0.004868 20126340.000000 6344 1 
6345 0.004833 20132685.000000 6345 1 
6346 0.004815 20139031.000000 6346 1 
6347 0.004886 20145378.000000 6347 1 
6348 0.004849 20151726.000000 6348 1 
6349 0.004833 20158075.000000 6349 1 
6350 0.004898 20164425.000000 6350 1 
6351 0.004838 20170776.000000 6351 1 
6352 0.004853 20177128.000000 6352 1 
6353 0.004835 20183481.000000 6353 1 
6354 0.004894 20189835.000000 6354 1 
6355 0.004860 20196190.000000 6355 1 
6356 0.004844 20202546.000000 6356 1 
6357 0.004915 20208903.000000 6357 1 
6358 0.004856 20215261.000000 6358 1 
6359 0.004846 20221620.000000 6359 1 
6360 0.004856 20227980.000000 6360 1 
6361 0.004904 20234341.000000 6361 1 
6362 0.004873 20240703.000000 6362 1 
6363 0.004849 20247066.000000 6363 1 
6364 0.004914 20253430.000000 6364 1 
6365 0.004849 20259795.000000 6365 1 
6366 0.004864 20266161.000000 6366 1 
6367 0.004921 20272528.000000 6367 1 
6368 0.004855 20278896.000000 6368 1 
6369 0.004870 20285265.000000 6369 1 
6370 0.004864 20291635.000000 6370 1 
6371 0.004913 20298006.000000 6371 1 
6372 0.004876 20304378.000000 6372 1 
6373 0.004876 20310751.000000 6373 1 
6374 0.004912 20317125.000000 6374 1 
6375 0.004875 20323500.000000 6375 1 
6376 0.004861 20329876.000000 6376 1 
6377 0.004901 20336253.000000 6377 1 
6378 0.004908 20342631.000000 6378 1 
6379 0.004888 20349010.000000 6379 1 
6380 0.004897 20355390.000000 6380 1 
6381 0.004917 20361771.000000 6381 1 
6382 0.004904 20368153.000000 6382 1 
6383 0.004872 20374536.000000 6383 1 
6384 0.004944 20380920.000000 6384 1 
6385 0.004884 20387305.000000 6385 1 
6386 0.004900 20393691.000000 6386 1 
6387 0.004914 20400078.000000 6387 1 
6388 0.004948 20406466.000000 6388 1 
6389 0.004898 20412855.000000 6389 1 
6390 0.004894 20419245.000000 6390 1 
6391 0.004945 20425636.000000 6391 1 
6392 0.004924 20432028.000000 6392 1 
6393 0.004915 20438421.000000 6393 1 
6394 0.004939 20444815.000000 6394 1 
6395 0.004924 20451210.000000 6395 1 
6396 0.004914 20457606.000000 6396 1 
6397 0.004944 20464003.000000 6397 1 
6398 0.004945 20470401.000000 6398 1 
6399 0.004934 20476800.000000 6399 1 
6400 0.004908 20483200.000000 6400 1 
6401 0.004983 20489601.000000 6401 1 
6402 0.004891 20496003.000000 6402 1 
6403 0.004916 20502406.000000 6403 1 
6404 0.004942 20508810.000000 6404 1 
6405 0.004927 20515215.000000 6405 1 
6406 0.004935 20521621.000000 6406 1 
6407 0.004921 20528028.000000 6407 1 
6408 0.004966 20534436.000000 6408 1 
6409 0.004942 20540845.000000 6409 1 
6410 0.004930 20547255.000000 6410 1 
6411 0.004986 20553666.000000 6411 1 
6412 0.004925 20560078.000000 6412 1 
6413 0.004943 20566491.000000 6413 1 
6414 0.004956 20572905.000000 6414 1 
6415 0.005003 20579320.000000 6415 1 
6416 0.004947 20585736.000000 6416 1 
6417 0.004949 20592153.000000 6417 1 
6418 0.004986 20598571.000000 6418 1 
6419 0.004948 20604990.000000 6419 1 
6420 0.004918 20611410.000000 6420 1 
6421 0.005012 20617831.000000 6421 1 
6422 0.004958 20624253.000000 6422 1 
6423 0.004958 20630676.000000 6423 1 
6424 0.004987 20637100.000000 6424 1 
6425 0.004987 20643525.000000 6425 1 
6426 0.004959 20649951.000000 6426 1 
6427 0.004976 20656378.000000 6427 1 
6428 0.005010 20662806.000000 6428 1 
6429 0.004963 20669235.000000 6429 1 
6430 0.004965 20675665.000000 6430 1 
6431 0.005008 20682096.000000 6431 1 
6432 0.004980 20688528.000000 6432 1 
6433 0.004986 20694961.000000 6433 1 
6434 0.004967 20701395.000000 6434 1 
6435 0.005003 20707830.000000 6435 1 
6436 0.004966 20714266.000000 6436 1 
6437 0.004970 20720703.000000 6437 1 
6438 0.005016 20727141.000000 6438 1 
6439 0.004969 20733580.000000 6439 1 
6440 0.004984 20740020.000000 6440 1 
6441 0.005023 20746461.000000 6441 1 
6442 0.004991 20752903.000000 6442 1 
6443 0.005006 20759346.000000 6443 1 
6444 0.005055 20765790.000000 6444 1 
6445 0.005014 20772235.000000 6445 1 
6446 0.004992 20778681.000000 6446 1 
6447 0.005006 20785128.000000 6447 1 
6448 0.005036 20791576.000000 6448 1 
6449 0.004996 20798025.000000 6449 1 
6450 0.005001 20804475.000000 6450 1 
6451 0.005026 20810926.000000 6451 1 
6452 0.005007 20817378.000000 6452 1 
6453 0.004992 20823831.000000 6453 1 
6454 0.005065 20830285.000000 6454 1 
6455 0.005011 20836740.000000 6455 1 
6456 0.004994 20843196.000000 6456 1 
6457 0.005009 20849653.000000 6457 1 
6458 0.005086 20856111.000000 6458 1 
6459 0.004993 20862570.000000 6459 1 
6460 0.005024 20869030.000000 6460 1 
6461 0.005084 20875491.000000 6461 1 
6462 0.005023 20881953.000000 6462 1 
6463 0.005005 20888416.000000 6463 1 
6464 0.005065 20894880.000000 6464 1 
6465 0.005037 20901345.000000 6465 1 
6466 0.005029 20907811.000000 6466 1 
6467 0.005042 20914278.000000 6467 1 
6468 0.005063 20920746.000000 6468 1 
6469 0.005024 20927215.000000 6469 1 
6470 0.005020 20933685.000000 6470 1 
6471 0.005079 20940156.000000 6471 1 
6472 0.005038 20946628.000000 6472 1 
6473 0.005029 20953101.000000 6473 1 
6474 0.005073 20959575.000000 6474 1 
6475 0.005018 20966050.000000 6475 1 
6476 0.005046 20972526.000000 6476 1 
6477 0.005079 20979003.000000 6477 1 
6478 0.005037 20985481.000000 6478 1 
6479 0.005046 20991960.000000 6479 1 
6480 0.005030 20998440.000000 6480 1 
6481 0.005053 21004921.000000 6481 1 
6482 0.005039 21011403.000000 6482 1 
6483 0.005064 21017886.000000 6483 1 
6484 0.005089 21024370.000000 6484 1 
6485 0.005042 21030855.000000 6485 1 
6486 0.005044 21037341.000000 6486 1 
6487 0.005095 21043828.000000 6487 1 
6488 0.005059 21050316.000000 6488 1 
6489 0.005027 21056805.000000 6489 1 
6490 0.005063 21063295.000000 6490 1 
6491 0.005080 21069786.000000 6491 1 
6492 0.005054 21076278.000000 6492 1 
6493 0.005067 21082771.000000 6493 1 
6494 0.005133 21089265.000000 6494 1 
6495 0.005068 21095760.000000 6495 1 
6496 0.005060 21102256.000000 6496 1 
6497 0.005104 21108753.000000 6497 1 
6498 0.005065 21115251.000000 6498 1 
6499 0.005063 21121750.000000 6499 1 
6500 0.005124 21128250.000000 6500 1 
6501 0.005060 21134751.000000 6501 1 
6502 0.005083 21141253.000000 6502 1 
6503 0.005059 21147756.000000 6503 1 
6504 0.005113 21154260.000000 6504 1 
6505 0.005078 21160765.000000 6505 1 
6506 0.005089 21167271.000000 6506 1 
6507 0.005145 21173778.000000 6507 1 
6508 0.005060 21180286.000000 6508 1 
6509 0.005097 21186795.000000 6509 1 
6510 0.005137 21193305.000000 6510 1 
6511 0.005099 21199816.000000 6511 1 
6512 0.005087 21206328.000000 6512 1 
6513 0.005097 21212841.000000 6513 1 
6514 0.005133 21219355.000000 6514 1 
6515 0.005111 21225870.000000 6515 1 
6516 0.005095 21232386.000000 6516 1 
6517 0.005154 21238903.000000 6517 1 
6518 0.005081 21245421.000000 6518 1 
6519 0.005111 21251940.000000 6519 1 
6520 0.005104 21258460.000000 6520 1 
6521 0.005083 21264981.000000 6521 1 
6522 0.005100 21271503.000000 6522 1 
6523 0.005104 21278026.000000 6523 1 
6524 0.005118 21284550.000000 6524 1 
6525 0.005110 21291075.000000 6525 1 
6526 0.005117 21297601.000000 6526 1 
6527 0.005095 21304128.000000 6527 1 
6528 0.005115 21310656.000000 6528 1 
6529 0.005115 21317185.000000 6529 1 
6530 0.005087 21323715.000000 6530 1 
6531 0.005136 21330246.000000 6531 1 
6532 0.005120 21336778.000000 6532 1 
6533 0.005127 21343311.000000 6533 1 
6534 0.005118 21349845.000000 6534 1 
6535 0.005124 21356380.000000 6535 1 
6536 0.005143 21362916.000000 6536 1 
6537 0.005106 21369453.000000 6537 1 
6538 0.005144 21375991.000000 6538 1 
6539 0.005134 21382530.000000 6539 1 
6540 0.005127 21389070.000000 6540 1 
6541 0.005132 21395611.000000 6541 1 
6542 0.005138 21402153.000000 6542 1 
6543 0.005111 21408696.000000 6543 1 
6544 0.005143 21415240.000000 6544 1 
6545 0.005140 21421785.000000 6545 1 
6546 0.005146 21428331.000000 6546 1 
6547 0.005156 21434878.000000 6547 1 
6548 0.005145 21441426.000000 6548 1 
6549 0.005139 21447975.000000 6549 1 
6550 0.005148 21454525.000000 6550 1 
6551 0.005149 21461076.000000 6551 1 
6552 0.005158 21467628.000000 6552 1 
6553 0.005155 21474181.000000 6553 1 
6554 0.005159 21480735.000000 6554 1 
6555 0.005210 21487290.000000 6555 1 
6556 0.005157 21493846.000000 6556 1 
6557 0.005166 21500403.000000 6557 1 
6558 0.005188 21506961.000000 6558 1 
6559 0.005179 21513520.000000 6559 1 
6560 0.005172 21520080.000000 6560 1 
6561 0.005163 21526641.000000 6561 1 
6562 0.005226 21533203.000000 6562 1 
6563 0.005179 21539766.000000 6563 1 
6564 0.005152 21546330.000000 6564 1 
6565 0.005230 21552895.000000 6565 1 
6566 0.005167 21559461.000000 6566 1 
6567 0.005174 21566028.000000 6567 1 
6568 0.005222 21572596.000000 6568 1 
6569 0.005174 21579165.000000 6569 1 
6570 0.005188 21585735.000000 6570 1 
6571 0.005207 21592306.000000 6571 1 
6572 0.005194 21598878.000000 6572 1 
6573 0.005194 21605451.000000 6573 1 
6574 0.005230 21612025.000000 6574 1 
6575 0.005202 21618600.000000 6575 1 
6576 0.005192 21625176.000000 6576 1 
6577 0.005220 21631753.000000 6577 1 
6578 0.005243 21638331.000000 6578 1 
6579 0.005183 21644910.000000 6579 1 
6580 0.005254 21651490.000000 6580 1 
6581 0.005241 21658071.000000 6581 1 
6582 0.005217 21664653.000000 6582 1 
6583 0.005193 21671236.000000 6583 1 
6584 0.005270 21677820.000000 6584 1 
6585 0.005202 21684405.000000 6585 1 
6586 0.005215 21690991.000000 6586 1 
6587 0.005254 21697578.000000 6587 1 
6588 0.005218 21704166.000000 6588 1 
6589 0.005224 21710755.000000 6589 1 
6590 0.005263 21717345.000000 6590 1 
6591 0.005220 21723936.000000 6591 1 
6592 0.005211 21730528.000000 6592 1 
6593 0.005253 21737121.000000 6593 1 
6594 0.005225 21743715.000000 6594 1 
6595 0.005227 21750310.000000 6595 1 
6596 0.005243 21756906.000000 6596 1 
6597 0.005251 21763503.000000 6597 1 
6598 0.005225 21770101.000000 6598 1 
6599 0.005236 21776700.000000 6599 1 
6600 0.005259 21783300.000000 6600 1 
6601 0.005235 21789901.000000 6601 1 
6602 0.005242 21796503.000000 6602 1 
6603 0.005279 21803106.000000 6603 1 
6604 0.005242 21809710.000000 6604 1 
6605 0.005237 21816315.000000 6605 1 
6606 0.005296 21822921.000000 6606 1 
6607 0.005235 21829528.000000 6607 1 
6608 0.005235 21836136.000000 6608 1 
6609 0.005296 21842745.000000 6609 1 
6610 0.005267 21849355.000000 6610 1 
6611 0.005266 21855966.000000 6611 1 
6612 0.005280 21862578.000000 6612 1 
6613 0.005249 21869191.000000 6613 1 
6614 0.005262 21875805.000000 6614 1 
6615 0.005325 21882420.000000 6615 1 
6616 0.005318 21889036.000000 6616 1 
6617 0.005273 21895653.000000 6617 1 
6618 0.005254 21902271.000000 6618 1 
6619 0.005336 21908890.000000 6619 1 
6620 0.005270 21915510.000000 6620 1 
6621 0.005268 21922131.000000 6621 1 
6622 0.005310 21928753.000000 6622 1 
6623 0.005258 21935376.000000 6623 1 
6624 0.005280 21942000.000000 6624 1 
6625 0.005322 21948625.000000 6625 1 
6626 0.005271 21955251.000000 6626 1 
6627 0.005289 21961878.000000 6627 1 
6628 0.005309 21968506.000000 6628 1 
6629 0.005265 21975135.000000 6629 1 
6630 0.005308 21981765.000000 6630 1 
6631 0.005308 21988396.000000 6631 1 
6632 0.005273 21995028.000000 6632 1 
6633 0.005302 22001661.000000 6633 1 
6634 0.005319 22008295.000000 6634 1 
6635 0.005286 22014930.000000 6635 1 
6636 0.005344 22021566.000000 6636 1 
6637 0.005319 22028203.000000 6637 1 
6638 0.005297 22034841.000000 6638 1 
6639 0.005301 22041480.000000 6639 1 
6640 0.005283 22048120.000000 6640 1 
6641 0.005336 22054761.000000 6641 1 
6642 0.005305 22061403.000000 6642 1 
6643 0.005306 22068046.000000 6643 1 
6644 0.005325 22074690.000000 6644 1 
6645 0.005309 22081335.000000 6645 1 
6646 0.005310 22087981.000000 6646 1 
6647 0.005331 22094628.000000 6647 1 
6648 0.005334 22101276.000000 6648 1 
6649 0.005314 22107925.000000 6649 1 
6650 0.005344 22114575.000000 6650 1 
6651 0.005319 22121226.000000 6651 1 
6652 0.005311 22127878.000000 6652 1 
6653 0.005384 22134531.000000 6653 1 
6654 0.005306 22141185.000000 6654 1 
6655 0.005317 22147840.000000 6655 1 
6656 0.005371 22154496.000000 6656 1 
6657 0.005308 22161153.000000 6657 1 
6658 0.005332 22167811.000000 6658 1 
6659 0.005382 22174470.000000 6659 1 
6660 0.005337 22181130.000000 6660 1 
6661 0.005319 22187791.000000 6661 1 
6662 0.005403 22194453.000000 6662 1 
6663 0.005316 22201116.000000 6663 1 
6664 0.005344 22207780.000000 6664 1 
6665 0.005407 22214445.000000 6665 1 
6666 0.005336 22221111.000000 6666 1 
6667 0.005345 22227778.000000 6667 1 
6668 0.005338 22234446.000000 6668 1 
6669 0.005392 22241115.000000 6669 1 
6670 0.005340 22247785.000000 6670 1 
6671 0.005340 22254456.000000 6671 1 
6672 0.005337 22261128.000000 6672 1 
6673 0.005364 22267801.000000 6673 1 
6674 0.005333 22274475.000000 6674 1 
6675 0.005353 22281150.000000 6675 1 
6676 0.005354 22287826.000000 6676 1 
6677 0.005356 22294503.000000 6677 1 
6678 0.005362 22301181.000000 6678 1 
6679 0.005396 22307860.000000 6679 1 
6680 0.005374 22314540.000000 6680 1 
6681 0.005348 22321221.000000 6681 1 
6682 0.005375 22327903.000000 6682 1 
6683 0.005351 22334586.000000 6683 1 
6684 0.005375 22341270.000000 6684 1 
6685 0.005373 22347955.000000 6685 1 
6686 0.005355 22354641.000000 6686 1 
6687 0.005379 22361328.000000 6687 1 
6688 0.005377 22368016.000000 6688 1 
6689 0.005357 22374705.000000 6689 1 
6690 0.005365 22381395.000000 6690 1 
6691 0.005381 22388086.000000 6691 1 
6692 0.005378 22394778.000000 6692 1 
6693 0.005373 22401471.000000 6693 1 
6694 0.005397 22408165.000000 6694 1 
6695 0.005381 22414860.000000 6695 1 
6696 0.005442 22421556.000000 6696 1 
6697 0.005380 22428253.000000 6697 1 
6698 0.005397 22434951.000000 6698 1 
6699 0.005440 22441650.000000 6699 1 
6700 0.005399 22448350.000000 6700 1 
6701 0.005389 22455051.000000 6701 1 
6702 0.005455 22461753.000000 6702 1 
6703 0.005385 22468456.000000 6703 1 
6704 0.005400 22475160.000000 6704 1 
6705 0.005416 22481865.000000 6705 1 
6706 0.005425 22488571.000000 6706 1 
6707 0.005405 22495278.000000 6707 1 
6708 0.005416 22501986.000000 6708 1 
6709 0.005452 22508695.000000 6709 1 
6710 0.005405 22515405.000000 6710 1 
6711 0.005423 22522116.000000 6711 1 
6712 0.005458 22528828.000000 6712 1 
6713 0.005402 22535541.000000 6713 1 
6714 0.005426 22542255.000000 6714 1 
6715 0.005461 22548970.000000 6715 1 
6716 0.005399 22555686.000000 6716 1 
6717 0.005419 22562403.000000 6717 1 
6718 0.005460 22569121.000000 6718 1 
6719 0.005421 22575840.000000 6719 1 
6720 0.005421 22582560.000000 6720 1 
6721 0.005471 22589281.000000 6721 1 
6722 0.005436 22596003.000000 6722 1 
6723 0.005441 22602726.000000 6723 1 
6724 0.005474 22609450.000000 6724 1 
6725 0.005455 22616175.000000 6725 1 
6726 0.005423 22622901.000000 6726 1 
6727 0.005487 22629628.000000 6727 1 
6728 0.005420 22636356.000000 6728 1 
6729 0.005462 22643085.000000 6729 1 
6730 0.005466 22649815.000000 6730 1 
6731 0.005440 22656546.000000 6731 1 
6732 0.005445 22663278.000000 6732 1 
6733 0.005511 22670011.000000 6733 1 
6734 0.005424 22676745.000000 6734 1 
6735 0.005457 22683480.000000 6735 1 
6736 0.005507 22690216.000000 6736 1 
6737 0.005432 22696953.000000 6737 1 
6738 0.005448 22703691.000000 6738 1 
6739 0.005507 22710430.000000 6739 1 
6740 0.005454 22717170.000000 6740 1 
6741 0.005493 22723911.000000 6741 1 
6742 0.005509 22730653.000000 6742 1 
6743 0.005478 22737396.000000 6743 1 
6744 0.005450 22744140.000000 6744 1 
6745 0.005517 22750885.000000 6745 1 
6746 0.005458 22757631.000000 6746 1 
6747 0.005495 22764378.000000 6747 1 
6748 0.005507 22771126.000000 6748 1 
6749 0.005488 22777875.000000 6749 1 
6750 0.005472 22784625.000000 6750 1 
6751 0.005527 22791376.000000 6751 1 
6752 0.005469 22798128.000000 6752 1 
6753 0.005482 22804881.000000 6753 1 
6754 0.005514 22811635.000000 6754 1 
6755 0.005467 22818390.000000 6755 1 
6756 0.005487 22825146.000000 6756 1 
6757 0.005526 22831903.000000 6757 1 
6758 0.005485 22838661.000000 6758 1 
6759 0.005476 22845420.000000 6759 1 
6760 0.005555 22852180.000000 6760 1 
6761 0.005475 22858941.000000 6761 1 
6762 0.005506 22865703.000000 6762 1 
6763 0.005503 22872466.000000 6763 1 
6764 0.005499 22879230.000000 6764 1 
6765 0.005492 22885995.000000 6765 1 
6766 0.005570 22892761.000000 6766 1 
6767 0.005491 22899528.000000 6767 1 
6768 0.005493 22906296.000000 6768 1 
6769 0.005557 22913065.000000 6769 1 
6770 0.005493 22919835.000000 6770 1 
6771 0.005530 22926606.000000 6771 1 
6772 0.005552 22933378.000000 6772 1 
6773 0.005480 22940151.000000 6773 1 
6774 0.005642 22946925.000000 6774 1 
6775 0.005538 22953700.000000 6775 1 
6776 0.005512 22960476.000000 6776 1 
6777 0.005527 22967253.000000 6777 1 
6778 0.005569 22974031.000000 6778 1 
6779 0.005509 22980810.000000 6779 1 
6780 0.005519 22987590.000000 6780 1 
6781 0.005559 22994371.000000 6781 1 
6782 0.005529 23001153.000000 6782 1 
6783 0.005530 23007936.000000 6783 1 
6784 0.005596 23014720.000000 6784 1 
6785 0.005529 23021505.000000 6785 1 
6786 0.005530 23028291.000000 6786 1 
6787 0.005567 23035078.000000 6787 1 
6788 0.005547 23041866.000000 6788 1 
6789 0.005551 23048655.000000 6789 1 
6790 0.005589 23055445.000000 6790 1 
6791 0.005542 23062236.000000 6791 1 
6792 0.005506 23069028.000000 6792 1 
6793 0.005580 23075821.000000 6793 1 
6794 0.005532 23082615.000000 6794 1 
6795 0.005559 23089410.000000 6795 1 
6796 0.005571 23096206.000000 6796 1 
6797 0.005557 23103003.000000 6797 1 
6798 0.005541 23109801.000000 6798 1 
6799 0.005611 23116600.000000 6799 1 
6800 0.005556 23123400.000000 6800 1 
6801 0.005538 23130201.000000 6801 1 
6802 0.005647 23137003.000000 6802 1 
6803 0.005548 23143806.000000 6803 1 
6804 0.005563 23150610.000000 6804 1 
6805 0.005614 23157415.000000 6805 1 
6806 0.005566 23164221.000000 6806 1 
6807 0.005559 23171028.000000 6807 1 
6808 0.005599 23177836.000000 6808 1 
6809 0.005571 23184645.000000 6809 1 
6810 0.005575 23191455.000000 6810 1 
6811 0.005620 23198266.000000 6811 1 
6812 0.005581 23205078.000000 6812 1 
6813 0.005580 23211891.000000 6813 1 
6814 0.005578 23218705.000000 6814 1 
6815 0.005586 23225520.000000 6815 1 
6816 0.005570 23232336.000000 6816 1 
6817 0.005585 23239153.000000 6817 1 
6818 0.005592 23245971.000000 6818 1 
6819 0.005599 23252790.000000 6819 1 
6820 0.005574 23259610.000000 6820 1 
6821 0.005569 23266431.000000 6821 1 
6822 0.005580 23273253.000000 6822 1 
6823 0.005654 23280076.000000 6823 1 
6824 0.005569 23286900.000000 6824 1 
6825 0.005607 23293725.000000 6825 1 
6826 0.005601 23300551.000000 6826 1 
6827 0.005605 23307378.000000 6827 1 
6828 0.005563 23314206.000000 6828 1 
6829 0.005602 23321035.000000 6829 1 
6830 0.005621 23327865.000000 6830 1 
6831 0.005615 23334696.000000 6831 1 
6832 0.005604 23341528.000000 6832 1 
6833 0.005599 23348361.000000 6833 1 
6834 0.005612 23355195.000000 6834 1 
6835 0.005584 23362030.000000 6835 1 
6836 0.005653 23368866.000000 6836 1 
6837 0.005622 23375703.000000 6837 1 
6838 0.005617 23382541.000000 6838 1 
6839 0.005624 23389380.000000 6839 1 
6840 0.005626 23396220.000000 6840 1 
6841 0.005618 23403061.000000 6841 1 
6842 0.005624 23409903.000000 6842 1 
6843 0.005641 23416746.000000 6843 1 
6844 0.005602 23423590.000000 6844 1 
6845 0.005621 23430435.000000 6845 1 
6846 0.005638 23437281.000000 6846 1 
6847 0.005627 23444128.000000 6847 1 
6848 0.005645 23450976.000000 6848 1 
6849 0.005617 23457825.000000 6849 1 
6850 0.005644 23464675.000000 6850 1 
6851 0.005625 23471526.000000 6851 1 
6852 0.005652 23478378.000000 6852 1 
6853 0.005623 23485231.000000 6853 1 
6854 0.005650 23492085.000000 6854 1 
6855 0.005648 23498940.000000 6855 1 
6856 0.005624 23505796.000000 6856 1 
6857 0.005644 23512653.000000 6857 1 
6858 0.005659 23519511.000000 6858 1 
6859 0.005671 23526370.000000 6859 1 
6860 0.005639 23533230.000000 6860 1 
6861 0.005668 23540091.000000 6861 1 
6862 0.005648 23546953.000000 6862 1 
6863 0.005663 23553816.000000 6863 1 
6864 0.005671 23560680.000000 6864 1 
6865 0.005670 23567545.000000 6865 1 
6866 0.005670 23574411.000000 6866 1 
6867 0.005661 23581278.000000 6867 1 
6868 0.005664 23588146.000000 6868 1 
6869 0.005651 23595015.000000 6869 1 
6870 0.005681 23601885.000000 6870 1 
6871 0.005680 23608756.000000 6871 1 
6872 0.005666 23615628.000000 6872 1 
6873 0.005671 23622501.000000 6873 1 
6874 0.005687 23629375.000000 6874 1 
6875 0.005656 23636250.000000 6875 1 
6876 0.005693 23643126.000000 6876 1 
6877 0.005653 23650003.000000 6877 1 
6878 0.005699 23656881.000000 6878 1 
6879 0.005681 23663760.000000 6879 1 
6880 0.005697 23670640.000000 6880 1 
6881 0.005678 23677521.000000 6881 1 
6882 0.005694 23684403.000000 6882 1 
6883 0.005688 23691286.000000 6883 1 
6884 0.005685 23698170.000000 6884 1 
6885 0.005714 23705055.000000 6885 1 
6886 0.005678 23711941.000000 6886 1 
6887 0.005714 23718828.000000 6887 1 
6888 0.005700 23725716.000000 6888 1 
6889 0.005724 23732605.000000 6889 1 
6890 0.005696 23739495.000000 6890 1 
6891 0.005728 23746386.000000 6891 1 
6892 0.005709 23753278.000000 6892 1 
6893 0.005686 23760171.000000 6893 1 
6894 0.005729 23767065.000000 6894 1 
6895 0.005714 23773960.000000 6895 1 
6896 0.005724 23780856.000000 6896 1 
6897 0.005718 23787753.000000 6897 1 
6898 0.005732 23794651.000000 6898 1 
6899 0.005739 23801550.000000 6899 1 
6900 0.005728 23808450.000000 6900 1 
6901 0.005735 23815351.000000 6901 1 
6902 0.005712 23822253.000000 6902 1 
6903 0.005728 23829156.000000 6903 1 
6904 0.005735 23836060.000000 6904 1 
6905 0.005738 23842965.000000 6905 1 
6906 0.005711 23849871.000000 6906 1 
6907 0.005719 23856778.000000 6907 1 
6908 0.005733 23863686.000000 6908 1 
6909 0.005746 23870595.000000 6909 1 
6910 0.005720 23877505.000000 6910 1 
6911 0.005742 23884416.000000 6911 1 
6912 0.005730 23891328.000000 6912 1 
6913 0.005759 23898241.000000 6913 1 
6914 0.005739 23905155.000000 6914 1 
6915 0.005741 23912070.000000 6915 1 
6916 0.005739 23918986.000000 6916 1 
6917 0.005763 23925903.000000 6917 1 
6918 0.005763 23932821.000000 6918 1 
6919 0.005733 23939740.000000 6919 1 
6920 0.005767 23946660.000000 6920 1 
6921 0.005736 23953581.000000 6921 1 
6922 0.005765 23960503.000000 6922 1 
6923 0.005776 23967426.000000 6923 1 
6924 0.005748 23974350.000000 6924 1 
6925 0.005765 23981275.000000 6925 1 
6926 0.005754 23988201.000000 6926 1 
6927 0.005768 23995128.000000 6927 1 
6928 0.005782 24002056.000000 6928 1 
6929 0.005757 24008985.000000 6929 1 
6930 0.005779 24015915.000000 6930 1 
6931 0.005747 24022846.000000 6931 1 
6932 0.005776 24029778.000000 6932 1 
6933 0.005785 24036711.000000 6933 1 
6934 0.005780 24043645.000000 6934 1 
6935 0.005769 24050580.000000 6935 1 
6936 0.005767 24057516.000000 6936 1 
6937 0.005781 24064453.000000 6937 1 
6938 0.005781 24071391.000000 6938 1 
6939 0.005804 24078330.000000 6939 1 
6940 0.005769 24085270.000000 6940 1 
6941 0.005813 24092211.000000 6941 1 
6942 0.005796 24099153.000000 6942 1 
6943 0.005833 24106096.000000 6943 1 
6944 0.005805 24113040.000000 6944 1 
6945 0.005792 24119985.000000 6945 1 
6946 0.005782 24126931.000000 6946 1 
6947 0.005795 24133878.000000 6947 1 
6948 0.005795 24140826.000000 6948 1 
6949 0.005812 24147775.000000 6949 1 
6950 0.005824 24154725.000000 6950 1 
6951 0.005798 24161676.000000 6951 1 
6952 0.005815 24168628.000000 6952 1 
6953 0.005811 24175581.000000 6953 1 
6954 0.005820 24182535.000000 6954 1 
6955 0.005801 24189490.000000 6955 1 
6956 0.005816 24196446.000000 6956 1 
6957 0.005827 24203403.000000 6957 1 
6958 0.005811 24210361.000000 6958 1 
6959 0.005816 24217320.000000 6959 1 
6960 0.005823 24224280.000000 6960 1 
6961 0.005810 24231241.000000 6961 1 
6962 0.005832 24238203.000000 6962 1 
6963 0.005828 24245166.000000 6963 1 
6964 0.005830 24252130.000000 6964 1 
6965 0.005842 24259095.000000 6965 1 
6966 0.005826 24266061.000000 6966 1 
6967 0.005835 24273028.000000 6967 1 
6968 0.005815 24279996.000000 6968 1 
6969 0.005827 24286965.000000 6969 1 
6970 0.005853 24293935.000000 6970 1 
6971 0.005845 24300906.000000 6971 1 
6972 0.005818 24307878.000000 6972 1 
6973 0.005843 24314851.000000 6973 1 
6974 0.005860 24321825.000000 6974 1 
6975 0.005850 24328800.000000 6975 1 
6976 0.005838 24335776.000000 6976 1 
6977 0.005880 24342753.000000 6977 1 
6978 0.005854 24349731.000000 6978 1 
6979 0.005870 24356710.000000 6979 1 
6980 0.005881 24363690.000000 6980 1 
6981 0.005837 24370671.000000 6981 1 
6982 0.005847 24377653.000000 6982 1 
6983 0.005858 24384636.000000 6983 1 
6984 0.005851 24391620.000000 6984 1 
6985 0.005852 24398605.000000 6985 1 
6986 0.005867 24405591.000000 6986 1 
6987 0.005871 24412578.000000 6987 1 
6988 0.005894 24419566.000000 6988 1 
6989 0.005873 24426555.000000 6989 1 
6990 0.005881 24433545.000000 6990 1 
6991 0.005851 24440536.000000 6991 1 
6992 0.005884 24447528.000000 6992 1 
6993 0.005876 24454521.000000 6993 1 
6994 0.005889 24461515.000000 6994 1 
6995 0.005867 24468510.000000 6995 1 
6996 0.005881 24475506.000000 6996 1 
6997 0.005893 24482503.000000 6997 1 
6998 0.005868 24489501.000000 6998 1 
6999 0.005884 24496500.000000 6999 1 
7000 0.005883 24503500.000000 7000 1 
7001 0.005910 24510501.000000 7001 1 
7002 0.005898 24517503.000000 7002 1 
7003 0.005896 24524506.000000 7003 1 
7004 0.005906 24531510.000000 7004 1 
7005 0.005893 24538515.000000 7005 1 
7006 0.005890 24545521.000000 7006 1 
7007 0.005923 24552528.000000 7007 1 
7008 0.005885 24559536.000000 7008 1 
7009 0.005902 24566545.000000 7009 1 
7010 0.005895 24573555.000000 7010 1 
7011 0.005909 24580566.000000 7011 1 
7012 0.005898 24587578.000000 7012 1 
7013 0.005920 24594591.000000 7013 1 
7014 0.005922 24601605.000000 7014 1 
7015 0.005938 24608620.000000 7015 1 
7016 0.005913 24615636.000000 7016 1 
7017 0.005920 24622653.000000 7017 1 
7018 0.005919 24629671.000000 7018 1 
7019 0.005906 24636690.000000 7019 1 
7020 0.005922 24643710.000000 7020 1 
7021 0.005917 24650731.000000 7021 1 
7022 0.005931 24657753.000000 7022 1 
7023 0.005955 24664776.000000 7023 1 
7024 0.005956 24671800.000000 7024 1 
7025 0.005929 24678825.000000 7025 1 
7026 0.005919 24685851.000000 7026 1 
7027 0.005939 24692878.000000 7027 1 
7028 0.005937 24699906.000000 7028 1 
7029 0.005946 24706935.000000 7029 1 
7030 0.005986 24713965.000000 7030 1 
7031 0.005928 24720996.000000 7031 1 
7032 0.005964 24728028.000000 7032 1 
7033 0.005967 24735061.000000 7033 1 
7034 0.005948 24742095.000000 7034 1 
7035 0.005940 24749130.000000 7035 1 
7036 0.005952 24756166.000000 7036 1 
7037 0.005957 24763203.000000 7037 1 
7038 0.005933 24770241.000000 7038 1 
7039 0.005936 24777280.000000 7039 1 
7040 0.005956 24784320.000000 7040 1 
7041 0.005984 24791361.000000 7041 1 
7042 0.005948 24798403.000000 7042 1 
7043 0.005982 24805446.000000 7043 1 
7044 0.005967 24812490.000000 7044 1 
7045 0.005961 24819535.000000 7045 1 
7046 0.005965 24826581.000000 7046 1 
7047 0.005979 24833628.000000 7047 1 
7048 0.005966 24840676.000000 7048 1 
7049 0.005979 24847725.000000 7049 1 
7050 0.005984 24854775.000000 7050 1 
7051 0.005954 24861826.000000 7051 1 
7052 0.005980 24868878.000000 7052 1 
7053 0.005960 24875931.000000 7053 1 
7054 0.005964 24882985.000000 7054 1 
7055 0.005977 24890040.000000 7055 1 
7056 0.005989 24897096.000000 7056 1 
7057 0.005983 24904153.000000 7057 1 
7058 0.005968 24911211.000000 7058 1 
7059 0.005992 24918270.000000 7059 1 
7060 0.006002 24925330.000000 7060 1 
7061 0.006013 24932391.000000 7061 1 
7062 0.006009 24939453.000000 7062 1 
7063 0.006003 24946516.000000 7063 1 
7064 0.005992 24953580.000000 7064 1 
7065 0.006003 24960645.000000 7065 1 
7066 0.005998 24967711.000000 7066 1 
7067 0.006002 24974778.000000 7067 1 
7068 0.006016 24981846.000000 7068 1 
7069 0.006006 24988915.000000 7069 1 
7070 0.006017 24995985.000000 7070 1 
7071 0.005997 25003056.000000 7071 1 
7072 0.006016 25010128.000000 7072 1 
7073 0.006034 25017201.000000 7073 1 
7074 0.006005 25024275.000000 7074 1 
7075 0.006014 25031350.000000 7075 1 
7076 0.006011 25038426.000000 7076 1 
7077 0.006024 25045503.000000 7077 1 
7078 0.006014 25052581.000000 7078 1 
7079 0.006022 25059660.000000 7079 1 
7080 0.006046 25066740.000000 7080 1 
7081 0.006007 25073821.000000 7081 1 
7082 0.006044 25080903.000000 7082 1 
7083 0.006021 25087986.000000 7083 1 
7084 0.006143 25095070.000000 7084 1 
7085 0.006047 25102155.000000 7085 1 
7086 0.006027 25109241.000000 7086 1 
7087 0.006046 25116328.000000 7087 1 
7088 0.006030 25123416.000000 7088 1 
7089 0.006032 25130505.000000 7089 1 
7090 0.006061 25137595.000000 7090 1 
7091 0.006043 25144686.000000 7091 1 
7092 0.006044 25151778.000000 7092 1 
7093 0.006061 25158871.000000 7093 1 
7094 0.006049 25165965.000000 7094 1 
7095 0.006051 25173060.000000 7095 1 
7096 0.006060 25180156.000000 7096 1 
7097 0.006043 25187253.000000 7097 1 
7098 0.006073 25194351.000000 7098 1 
7099 0.006033 25201450.000000 7099 1 
7100 0.006081 25208550.000000 7100 1 
7101 0.006068 25215651.000000 7101 1 
7102 0.006049 25222753.000000 7102 1 
7103 0.006078 25229856.000000 7103 1 
7104 0.006087 25236960.000000 7104 1 
7105 0.006105 25244065.000000 7105 1 
7106 0.006066 25251171.000000 7106 1 
7107 0.006095 25258278.000000 7107 1 
7108 0.006056 25265386.000000 7108 1 
7109 0.006079 25272495.000000 7109 1 
7110 0.006082 25279605.000000 7110 1 
7111 0.006090 25286716.000000 7111 1 
7112 0.006085 25293828.000000 7112 1 
7113 0.006072 25300941.000000 7113 1 
7114 0.006082 25308055.000000 7114 1 
7115 0.006084 25315170.000000 7115 1 
7116 0.006104 25322286.000000 7116 1 
7117 0.006092 25329403.000000 7117 1 
7118 0.006093 25336521.000000 7118 1 
7119 0.006088 25343640.000000 7119 1 
7120 0.006123 25350760.000000 7120 1 
7121 0.006097 25357881.000000 7121 1 
7122 0.006098 25365003.000000 7122 1 
7123 0.006108 25372126.000000 7123 1 
7124 0.006080 25379250.000000 7124 1 
7125 0.006098 25386375.000000 7125 1 
7126 0.006097 25393501.000000 7126 1 
7127 0.006114 25400628.000000 7127 1 
7128 0.006109 25407756.000000 7128 1 
7129 0.006118 25414885.000000 7129 1 
7130 0.006107 25422015.000000 7130 1 
7131 0.006111 25429146.000000 7131 1 
7132 0.006106 25436278.000000 7132 1 
7133 0.006141 25443411.000000 7133 1 
7134 0.006101 25450545.000000 7134 1 
7135 0.006125 25457680.000000 7135 1 
7136 0.006114 25464816.000000 7136 1 
7137 0.006147 25471953.000000 7137 1 
7138 0.006116 25479091.000000 7138 1 
7139 0.006157 25486230.000000 7139 1 
7140 0.006132 25493370.000000 7140 1 
7141 0.006142 25500511.000000 7141 1 
7142 0.006118 25507653.000000 7142 1 
7143 0.006192 25514796.000000 7143 1 
7144 0.006115 25521940.000000 7144 1 
7145 0.006149 25529085.000000 7145 1 
7146 0.006131 25536231.000000 7146 1 
7147 0.006163 25543378.000000 7147 1 
7148 0.006140 25550526.000000 7148 1 
7149 0.006151 25557675.000000 7149 1 
7150 0.006134 25564825.000000 7150 1 
7151 0.006155 25571976.000000 7151 1 
7152 0.006160 25579128.000000 7152 1 
7153 0.006148 25586281.000000 7153 1 
7154 0.006167 25593435.000000 7154 1 
7155 0.006155 25600590.000000 7155 1 
7156 0.006155 25607746.000000 7156 1 
7157 0.006180 25614903.000000 7157 1 
7158 0.006174 25622061.000000 7158 1 
7159 0.006190 25629220.000000 7159 1 
7160 0.006146 25636380.000000 7160 1 
7161 0.006153 25643541.000000 7161 1 
7162 0.006165 25650703.000000 7162 1 
7163 0.006168 25657866.000000 7163 1 
7164 0.006151 25665030.000000 7164 1 
7165 0.006184 25672195.000000 7165 1 
7166 0.006171 25679361.000000 7166 1 
7167 0.006162 25686528.000000 7167 1 
7168 0.006181 25693696.000000 7168 1 
7169 0.006189 25700865.000000 7169 1 
7170 0.006177 25708035.000000 7170 1 
7171 0.006197 25715206.000000 7171 1 
7172 0.006163 25722378.000000 7172 1 
7173 0.006180 25729551.000000 7173 1 
7174 0.006205 25736725.000000 7174 1 
7175 0.006199 25743900.000000 7175 1 
7176 0.006176 25751076.000000 7176 1 
7177 0.006182 25758253.000000 7177 1 
7178 0.006196 25765431.000000 7178 1 
7179 0.006179 25772610.000000 7179 1 
7180 0.006189 25779790.000000 7180 1 
7181 0.006229 25786971.000000 7181 1 
7182 0.006195 25794153.000000 7182 1 
7183 0.006179 25801336.000000 7183 1 
7184 0.006213 25808520.000000 7184 1 
7185 0.006204 25815705.000000 7185 1 
7186 0.006202 25822891.000000 7186 1 
7187 0.006214 25830078.000000 7187 1 
7188 0.006202 25837266.000000 7188 1 
7189 0.006194 25844455.000000 7189 1 
7190 0.006236 25851645.000000 7190 1 
7191 0.006223 25858836.000000 7191 1 
7192 0.006216 25866028.000000 7192 1 
7193 0.006195 25873221.000000 7193 1 
7194 0.006240 25880415.000000 7194 1 
7195 0.006223 25887610.000000 7195 1 
7196 0.006215 25894806.000000 7196 1 
7197 0.006231 25902003.000000 7197 1 
7198 0.006243 25909201.000000 7198 1 
7199 0.006211 25916400.000000 7199 1 
7200 0.006245 25923600.000000 7200 1 
7201 0.006259 25930801.000000 7201 1 
7202 0.006260 25938003.000000 7202 1 
7203 0.006253 25945206.000000 7203 1 
7204 0.006238 25952410.000000 7204 1 
7205 0.006244 25959615.000000 7205 1 
7206 0.006235 25966821.000000 7206 1 
7207 0.006272 25974028.000000 7207 1 
7208 0.006230 25981236.000000 7208 1 
7209 0.006264 25988445.000000 7209 1 
7210 0.006237 25995655.000000 7210 1 
7211 0.006252 26002866.000000 7211 1 
7212 0.006263 26010078.000000 7212 1 
7213 0.006244 26017291.000000 7213 1 
7214 0.006246 26024505.000000 7214 1 
7215 0.006267 26031720.000000 7215 1 
7216 0.006270 26038936.000000 7216 1 
7217 0.006265 26046153.000000 7217 1 
7218 0.006280 26053371.000000 7218 1 
7219 0.006271 26060590.000000 7219 1 
7220 0.006239 26067810.000000 7220 1 
7221 0.006303 26075031.000000 7221 1 
7222 0.006234 26082253.000000 7222 1 
7223 0.006297 26089476.000000 7223 1 
7224 0.006301 26096700.000000 7224 1 
7225 0.006280 26103925.000000 7225 1 
7226 0.006255 26111151.000000 7226 1 
7227 0.006284 26118378.000000 7227 1 
7228 0.006267 26125606.000000 7228 1 
7229 0.006299 26132835.000000 7229 1 
7230 0.006292 26140065.000000 7230 1 
7231 0.006287 26147296.000000 7231 1 
7232 0.006281 26154528.000000 7232 1 
7233 0.006272 26161761.000000 7233 1 
7234 0.006304 26168995.000000 7234 1 
7235 0.006309 26176230.000000 7235 1 
7236 0.006286 26183466.000000 7236 1 
7237 0.006316 26190703.000000 7237 1 
7238 0.006309 26197941.000000 7238 1 
7239 0.006283 26205180.000000 7239 1 
7240 0.006303 26212420.000000 7240 1 
7241 0.006304 26219661.000000 7241 1 
7242 0.006304 26226903.000000 7242 1 
7243 0.006305 26234146.000000 7243 1 
7244 0.006295 26241390.000000 7244 1 
7245 0.006318 26248635.000000 7245 1 
7246 0.006312 26255881.000000 7246 1 
7247 0.006316 26263128.000000 7247 1 
7248 0.006305 26270376.000000 7248 1 
7249 0.006340 26277625.000000 7249 1 
7250 0.006292 26284875.000000 7250 1 
7251 0.006349 26292126.000000 7251 1 
7252 0.006313 26299378.000000 7252 1 
7253 0.006327 26306631.000000 7253 1 
7254 0.006336 26313885.000000 7254 1 
7255 0.006301 26321140.000000 7255 1 
7256 0.006327 26328396.000000 7256 1 
7257 0.006339 26335653.000000 7257 1 
7258 0.006319 26342911.000000 7258 1 
7259 0.006340 26350170.000000 7259 1 
7260 0.006331 26357430.000000 7260 1 
7261 0.006343 26364691.000000 7261 1 
7262 0.006332 26371953.000000 7262 1 
7263 0.006327 26379216.000000 7263 1 
7264 0.006346 26386480.000000 7264 1 
7265 0.006383 26393745.000000 7265 1 
7266 0.006347 26401011.000000 7266 1 
7267 0.006351 26408278.000000 7267 1 
7268 0.006362 26415546.000000 7268 1 
7269 0.006338 26422815.000000 7269 1 
7270 0.006370 26430085.000000 7270 1 
7271 0.006369 26437356.000000 7271 1 
7272 0.006343 26444628.000000 7272 1 
7273 0.006360 26451901.000000 7273 1 
7274 0.006374 26459175.000000 7274 1 
7275 0.006346 26466450.000000 7275 1 
7276 0.006361 26473726.000000 7276 1 
7277 0.006378 26481003.000000 7277 1 
7278 0.006365 26488281.000000 7278 1 
7279 0.006380 26495560.000000 7279 1 
7280 0.006380 26502840.000000 7280 1 
7281 0.006384 26510121.000000 7281 1 
7282 0.006380 26517403.000000 7282 1 
7283 0.006365 26524686.000000 7283 1 
7284 0.006396 26531970.000000 7284 1 
7285 0.006382 26539255.000000 7285 1 
7286 0.006394 26546541.000000 7286 1 
7287 0.006390 26553828.000000 7287 1 
7288 0.006411 26561116.000000 7288 1 
7289 0.006369 26568405.000000 7289 1 
7290 0.006396 26575695.000000 7290 1 
7291 0.006386 26582986.000000 7291 1 
7292 0.006390 26590278.000000 7292 1 
7293 0.006402 26597571.000000 7293 1 
7294 0.006419 26604865.000000 7294 1 
7295 0.006414 26612160.000000 7295 1 
7296 0.006404 26619456.000000 7296 1 
7297 0.006397 26626753.000000 7297 1 
7298 0.006382 26634051.000000 7298 1 
7299 0.006428 26641350.000000 7299 1 
7300 0.006420 26648650.000000 7300 1 
7301 0.006425 26655951.000000 7301 1 
7302 0.006447 26663253.000000 7302 1 
7303 0.006434 26670556.000000 7303 1 
7304 0.006407 26677860.000000 7304 1 
7305 0.006438 26685165.000000 7305 1 
7306 0.006409 26692471.000000 7306 1 
7307 0.006407 26699778.000000 7307 1 
7308 0.006407 26707086.000000 7308 1 
7309 0.006443 26714395.000000 7309 1 
7310 0.006436 26721705.000000 7310 1 
7311 0.006422 26729016.000000 7311 1 
7312 0.006443 26736328.000000 7312 1 
7313 0.006424 26743641.000000 7313 1 
7314 0.006427 26750955.000000 7314 1 
7315 0.006429 26758270.000000 7315 1 
7316 0.006442 26765586.000000 7316 1 
7317 0.006457 26772903.000000 7317 1 
7318 0.006450 26780221.000000 7318 1 
7319 0.006443 26787540.000000 7319 1 
7320 0.006455 26794860.000000 7320 1 
7321 0.006441 26802181.000000 7321 1 
7322 0.006425 26809503.000000 7322 1 
7323 0.006443 26816826.000000 7323 1 
7324 0.006453 26824150.000000 7324 1 
7325 0.006483 26831475.000000 7325 1 
7326 0.006451 26838801.000000 7326 1 
7327 0.006500 26846128.000000 7327 1 
7328 0.006446 26853456.000000 7328 1 
7329 0.006454 26860785.000000 7329 1 
7330 0.006469 26868115.000000 7330 1 
7331 0.006452 26875446.000000 7331 1 
7332 0.006460 26882778.000000 7332 1 
7333 0.006454 26890111.000000 7333 1 
7334 0.006479 26897445.000000 7334 1 
7335 0.006478 26904780.000000 7335 1 
7336 0.006479 26912116.000000 7336 1 
7337 0.006502 26919453.000000 7337 1 
7338 0.006463 26926791.000000 7338 1 
7339 0.006502 26934130.000000 7339 1 
7340 0.006508 26941470.000000 7340 1 
7341 0.006457 26948811.000000 7341 1 
7342 0.006504 26956153.000000 7342 1 
7343 0.006486 26963496.000000 7343 1 
7344 0.006494 26970840.000000 7344 1 
7345 0.006484 26978185.000000 7345 1 
7346 0.006504 26985531.000000 7346 1 
7347 0.006474 26992878.000000 7347 1 
7348 0.006502 27000226.000000 7348 1 
7349 0.006486 27007575.000000 7349 1 
7350 0.006514 27014925.000000 7350 1 
7351 0.006486 27022276.000000 7351 1 
7352 0.006494 27029628.000000 7352 1 
7353 0.006505 27036981.000000 7353 1 
7354 0.006511 27044335.000000 7354 1 
7355 0.006528 27051690.000000 7355 1 
7356 0.006491 27059046.000000 7356 1 
7357 0.006565 27066403.000000 7357 1 
7358 0.006506 27073761.000000 7358 1 
7359 0.006534 27081120.000000 7359 1 
7360 0.006494 27088480.000000 7360 1 
7361 0.006548 27095841.000000 7361 1 
7362 0.006504 27103203.000000 7362 1 
7363 0.006513 27110566.000000 7363 1 
7364 0.006516 27117930.000000 7364 1 
7365 0.006519 27125295.000000 7365 1 
7366 0.006509 27132661.000000 7366 1 
7367 0.006521 27140028.000000 7367 1 
7368 0.006535 27147396.000000 7368 1 
7369 0.006517 27154765.000000 7369 1 
7370 0.006538 27162135.000000 7370 1 
7371 0.006548 27169506.000000 7371 1 
7372 0.006556 27176878.000000 7372 1 
7373 0.006536 27184251.000000 7373 1 
7374 0.006521 27191625.000000 7374 1 
7375 0.006551 27199000.000000 7375 1 
7376 0.006545 27206376.000000 7376 1 
7377 0.006556 27213753.000000 7377 1 
7378 0.006543 27221131.000000 7378 1 
7379 0.006565 27228510.000000 7379 1 
7380 0.006561 27235890.000000 7380 1 
7381 0.006554 27243271.000000 7381 1 
7382 0.006561 27250653.000000 7382 1 
7383 0.006538 27258036.000000 7383 1 
7384 0.006564 27265420.000000 7384 1 
7385 0.006579 27272805.000000 7385 1 
7386 0.006547 27280191.000000 7386 1 
7387 0.006565 27287578.000000 7387 1 
7388 0.006575 27294966.000000 7388 1 
7389 0.006575 27302355.000000 7389 1 
7390 0.006557 27309745.000000 7390 1 
7391 0.006574 27317136.000000 7391 1 
7392 0.006555 27324528.000000 7392 1 
7393 0.006574 27331921.000000 7393 1 
7394 0.006576 27339315.000000 7394 1 
7395 0.006567 27346710.000000 7395 1 
7396 0.006587 27354106.000000 7396 1 
7397 0.006582 27361503.000000 7397 1 
7398 0.006576 27368901.000000 7398 1 
7399 0.006572 27376300.000000 7399 1 
7400 0.006590 27383700.000000 7400 1 
7401 0.006578 27391101.000000 7401 1 
7402 0.006599 27398503.000000 7402 1 
7403 0.006602 27405906.000000 7403 1 
7404 0.006592 27413310.000000 7404 1 
7405 0.006585 27420715.000000 7405 1 
7406 0.006612 27428121.000000 7406 1 
7407 0.006592 27435528.000000 7407 1 
7408 0.006611 27442936.000000 7408 1 
7409 0.006588 27450345.000000 7409 1 
7410 0.006595 27457755.000000 7410 1 
7411 0.006612 27465166.000000 7411 1 
7412 0.006608 27472578.000000 7412 1 
7413 0.006610 27479991.000000 7413 1 
7414 0.006600 27487405.000000 7414 1 
7415 0.006597 27494820.000000 7415 1 
7416 0.006620 27502236.000000 7416 1 
7417 0.006602 27509653.000000 7417 1 
7418 0.006627 27517071.000000 7418 1 
7419 0.006620 27524490.000000 7419 1 
7420 0.006632 27531910.000000 7420 1 
7421 0.006637 27539331.000000 7421 1 
7422 0.006629 27546753.000000 7422 1 
7423 0.006653 27554176.000000 7423 1 
7424 0.006614 27561600.000000 7424 1 
7425 0.006626 27569025.000000 7425 1 
7426 0.006646 27576451.000000 7426 1 
7427 0.006642 27583878.000000 7427 1 
7428 0.006655 27591306.000000 7428 1 
7429 0.006646 27598735.000000 7429 1 
7430 0.006655 27606165.000000 7430 1 
7431 0.006636 27613596.000000 7431 1 
7432 0.006632 27621028.000000 7432 1 
7433 0.006646 27628461.000000 7433 1 
7434 0.006669 27635895.000000 7434 1 
7435 0.006654 27643330.000000 7435 1 
7436 0.006645 27650766.000000 7436 1 
7437 0.006635 27658203.000000 7437 1 
7438 0.006672 27665641.000000 7438 1 
7439 0.006653 27673080.000000 7439 1 
7440 0.006672 27680520.000000 7440 1 
7441 0.006656 27687961.000000 7441 1 
7442 0.006653 27695403.000000 7442 1 
7443 0.006659 27702846.000000 7443 1 
7444 0.006687 27710290.000000 7444 1 
7445 0.006666 27717735.000000 7445 1 
7446 0.006650 27725181.000000 7446 1 
7447 0.006665 27732628.000000 7447 1 
7448 0.006656 27740076.000000 7448 1 
7449 0.006714 27747525.000000 7449 1 
7450 0.006652 27754975.000000 7450 1 
7451 0.006707 27762426.000000 7451 1 
7452 0.006692 27769878.000000 7452 1 
7453 0.006660 27777331.000000 7453 1 
7454 0.006674 27784785.000000 7454 1 
7455 0.006729 27792240.000000 7455 1 
7456 0.006677 27799696.000000 7456 1 
7457 0.006697 27807153.000000 7457 1 
7458 0.006682 27814611.000000 7458 1 
7459 0.006689 27822070.000000 7459 1 
7460 0.006684 27829530.000000 7460 1 
7461 0.006682 27836991.000000 7461 1 
7462 0.006701 27844453.000000 7462 1 
7463 0.006692 27851916.000000 7463 1 
7464 0.006739 27859380.000000 7464 1 
7465 0.006700 27866845.000000 7465 1 
7466 0.006720 27874311.000000 7466 1 
7467 0.006695 27881778.000000 7467 1 
7468 0.006774 27889246.000000 7468 1 
7469 0.006706 27896715.000000 7469 1 
7470 0.006740 27904185.000000 7470 1 
7471 0.006713 27911656.000000 7471 1 
7472 0.006736 27919128.000000 7472 1 
7473 0.006702 27926601.000000 7473 1 
7474 0.006710 27934075.000000 7474 1 
7475 0.006734 27941550.000000 7475 1 
7476 0.006740 27949026.000000 7476 1 
7477 0.006729 27956503.000000 7477 1 
7478 0.006725 27963981.000000 7478 1 
7479 0.006734 27971460.000000 7479 1 
7480 0.006743 27978940.000000 7480 1 
7481 0.006729 27986421.000000 7481 1 
7482 0.006745 27993903.000000 7482 1 
7483 0.006743 28001386.000000 7483 1 
7484 0.006752 28008870.000000 7484 1 
7485 0.006780 28016355.000000 7485 1 
7486 0.006737 28023841.000000 7486 1 
7487 0.006736 28031328.000000 7487 1 
7488 0.006772 28038816.000000 7488 1 
7489 0.006755 28046305.000000 7489 1 
7490 0.006751 28053795.000000 7490 1 
7491 0.006729 28061286.000000 7491 1 
7492 0.006763 28068778.000000 7492 1 
7493 0.006744 28076271.000000 7493 1 
7494 0.006795 28083765.000000 7494 1 
7495 0.006736 28091260.000000 7495 1 
7496 0.006766 28098756.000000 7496 1 
7497 0.006778 28106253.000000 7497 1 
7498 0.006753 28113751.000000 7498 1 
7499 0.006782 28121250.000000 7499 1 
7500 0.006766 28128750.000000 7500 1 
7501 0.006774 28136251.000000 7501 1 
7502 0.006802 28143753.000000 7502 1 
7503 0.006788 28151256.000000 7503 1 
7504 0.006763 28158760.000000 7504 1 
7505 0.006783 28166265.000000 7505 1 
7506 0.006764 28173771.000000 7506 1 
7507 0.006789 28181278.000000 7507 1 
7508 0.006794 28188786.000000 7508 1 
7509 0.006795 28196295.000000 7509 1 
7510 0.006800 28203805.000000 7510 1 
7511 0.006767 28211316.000000 7511 1 
7512 0.006821 28218828.000000 7512 1 
7513 0.006786 28226341.000000 7513 1 
7514 0.006807 28233855.000000 7514 1 
7515 0.006811 28241370.000000 7515 1 
7516 0.006805 28248886.000000 7516 1 
7517 0.006777 28256403.000000 7517 1 
7518 0.006786 28263921.000000 7518 1 
7519 0.006821 28271440.000000 7519 1 
7520 0.006801 28278960.000000 7520 1 
7521 0.006794 28286481.000000 7521 1 
7522 0.006813 28294003.000000 7522 1 
7523 0.006821 28301526.000000 7523 1 
7524 0.006805 28309050.000000 7524 1 
7525 0.006797 28316575.000000 7525 1 
7526 0.006834 28324101.000000 7526 1 
7527 0.006816 28331628.000000 7527 1 
7528 0.006870 28339156.000000 7528 1 
7529 0.006810 28346685.000000 7529 1 
7530 0.006837 28354215.000000 7530 1 
7531 0.006805 28361746.000000 7531 1 
7532 0.006827 28369278.000000 7532 1 
7533 0.006835 28376811.000000 7533 1 
7534 0.006822 28384345.000000 7534 1 
7535 0.006828 28391880.000000 7535 1 
7536 0.006834 28399416.000000 7536 1 
7537 0.006849 28406953.000000 7537 1 
7538 0.006854 28414491.000000 7538 1 
7539 0.006838 28422030.000000 7539 1 
7540 0.006832 28429570.000000 7540 1 
7541 0.006862 28437111.000000 7541 1 
7542 0.006844 28444653.000000 7542 1 
7543 0.006837 28452196.000000 7543 1 
7544 0.006863 28459740.000000 7544 1 
7545 0.006846 28467285.000000 7545 1 
7546 0.006845 28474831.000000 7546 1 
7547 0.006862 28482378.000000 7547 1 
7548 0.006843 28489926.000000 7548 1 
7549 0.006862 28497475.000000 7549 1 
7550 0.006876 28505025.000000 7550 1 
7551 0.006850 28512576.000000 7551 1 
7552 0.006861 28520128.000000 7552 1 
7553 0.006866 28527681.000000 7553 1 
7554 0.006893 28535235.000000 7554 1 
7555 0.006862 28542790.000000 7555 1 
7556 0.006884 28550346.000000 7556 1 
7557 0.006869 28557903.000000 7557 1 
7558 0.006867 28565461.000000 7558 1 
7559 0.006876 28573020.000000 7559 1 
7560 0.006861 28580580.000000 7560 1 
7561 0.006892 28588141.000000 7561 1 
7562 0.006889 28595703.000000 7562 1 
7563 0.006868 28603266.000000 7563 1 
7564 0.006888 28610830.000000 7564 1 
7565 0.006891 28618395.000000 7565 1 
7566 0.006894 28625961.000000 7566 1 
7567 0.006898 28633528.000000 7567 1 
7568 0.006917 28641096.000000 7568 1 
7569 0.006886 28648665.000000 7569 1 
7570 0.006903 28656235.000000 7570 1 
7571 0.006880 28663806.000000 7571 1 
7572 0.006903 28671378.000000 7572 1 
7573 0.006913 28678951.000000 7573 1 
7574 0.006917 28686525.000000 7574 1 
7575 0.006893 28694100.000000 7575 1 
7576 0.006941 28701676.000000 7576 1 
7577 0.007006 28709253.000000 7577 1 
7578 0.006905 28716831.000000 7578 1 
7579 0.006917 28724410.000000 7579 1 
7580 0.006908 28731990.000000 7580 1 
7581 0.006937 28739571.000000 7581 1 
7582 0.006907 28747153.000000 7582 1 
7583 0.006917 28754736.000000 7583 1 
7584 0.006918 28762320.000000 7584 1 
7585 0.006918 28769905.000000 7585 1 
7586 0.006952 28777491.000000 7586 1 
7587 0.006937 28785078.000000 7587 1 
7588 0.006920 28792666.000000 7588 1 
7589 0.006941 28800255.000000 7589 1 
7590 0.006946 28807845.000000 7590 1 
7591 0.006930 28815436.000000 7591 1 
7592 0.006947 28823028.000000 7592 1 
7593 0.006923 28830621.000000 7593 1 
7594 0.006958 28838215.000000 7594 1 
7595 0.006935 28845810.000000 7595 1 
7596 0.006934 28853406.000000 7596 1 
7597 0.006950 28861003.000000 7597 1 
7598 0.006921 28868601.000000 7598 1 
7599 0.006949 28876200.000000 7599 1 
7600 0.006952 28883800.000000 7600 1 
7601 0.006988 28891401.000000 7601 1 
7602 0.006951 28899003.000000 7602 1 
7603 0.006944 28906606.000000 7603 1 
7604 0.006955 28914210.000000 7604 1 
7605 0.006957 28921815.000000 7605 1 
7606 0.006964 28929421.000000 7606 1 
7607 0.006973 28937028.000000 7607 1 
7608 0.006950 28944636.000000 7608 1 
7609 0.006991 28952245.000000 7609 1 
7610 0.006981 28959855.000000 7610 1 
7611 0.006972 28967466.000000 7611 1 
7612 0.006966 28975078.000000 7612 1 
7613 0.006974 28982691.000000 7613 1 
7614 0.006980 28990305.000000 7614 1 
7615 0.006981 28997920.000000 7615 1 
7616 0.006979 29005536.000000 7616 1 
7617 0.006986 29013153.000000 7617 1 
7618 0.006975 29020771.000000 7618 1 
7619 0.006997 29028390.000000 7619 1 
7620 0.006999 29036010.000000 7620 1 
7621 0.006996 29043631.000000 7621 1 
7622 0.007017 29051253.000000 7622 1 
7623 0.006999 29058876.000000 7623 1 
7624 0.007002 29066500.000000 7624 1 
7625 0.006988 29074125.000000 7625 1 
7626 0.006998 29081751.000000 7626 1 
7627 0.006998 29089378.000000 7627 1 
7628 0.006993 29097006.000000 7628 1 
7629 0.006987 29104635.000000 7629 1 
7630 0.007041 29112265.000000 7630 1 
7631 0.007030 29119896.000000 7631 1 
7632 0.007000 29127528.000000 7632 1 
7633 0.007016 29135161.000000 7633 1 
7634 0.007022 29142795.000000 7634 1 
7635 0.007036 29150430.000000 7635 1 
7636 0.007030 29158066.000000 7636 1 
7637 0.007014 29165703.000000 7637 1 
7638 0.007018 29173341.000000 7638 1 
7639 0.007018 29180980.000000 7639 1 
7640 0.007027 29188620.000000 7640 1 
7641 0.007058 29196261.000000 7641 1 
7642 0.007024 29203903.000000 7642 1 
7643 0.007015 29211546.000000 7643 1 
7644 0.007036 29219190.000000 7644 1 
7645 0.007049 29226835.000000 7645 1 
7646 0.007039 29234481.000000 7646 1 
7647 0.007041 29242128.000000 7647 1 
7648 0.007038 29249776.000000 7648 1 
7649 0.007064 29257425.000000 7649 1 
7650 0.007038 29265075.000000 7650 1 
7651 0.007063 29272726.000000 7651 1 
7652 0.007045 29280378.000000 7652 1 
7653 0.007040 29288031.000000 7653 1 
7654 0.007073 29295685.000000 7654 1 
7655 0.007046 29303340.000000 7655 1 
7656 0.007076 29310996.000000 7656 1 
7657 0.007094 29318653.000000 7657 1 
7658 0.007048 29326311.000000 7658 1 
7659 0.007063 29333970.000000 7659 1 
7660 0.007060 29341630.000000 7660 1 
7661 0.007097 29349291.000000 7661 1 
7662 0.007099 29356953.000000 7662 1 
7663 0.007069 29364616.000000 7663 1 
7664 0.007079 29372280.000000 7664 1 
7665 0.007088 29379945.000000 7665 1 
7666 0.007067 29387611.000000 7666 1 
7667 0.007096 29395278.000000 7667 1 
7668 0.007095 29402946.000000 7668 1 
7669 0.007087 29410615.000000 7669 1 
7670 0.007084 29418285.000000 7670 1 
7671 0.007072 29425956.000000 7671 1 
7672 0.007125 29433628.000000 7672 1 
7673 0.007091 29441301.000000 7673 1 
7674 0.007090 29448975.000000 7674 1 
7675 0.007103 29456650.000000 7675 1 
7676 0.007080 29464326.000000 7676 1 
7677 0.007106 29472003.000000 7677 1 
7678 0.007091 29479681.000000 7678 1 
7679 0.007096 29487360.000000 7679 1 
7680 0.007115 29495040.000000 7680 1 
7681 0.007114 29502721.000000 7681 1 
7682 0.007106 29510403.000000 7682 1 
7683 0.007086 29518086.000000 7683 1 
7684 0.007125 29525770.000000 7684 1 
7685 0.007105 29533455.000000 7685 1 
7686 0.007114 29541141.000000 7686 1 
7687 0.007110 29548828.000000 7687 1 
7688 0.007109 29556516.000000 7688 1 
7689 0.007134 29564205.000000 7689 1 
7690 0.007105 29571895.000000 7690 1 
7691 0.007127 29579586.000000 7691 1 
7692 0.007122 29587278.000000 7692 1 
7693 0.007135 29594971.000000 7693 1 
7694 0.007147 29602665.000000 7694 1 
7695 0.007121 29610360.000000 7695 1 
7696 0.007125 29618056.000000 7696 1 
7697 0.007127 29625753.000000 7697 1 
7698 0.007119 29633451.000000 7698 1 
7699 0.007131 29641150.000000 7699 1 
7700 0.007135 29648850.000000 7700 1 
7701 0.007140 29656551.000000 7701 1 
7702 0.007155 29664253.000000 7702 1 
7703 0.007142 29671956.000000 7703 1 
7704 0.007129 29679660.000000 7704 1 
7705 0.007154 29687365.000000 7705 1 
7706 0.007159 29695071.000000 7706 1 
7707 0.007138 29702778.000000 7707 1 
7708 0.007151 29710486.000000 7708 1 
7709 0.007153 29718195.000000 7709 1 
7710 0.007178 29725905.000000 7710 1 
7711 0.007156 29733616.000000 7711 1 
7712 0.007148 29741328.000000 7712 1 
7713 0.007171 29749041.000000 7713 1 
7714 0.007157 29756755.000000 7714 1 
7715 0.007161 29764470.000000 7715 1 
7716 0.007175 29772186.000000 7716 1 
7717 0.007172 29779903.000000 7717 1 
7718 0.007171 29787621.000000 7718 1 
7719 0.007168 29795340.000000 7719 1 
7720 0.007198 29803060.000000 7720 1 
7721 0.007168 29810781.000000 7721 1 
7722 0.007180 29818503.000000 7722 1 
7723 0.007190 29826226.000000 7723 1 
7724 0.007182 29833950.000000 7724 1 
7725 0.007191 29841675.000000 7725 1 
7726 0.007174 29849401.000000 7726 1 
7727 0.007183 29857128.000000 7727 1 
7728 0.007196 29864856.000000 7728 1 
7729 0.007212 29872585.000000 7729 1 
7730 0.007166 29880315.000000 7730 1 
7731 0.007221 29888046.000000 7731 1 
7732 0.007172 29895778.000000 7732 1 
7733 0.007206 29903511.000000 7733 1 
7734 0.007208 29911245.000000 7734 1 
7735 0.007183 29918980.000000 7735 1 
7736 0.007195 29926716.000000 7736 1 
7737 0.007231 29934453.000000 7737 1 
7738 0.007228 29942191.000000 7738 1 
7739 0.007200 29949930.000000 7739 1 
7740 0.007212 29957670.000000 7740 1 
7741 0.007249 29965411.000000 7741 1 
7742 0.007215 29973153.000000 7742 1 
7743 0.007217 29980896.000000 7743 1 
7744 0.007201 29988640.000000 7744 1 
7745 0.007231 29996385.000000 7745 1 
7746 0.007213 30004131.000000 7746 1 
7747 0.007230 30011878.000000 7747 1 
7748 0.007236 30019626.000000 7748 1 
7749 0.007228 30027375.000000 7749 1 
7750 0.007241 30035125.000000 7750 1 
7751 0.007243 30042876.000000 7751 1 
7752 0.007218 30050628.000000 7752 1 
7753 0.007276 30058381.000000 7753 1 
7754 0.007214 30066135.000000 7754 1 
7755 0.007252 30073890.000000 7755 1 
7756 0.007222 30081646.000000 7756 1 
7757 0.007259 30089403.000000 7757 1 
7758 0.007226 30097161.000000 7758 1 
7759 0.007253 30104920.000000 7759 1 
7760 0.007238 30112680.000000 7760 1 
7761 0.007268 30120441.000000 7761 1 
7762 0.007251 30128203.000000 7762 1 
7763 0.007255 30135966.000000 7763 1 
7764 0.007260 30143730.000000 7764 1 
7765 0.007267 30151495.000000 7765 1 
7766 0.007254 30159261.000000 7766 1 
7767 0.007276 30167028.000000 7767 1 
7768 0.007242 30174796.000000 7768 1 
7769 0.007298 30182565.000000 7769 1 
7770 0.007258 30190335.000000 7770 1 
7771 0.007291 30198106.000000 7771 1 
7772 0.007305 30205878.000000 7772 1 
7773 0.007279 30213651.000000 7773 1 
7774 0.007264 30221425.000000 7774 1 
7775 0.007297 30229200.000000 7775 1 
7776 0.007268 30236976.000000 7776 1 
7777 0.007274 30244753.000000 7777 1 
7778 0.007294 30252531.000000 7778 1 
7779 0.007301 30260310.000000 7779 1 
7780 0.007302 30268090.000000 7780 1 
7781 0.007325 30275871.000000 7781 1 
7782 0.007268 30283653.000000 7782 1 
7783 0.007290 30291436.000000 7783 1 
7784 0.007304 30299220.000000 7784 1 
7785 0.007275 30307005.000000 7785 1 
7786 0.007292 30314791.000000 7786 1 
7787 0.007329 30322578.000000 7787 1 
7788 0.007291 30330366.000000 7788 1 
7789 0.007292 30338155.000000 7789 1 
7790 0.007317 30345945.000000 7790 1 
7791 0.007293 30353736.000000 7791 1 
7792 0.007297 30361528.000000 7792 1 
7793 0.007339 30369321.000000 7793 1 
7794 0.007315 30377115.000000 7794 1 
7795 0.007288 30384910.000000 7795 1 
7796 0.007321 30392706.000000 7796 1 
7797 0.007320 30400503.000000 7797 1 
7798 0.007325 30408301.000000 7798 1 
7799 0.007350 30416100.000000 7799 1 
7800 0.007343 30423900.000000 7800 1 
7801 0.007339 30431701.000000 7801 1 
7802 0.007303 30439503.000000 7802 1 
7803 0.007311 30447306.000000 7803 1 
7804 0.007356 30455110.000000 7804 1 
7805 0.007339 30462915.000000 7805 1 
7806 0.007339 30470721.000000 7806 1 
7807 0.007333 30478528.000000 7807 1 
7808 0.007356 30486336.000000 7808 1 
7809 0.007372 30494145.000000 7809 1 
7810 0.007366 30501955.000000 7810 1 
7811 0.007330 30509766.000000 7811 1 
7812 0.007338 30517578.000000 7812 1 
7813 0.007392 30525391.000000 7813 1 
7814 0.007350 30533205.000000 7814 1 
7815 0.007343 30541020.000000 7815 1 
7816 0.007353 30548836.000000 7816 1 
7817 0.007362 30556653.000000 7817 1 
7818 0.007382 30564471.000000 7818 1 
7819 0.007343 30572290.000000 7819 1 
7820 0.007353 30580110.000000 7820 1 
7821 0.007367 30587931.000000 7821 1 
7822 0.007371 30595753.000000 7822 1 
7823 0.007376 30603576.000000 7823 1 
7824 0.007349 30611400.000000 7824 1 
7825 0.007429 30619225.000000 7825 1 
7826 0.007673 30627051.000000 7826 1 
7827 0.007084 30634878.000000 7827 1 
7828 0.007032 30642706.000000 7828 1 
7829 0.007014 30650535.000000 7829 1 
7830 0.006999 30658365.000000 7830 1 
7831 0.007085 30666196.000000 7831 1 
7832 0.007093 30674028.000000 7832 1 
7833 0.007156 30681861.000000 7833 1 
7834 0.007164 30689695.000000 7834 1 
7835 0.007159 30697530.000000 7835 1 
7836 0.007194 30705366.000000 7836 1 
7837 0.007180 30713203.000000 7837 1 
7838 0.007196 30721041.000000 7838 1 
7839 0.007191 30728880.000000 7839 1 
7840 0.007248 30736720.000000 7840 1 
7841 0.007193 30744561.000000 7841 1 
7842 0.007245 30752403.000000 7842 1 
7843 0.007214 30760246.000000 7843 1 
7844 0.007238 30768090.000000 7844 1 
7845 0.007235 30775935.000000 7845 1 
7846 0.007236 30783781.000000 7846 1 
7847 0.007245 30791628.000000 7847 1 
7848 0.007227 30799476.000000 7848 1 
7849 0.007273 30807325.000000 7849 1 
7850 0.007240 30815175.000000 7850 1 
7851 0.007263 30823026.000000 7851 1 
7852 0.007250 30830878.000000 7852 1 
7853 0.007263 30838731.000000 7853 1 
7854 0.007275 30846585.000000 7854 1 
7855 0.007262 30854440.000000 7855 1 
7856 0.007269 30862296.000000 7856 1 
7857 0.007271 30870153.000000 7857 1 
7858 0.007252 30878011.000000 7858 1 
7859 0.007288 30885870.000000 7859 1 
7860 0.007262 30893730.000000 7860 1 
7861 0.007305 30901591.000000 7861 1 
7862 0.007301 30909453.000000 7862 1 
7863 0.007296 30917316.000000 7863 1 
7864 0.007296 30925180.000000 7864 1 
7865 0.007282 30933045.000000 7865 1 
7866 0.007273 30940911.000000 7866 1 
7867 0.007299 30948778.000000 7867 1 
7868 0.007301 30956646.000000 7868 1 
7869 0.007285 30964515.000000 7869 1 
7870 0.007294 30972385.000000 7870 1 
7871 0.007322 30980256.000000 7871 1 
7872 0.007306 30988128.000000 7872 1 
7873 0.007292 30996001.000000 7873 1 
7874 0.007317 31003875.000000 7874 1 
7875 0.007304 31011750.000000 7875 1 
7876 0.007308 31019626.000000 7876 1 
7877 0.007312 31027503.000000 7877 1 
7878 0.007323 31035381.000000 7878 1 
7879 0.007311 31043260.000000 7879 1 
7880 0.007318 31051140.000000 7880 1 
7881 0.007322 31059021.000000 7881 1 
7882 0.007332 31066903.000000 7882 1 
7883 0.007326 31074786.000000 7883 1 
7884 0.007325 31082670.000000 7884 1 
7885 0.007322 31090555.000000 7885 1 
7886 0.007336 31098441.000000 7886 1 
7887 0.007327 31106328.000000 7887 1 
7888 0.007361 31114216.000000 7888 1 
7889 0.007327 31122105.000000 7889 1 
7890 0.007320 31129995.000000 7890 1 
7891 0.007483 31137886.000000 7891 1 
7892 0.007485 31145778.000000 7892 1 
7893 0.007349 31153671.000000 7893 1 
7894 0.007348 31161565.000000 7894 1 
7895 0.007386 31169460.000000 7895 1 
7896 0.007351 31177356.000000 7896 1 
7897 0.007337 31185253.000000 7897 1 
7898 0.007375 31193151.000000 7898 1 
7899 0.007364 31201050.000000 7899 1 
7900 0.007370 31208950.000000 7900 1 
7901 0.007349 31216851.000000 7901 1 
7902 0.007365 31224753.000000 7902 1 
7903 0.007397 31232656.000000 7903 1 
7904 0.007379 31240560.000000 7904 1 
7905 0.007372 31248465.000000 7905 1 
7906 0.007374 31256371.000000 7906 1 
7907 0.007371 31264278.000000 7907 1 
7908 0.007400 31272186.000000 7908 1 
7909 0.007397 31280095.000000 7909 1 
7910 0.007366 31288005.000000 7910 1 
7911 0.007393 31295916.000000 7911 1 
7912 0.007389 31303828.000000 7912 1 
7913 0.007395 31311741.000000 7913 1 
7914 0.007387 31319655.000000 7914 1 
7915 0.007406 31327570.000000 7915 1 
7916 0.007403 31335486.000000 7916 1 
7917 0.007481 31343403.000000 7917 1 
7918 0.007467 31351321.000000 7918 1 
7919 0.007401 31359240.000000 7919 1 
7920 0.007414 31367160.000000 7920 1 
7921 0.007400 31375081.000000 7921 1 
7922 0.007411 31383003.000000 7922 1 
7923 0.007405 31390926.000000 7923 1 
7924 0.007411 31398850.000000 7924 1 
7925 0.007421 31406775.000000 7925 1 
7926 0.007444 31414701.000000 7926 1 
7927 0.007424 31422628.000000 7927 1 
7928 0.007433 31430556.000000 7928 1 
7929 0.007431 31438485.000000 7929 1 
7930 0.007422 31446415.000000 7930 1 
7931 0.007457 31454346.000000 7931 1 
7932 0.007429 31462278.000000 7932 1 
7933 0.007433 31470211.000000 7933 1 
7934 0.007428 31478145.000000 7934 1 
7935 0.007465 31486080.000000 7935 1 
7936 0.007427 31494016.000000 7936 1 
7937 0.007441 31501953.000000 7937 1 
7938 0.007450 31509891.000000 7938 1 
7939 0.007452 31517830.000000 7939 1 
7940 0.007451 31525770.000000 7940 1 
7941 0.007441 31533711.000000 7941 1 
7942 0.007437 31541653.000000 7942 1 
7943 0.007456 31549596.000000 7943 1 
7944 0.007443 31557540.000000 7944 1 
7945 0.007464 31565485.000000 7945 1 
7946 0.007480 31573431.000000 7946 1 
7947 0.007472 31581378.000000 7947 1 
7948 0.007464 31589326.000000 7948 1 
7949 0.007470 31597275.000000 7949 1 
7950 0.007463 31605225.000000 7950 1 
7951 0.007460 31613176.000000 7951 1 
7952 0.007467 31621128.000000 7952 1 
7953 0.007484 31629081.000000 7953 1 
7954 0.007470 31637035.000000 7954 1 
7955 0.007466 31644990.000000 7955 1 
7956 0.007475 31652946.000000 7956 1 
7957 0.007493 31660903.000000 7957 1 
7958 0.007473 31668861.000000 7958 1 
7959 0.007485 31676820.000000 7959 1 
7960 0.007470 31684780.000000 7960 1 
7961 0.007494 31692741.000000 7961 1 
7962 0.007492 31700703.000000 7962 1 
7963 0.007487 31708666.000000 7963 1 
7964 0.007488 31716630.000000 7964 1 
7965 0.007519 31724595.000000 7965 1 
7966 0.007508 31732561.000000 7966 1 
7967 0.007496 31740528.000000 7967 1 
7968 0.007519 31748496.000000 7968 1 
7969 0.007504 31756465.000000 7969 1 
7970 0.007518 31764435.000000 7970 1 
7971 0.007500 31772406.000000 7971 1 
7972 0.007537 31780378.000000 7972 1 
7973 0.007511 31788351.000000 7973 1 
7974 0.007498 31796325.000000 7974 1 
7975 0.007521 31804300.000000 7975 1 
7976 0.007521 31812276.000000 7976 1 
7977 0.007523 31820253.000000 7977 1 
7978 0.007543 31828231.000000 7978 1 
7979 0.007529 31836210.000000 7979 1 
7980 0.007522 31844190.000000 7980 1 
7981 0.007555 31852171.000000 7981 1 
7982 0.007524 31860153.000000 7982 1 
7983 0.007533 31868136.000000 7983 1 
7984 0.007535 31876120.000000 7984 1 
7985 0.007527 31884105.000000 7985 1 
7986 0.007567 31892091.000000 7986 1 
7987 0.007531 31900078.000000 7987 1 
7988 0.007546 31908066.000000 7988 1 
7989 0.007528 31916055.000000 7989 1 
7990 0.007541 31924045.000000 7990 1 
7991 0.007569 31932036.000000 7991 1 
7992 0.007565 31940028.000000 7992 1 
7993 0.007538 31948021.000000 7993 1 
7994 0.007624 31956015.000000 7994 1 
7995 0.007591 31964010.000000 7995 1 
7996 0.007559 31972006.000000 7996 1 
7997 0.007561 31980003.000000 7997 1 
7998 0.007568 31988001.000000 7998 1 
7999 0.007573 31996000.000000 7999 1 
8000 0.007549 32004000.000000 8000 1 
8001 0.007591 32012001.000000 8001 1 
8002 0.007555 32020003.000000 8002 1 
8003 0.007580 32028006.000000 8003 1 
8004 0.007583 32036010.000000 8004 1 
8005 0.007554 32044015.000000 8005 1 
8006 0.007577 32052021.000000 8006 1 
8007 0.007568 32060028.000000 8007 1 
8008 0.007577 32068036.000000 8008 1 
8009 0.007565 32076045.000000 8009 1 
8010 0.007597 32084055.000000 8010 1 
8011 0.007583 32092066.000000 8011 1 
8012 0.007618 32100078.000000 8012 1 
8013 0.007608 32108091.000000 8013 1 
8014 0.007624 32116105.000000 8014 1 
8015 0.007588 32124120.000000 8015 1 
8016 0.007606 32132136.000000 8016 1 
8017 0.007599 32140153.000000 8017 1 
8018 0.007595 32148171.000000 8018 1 
8019 0.007604 32156190.000000 8019 1 
8020 0.007626 32164210.000000 8020 1 
8021 0.007601 32172231.000000 8021 1 
8022 0.007654 32180253.000000 8022 1 
8023 0.007619 32188276.000000 8023 1 
8024 0.007609 32196300.000000 8024 1 
8025 0.007605 32204325.000000 8025 1 
8026 0.007630 32212351.000000 8026 1 
8027 0.007609 32220378.000000 8027 1 
8028 0.007623 32228406.000000 8028 1 
8029 0.007636 32236435.000000 8029 1 
8030 0.007618 32244465.000000 8030 1 
8031 0.007632 32252496.000000 8031 1 
8032 0.007659 32260528.000000 8032 1 
8033 0.007634 32268561.000000 8033 1 
8034 0.007637 32276595.000000 8034 1 
8035 0.007662 32284630.000000 8035 1 
8036 0.007633 32292666.000000 8036 1 
8037 0.007641 32300703.000000 8037 1 
8038 0.007647 32308741.000000 8038 1 
8039 0.007643 32316780.000000 8039 1 
8040 0.007662 32324820.000000 8040 1 
8041 0.007666 32332861.000000 8041 1 
8042 0.007665 32340903.000000 8042 1 
8043 0.007624 32348946.000000 8043 1 
8044 0.007660 32356990.000000 8044 1 
8045 0.007653 32365035.000000 8045 1 
8046 0.007639 32373081.000000 8046 1 
8047 0.007656 32381128.000000 8047 1 
8048 0.007682 32389176.000000 8048 1 
8049 0.007641 32397225.000000 8049 1 
8050 0.007664 32405275.000000 8050 1 
8051 0.007672 32413326.000000 8051 1 
8052 0.007670 32421378.000000 8052 1 
8053 0.007653 32429431.000000 8053 1 
8054 0.007668 32437485.000000 8054 1 
8055 0.007670 32445540.000000 8055 1 
8056 0.007652 32453596.000000 8056 1 
8057 0.007696 32461653.000000 8057 1 
8058 0.007687 32469711.000000 8058 1 
8059 0.007654 32477770.000000 8059 1 
8060 0.007673 32485830.000000 8060 1 
8061 0.007698 32493891.000000 8061 1 
8062 0.007693 32501953.000000 8062 1 
8063 0.007694 32510016.000000 8063 1 
8064 0.007677 32518080.000000 8064 1 
8065 0.007690 32526145.000000 8065 1 
8066 0.007706 32534211.000000 8066 1 
8067 0.007684 32542278.000000 8067 1 
8068 0.007702 32550346.000000 8068 1 
8069 0.007710 32558415.000000 8069 1 
8070 0.007717 32566485.000000 8070 1 
8071 0.007731 32574556.000000 8071 1 
8072 0.007675 32582628.000000 8072 1 
8073 0.007698 32590701.000000 8073 1 
8074 0.007709 32598775.000000 8074 1 
8075 0.007697 32606850.000000 8075 1 
8076 0.007715 32614926.000000 8076 1 
8077 0.007764 32623003.000000 8077 1 
8078 0.007695 32631081.000000 8078 1 
8079 0.007736 32639160.000000 8079 1 
8080 0.007716 32647240.000000 8080 1 
8081 0.007725 32655321.000000 8081 1 
8082 0.007723 32663403.000000 8082 1 
8083 0.007718 32671486.000000 8083 1 
8084 0.007755 32679570.000000 8084 1 
8085 0.007744 32687655.000000 8085 1 
8086 0.007742 32695741.000000 8086 1 
8087 0.007728 32703828.000000 8087 1 
8088 0.007731 32711916.000000 8088 1 
8089 0.007746 32720005.000000 8089 1 
8090 0.007747 32728095.000000 8090 1 
8091 0.007727 32736186.000000 8091 1 
8092 0.007753 32744278.000000 8092 1 
8093 0.007741 32752371.000000 8093 1 
8094 0.007759 32760465.000000 8094 1 
8095 0.007754 32768560.000000 8095 1 
8096 0.007722 32776656.000000 8096 1 
8097 0.007775 32784753.000000 8097 1 
8098 0.007756 32792851.000000 8098 1 
8099 0.007763 32800950.000000 8099 1 
8100 0.007769 32809050.000000 8100 1 
8101 0.007733 32817151.000000 8101 1 
8102 0.007777 32825253.000000 8102 1 
8103 0.007764 32833356.000000 8103 1 
8104 0.007758 32841460.000000 8104 1 
8105 0.007763 32849565.000000 8105 1 
8106 0.007754 32857671.000000 8106 1 
8107 0.007785 32865778.000000 8107 1 
8108 0.007767 32873886.000000 8108 1 
8109 0.007768 32881995.000000 8109 1 
8110 0.007803 32890105.000000 8110 1 
8111 0.007787 32898216.000000 8111 1 
8112 0.007778 32906328.000000 8112 1 
8113 0.007790 32914441.000000 8113 1 
8114 0.007782 32922555.000000 8114 1 
8115 0.007794 32930670.000000 8115 1 
8116 0.007802 32938786.000000 8116 1 
8117 0.007767 32946903.000000 8117 1 
8118 0.007788 32955021.000000 8118 1 
8119 0.007793 32963140.000000 8119 1 
8120 0.007808 32971260.000000 8120 1 
8121 0.007820 32979381.000000 8121 1 
8122 0.007809 32987503.000000 8122 1 
8123 0.007798 32995626.000000 8123 1 
8124 0.007820 33003750.000000 8124 1 
8125 0.007809 33011875.000000 8125 1 
8126 0.007825 33020001.000000 8126 1 
8127 0.007826 33028128.000000 8127 1 
8128 0.007816 33036256.000000 8128 1 
8129 0.007819 33044385.000000 8129 1 
8130 0.007823 33052515.000000 8130 1 
8131 0.007819 33060646.000000 8131 1 
8132 0.007828 33068778.000000 8132 1 
8133 0.007828 33076911.000000 8133 1 
8134 0.007830 33085045.000000 8134 1 
8135 0.007846 33093180.000000 8135 1 
8136 0.007826 33101316.000000 8136 1 
8137 0.007837 33109453.000000 8137 1 
8138 0.007841 33117591.000000 8138 1 
8139 0.007819 33125730.000000 8139 1 
8140 0.007838 33133870.000000 8140 1 
8141 0.007862 33142011.000000 8141 1 
8142 0.007831 33150153.000000 8142 1 
8143 0.007847 33158296.000000 8143 1 
8144 0.007838 33166440.000000 8144 1 
8145 0.007891 33174585.000000 8145 1 
8146 0.007859 33182731.000000 8146 1 
8147 0.007838 33190878.000000 8147 1 
8148 0.007863 33199026.000000 8148 1 
8149 0.007856 33207175.000000 8149 1 
8150 0.007851 33215325.000000 8150 1 
8151 0.007885 33223476.000000 8151 1 
8152 0.007872 33231628.000000 8152 1 
8153 0.007858 33239781.000000 8153 1 
8154 0.007871 33247935.000000 8154 1 
8155 0.007861 33256090.000000 8155 1 
8156 0.007857 33264246.000000 8156 1 
8157 0.007874 33272403.000000 8157 1 
8158 0.007877 33280561.000000 8158 1 
8159 0.007899 33288720.000000 8159 1 
8160 0.007877 33296880.000000 8160 1 
8161 0.007856 33305041.000000 8161 1 
8162 0.007884 33313203.000000 8162 1 
8163 0.007924 33321366.000000 8163 1 
8164 0.007886 33329530.000000 8164 1 
8165 0.007880 33337695.000000 8165 1 
8166 0.007973 33345861.000000 8166 1 
8167 0.007913 33354028.000000 8167 1 
8168 0.007889 33362196.000000 8168 1 
8169 0.007889 33370365.000000 8169 1 
8170 0.007910 33378535.000000 8170 1 
8171 0.007901 33386706.000000 8171 1 
8172 0.007887 33394878.000000 8172 1 
8173 0.007903 33403051.000000 8173 1 
8174 0.007928 33411225.000000 8174 1 
8175 0.007925 33419400.000000 8175 1 
8176 0.007916 33427576.000000 8176 1 
8177 0.007927 33435753.000000 8177 1 
8178 0.007937 33443931.000000 8178 1 
8179 0.007930 33452110.000000 8179 1 
8180 0.007905 33460290.000000 8180 1 
8181 0.007919 33468471.000000 8181 1 
8182 0.007917 33476653.000000 8182 1 
8183 0.007938 33484836.000000 8183 1 
8184 0.007931 33493020.000000 8184 1 
8185 0.007928 33501205.000000 8185 1 
8186 0.007924 33509391.000000 8186 1 
8187 0.007940 33517578.000000 8187 1 
8188 0.007959 33525766.000000 8188 1 
8189 0.007950 33533955.000000 8189 1 
8190 0.007926 33542145.000000 8190 1 
8191 0.007954 33550336.000000 8191 1 
8192 0.007937 33558528.000000 8192 1 
8193 0.007929 33566721.000000 8193 1 
8194 0.007924 33574915.000000 8194 1 
8195 0.007937 33583110.000000 8195 1 
8196 0.007956 33591306.000000 8196 1 
8197 0.007948 33599503.000000 8197 1 
8198 0.007951 33607701.000000 8198 1 
8199 0.007955 33615900.000000 8199 1 
8200 0.007936 33624100.000000 8200 1 
8201 0.007948 33632301.000000 8201 1 
8202 0.007974 33640503.000000 8202 1 
8203 0.007951 33648706.000000 8203 1 
8204 0.007997 33656910.000000 8204 1 
8205 0.007962 33665115.000000 8205 1 
8206 0.007959 33673321.000000 8206 1 
8207 0.007964 33681528.000000 8207 1 
8208 0.007987 33689736.000000 8208 1 
8209 0.007989 33697945.000000 8209 1 
8210 0.007963 33706155.000000 8210 1 
8211 0.007983 33714366.000000 8211 1 
8212 0.007987 33722578.000000 8212 1 
8213 0.007976 33730791.000000 8213 1 
8214 0.007997 33739005.000000 8214 1 
8215 0.007962 33747220.000000 8215 1 
8216 0.007998 33755436.000000 8216 1 
8217 0.007980 33763653.000000 8217 1 
8218 0.007999 33771871.000000 8218 1 
8219 0.007986 33780090.000000 8219 1 
8220 0.007982 33788310.000000 8220 1 
8221 0.007992 33796531.000000 8221 1 
8222 0.007998 33804753.000000 8222 1 
8223 0.008006 33812976.000000 8223 1 
8224 0.008011 33821200.000000 8224 1 
8225 0.007990 33829425.000000 8225 1 
8226 0.007999 33837651.000000 8226 1 
8227 0.008018 33845878.000000 8227 1 
8228 0.008010 33854106.000000 8228 1 
8229 0.008018 33862335.000000 8229 1 
8230 0.008010 33870565.000000 8230 1 
8231 0.007990 33878796.000000 8231 1 
8232 0.008021 33887028.000000 8232 1 
8233 0.008029 33895261.000000 8233 1 
8234 0.008035 33903495.000000 8234 1 
8235 0.008029 33911730.000000 8235 1 
8236 0.008006 33919966.000000 8236 1 
8237 0.008027 33928203.000000 8237 1 
8238 0.008021 33936441.000000 8238 1 
8239 0.008033 33944680.000000 8239 1 
8240 0.008055 33952920.000000 8240 1 
8241 0.008039 33961161.000000 8241 1 
8242 0.008036 33969403.000000 8242 1 
8243 0.008036 33977646.000000 8243 1 
8244 0.008036 33985890.000000 8244 1 
8245 0.008042 33994135.000000 8245 1 
8246 0.008059 34002381.000000 8246 1 
8247 0.008073 34010628.000000 8247 1 
8248 0.008040 34018876.000000 8248 1 
8249 0.008047 34027125.000000 8249 1 
8250 0.008040 34035375.000000 8250 1 
8251 0.008056 34043626.000000 8251 1 
8252 0.008079 34051878.000000 8252 1 
8253 0.008052 34060131.000000 8253 1 
8254 0.008055 34068385.000000 8254 1 
8255 0.008065 34076640.000000 8255 1 
8256 0.008066 34084896.000000 8256 1 
8257 0.008056 34093153.000000 8257 1 
8258 0.008068 34101411.000000 8258 1 
8259 0.008065 34109670.000000 8259 1 
8260 0.008111 34117930.000000 8260 1 
8261 0.008100 34126191.000000 8261 1 
8262 0.008058 34134453.000000 8262 1 
8263 0.008081 34142716.000000 8263 1 
8264 0.008092 34150980.000000 8264 1 
8265 0.008079 34159245.000000 8265 1 
8266 0.008133 34167511.000000 8266 1 
8267 0.008086 34175778.000000 8267 1 
8268 0.008074 34184046.000000 8268 1 
8269 0.008091 34192315.000000 8269 1 
8270 0.008129 34200585.000000 8270 1 
8271 0.008127 34208856.000000 8271 1 
8272 0.008118 34217128.000000 8272 1 
8273 0.008089 34225401.000000 8273 1 
8274 0.008110 34233675.000000 8274 1 
8275 0.008098 34241950.000000 8275 1 
8276 0.008120 34250226.000000 8276 1 
8277 0.008114 34258503.000000 8277 1 
8278 0.008126 34266781.000000 8278 1 
8279 0.008123 34275060.000000 8279 1 
8280 0.008112 34283340.000000 8280 1 
8281 0.008120 34291621.000000 8281 1 
8282 0.008117 34299903.000000 8282 1 
8283 0.008150 34308186.000000 8283 1 
8284 0.008118 34316470.000000 8284 1 
8285 0.008123 34324755.000000 8285 1 
8286 0.008130 34333041.000000 8286 1 
8287 0.008145 34341328.000000 8287 1 
8288 0.008113 34349616.000000 8288 1 
8289 0.008144 34357905.000000 8289 1 
8290 0.008140 34366195.000000 8290 1 
8291 0.008139 34374486.000000 8291 1 
8292 0.008138 34382778.000000 8292 1 
8293 0.008135 34391071.000000 8293 1 
8294 0.008124 34399365.000000 8294 1 
8295 0.008136 34407660.000000 8295 1 
8296 0.008136 34415956.000000 8296 1 
8297 0.008169 34424253.000000 8297 1 
8298 0.008191 34432551.000000 8298 1 
8299 0.008151 34440850.000000 8299 1 
8300 0.008138 34449150.000000 8300 1 
8301 0.008179 34457451.000000 8301 1 
8302 0.008170 34465753.000000 8302 1 
8303 0.008170 34474056.000000 8303 1 
8304 0.008150 34482360.000000 8304 1 
8305 0.008150 34490665.000000 8305 1 
8306 0.008154 34498971.000000 8306 1 
8307 0.008191 34507278.000000 8307 1 
8308 0.008147 34515586.000000 8308 1 
8309 0.008150 34523895.000000 8309 1 
8310 0.008188 34532205.000000 8310 1 
8311 0.008189 34540516.000000 8311 1 
8312 0.008182 34548828.000000 8312 1 
8313 0.008188 34557141.000000 8313 1 
8314 0.008193 34565455.000000 8314 1 
8315 0.008177 34573770.000000 8315 1 
8316 0.008202 34582086.000000 8316 1 
8317 0.008164 34590403.000000 8317 1 
8318 0.008177 34598721.000000 8318 1 
8319 0.008214 34607040.000000 8319 1 
8320 0.008200 34615360.000000 8320 1 
8321 0.008208 34623681.000000 8321 1 
8322 0.008201 34632003.000000 8322 1 
8323 0.008196 34640326.000000 8323 1 
8324 0.008206 34648650.000000 8324 1 
8325 0.008211 34656975.000000 8325 1 
8326 0.008199 34665301.000000 8326 1 
8327 0.008232 34673628.000000 8327 1 
8328 0.008224 34681956.000000 8328 1 
8329 0.008209 34690285.000000 8329 1 
8330 0.008212 34698615.000000 8330 1 
8331 0.008220 34706946.000000 8331 1 
8332 0.008229 34715278.000000 8332 1 
8333 0.008237 34723611.000000 8333 1 
8334 0.008221 34731945.000000 8334 1 
8335 0.008208 34740280.000000 8335 1 
8336 0.008235 34748616.000000 8336 1 
8337 0.008213 34756953.000000 8337 1 
8338 0.008201 34765291.000000 8338 1 
8339 0.008285 34773630.000000 8339 1 
8340 0.008238 34781970.000000 8340 1 
8341 0.008205 34790311.000000 8341 1 
8342 0.008249 34798653.000000 8342 1 
8343 0.008231 34806996.000000 8343 1 
8344 0.008226 34815340.000000 8344 1 
8345 0.008224 34823685.000000 8345 1 
8346 0.008219 34832031.000000 8346 1 
8347 0.008241 34840378.000000 8347 1 
8348 0.008267 34848726.000000 8348 1 
8349 0.008262 34857075.000000 8349 1 
8350 0.008228 34865425.000000 8350 1 
8351 0.008269 34873776.000000 8351 1 
8352 0.008250 34882128.000000 8352 1 
8353 0.008242 34890481.000000 8353 1 
8354 0.008253 34898835.000000 8354 1 
8355 0.008245 34907190.000000 8355 1 
8356 0.008286 34915546.000000 8356 1 
8357 0.008248 34923903.000000 8357 1 
8358 0.008260 34932261.000000 8358 1 
8359 0.008319 34940620.000000 8359 1 
8360 0.007983 34948980.000000 8360 1 
8361 0.008058 34957341.000000 8361 1 
8362 0.008219 34965703.000000 8362 1 
8363 0.008298 34974066.000000 8363 1 
8364 0.008278 34982430.000000 8364 1 
8365 0.008314 34990795.000000 8365 1 
8366 0.008340 34999161.000000 8366 1 
8367 0.008361 35007528.000000 8367 1 
8368 0.008419 35015896.000000 8368 1 
8369 0.008388 35024265.000000 8369 1 
8370 0.008440 35032635.000000 8370 1 
8371 0.008393 35041006.000000 8371 1 
8372 0.008414 35049378.000000 8372 1 
8373 0.008416 35057751.000000 8373 1 
8374 0.008428 35066125.000000 8374 1 
8375 0.008470 35074500.000000 8375 1 
8376 0.008435 35082876.000000 8376 1 
8377 0.008447 35091253.000000 8377 1 
8378 0.008438 35099631.000000 8378 1 
8379 0.008461 35108010.000000 8379 1 
8380 0.008444 35116390.000000 8380 1 
8381 0.008488 35124771.000000 8381 1 
8382 0.008458 35133153.000000 8382 1 
8383 0.008469 35141536.000000 8383 1 
8384 0.008461 35149920.000000 8384 1 
8385 0.008470 35158305.000000 8385 1 
8386 0.008462 35166691.000000 8386 1 
8387 0.008487 35175078.000000 8387 1 
8388 0.008522 35183466.000000 8388 1 
8389 0.008491 35191855.000000 8389 1 
8390 0.008490 35200245.000000 8390 1 
8391 0.008496 35208636.000000 8391 1 
8392 0.008475 35217028.000000 8392 1 
8393 0.008503 35225421.000000 8393 1 
8394 0.008499 35233815.000000 8394 1 
8395 0.008494 35242210.000000 8395 1 
8396 0.008523 35250606.000000 8396 1 
8397 0.008493 35259003.000000 8397 1 
8398 0.008538 35267401.000000 8398 1 
8399 0.008496 35275800.000000 8399 1 
8400 0.008505 35284200.000000 8400 1 
8401 0.008527 35292601.000000 8401 1 
8402 0.008522 35301003.000000 8402 1 
8403 0.008522 35309406.000000 8403 1 
8404 0.008532 35317810.000000 8404 1 
8405 0.008521 35326215.000000 8405 1 
8406 0.008548 35334621.000000 8406 1 
8407 0.008517 35343028.000000 8407 1 
8408 0.008538 35351436.000000 8408 1 
8409 0.008539 35359845.000000 8409 1 
8410 0.008551 35368255.000000 8410 1 
8411 0.008538 35376666.000000 8411 1 
8412 0.008552 35385078.000000 8412 1 
8413 0.008544 35393491.000000 8413 1 
8414 0.008551 35401905.000000 8414 1 
8415 0.008606 35410320.000000 8415 1 
8416 0.008566 35418736.000000 8416 1 
8417 0.008583 35427153.000000 8417 1 
8418 0.008631 35435571.000000 8418 1 
8419 0.008591 35443990.000000 8419 1 
8420 0.008598 35452410.000000 8420 1 
8421 0.008586 35460831.000000 8421 1 
8422 0.008593 35469253.000000 8422 1 
8423 0.008586 35477676.000000 8423 1 
8424 0.008566 35486100.000000 8424 1 
8425 0.008613 35494525.000000 8425 1 
8426 0.008561 35502951.000000 8426 1 
8427 0.008599 35511378.000000 8427 1 
8428 0.008667 35519806.000000 8428 1 
8429 0.008608 35528235.000000 8429 1 
8430 0.008589 35536665.000000 8430 1 
8431 0.008600 35545096.000000 8431 1 
8432 0.008607 35553528.000000 8432 1 
8433 0.008595 35561961.000000 8433 1 
8434 0.008583 35570395.000000 8434 1 
8435 0.008616 35578830.000000 8435 1 
8436 0.008613 35587266.000000 8436 1 
8437 0.008587 35595703.000000 8437 1 
8438 0.008597 35604141.000000 8438 1 
8439 0.008704 35612580.000000 8439 1 
8440 0.008600 35621020.000000 8440 1 
8441 0.008622 35629461.000000 8441 1 
8442 0.008614 35637903.000000 8442 1 
8443 0.008654 35646346.000000 8443 1 
8444 0.008663 35654790.000000 8444 1 
8445 0.008639 35663235.000000 8445 1 
8446 0.008628 35671681.000000 8446 1 
8447 0.008637 35680128.000000 8447 1 
8448 0.008624 35688576.000000 8448 1 
8449 0.008616 35697025.000000 8449 1 
8450 0.008619 35705475.000000 8450 1 
8451 0.008651 35713926.000000 8451 1 
8452 0.008675 35722378.000000 8452 1 
8453 0.008620 35730831.000000 8453 1 
8454 0.008625 35739285.000000 8454 1 
8455 0.008637 35747740.000000 8455 1 
8456 0.008658 35756196.000000 8456 1 
8457 0.008625 35764653.000000 8457 1 
8458 0.008635 35773111.000000 8458 1 
8459 0.008665 35781570.000000 8459 1 
8460 0.008663 35790030.000000 8460 1 
8461 0.008661 35798491.000000 8461 1 
8462 0.008658 35806953.000000 8462 1 
8463 0.008673 35815416.000000 8463 1 
8464 0.008655 35823880.000000 8464 1 
8465 0.008672 35832345.000000 8465 1 
8466 0.008676 35840811.000000 8466 1 
8467 0.008654 35849278.000000 8467 1 
8468 0.008714 35857746.000000 8468 1 
8469 0.008697 35866215.000000 8469 1 
8470 0.008684 35874685.000000 8470 1 
8471 0.008677 35883156.000000 8471 1 
8472 0.008682 35891628.000000 8472 1 
8473 0.008672 35900101.000000 8473 1 
8474 0.008677 35908575.000000 8474 1 
8475 0.008703 35917050.000000 8475 1 
8476 0.008696 35925526.000000 8476 1 
8477 0.008692 35934003.000000 8477 1 
8478 0.008733 35942481.000000 8478 1 
8479 0.008696 35950960.000000 8479 1 
8480 0.008683 35959440.000000 8480 1 
8481 0.008695 35967921.000000 8481 1 
8482 0.008701 35976403.000000 8482 1 
8483 0.008685 35984886.000000 8483 1 
8484 0.008689 35993370.000000 8484 1 
8485 0.008730 36001855.000000 8485 1 
8486 0.008699 36010341.000000 8486 1 
8487 0.008706 36018828.000000 8487 1 
8488 0.008712 36027316.000000 8488 1 
8489 0.008737 36035805.000000 8489 1 
8490 0.008703 36044295.000000 8490 1 
8491 0.008733 36052786.000000 8491 1 
8492 0.008703 36061278.000000 8492 1 
8493 0.008746 36069771.000000 8493 1 
8494 0.008695 36078265.000000 8494 1 
8495 0.008731 36086760.000000 8495 1 
8496 0.008735 36095256.000000 8496 1 
8497 0.008762 36103753.000000 8497 1 
8498 0.008767 36112251.000000 8498 1 
8499 0.008740 36120750.000000 8499 1 
8500 0.008783 36129250.000000 8500 1 
8501 0.008758 36137751.000000 8501 1 
8502 0.008760 36146253.000000 8502 1 
8503 0.008765 36154756.000000 8503 1 
8504 0.008731 36163260.000000 8504 1 
8505 0.008776 36171765.000000 8505 1 
8506 0.008709 36180271.000000 8506 1 
8507 0.008762 36188778.000000 8507 1 
8508 0.008771 36197286.000000 8508 1 
8509 0.008742 36205795.000000 8509 1 
8510 0.008758 36214305.000000 8510 1 
8511 0.008753 36222816.000000 8511 1 
8512 0.008781 36231328.000000 8512 1 
8513 0.008777 36239841.000000 8513 1 
8514 0.008743 36248355.000000 8514 1 
8515 0.008776 36256870.000000 8515 1 
8516 0.008774 36265386.000000 8516 1 
8517 0.008763 36273903.000000 8517 1 
8518 0.008782 36282421.000000 8518 1 
8519 0.008774 36290940.000000 8519 1 
8520 0.008773 36299460.000000 8520 1 
8521 0.008770 36307981.000000 8521 1 
8522 0.008796 36316503.000000 8522 1 
8523 0.008778 36325026.000000 8523 1 
8524 0.008795 36333550.000000 8524 1 
8525 0.008766 36342075.000000 8525 1 
8526 0.008794 36350601.000000 8526 1 
8527 0.008821 36359128.000000 8527 1 
8528 0.008808 36367656.000000 8528 1 
8529 0.008781 36376185.000000 8529 1 
8530 0.008793 36384715.000000 8530 1 
8531 0.008802 36393246.000000 8531 1 
8532 0.008794 36401778.000000 8532 1 
8533 0.008801 36410311.000000 8533 1 
8534 0.008796 36418845.000000 8534 1 
8535 0.008804 36427380.000000 8535 1 
8536 0.008799 36435916.000000 8536 1 
8537 0.008821 36444453.000000 8537 1 
8538 0.008811 36452991.000000 8538 1 
8539 0.008828 36461530.000000 8539 1 
8540 0.008792 36470070.000000 8540 1 
8541 0.008821 36478611.000000 8541 1 
8542 0.008831 36487153.000000 8542 1 
8543 0.008814 36495696.000000 8543 1 
8544 0.008842 36504240.000000 8544 1 
8545 0.008825 36512785.000000 8545 1 
8546 0.008818 36521331.000000 8546 1 
8547 0.008829 36529878.000000 8547 1 
8548 0.008815 36538426.000000 8548 1 
8549 0.008867 36546975.000000 8549 1 
8550 0.008856 36555525.000000 8550 1 
8551 0.008824 36564076.000000 8551 1 
8552 0.008834 36572628.000000 8552 1 
8553 0.008832 36581181.000000 8553 1 
8554 0.008861 36589735.000000 8554 1 
8555 0.008835 36598290.000000 8555 1 
8556 0.008830 36606846.000000 8556 1 
8557 0.008863 36615403.000000 8557 1 
8558 0.008893 36623961.000000 8558 1 
8559 0.008856 36632520.000000 8559 1 
8560 0.008896 36641080.000000 8560 1 
8561 0.008855 36649641.000000 8561 1 
8562 0.008844 36658203.000000 8562 1 
8563 0.008859 36666766.000000 8563 1 
8564 0.008889 36675330.000000 8564 1 
8565 0.008879 36683895.000000 8565 1 
8566 0.008894 36692461.000000 8566 1 
8567 0.008864 36701028.000000 8567 1 
8568 0.008877 36709596.000000 8568 1 
8569 0.008858 36718165.000000 8569 1 
8570 0.008878 36726735.000000 8570 1 
8571 0.008901 36735306.000000 8571 1 
8572 0.008878 36743878.000000 8572 1 
8573 0.008903 36752451.000000 8573 1 
8574 0.008875 36761025.000000 8574 1 
8575 0.008905 36769600.000000 8575 1 
8576 0.008866 36778176.000000 8576 1 
8577 0.008900 36786753.000000 8577 1 
8578 0.008897 36795331.000000 8578 1 
8579 0.008914 36803910.000000 8579 1 
8580 0.008908 36812490.000000 8580 1 
8581 0.008893 36821071.000000 8581 1 
8582 0.008906 36829653.000000 8582 1 
8583 0.008936 36838236.000000 8583 1 
8584 0.008913 36846820.000000 8584 1 
8585 0.008916 36855405.000000 8585 1 
8586 0.008912 36863991.000000 8586 1 
8587 0.008900 36872578.000000 8587 1 
8588 0.008922 36881166.000000 8588 1 
8589 0.008926 36889755.000000 8589 1 
8590 0.008952 36898345.000000 8590 1 
8591 0.008915 36906936.000000 8591 1 
8592 0.008920 36915528.000000 8592 1 
8593 0.008942 36924121.000000 8593 1 
8594 0.008940 36932715.000000 8594 1 
8595 0.008910 36941310.000000 8595 1 
8596 0.008913 36949906.000000 8596 1 
8597 0.008924 36958503.000000 8597 1 
8598 0.008961 36967101.000000 8598 1 
8599 0.008941 36975700.000000 8599 1 
8600 0.008925 36984300.000000 8600 1 
8601 0.008961 36992901.000000 8601 1 
8602 0.008939 37001503.000000 8602 1 
8603 0.008965 37010106.000000 8603 1 
8604 0.008966 37018710.000000 8604 1 
8605 0.008925 37027315.000000 8605 1 
8606 0.008929 37035921.000000 8606 1 
8607 0.008955 37044528.000000 8607 1 
8608 0.008979 37053136.000000 8608 1 
8609 0.008955 37061745.000000 8609 1 
8610 0.008959 37070355.000000 8610 1 
8611 0.008955 37078966.000000 8611 1 
8612 0.008973 37087578.000000 8612 1 
8613 0.008950 37096191.000000 8613 1 
8614 0.008962 37104805.000000 8614 1 
8615 0.008990 37113420.000000 8615 1 
8616 0.008997 37122036.000000 8616 1 
8617 0.008989 37130653.000000 8617 1 
8618 0.008936 37139271.000000 8618 1 
8619 0.008993 37147890.000000 8619 1 
8620 0.008974 37156510.000000 8620 1 
8621 0.008988 37165131.000000 8621 1 
8622 0.008970 37173753.000000 8622 1 
8623 0.008991 37182376.000000 8623 1 
8624 0.008983 37191000.000000 8624 1 
8625 0.008988 37199625.000000 8625 1 
8626 0.009022 37208251.000000 8626 1 
8627 0.009017 37216878.000000 8627 1 
8628 0.008969 37225506.000000 8628 1 
8629 0.009006 37234135.000000 8629 1 
8630 0.009011 37242765.000000 8630 1 
8631 0.009043 37251396.000000 8631 1 
8632 0.009057 37260028.000000 8632 1 
8633 0.009021 37268661.000000 8633 1 
8634 0.008999 37277295.000000 8634 1 
8635 0.009019 37285930.000000 8635 1 
8636 0.009003 37294566.000000 8636 1 
8637 0.009003 37303203.000000 8637 1 
8638 0.009022 37311841.000000 8638 1 
8639 0.009043 37320480.000000 8639 1 
8640 0.008995 37329120.000000 8640 1 
8641 0.009058 37337761.000000 8641 1 
8642 0.009012 37346403.000000 8642 1 
8643 0.009037 37355046.000000 8643 1 
8644 0.009023 37363690.000000 8644 1 
8645 0.009022 37372335.000000 8645 1 
8646 0.009043 37380981.000000 8646 1 
8647 0.009017 37389628.000000 8647 1 
8648 0.009057 37398276.000000 8648 1 
8649 0.009021 37406925.000000 8649 1 
8650 0.009053 37415575.000000 8650 1 
8651 0.009032 37424226.000000 8651 1 
8652 0.009065 37432878.000000 8652 1 
8653 0.009061 37441531.000000 8653 1 
8654 0.009051 37450185.000000 8654 1 
8655 0.009036 37458840.000000 8655 1 
8656 0.009047 37467496.000000 8656 1 
8657 0.009085 37476153.000000 8657 1 
8658 0.009038 37484811.000000 8658 1 
8659 0.009057 37493470.000000 8659 1 
8660 0.009077 37502130.000000 8660 1 
8661 0.009062 37510791.000000 8661 1 
8662 0.009031 37519453.000000 8662 1 
8663 0.009084 37528116.000000 8663 1 
8664 0.009109 37536780.000000 8664 1 
8665 0.009068 37545445.000000 8665 1 
8666 0.009077 37554111.000000 8666 1 
8667 0.009103 37562778.000000 8667 1 
8668 0.009088 37571446.000000 8668 1 
8669 0.009076 37580115.000000 8669 1 
8670 0.009079 37588785.000000 8670 1 
8671 0.009130 37597456.000000 8671 1 
8672 0.009083 37606128.000000 8672 1 
8673 0.009084 37614801.000000 8673 1 
8674 0.009086 37623475.000000 8674 1 
8675 0.009098 37632150.000000 8675 1 
8676 0.009113 37640826.000000 8676 1 
8677 0.009108 37649503.000000 8677 1 
8678 0.009100 37658181.000000 8678 1 
8679 0.009118 37666860.000000 8679 1 
8680 0.009125 37675540.000000 8680 1 
8681 0.009092 37684221.000000 8681 1 
8682 0.009101 37692903.000000 8682 1 
8683 0.009098 37701586.000000 8683 1 
8684 0.009100 37710270.000000 8684 1 
8685 0.009123 37718955.000000 8685 1 
8686 0.009105 37727641.000000 8686 1 
8687 0.009126 37736328.000000 8687 1 
8688 0.009115 37745016.000000 8688 1 
8689 0.009140 37753705.000000 8689 1 
8690 0.009115 37762395.000000 8690 1 
8691 0.009130 37771086.000000 8691 1 
8692 0.009128 37779778.000000 8692 1 
8693 0.009151 37788471.000000 8693 1 
8694 0.009177 37797165.000000 8694 1 
8695 0.009161 37805860.000000 8695 1 
8696 0.009156 37814556.000000 8696 1 
8697 0.009147 37823253.000000 8697 1 
8698 0.009185 37831951.000000 8698 1 
8699 0.009165 37840650.000000 8699 1 
8700 0.009168 37849350.000000 8700 1 
8701 0.009167 37858051.000000 8701 1 
8702 0.009181 37866753.000000 8702 1 
8703 0.009156 37875456.000000 8703 1 
8704 0.009173 37884160.000000 8704 1 
8705 0.009220 37892865.000000 8705 1 
8706 0.009189 37901571.000000 8706 1 
8707 0.009143 37910278.000000 8707 1 
8708 0.009190 37918986.000000 8708 1 
8709 0.009194 37927695.000000 8709 1 
8710 0.009185 37936405.000000 8710 1 
8711 0.009188 37945116.000000 8711 1 
8712 0.009208 37953828.000000 8712 1 
8713 0.009202 37962541.000000 8713 1 
8714 0.009220 37971255.000000 8714 1 
8715 0.009196 37979970.000000 8715 1 
8716 0.009206 37988686.000000 8716 1 
8717 0.009187 37997403.000000 8717 1 
8718 0.009217 38006121.000000 8718 1 
8719 0.009231 38014840.000000 8719 1 
8720 0.009243 38023560.000000 8720 1 
8721 0.009208 38032281.000000 8721 1 
8722 0.009248 38041003.000000 8722 1 
8723 0.009201 38049726.000000 8723 1 
8724 0.009224 38058450.000000 8724 1 
8725 0.009260 38067175.000000 8725 1 
8726 0.009232 38075901.000000 8726 1 
8727 0.009256 38084628.000000 8727 1 
8728 0.009190 38093356.000000 8728 1 
8729 0.009224 38102085.000000 8729 1 
8730 0.009219 38110815.000000 8730 1 
8731 0.009242 38119546.000000 8731 1 
8732 0.009252 38128278.000000 8732 1 
8733 0.009216 38137011.000000 8733 1 
8734 0.009216 38145745.000000 8734 1 
8735 0.009243 38154480.000000 8735 1 
8736 0.009244 38163216.000000 8736 1 
8737 0.009250 38171953.000000 8737 1 
8738 0.009273 38180691.000000 8738 1 
8739 0.009226 38189430.000000 8739 1 
8740 0.009255 38198170.000000 8740 1 
8741 0.009272 38206911.000000 8741 1 
8742 0.009233 38215653.000000 8742 1 
8743 0.009295 38224396.000000 8743 1 
8744 0.009237 38233140.000000 8744 1 
8745 0.009252 38241885.000000 8745 1 
8746 0.009277 38250631.000000 8746 1 
8747 0.009303 38259378.000000 8747 1 
8748 0.009298 38268126.000000 8748 1 
8749 0.009275 38276875.000000 8749 1 
8750 0.009253 38285625.000000 8750 1 
8751 0.009280 38294376.000000 8751 1 
8752 0.009276 38303128.000000 8752 1 
8753 0.009268 38311881.000000 8753 1 
8754 0.009315 38320635.000000 8754 1 
8755 0.009293 38329390.000000 8755 1 
8756 0.009273 38338146.000000 8756 1 
8757 0.009284 38346903.000000 8757 1 
8758 0.009323 38355661.000000 8758 1 
8759 0.009361 38364420.000000 8759 1 
8760 0.009278 38373180.000000 8760 1 
8761 0.009293 38381941.000000 8761 1 
8762 0.009299 38390703.000000 8762 1 
8763 0.009297 38399466.000000 8763 1 
8764 0.009287 38408230.000000 8764 1 
8765 0.009344 38416995.000000 8765 1 
8766 0.009293 38425761.000000 8766 1 
8767 0.009332 38434528.000000 8767 1 
8768 0.009336 38443296.000000 8768 1 
8769 0.009282 38452065.000000 8769 1 
8770 0.009356 38460835.000000 8770 1 
8771 0.009283 38469606.000000 8771 1 
8772 0.009303 38478378.000000 8772 1 
8773 0.009347 38487151.000000 8773 1 
8774 0.009325 38495925.000000 8774 1 
8775 0.009337 38504700.000000 8775 1 
8776 0.009309 38513476.000000 8776 1 
8777 0.009326 38522253.000000 8777 1 
8778 0.009335 38531031.000000 8778 1 
8779 0.009338 38539810.000000 8779 1 
8780 0.009312 38548590.000000 8780 1 
8781 0.009334 38557371.000000 8781 1 
8782 0.009362 38566153.000000 8782 1 
8783 0.009325 38574936.000000 8783 1 
8784 0.009352 38583720.000000 8784 1 
8785 0.009320 38592505.000000 8785 1 
8786 0.009379 38601291.000000 8786 1 
8787 0.009353 38610078.000000 8787 1 
8788 0.009337 38618866.000000 8788 1 
8789 0.009398 38627655.000000 8789 1 
8790 0.009344 38636445.000000 8790 1 
8791 0.009382 38645236.000000 8791 1 
8792 0.009357 38654028.000000 8792 1 
8793 0.009349 38662821.000000 8793 1 
8794 0.009359 38671615.000000 8794 1 
8795 0.009419 38680410.000000 8795 1 
8796 0.009360 38689206.000000 8796 1 
8797 0.009361 38698003.000000 8797 1 
8798 0.009363 38706801.000000 8798 1 
8799 0.009360 38715600.000000 8799 1 
8800 0.009417 38724400.000000 8800 1 
8801 0.009360 38733201.000000 8801 1 
8802 0.009397 38742003.000000 8802 1 
8803 0.009391 38750806.000000 8803 1 
8804 0.009399 38759610.000000 8804 1 
8805 0.009351 38768415.000000 8805 1 
8806 0.009376 38777221.000000 8806 1 
8807 0.009423 38786028.000000 8807 1 
8808 0.009381 38794836.000000 8808 1 
8809 0.009396 38803645.000000 8809 1 
8810 0.009413 38812455.000000 8810 1 
8811 0.009396 38821266.000000 8811 1 
8812 0.009419 38830078.000000 8812 1 
8813 0.009404 38838891.000000 8813 1 
8814 0.009400 38847705.000000 8814 1 
8815 0.009410 38856520.000000 8815 1 
8816 0.009417 38865336.000000 8816 1 
8817 0.009403 38874153.000000 8817 1 
8818 0.009447 38882971.000000 8818 1 
8819 0.009436 38891790.000000 8819 1 
8820 0.009444 38900610.000000 8820 1 
8821 0.009452 38909431.000000 8821 1 
8822 0.009449 38918253.000000 8822 1 
8823 0.009430 38927076.000000 8823 1 
8824 0.009414 38935900.000000 8824 1 
8825 0.009434 38944725.000000 8825 1 
8826 0.009470 38953551.000000 8826 1 
8827 0.009435 38962378.000000 8827 1 
8828 0.009436 38971206.000000 8828 1 
8829 0.009444 38980035.000000 8829 1 
8830 0.009445 38988865.000000 8830 1 
8831 0.009445 38997696.000000 8831 1 
8832 0.009481 39006528.000000 8832 1 
8833 0.009433 39015361.000000 8833 1 
8834 0.009429 39024195.000000 8834 1 
8835 0.009460 39033030.000000 8835 1 
8836 0.009439 39041866.000000 8836 1 
8837 0.009440 39050703.000000 8837 1 
8838 0.009452 39059541.000000 8838 1 
8839 0.009467 39068380.000000 8839 1 
8840 0.009463 39077220.000000 8840 1 
8841 0.009477 39086061.000000 8841 1 
8842 0.009469 39094903.000000 8842 1 
8843 0.009474 39103746.000000 8843 1 
8844 0.009479 39112590.000000 8844 1 
8845 0.009476 39121435.000000 8845 1 
8846 0.009506 39130281.000000 8846 1 
8847 0.009479 39139128.000000 8847 1 
8848 0.009475 39147976.000000 8848 1 
8849 0.009515 39156825.000000 8849 1 
8850 0.009519 39165675.000000 8850 1 
8851 0.009500 39174526.000000 8851 1 
8852 0.009481 39183378.000000 8852 1 
8853 0.009499 39192231.000000 8853 1 
8854 0.009504 39201085.000000 8854 1 
8855 0.009480 39209940.000000 8855 1 
8856 0.009499 39218796.000000 8856 1 
8857 0.009491 39227653.000000 8857 1 
8858 0.009507 39236511.000000 8858 1 
8859 0.009487 39245370.000000 8859 1 
8860 0.009527 39254230.000000 8860 1 
8861 0.009517 39263091.000000 8861 1 
8862 0.009519 39271953.000000 8862 1 
8863 0.009538 39280816.000000 8863 1 
8864 0.009507 39289680.000000 8864 1 
8865 0.009517 39298545.000000 8865 1 
8866 0.009497 39307411.000000 8866 1 
8867 0.009526 39316278.000000 8867 1 
8868 0.009509 39325146.000000 8868 1 
8869 0.009531 39334015.000000 8869 1 
8870 0.009516 39342885.000000 8870 1 
8871 0.009515 39351756.000000 8871 1 
8872 0.009563 39360628.000000 8872 1 
8873 0.009531 39369501.000000 8873 1 
8874 0.009533 39378375.000000 8874 1 
8875 0.009516 39387250.000000 8875 1 
8876 0.009513 39396126.000000 8876 1 
8877 0.009570 39405003.000000 8877 1 
8878 0.009518 39413881.000000 8878 1 
8879 0.009547 39422760.000000 8879 1 
8880 0.009534 39431640.000000 8880 1 
8881 0.009569 39440521.000000 8881 1 
8882 0.009570 39449403.000000 8882 1 
8883 0.009541 39458286.000000 8883 1 
8884 0.009587 39467170.000000 8884 1 
8885 0.009574 39476055.000000 8885 1 
8886 0.009575 39484941.000000 8886 1 
8887 0.009563 39493828.000000 8887 1 
8888 0.009547 39502716.000000 8888 1 
8889 0.009562 39511605.000000 8889 1 
8890 0.009569 39520495.000000 8890 1 
8891 0.009586 39529386.000000 8891 1 
8892 0.009554 39538278.000000 8892 1 
8893 0.009562 39547171.000000 8893 1 
8894 0.009597 39556065.000000 8894 1 
8895 0.009586 39564960.000000 8895 1 
8896 0.009576 39573856.000000 8896 1 
8897 0.009622 39582753.000000 8897 1 
8898 0.009577 39591651.000000 8898 1 
8899 0.009571 39600550.000000 8899 1 
8900 0.009596 39609450.000000 8900 1 
8901 0.009609 39618351.000000 8901 1 
8902 0.009570 39627253.000000 8902 1 
8903 0.009616 39636156.000000 8903 1 
8904 0.009586 39645060.000000 8904 1 
8905 0.009612 39653965.000000 8905 1 
8906 0.009613 39662871.000000 8906 1 
8907 0.009587 39671778.000000 8907 1 
8908 0.009614 39680686.000000 8908 1 
8909 0.009578 39689595.000000 8909 1 
8910 0.009620 39698505.000000 8910 1 
8911 0.009629 39707416.000000 8911 1 
8912 0.009628 39716328.000000 8912 1 
8913 0.009644 39725241.000000 8913 1 
8914 0.009635 39734155.000000 8914 1 
8915 0.009649 39743070.000000 8915 1 
8916 0.009616 39751986.000000 8916 1 
8917 0.009644 39760903.000000 8917 1 
8918 0.009638 39769821.000000 8918 1 
8919 0.009633 39778740.000000 8919 1 
8920 0.009649 39787660.000000 8920 1 
8921 0.009643 39796581.000000 8921 1 
8922 0.009671 39805503.000000 8922 1 
8923 0.009622 39814426.000000 8923 1 
8924 0.009662 39823350.000000 8924 1 
8925 0.009642 39832275.000000 8925 1 
8926 0.009673 39841201.000000 8926 1 
8927 0.009660 39850128.000000 8927 1 
8928 0.009626 39859056.000000 8928 1 
8929 0.009673 39867985.000000 8929 1 
8930 0.009638 39876915.000000 8930 1 
8931 0.009667 39885846.000000 8931 1 
8932 0.009645 39894778.000000 8932 1 
8933 0.009992 39903711.000000 8933 1 
8934 0.009282 39912645.000000 8934 1 
8935 0.009127 39921580.000000 8935 1 
8936 0.009319 39930516.000000 8936 1 
8937 0.009364 39939453.000000 8937 1 
8938 0.009402 39948391.000000 8938 1 
8939 0.009384 39957330.000000 8939 1 
8940 0.009438 39966270.000000 8940 1 
8941 0.009432 39975211.000000 8941 1 
8942 0.009434 39984153.000000 8942 1 
8943 0.009461 39993096.000000 8943 1 
8944 0.009463 40002040.000000 8944 1 
8945 0.009494 40010985.000000 8945 1 
8946 0.009483 40019931.000000 8946 1 
8947 0.009495 40028878.000000 8947 1 
8948 0.009522 40037826.000000 8948 1 
8949 0.009478 40046775.000000 8949 1 
8950 0.009517 40055725.000000 8950 1 
8951 0.009496 40064676.000000 8951 1 
8952 0.009526 40073628.000000 8952 1 
8953 0.009493 40082581.000000 8953 1 
8954 0.009572 40091535.000000 8954 1 
8955 0.009582 40100490.000000 8955 1 
8956 0.009532 40109446.000000 8956 1 
8957 0.009550 40118403.000000 8957 1 
8958 0.009547 40127361.000000 8958 1 
8959 0.009581 40136320.000000 8959 1 
8960 0.009535 40145280.000000 8960 1 
8961 0.009531 40154241.000000 8961 1 
8962 0.009592 40163203.000000 8962 1 
8963 0.009576 40172166.000000 8963 1 
8964 0.009586 40181130.000000 8964 1 
8965 0.009519 40190095.000000 8965 1 
8966 0.009581 40199061.000000 8966 1 
8967 0.009585 40208028.000000 8967 1 
8968 0.009600 40216996.000000 8968 1 
8969 0.009588 40225965.000000 8969 1 
8970 0.009562 40234935.000000 8970 1 
8971 0.009598 40243906.000000 8971 1 
8972 0.009617 40252878.000000 8972 1 
8973 0.009604 40261851.000000 8973 1 
8974 0.009555 40270825.000000 8974 1 
8975 0.009713 40279800.000000 8975 1 
8976 0.009638 40288776.000000 8976 1 
8977 0.009612 40297753.000000 8977 1 
8978 0.009688 40306731.000000 8978 1 
8979 0.009632 40315710.000000 8979 1 
8980 0.009605 40324690.000000 8980 1 
8981 0.009640 40333671.000000 8981 1 
8982 0.009620 40342653.000000 8982 1 
8983 0.009642 40351636.000000 8983 1 
8984 0.009613 40360620.000000 8984 1 
8985 0.009625 40369605.000000 8985 1 
8986 0.009686 40378591.000000 8986 1 
8987 0.009665 40387578.000000 8987 1 
8988 0.009681 40396566.000000 8988 1 
8989 0.009614 40405555.000000 8989 1 
8990 0.009691 40414545.000000 8990 1 
8991 0.009692 40423536.000000 8991 1 
8992 0.009679 40432528.000000 8992 1 
8993 0.009803 40441521.000000 8993 1 
8994 0.009722 40450515.000000 8994 1 
8995 0.009672 40459510.000000 8995 1 
8996 0.009652 40468506.000000 8996 1 
8997 0.009688 40477503.000000 8997 1 
8998 0.009649 40486501.000000 8998 1 
8999 0.009703 40495500.000000 8999 1 
9000 0.009641 40504500.000000 9000 1 
9001 0.009731 40513501.000000 9001 1 
9002 0.009379 40522503.000000 9002 1 
9003 0.009643 40531506.000000 9003 1 
9004 0.009345 40540510.000000 9004 1 
9005 0.009683 40549515.000000 9005 1 
9006 0.009637 40558521.000000 9006 1 
9007 0.009679 40567528.000000 9007 1 
9008 0.009731 40576536.000000 9008 1 
9009 0.009741 40585545.000000 9009 1 
9010 0.009753 40594555.000000 9010 1 
9011 0.009774 40603566.000000 9011 1 
9012 0.009806 40612578.000000 9012 1 
9013 0.009780 40621591.000000 9013 1 
9014 0.009821 40630605.000000 9014 1 
9015 0.009817 40639620.000000 9015 1 
9016 0.009913 40648636.000000 9016 1 
9017 0.009637 40657653.000000 9017 1 
9018 0.009353 40666671.000000 9018 1 
9019 0.009598 40675690.000000 9019 1 
9020 0.009601 40684710.000000 9020 1 
9021 0.009664 40693731.000000 9021 1 
9022 0.009637 40702753.000000 9022 1 
9023 0.009721 40711776.000000 9023 1 
9024 0.009731 40720800.000000 9024 1 
9025 0.009785 40729825.000000 9025 1 
9026 0.009745 40738851.000000 9026 1 
9027 0.009718 40747878.000000 9027 1 
9028 0.009779 40756906.000000 9028 1 
9029 0.009752 40765935.000000 9029 1 
9030 0.009730 40774965.000000 9030 1 
9031 0.009766 40783996.000000 9031 1 
9032 0.009749 40793028.000000 9032 1 
9033 0.009857 40802061.000000 9033 1 
9034 0.009665 40811095.000000 9034 1 
9035 0.009837 40820130.000000 9035 1 
9036 0.009603 40829166.000000 9036 1 
9037 0.009843 40838203.000000 9037 1 
9038 0.009815 40847241.000000 9038 1 
9039 0.009827 40856280.000000 9039 1 
9040 0.009867 40865320.000000 9040 1 
9041 0.010027 40874361.000000 9041 1 
9042 0.009549 40883403.000000 9042 1 
9043 0.009395 40892446.000000 9043 1 
9044 0.009600 40901490.000000 9044 1 
9045 0.009645 40910535.000000 9045 1 
9046 0.009679 40919581.000000 9046 1 
9047 0.009671 40928628.000000 9047 1 
9048 0.009744 40937676.000000 9048 1 
9049 0.009674 40946725.000000 9049 1 
9050 0.009734 40955775.000000 9050 1 
9051 0.009757 40964826.000000 9051 1 
9052 0.009746 40973878.000000 9052 1 
9053 0.009751 40982931.000000 9053 1 
9054 0.009770 40991985.000000 9054 1 
9055 0.009812 41001040.000000 9055 1 
9056 0.009728 41010096.000000 9056 1 
9057 0.009756 41019153.000000 9057 1 
9058 0.009797 41028211.000000 9058 1 
9059 0.009776 41037270.000000 9059 1 
9060 0.009844 41046330.000000 9060 1 
9061 0.009842 41055391.000000 9061 1 
9062 0.009933 41064453.000000 9062 1 
9063 0.009911 41073516.000000 9063 1 
9064 0.009941 41082580.000000 9064 1 
9065 0.009833 41091645.000000 9065 1 
9066 0.009881 41100711.000000 9066 1 
9067 0.009560 41109778.000000 9067 1 
9068 0.009827 41118846.000000 9068 1 
9069 0.009762 41127915.000000 9069 1 
9070 0.009818 41136985.000000 9070 1 
9071 0.009800 41146056.000000 9071 1 
9072 0.009889 41155128.000000 9072 1 
9073 0.009869 41164201.000000 9073 1 
9074 0.009885 41173275.000000 9074 1 
9075 0.009878 41182350.000000 9075 1 
9076 0.009849 41191426.000000 9076 1 
9077 0.009868 41200503.000000 9077 1 
9078 0.009925 41209581.000000 9078 1 
9079 0.009880 41218660.000000 9079 1 
9080 0.009936 41227740.000000 9080 1 
9081 0.009940 41236821.000000 9081 1 
9082 0.009896 41245903.000000 9082 1 
9083 0.009908 41254986.000000 9083 1 
9084 0.009873 41264070.000000 9084 1 
9085 0.009885 41273155.000000 9085 1 
9086 0.009884 41282241.000000 9086 1 
9087 0.009902 41291328.000000 9087 1 
9088 0.009912 41300416.000000 9088 1 
9089 0.009900 41309505.000000 9089 1 
9090 0.009931 41318595.000000 9090 1 
9091 0.009945 41327686.000000 9091 1 
9092 0.009957 41336778.000000 9092 1 
9093 0.009909 41345871.000000 9093 1 
9094 0.009961 41354965.000000 9094 1 
9095 0.009942 41364060.000000 9095 1 
9096 0.009912 41373156.000000 9096 1 
9097 0.009906 41382253.000000 9097 1 
9098 0.009893 41391351.000000 9098 1 
9099 0.009902 41400450.000000 9099 1 
9100 0.009900 41409550.000000 9100 1 
9101 0.009883 41418651.000000 9101 1 
9102 0.009952 41427753.000000 9102 1 
9103 0.009960 41436856.000000 9103 1 
9104 0.009928 41445960.000000 9104 1 
9105 0.009958 41455065.000000 9105 1 
9106 0.009934 41464171.000000 9106 1 
9107 0.009951 41473278.000000 9107 1 
9108 0.009929 41482386.000000 9108 1 
9109 0.009982 41491495.000000 9109 1 
9110 0.009952 41500605.000000 9110 1 
9111 0.009935 41509716.000000 9111 1 
9112 0.009960 41518828.000000 9112 1 
9113 0.009809 41527941.000000 9113 1 
9114 0.009606 41537055.000000 9114 1 
9115 0.009723 41546170.000000 9115 1 
9116 0.009784 41555286.000000 9116 1 
9117 0.009876 41564403.000000 9117 1 
9118 0.009868 41573521.000000 9118 1 
9119 0.009875 41582640.000000 9119 1 
9120 0.009801 41591760.000000 9120 1 
9121 0.009858 41600881.000000 9121 1 
9122 0.009895 41610003.000000 9122 1 
9123 0.009897 41619126.000000 9123 1 
9124 0.009886 41628250.000000 9124 1 
9125 0.009911 41637375.000000 9125 1 
9126 0.009892 41646501.000000 9126 1 
9127 0.009908 41655628.000000 9127 1 
9128 0.009911 41664756.000000 9128 1 
9129 0.010041 41673885.000000 9129 1 
9130 0.012330 41683015.000000 9130 1 
9131 0.035495 41692146.000000 9131 1 
9132 0.011957 41701278.000000 9132 1 
9133 0.010948 41710411.000000 9133 1 
9134 0.010609 41719545.000000 9134 1 
9135 0.010860 41728680.000000 9135 1 
9136 0.010622 41737816.000000 9136 1 
9137 0.010841 41746953.000000 9137 1 
9138 0.010642 41756091.000000 9138 1 
9139 0.010752 41765230.000000 9139 1 
9140 0.010623 41774370.000000 9140 1 
9141 0.010564 41783511.000000 9141 1 
9142 0.010801 41792653.000000 9142 1 
9143 0.010631 41801796.000000 9143 1 
9144 0.010759 41810940.000000 9144 1 
9145 0.010907 41820085.000000 9145 1 
9146 0.010746 41829231.000000 9146 1 
9147 0.010879 41838378.000000 9147 1 
9148 0.010237 41847526.000000 9148 1 
9149 0.010318 41856675.000000 9149 1 
9150 0.010516 41865825.000000 9150 1 
9151 0.010657 41874976.000000 9151 1 
9152 0.010376 41884128.000000 9152 1 
9153 0.010488 41893281.000000 9153 1 
9154 0.010415 41902435.000000 9154 1 
9155 0.010178 41911590.000000 9155 1 
9156 0.010224 41920746.000000 9156 1 
9157 0.010218 41929903.000000 9157 1 
9158 0.010247 41939061.000000 9158 1 
9159 0.010215 41948220.000000 9159 1 
9160 0.010271 41957380.000000 9160 1 
9161 0.010147 41966541.000000 9161 1 
9162 0.009746 41975703.000000 9162 1 
9163 0.009987 41984866.000000 9163 1 
9164 0.010052 41994030.000000 9164 1 
9165 0.010116 42003195.000000 9165 1 
9166 0.010067 42012361.000000 9166 1 
9167 0.009812 42021528.000000 9167 1 
9168 0.009985 42030696.000000 9168 1 
9169 0.010039 42039865.000000 9169 1 
9170 0.010068 42049035.000000 9170 1 
9171 0.010119 42058206.000000 9171 1 
9172 0.010103 42067378.000000 9172 1 
9173 0.010098 42076551.000000 9173 1 
9174 0.010124 42085725.000000 9174 1 
9175 0.010137 42094900.000000 9175 1 
9176 0.010096 42104076.000000 9176 1 
9177 0.010144 42113253.000000 9177 1 
9178 0.010095 42122431.000000 9178 1 
9179 0.010178 42131610.000000 9179 1 
9180 0.010145 42140790.000000 9180 1 
9181 0.010083 42149971.000000 9181 1 
9182 0.010160 42159153.000000 9182 1 
9183 0.010107 42168336.000000 9183 1 
9184 0.010144 42177520.000000 9184 1 
9185 0.010655 42186705.000000 9185 1 
9186 0.010595 42195891.000000 9186 1 
9187 0.009830 42205078.000000 9187 1 
9188 0.010437 42214266.000000 9188 1 
9189 0.010034 42223455.000000 9189 1 
9190 0.010287 42232645.000000 9190 1 
9191 0.010433 42241836.000000 9191 1 
9192 0.010004 42251028.000000 9192 1 
9193 0.010429 42260221.000000 9193 1 
9194 0.010172 42269415.000000 9194 1 
9195 0.010432 42278610.000000 9195 1 
9196 0.010581 42287806.000000 9196 1 
9197 0.010107 42297003.000000 9197 1 
9198 0.010485 42306201.000000 9198 1 
9199 0.010574 42315400.000000 9199 1 
9200 0.010236 42324600.000000 9200 1 
9201 0.010395 42333801.000000 9201 1 
9202 0.010384 42343003.000000 9202 1 
9203 0.009995 42352206.000000 9203 1 
9204 0.010201 42361410.000000 9204 1 
9205 0.010289 42370615.000000 9205 1 
9206 0.010423 42379821.000000 9206 1 
9207 0.010349 42389028.000000 9207 1 
9208 0.010446 42398236.000000 9208 1 
9209 0.010431 42407445.000000 9209 1 
9210 0.010387 42416655.000000 9210 1 
9211 0.010407 42425866.000000 9211 1 
9212 0.010444 42435078.000000 9212 1 
9213 0.010371 42444291.000000 9213 1 
9214 0.010421 42453505.000000 9214 1 
9215 0.010366 42462720.000000 9215 1 
9216 0.010395 42471936.000000 9216 1 
9217 0.010436 42481153.000000 9217 1 
9218 0.010442 42490371.000000 9218 1 
9219 0.010416 42499590.000000 9219 1 
9220 0.010433 42508810.000000 9220 1 
9221 0.010418 42518031.000000 9221 1 
9222 0.010429 42527253.000000 9222 1 
9223 0.010399 42536476.000000 9223 1 
9224 0.010485 42545700.000000 9224 1 
9225 0.010442 42554925.000000 9225 1 
9226 0.010597 42564151.000000 9226 1 
9227 0.010031 42573378.000000 9227 1 
9228 0.010286 42582606.000000 9228 1 
9229 0.009886 42591835.000000 9229 1 
9230 0.010420 42601065.000000 9230 1 
9231 0.010457 42610296.000000 9231 1 
9232 0.010020 42619528.000000 9232 1 
9233 0.010499 42628761.000000 9233 1 
9234 0.010389 42637995.000000 9234 1 
9235 0.010397 42647230.000000 9235 1 
9236 0.010471 42656466.000000 9236 1 
9237 0.010118 42665703.000000 9237 1 
9238 0.010470 42674941.000000 9238 1 
9239 0.010681 42684180.000000 9239 1 
9240 0.010301 42693420.000000 9240 1 
9241 0.010397 42702661.000000 9241 1 
9242 0.010718 42711903.000000 9242 1 
9243 0.009988 42721146.000000 9243 1 
9244 0.010625 42730390.000000 9244 1 
9245 0.010503 42739635.000000 9245 1 
9246 0.010161 42748881.000000 9246 1 
9247 0.012475 42758128.000000 9247 1 
9248 0.019658 42767376.000000 9248 1 
9249 0.013034 42776625.000000 9249 1 
9250 0.010947 42785875.000000 9250 1 
9251 0.010264 42795126.000000 9251 1 
9252 0.010452 42804378.000000 9252 1 
9253 0.010547 42813631.000000 9253 1 
9254 0.010406 42822885.000000 9254 1 
9255 0.010182 42832140.000000 9255 1 
9256 0.010087 42841396.000000 9256 1 
9257 0.010186 42850653.000000 9257 1 
9258 0.010174 42859911.000000 9258 1 
9259 0.010041 42869170.000000 9259 1 
9260 0.010207 42878430.000000 9260 1 
9261 0.010310 42887691.000000 9261 1 
9262 0.010276 42896953.000000 9262 1 
9263 0.010297 42906216.000000 9263 1 
9264 0.010321 42915480.000000 9264 1 
9265 0.010306 42924745.000000 9265 1 
9266 0.010364 42934011.000000 9266 1 
9267 0.010370 42943278.000000 9267 1 
9268 0.010382 42952546.000000 9268 1 
9269 0.010364 42961815.000000 9269 1 
9270 0.010381 42971085.000000 9270 1 
9271 0.010351 42980356.000000 9271 1 
9272 0.010364 42989628.000000 9272 1 
9273 0.010383 42998901.000000 9273 1 
9274 0.010374 43008175.000000 9274 1 
9275 0.010404 43017450.000000 9275 1 
9276 0.010363 43026726.000000 9276 1 
9277 0.010396 43036003.000000 9277 1 
9278 0.010408 43045281.000000 9278 1 
9279 0.010362 43054560.000000 9279 1 
9280 0.010392 43063840.000000 9280 1 
9281 0.010355 43073121.000000 9281 1 
9282 0.010403 43082403.000000 9282 1 
9283 0.010392 43091686.000000 9283 1 
9284 0.010345 43100970.000000 9284 1 
9285 0.010403 43110255.000000 9285 1 
9286 0.010368 43119541.000000 9286 1 
9287 0.010365 43128828.000000 9287 1 
9288 0.010399 43138116.000000 9288 1 
9289 0.010361 43147405.000000 9289 1 
9290 0.010429 43156695.000000 9290 1 
9291 0.010455 43165986.000000 9291 1 
9292 0.010385 43175278.000000 9292 1 
9293 0.010391 43184571.000000 9293 1 
9294 0.010396 43193865.000000 9294 1 
9295 0.010406 43203160.000000 9295 1 
9296 0.010441 43212456.000000 9296 1 
9297 0.010364 43221753.000000 9297 1 
9298 0.010405 43231051.000000 9298 1 
9299 0.010417 43240350.000000 9299 1 
9300 0.010407 43249650.000000 9300 1 
9301 0.010422 43258951.000000 9301 1 
9302 0.010435 43268253.000000 9302 1 
9303 0.010438 43277556.000000 9303 1 
9304 0.010414 43286860.000000 9304 1 
9305 0.010424 43296165.000000 9305 1 
9306 0.010419 43305471.000000 9306 1 
9307 0.010453 43314778.000000 9307 1 
9308 0.010425 43324086.000000 9308 1 
9309 0.010471 43333395.000000 9309 1 
9310 0.010468 43342705.000000 9310 1 
9311 0.010443 43352016.000000 9311 1 
9312 0.010495 43361328.000000 9312 1 
9313 0.010476 43370641.000000 9313 1 
9314 0.010441 43379955.000000 9314 1 
9315 0.010450 43389270.000000 9315 1 
9316 0.010433 43398586.000000 9316 1 
9317 0.010471 43407903.000000 9317 1 
9318 0.010462 43417221.000000 9318 1 
9319 0.010424 43426540.000000 9319 1 
9320 0.010475 43435860.000000 9320 1 
9321 0.010446 43445181.000000 9321 1 
9322 0.010460 43454503.000000 9322 1 
9323 0.010470 43463826.000000 9323 1 
9324 0.010487 43473150.000000 9324 1 
9325 0.010470 43482475.000000 9325 1 
9326 0.010461 43491801.000000 9326 1 
9327 0.010446 43501128.000000 9327 1 
9328 0.010460 43510456.000000 9328 1 
9329 0.010486 43519785.000000 9329 1 
9330 0.010457 43529115.000000 9330 1 
9331 0.010465 43538446.000000 9331 1 
9332 0.010470 43547778.000000 9332 1 
9333 0.010452 43557111.000000 9333 1 
9334 0.010486 43566445.000000 9334 1 
9335 0.010522 43575780.000000 9335 1 
9336 0.010461 43585116.000000 9336 1 
9337 0.010471 43594453.000000 9337 1 
9338 0.010472 43603791.000000 9338 1 
9339 0.010501 43613130.000000 9339 1 
9340 0.010452 43622470.000000 9340 1 
9341 0.010508 43631811.000000 9341 1 
9342 0.010500 43641153.000000 9342 1 
9343 0.010497 43650496.000000 9343 1 
9344 0.010475 43659840.000000 9344 1 
9345 0.010534 43669185.000000 9345 1 
9346 0.010465 43678531.000000 9346 1 
9347 0.010516 43687878.000000 9347 1 
9348 0.010512 43697226.000000 9348 1 
9349 0.010501 43706575.000000 9349 1 
9350 0.010510 43715925.000000 9350 1 
9351 0.010558 43725276.000000 9351 1 
9352 0.010512 43734628.000000 9352 1 
9353 0.010566 43743981.000000 9353 1 
9354 0.010556 43753335.000000 9354 1 
9355 0.010496 43762690.000000 9355 1 
9356 0.010535 43772046.000000 9356 1 
9357 0.010507 43781403.000000 9357 1 
9358 0.010530 43790761.000000 9358 1 
9359 0.010499 43800120.000000 9359 1 
9360 0.010551 43809480.000000 9360 1 
9361 0.010557 43818841.000000 9361 1 
9362 0.010520 43828203.000000 9362 1 
9363 0.010514 43837566.000000 9363 1 
9364 0.010517 43846930.000000 9364 1 
9365 0.010531 43856295.000000 9365 1 
9366 0.010519 43865661.000000 9366 1 
9367 0.010539 43875028.000000 9367 1 
9368 0.010557 43884396.000000 9368 1 
9369 0.010526 43893765.000000 9369 1 
9370 0.010555 43903135.000000 9370 1 
9371 0.010528 43912506.000000 9371 1 
9372 0.010570 43921878.000000 9372 1 
9373 0.010530 43931251.000000 9373 1 
9374 0.010517 43940625.000000 9374 1 
9375 0.010552 43950000.000000 9375 1 
9376 0.010552 43959376.000000 9376 1 
9377 0.010539 43968753.000000 9377 1 
9378 0.010551 43978131.000000 9378 1 
9379 0.010581 43987510.000000 9379 1 
9380 0.010579 43996890.000000 9380 1 
9381 0.010552 44006271.000000 9381 1 
9382 0.010558 44015653.000000 9382 1 
9383 0.010560 44025036.000000 9383 1 
9384 0.010550 44034420.000000 9384 1 
9385 0.010581 44043805.000000 9385 1 
9386 0.010543 44053191.000000 9386 1 
9387 0.010557 44062578.000000 9387 1 
9388 0.010578 44071966.000000 9388 1 
9389 0.010561 44081355.000000 9389 1 
9390 0.010584 44090745.000000 9390 1 
9391 0.010569 44100136.000000 9391 1 
9392 0.010606 44109528.000000 9392 1 
9393 0.010585 44118921.000000 9393 1 
9394 0.010592 44128315.000000 9394 1 
9395 0.010604 44137710.000000 9395 1 
9396 0.010586 44147106.000000 9396 1 
9397 0.010593 44156503.000000 9397 1 
9398 0.010582 44165901.000000 9398 1 
9399 0.010580 44175300.000000 9399 1 
9400 0.010590 44184700.000000 9400 1 
9401 0.010634 44194101.000000 9401 1 
9402 0.010624 44203503.000000 9402 1 
9403 0.010596 44212906.000000 9403 1 
9404 0.010626 44222310.000000 9404 1 
9405 0.010633 44231715.000000 9405 1 
9406 0.010619 44241121.000000 9406 1 
9407 0.010616 44250528.000000 9407 1 
9408 0.010619 44259936.000000 9408 1 
9409 0.010635 44269345.000000 9409 1 
9410 0.010634 44278755.000000 9410 1 
9411 0.010611 44288166.000000 9411 1 
9412 0.010633 44297578.000000 9412 1 
9413 0.010625 44306991.000000 9413 1 
9414 0.010601 44316405.000000 9414 1 
9415 0.010810 44325820.000000 9415 1 
9416 0.010227 44335236.000000 9416 1 
9417 0.010324 44344653.000000 9417 1 
9418 0.010579 44354071.000000 9418 1 
9419 0.010631 44363490.000000 9419 1 
9420 0.010612 44372910.000000 9420 1 
9421 0.010636 44382331.000000 9421 1 
9422 0.010637 44391753.000000 9422 1 
9423 0.010622 44401176.000000 9423 1 
9424 0.010658 44410600.000000 9424 1 
9425 0.010662 44420025.000000 9425 1 
9426 0.010637 44429451.000000 9426 1 
9427 0.010677 44438878.000000 9427 1 
9428 0.010661 44448306.000000 9428 1 
9429 0.010704 44457735.000000 9429 1 
9430 0.010874 44467165.000000 9430 1 
9431 0.010452 44476596.000000 9431 1 
9432 0.010634 44486028.000000 9432 1 
9433 0.010649 44495461.000000 9433 1 
9434 0.010675 44504895.000000 9434 1 
9435 0.010678 44514330.000000 9435 1 
9436 0.010679 44523766.000000 9436 1 
9437 0.010704 44533203.000000 9437 1 
9438 0.010727 44542641.000000 9438 1 
9439 0.010681 44552080.000000 9439 1 
9440 0.010725 44561520.000000 9440 1 
9441 0.010699 44570961.000000 9441 1 
9442 0.010714 44580403.000000 9442 1 
9443 0.010719 44589846.000000 9443 1 
9444 0.010676 44599290.000000 9444 1 
9445 0.010712 44608735.000000 9445 1 
9446 0.010737 44618181.000000 9446 1 
9447 0.010710 44627628.000000 9447 1 
9448 0.010712 44637076.000000 9448 1 
9449 0.010725 44646525.000000 9449 1 
9450 0.010760 44655975.000000 9450 1 
9451 0.010737 44665426.000000 9451 1 
9452 0.010749 44674878.000000 9452 1 
9453 0.010716 44684331.000000 9453 1 
9454 0.010753 44693785.000000 9454 1 
9455 0.010757 44703240.000000 9455 1 
9456 0.010738 44712696.000000 9456 1 
9457 0.010827 44722153.000000 9457 1 
9458 0.010502 44731611.000000 9458 1 
9459 0.010685 44741070.000000 9459 1 
9460 0.010734 44750530.000000 9460 1 
9461 0.010728 44759991.000000 9461 1 
9462 0.010746 44769453.000000 9462 1 
9463 0.010754 44778916.000000 9463 1 
9464 0.010722 44788380.000000 9464 1 
9465 0.010775 44797845.000000 9465 1 
9466 0.010774 44807311.000000 9466 1 
9467 0.010774 44816778.000000 9467 1 
9468 0.010787 44826246.000000 9468 1 
9469 0.010828 44835715.000000 9469 1 
9470 0.010744 44845185.000000 9470 1 
9471 0.010775 44854656.000000 9471 1 
9472 0.010729 44864128.000000 9472 1 
9473 0.010750 44873601.000000 9473 1 
9474 0.010809 44883075.000000 9474 1 
9475 0.010802 44892550.000000 9475 1 
9476 0.010750 44902026.000000 9476 1 
9477 0.010773 44911503.000000 9477 1 
9478 0.010730 44920981.000000 9478 1 
9479 0.010801 44930460.000000 9479 1 
9480 0.010823 44939940.000000 9480 1 
9481 0.010781 44949421.000000 9481 1 
9482 0.010772 44958903.000000 9482 1 
9483 0.010791 44968386.000000 9483 1 
9484 0.010753 44977870.000000 9484 1 
9485 0.010776 44987355.000000 9485 1 
9486 0.010800 44996841.000000 9486 1 
9487 0.010799 45006328.000000 9487 1 
9488 0.010804 45015816.000000 9488 1 
9489 0.010807 45025305.000000 9489 1 
9490 0.010804 45034795.000000 9490 1 
9491 0.010812 45044286.000000 9491 1 
9492 0.010821 45053778.000000 9492 1 
9493 0.010826 45063271.000000 9493 1 
9494 0.010811 45072765.000000 9494 1 
9495 0.010951 45082260.000000 9495 1 
9496 0.010816 45091756.000000 9496 1 
9497 0.010802 45101253.000000 9497 1 
9498 0.010828 45110751.000000 9498 1 
9499 0.010831 45120250.000000 9499 1 
9500 0.010828 45129750.000000 9500 1 
9501 0.010834 45139251.000000 9501 1 
9502 0.010863 45148753.000000 9502 1 
9503 0.010822 45158256.000000 9503 1 
9504 0.010902 45167760.000000 9504 1 
9505 0.011318 45177265.000000 9505 1 
9506 0.011510 45186771.000000 9506 1 
9507 0.010587 45196278.000000 9507 1 
9508 0.011070 45205786.000000 9508 1 
9509 0.011273 45215295.000000 9509 1 
9510 0.010732 45224805.000000 9510 1 
9511 0.011237 45234316.000000 9511 1 
9512 0.011229 45243828.000000 9512 1 
9513 0.010963 45253341.000000 9513 1 
9514 0.011181 45262855.000000 9514 1 
9515 0.011302 45272370.000000 9515 1 
9516 0.010828 45281886.000000 9516 1 
9517 0.011384 45291403.000000 9517 1 
9518 0.011364 45300921.000000 9518 1 
9519 0.010815 45310440.000000 9519 1 
9520 0.011323 45319960.000000 9520 1 
9521 0.011389 45329481.000000 9521 1 
9522 0.011104 45339003.000000 9522 1 
9523 0.011358 45348526.000000 9523 1 
9524 0.011340 45358050.000000 9524 1 
9525 0.010949 45367575.000000 9525 1 
9526 0.011398 45377101.000000 9526 1 
9527 0.011451 45386628.000000 9527 1 
9528 0.010929 45396156.000000 9528 1 
9529 0.011294 45405685.000000 9529 1 
9530 0.011365 45415215.000000 9530 1 
9531 0.010972 45424746.000000 9531 1 
9532 0.011356 45434278.000000 9532 1 
9533 0.011523 45443811.000000 9533 1 
9534 0.011053 45453345.000000 9534 1 
9535 0.011457 45462880.000000 9535 1 
9536 0.011259 45472416.000000 9536 1 
9537 0.011201 45481953.000000 9537 1 
9538 0.011192 45491491.000000 9538 1 
9539 0.011536 45501030.000000 9539 1 
9540 0.011383 45510570.000000 9540 1 
9541 0.011176 45520111.000000 9541 1 
9542 0.018756 45529653.000000 9542 1 
9543 0.016608 45539196.000000 9543 1 
9544 0.011544 45548740.000000 9544 1 
9545 0.011787 45558285.000000 9545 1 
9546 0.011328 45567831.000000 9546 1 
9547 0.011364 45577378.000000 9547 1 
9548 0.011422 45586926.000000 9548 1 
9549 0.011488 45596475.000000 9549 1 
9550 0.011293 45606025.000000 9550 1 
9551 0.011587 45615576.000000 9551 1 
9552 0.011547 45625128.000000 9552 1 
9553 0.011217 45634681.000000 9553 1 
9554 0.011572 45644235.000000 9554 1 
9555 0.011509 45653790.000000 9555 1 
9556 0.011125 45663346.000000 9556 1 
9557 0.011054 45672903.000000 9557 1 
9558 0.010856 45682461.000000 9558 1 
9559 0.011158 45692020.000000 9559 1 
9560 0.011108 45701580.000000 9560 1 
9561 0.011145 45711141.000000 9561 1 
9562 0.011194 45720703.000000 9562 1 
9563 0.011186 45730266.000000 9563 1 
9564 0.011137 45739830.000000 9564 1 
9565 0.011092 45749395.000000 9565 1 
9566 0.011092 45758961.000000 9566 1 
9567 0.011072 45768528.000000 9567 1 
9568 0.011082 45778096.000000 9568 1 
9569 0.011069 45787665.000000 9569 1 
9570 0.011078 45797235.000000 9570 1 
9571 0.011042 45806806.000000 9571 1 
9572 0.011049 45816378.000000 9572 1 
9573 0.011071 45825951.000000 9573 1 
9574 0.011094 45835525.000000 9574 1 
9575 0.011059 45845100.000000 9575 1 
9576 0.011052 45854676.000000 9576 1 
9577 0.011052 45864253.000000 9577 1 
9578 0.011052 45873831.000000 9578 1 
9579 0.011059 45883410.000000 9579 1 
9580 0.011068 45892990.000000 9580 1 
9581 0.011059 45902571.000000 9581 1 
9582 0.011091 45912153.000000 9582 1 
9583 0.011077 45921736.000000 9583 1 
9584 0.011047 45931320.000000 9584 1 
9585 0.011069 45940905.000000 9585 1 
9586 0.011113 45950491.000000 9586 1 
9587 0.011039 45960078.000000 9587 1 
9588 0.011076 45969666.000000 9588 1 
9589 0.011074 45979255.000000 9589 1 
9590 0.011073 45988845.000000 9590 1 
9591 0.011101 45998436.000000 9591 1 
9592 0.011103 46008028.000000 9592 1 
9593 0.011075 46017621.000000 9593 1 
9594 0.011096 46027215.000000 9594 1 
9595 0.011113 46036810.000000 9595 1 
9596 0.011059 46046406.000000 9596 1 
9597 0.011260 46056003.000000 9597 1 
9598 0.011093 46065601.000000 9598 1 
9599 0.011083 46075200.000000 9599 1 
9600 0.011355 46084800.000000 9600 1 
9601 0.011216 46094401.000000 9601 1 
9602 0.010775 46104003.000000 9602 1 
9603 0.011082 46113606.000000 9603 1 
9604 0.011106 46123210.000000 9604 1 
9605 0.010915 46132815.000000 9605 1 
9606 0.010850 46142421.000000 9606 1 
9607 0.011041 46152028.000000 9607 1 
9608 0.010921 46161636.000000 9608 1 
9609 0.010917 46171245.000000 9609 1 
9610 0.011099 46180855.000000 9610 1 
9611 0.011193 46190466.000000 9611 1 
9612 0.011271 46200078.000000 9612 1 
9613 0.011316 46209691.000000 9613 1 
9614 0.011321 46219305.000000 9614 1 
9615 0.011299 46228920.000000 9615 1 
9616 0.011320 46238536.000000 9616 1 
9617 0.011321 46248153.000000 9617 1 
9618 0.011279 46257771.000000 9618 1 
9619 0.011341 46267390.000000 9619 1 
9620 0.011345 46277010.000000 9620 1 
9621 0.011370 46286631.000000 9621 1 
9622 0.011292 46296253.000000 9622 1 
9623 0.011367 46305876.000000 9623 1 
9624 0.011349 46315500.000000 9624 1 
9625 0.011340 46325125.000000 9625 1 
9626 0.011336 46334751.000000 9626 1 
9627 0.011373 46344378.000000 9627 1 
9628 0.011348 46354006.000000 9628 1 
9629 0.011381 46363635.000000 9629 1 
9630 0.011339 46373265.000000 9630 1 
9631 0.011349 46382896.000000 9631 1 
9632 0.011380 46392528.000000 9632 1 
9633 0.011352 46402161.000000 9633 1 
9634 0.011501 46411795.000000 9634 1 
9635 0.011100 46421430.000000 9635 1 
9636 0.011340 46431066.000000 9636 1 
9637 0.011339 46440703.000000 9637 1 
9638 0.011465 46450341.000000 9638 1 
9639 0.011009 46459980.000000 9639 1 
9640 0.010877 46469620.000000 9640 1 
9641 0.011273 46479261.000000 9641 1 
9642 0.011146 46488903.000000 9642 1 
9643 0.010840 46498546.000000 9643 1 
9644 0.011179 46508190.000000 9644 1 
9645 0.011201 46517835.000000 9645 1 
9646 0.011176 46527481.000000 9646 1 
9647 0.010975 46537128.000000 9647 1 
9648 0.011091 46546776.000000 9648 1 
9649 0.011331 46556425.000000 9649 1 
9650 0.011339 46566075.000000 9650 1 
9651 0.011369 46575726.000000 9651 1 
9652 0.011393 46585378.000000 9652 1 
9653 0.011374 46595031.000000 9653 1 
9654 0.011376 46604685.000000 9654 1 
9655 0.011458 46614340.000000 9655 1 
9656 0.011377 46623996.000000 9656 1 
9657 0.011414 46633653.000000 9657 1 
9658 0.011462 46643311.000000 9658 1 
9659 0.011408 46652970.000000 9659 1 
9660 0.011460 46662630.000000 9660 1 
9661 0.011480 46672291.000000 9661 1 
9662 0.011513 46681953.000000 9662 1 
9663 0.011485 46691616.000000 9663 1 
9664 0.011349 46701280.000000 9664 1 
9665 0.011354 46710945.000000 9665 1 
9666 0.010909 46720611.000000 9666 1 
9667 0.011286 46730278.000000 9667 1 
9668 0.011261 46739946.000000 9668 1 
9669 0.011309 46749615.000000 9669 1 
9670 0.011043 46759285.000000 9670 1 
9671 0.011361 46768956.000000 9671 1 
9672 0.011414 46778628.000000 9672 1 
9673 0.011027 46788301.000000 9673 1 
9674 0.011278 46797975.000000 9674 1 
9675 0.011197 46807650.000000 9675 1 
9676 0.011200 46817326.000000 9676 1 
9677 0.011522 46827003.000000 9677 1 
9678 0.011470 46836681.000000 9678 1 
9679 0.011007 46846360.000000 9679 1 
9680 0.011602 46856040.000000 9680 1 
9681 0.011490 46865721.000000 9681 1 
9682 0.011248 46875403.000000 9682 1 
9683 0.011370 46885086.000000 9683 1 
9684 0.011388 46894770.000000 9684 1 
9685 0.011377 46904455.000000 9685 1 
9686 0.011443 46914141.000000 9686 1 
9687 0.011501 46923828.000000 9687 1 
9688 0.010976 46933516.000000 9688 1 
9689 0.011435 46943205.000000 9689 1 
9690 0.011373 46952895.000000 9690 1 
9691 0.011756 46962586.000000 9691 1 
9692 0.010971 46972278.000000 9692 1 
9693 0.011362 46981971.000000 9693 1 
9694 0.011448 46991665.000000 9694 1 
9695 0.011246 47001360.000000 9695 1 
9696 0.011353 47011056.000000 9696 1 
9697 0.011547 47020753.000000 9697 1 
9698 0.011130 47030451.000000 9698 1 
9699 0.011373 47040150.000000 9699 1 
9700 0.011391 47049850.000000 9700 1 
9701 0.011270 47059551.000000 9701 1 
9702 0.011422 47069253.000000 9702 1 
9703 0.011442 47078956.000000 9703 1 
9704 0.011631 47088660.000000 9704 1 
9705 0.011356 47098365.000000 9705 1 
9706 0.011786 47108071.000000 9706 1 
9707 0.011848 47117778.000000 9707 1 
9708 0.011091 47127486.000000 9708 1 
9709 0.011462 47137195.000000 9709 1 
9710 0.011579 47146905.000000 9710 1 
9711 0.011357 47156616.000000 9711 1 
9712 0.011476 47166328.000000 9712 1 
9713 0.011474 47176041.000000 9713 1 
9714 0.011472 47185755.000000 9714 1 
9715 0.011494 47195470.000000 9715 1 
9716 0.011460 47205186.000000 9716 1 
9717 0.011473 47214903.000000 9717 1 
9718 0.011560 47224621.000000 9718 1 
9719 0.011639 47234340.000000 9719 1 
9720 0.011979 47244060.000000 9720 1 
9721 0.011208 47253781.000000 9721 1 
9722 0.011587 47263503.000000 9722 1 
9723 0.011790 47273226.000000 9723 1 
9724 0.011313 47282950.000000 9724 1 
9725 0.011778 47292675.000000 9725 1 
9726 0.011843 47302401.000000 9726 1 
9727 0.011884 47312128.000000 9727 1 
9728 0.011386 47321856.000000 9728 1 
9729 0.011850 47331585.000000 9729 1 
9730 0.011817 47341315.000000 9730 1 
9731 0.011405 47351046.000000 9731 1 
9732 0.011559 47360778.000000 9732 1 
9733 0.011702 47370511.000000 9733 1 
9734 0.011415 47380245.000000 9734 1 
9735 0.011701 47389980.000000 9735 1 
9736 0.011702 47399716.000000 9736 1 
9737 0.011584 47409453.000000 9737 1 
9738 0.011374 47419191.000000 9738 1 
9739 0.011476 47428930.000000 9739 1 
9740 0.011829 47438670.000000 9740 1 
9741 0.011362 47448411.000000 9741 1 
9742 0.011573 47458153.000000 9742 1 
9743 0.011797 47467896.000000 9743 1 
9744 0.011264 47477640.000000 9744 1 
9745 0.011755 47487385.000000 9745 1 
9746 0.011849 47497131.000000 9746 1 
9747 0.011860 47506878.000000 9747 1 
9748 0.011465 47516626.000000 9748 1 
9749 0.011972 47526375.000000 9749 1 
9750 0.012163 47536125.000000 9750 1 
9751 0.012033 47545876.000000 9751 1 
9752 0.011825 47555628.000000 9752 1 
9753 0.011902 47565381.000000 9753 1 
9754 0.011544 47575135.000000 9754 1 
9755 0.012063 47584890.000000 9755 1 
9756 0.011917 47594646.000000 9756 1 
9757 0.012034 47604403.000000 9757 1 
9758 0.011233 47614161.000000 9758 1 
9759 0.011760 47623920.000000 9759 1 
9760 0.012068 47633680.000000 9760 1 
9761 0.011995 47643441.000000 9761 1 
9762 0.011462 47653203.000000 9762 1 
9763 0.011364 47662966.000000 9763 1 
9764 0.011551 47672730.000000 9764 1 
9765 0.011745 47682495.000000 9765 1 
9766 0.011739 47692261.000000 9766 1 
9767 0.011701 47702028.000000 9767 1 
9768 0.011459 47711796.000000 9768 1 
9769 0.011969 47721565.000000 9769 1 
9770 0.011777 47731335.000000 9770 1 
9771 0.011933 47741106.000000 9771 1 
9772 0.011571 47750878.000000 9772 1 
9773 0.021337 47760651.000000 9773 1 
9774 0.015465 47770425.000000 9774 1 
9775 0.011636 47780200.000000 9775 1 
9776 0.011520 47789976.000000 9776 1 
9777 0.011478 47799753.000000 9777 1 
9778 0.011522 47809531.000000 9778 1 
9779 0.011333 47819310.000000 9779 1 
9780 0.011425 47829090.000000 9780 1 
9781 0.011622 47838871.000000 9781 1 
9782 0.011233 47848653.000000 9782 1 
9783 0.011465 47858436.000000 9783 1 
9784 0.011553 47868220.000000 9784 1 
9785 0.011595 47878005.000000 9785 1 
9786 0.011611 47887791.000000 9786 1 
9787 0.011609 47897578.000000 9787 1 
9788 0.011637 47907366.000000 9788 1 
9789 0.011640 47917155.000000 9789 1 
9790 0.011638 47926945.000000 9790 1 
9791 0.011610 47936736.000000 9791 1 
9792 0.011621 47946528.000000 9792 1 
9793 0.011649 47956321.000000 9793 1 
9794 0.011594 47966115.000000 9794 1 
9795 0.011638 47975910.000000 9795 1 
9796 0.011606 47985706.000000 9796 1 
9797 0.011612 47995503.000000 9797 1 
9798 0.011636 48005301.000000 9798 1 
9799 0.011636 48015100.000000 9799 1 
9800 0.011601 48024900.000000 9800 1 
9801 0.011635 48034701.000000 9801 1 
9802 0.011595 48044503.000000 9802 1 
9803 0.011601 48054306.000000 9803 1 
9804 0.011607 48064110.000000 9804 1 
9805 0.011609 48073915.000000 9805 1 
9806 0.011595 48083721.000000 9806 1 
9807 0.011628 48093528.000000 9807 1 
9808 0.011629 48103336.000000 9808 1 
9809 0.011623 48113145.000000 9809 1 
9810 0.011614 48122955.000000 9810 1 
9811 0.011606 48132766.000000 9811 1 
9812 0.011633 48142578.000000 9812 1 
9813 0.011596 48152391.000000 9813 1 
9814 0.011632 48162205.000000 9814 1 
9815 0.011646 48172020.000000 9815 1 
9816 0.011616 48181836.000000 9816 1 
9817 0.011680 48191653.000000 9817 1 
9818 0.011648 48201471.000000 9818 1 
9819 0.011646 48211290.000000 9819 1 
9820 0.011600 48221110.000000 9820 1 
9821 0.011628 48230931.000000 9821 1 
9822 0.011628 48240753.000000 9822 1 
9823 0.011640 48250576.000000 9823 1 
9824 0.011667 48260400.000000 9824 1 
9825 0.011644 48270225.000000 9825 1 
9826 0.011649 48280051.000000 9826 1 
9827 0.011634 48289878.000000 9827 1 
9828 0.011670 48299706.000000 9828 1 
9829 0.011624 48309535.000000 9829 1 
9830 0.011658 48319365.000000 9830 1 
9831 0.011678 48329196.000000 9831 1 
9832 0.011692 48339028.000000 9832 1 
9833 0.011628 48348861.000000 9833 1 
9834 0.011461 48358695.000000 9834 1 
9835 0.011665 48368530.000000 9835 1 
9836 0.011772 48378366.000000 9836 1 
9837 0.011815 48388203.000000 9837 1 
9838 0.011825 48398041.000000 9838 1 
9839 0.011832 48407880.000000 9839 1 
9840 0.011796 48417720.000000 9840 1 
9841 0.011880 48427561.000000 9841 1 
9842 0.011871 48437403.000000 9842 1 
9843 0.011848 48447246.000000 9843 1 
9844 0.011858 48457090.000000 9844 1 
9845 0.011842 48466935.000000 9845 1 
9846 0.011877 48476781.000000 9846 1 
9847 0.011874 48486628.000000 9847 1 
9848 0.011905 48496476.000000 9848 1 
9849 0.011891 48506325.000000 9849 1 
9850 0.011923 48516175.000000 9850 1 
9851 0.011869 48526026.000000 9851 1 
9852 0.011885 48535878.000000 9852 1 
9853 0.011925 48545731.000000 9853 1 
9854 0.011901 48555585.000000 9854 1 
9855 0.011958 48565440.000000 9855 1 
9856 0.011983 48575296.000000 9856 1 
9857 0.011968 48585153.000000 9857 1 
9858 0.011922 48595011.000000 9858 1 
9859 0.011972 48604870.000000 9859 1 
9860 0.011951 48614730.000000 9860 1 
9861 0.011917 48624591.000000 9861 1 
9862 0.011929 48634453.000000 9862 1 
9863 0.012010 48644316.000000 9863 1 
9864 0.011972 48654180.000000 9864 1 
9865 0.011940 48664045.000000 9865 1 
9866 0.011988 48673911.000000 9866 1 
9867 0.012006 48683778.000000 9867 1 
9868 0.011921 48693646.000000 9868 1 
9869 0.011973 48703515.000000 9869 1 
9870 0.011951 48713385.000000 9870 1 
9871 0.011975 48723256.000000 9871 1 
9872 0.011989 48733128.000000 9872 1 
9873 0.011997 48743001.000000 9873 1 
9874 0.011953 48752875.000000 9874 1 
9875 0.011936 48762750.000000 9875 1 
9876 0.011951 48772626.000000 9876 1 
9877 0.011987 48782503.000000 9877 1 
9878 0.011946 48792381.000000 9878 1 
9879 0.011941 48802260.000000 9879 1 
9880 0.011946 48812140.000000 9880 1 
9881 0.011984 48822021.000000 9881 1 
9882 0.011973 48831903.000000 9882 1 
9883 0.011956 48841786.000000 9883 1 
9884 0.012018 48851670.000000 9884 1 
9885 0.011988 48861555.000000 9885 1 
9886 0.011970 48871441.000000 9886 1 
9887 0.011996 48881328.000000 9887 1 
9888 0.012018 48891216.000000 9888 1 
9889 0.012001 48901105.000000 9889 1 
9890 0.011970 48910995.000000 9890 1 
9891 0.012074 48920886.000000 9891 1 
9892 0.012035 48930778.000000 9892 1 
9893 0.012025 48940671.000000 9893 1 
9894 0.012020 48950565.000000 9894 1 
9895 0.012031 48960460.000000 9895 1 
9896 0.012053 48970356.000000 9896 1 
9897 0.012032 48980253.000000 9897 1 
9898 0.012045 48990151.000000 9898 1 
9899 0.012032 49000050.000000 9899 1 
9900 0.012077 49009950.000000 9900 1 
9901 0.011995 49019851.000000 9901 1 
9902 0.012005 49029753.000000 9902 1 
9903 0.011984 49039656.000000 9903 1 
9904 0.011988 49049560.000000 9904 1 
9905 0.012048 49059465.000000 9905 1 
9906 0.012000 49069371.000000 9906 1 
9907 0.012042 49079278.000000 9907 1 
9908 0.011999 49089186.000000 9908 1 
9909 0.012024 49099095.000000 9909 1 
9910 0.012025 49109005.000000 9910 1 
9911 0.012037 49118916.000000 9911 1 
9912 0.012001 49128828.000000 9912 1 
9913 0.012007 49138741.000000 9913 1 
9914 0.012026 49148655.000000 9914 1 
9915 0.012026 49158570.000000 9915 1 
9916 0.012044 49168486.000000 9916 1 
9917 0.012041 49178403.000000 9917 1 
9918 0.012023 49188321.000000 9918 1 
9919 0.012030 49198240.000000 9919 1 
9920 0.012026 49208160.000000 9920 1 
9921 0.012036 49218081.000000 9921 1 
9922 0.012026 49228003.000000 9922 1 
9923 0.012040 49237926.000000 9923 1 
9924 0.012036 49247850.000000 9924 1 
9925 0.012056 49257775.000000 9925 1 
9926 0.012044 49267701.000000 9926 1 
9927 0.012066 49277628.000000 9927 1 
9928 0.012043 49287556.000000 9928 1 
9929 0.012050 49297485.000000 9929 1 
9930 0.012061 49307415.000000 9930 1 
9931 0.012047 49317346.000000 9931 1 
9932 0.012062 49327278.000000 9932 1 
9933 0.012129 49337211.000000 9933 1 
9934 0.012066 49347145.000000 9934 1 
9935 0.012050 49357080.000000 9935 1 
9936 0.012071 49367016.000000 9936 1 
9937 0.012062 49376953.000000 9937 1 
9938 0.012059 49386891.000000 9938 1 
9939 0.012083 49396830.000000 9939 1 
9940 0.012088 49406770.000000 9940 1 
9941 0.012084 49416711.000000 9941 1 
9942 0.012101 49426653.000000 9942 1 
9943 0.012063 49436596.000000 9943 1 
9944 0.012103 49446540.000000 9944 1 
9945 0.012105 49456485.000000 9945 1 
9946 0.012123 49466431.000000 9946 1 
9947 0.012083 49476378.000000 9947 1 
9948 0.012090 49486326.000000 9948 1 
9949 0.012089 49496275.000000 9949 1 
9950 0.012160 49506225.000000 9950 1 
9951 0.012079 49516176.000000 9951 1 
9952 0.012114 49526128.000000 9952 1 
9953 0.012116 49536081.000000 9953 1 
9954 0.012083 49546035.000000 9954 1 
9955 0.012142 49555990.000000 9955 1 
9956 0.012339 49565946.000000 9956 1 
9957 0.012478 49575903.000000 9957 1 
9958 0.026937 49585861.000000 9958 1 
9959 0.015470 49595820.000000 9959 1 
9960 0.012145 49605780.000000 9960 1 
9961 0.011946 49615741.000000 9961 1 
9962 0.012092 49625703.000000 9962 1 
9963 0.011967 49635666.000000 9963 1 
9964 0.012420 49645630.000000 9964 1 
9965 0.012073 49655595.000000 9965 1 
9966 0.011915 49665561.000000 9966 1 
9967 0.012135 49675528.000000 9967 1 
9968 0.012108 49685496.000000 9968 1 
9969 0.012103 49695465.000000 9969 1 
9970 0.012002 49705435.000000 9970 1 
9971 0.012269 49715406.000000 9971 1 
9972 0.012624 49725378.000000 9972 1 
9973 0.012097 49735351.000000 9973 1 
9974 0.011993 49745325.000000 9974 1 
9975 0.012090 49755300.000000 9975 1 
9976 0.012338 49765276.000000 9976 1 
9977 0.011959 49775253.000000 9977 1 
9978 0.011789 49785231.000000 9978 1 
9979 0.012030 49795210.000000 9979 1 
9980 0.011737 49805190.000000 9980 1 
9981 0.012004 49815171.000000 9981 1 
9982 0.012104 49825153.000000 9982 1 
9983 0.012120 49835136.000000 9983 1 
9984 0.012049 49845120.000000 9984 1 
9985 0.011989 49855105.000000 9985 1 
9986 0.012232 49865091.000000 9986 1 
9987 0.012241 49875078.000000 9987 1 
9988 0.012332 49885066.000000 9988 1 
9989 0.012335 49895055.000000 9989 1 
9990 0.012300 49905045.000000 9990 1 
9991 0.012336 49915036.000000 9991 1 
9992 0.012346 49925028.000000 9992 1 
9993 0.012318 49935021.000000 9993 1 
9994 0.012315 49945015.000000 9994 1 
9995 0.012321 49955010.000000 9995 1 
9996 0.012278 49965006.000000 9996 1 
9997 0.012303 49975003.000000 9997 1 
9998 0.012289 49985001.000000 9998 1 
9999 0.012323 49995000.000000 9999 1 
10000 0.012307 50005000.000000 10000 1 
