N  Time  average_ob  max_ob  min_ob 
1000 0.0000007890 500.5000000000 1000 1 
1001 0.0000007852 501.0000000000 1001 1 
1002 0.0000005070 501.5000000000 1002 1 
1003 0.0000004965 502.0000000000 1003 1 
1004 0.0000004283 502.5000000000 1004 1 
1005 0.0000004408 503.0000000000 1005 1 
1006 0.0000003628 503.5000000000 1006 1 
1007 0.0000003764 504.0000000000 1007 1 
1008 0.0000003591 504.5000000000 1008 1 
1009 0.0000003370 505.0000000000 1009 1 
1010 0.0000003416 505.5000000000 1010 1 
1011 0.0000003155 506.0000000000 1011 1 
1012 0.0000003152 506.5000000000 1012 1 
1013 0.0000003396 507.0000000000 1013 1 
1014 0.0000003126 507.5000000000 1014 1 
1015 0.0000003163 508.0000000000 1015 1 
1016 0.0000003317 508.5000000000 1016 1 
1017 0.0000003097 509.0000000000 1017 1 
1018 0.0000003114 509.5000000000 1018 1 
1019 0.0000003121 510.0000000000 1019 1 
1020 0.0000003147 510.5000000000 1020 1 
1021 0.0000003438 511.0000000000 1021 1 
1022 0.0000003219 511.5000000000 1022 1 
1023 0.0000003128 512.0000000000 1023 1 
1024 0.0000003223 512.5000000000 1024 1 
1025 0.0000003122 513.0000000000 1025 1 
1026 0.0000003002 513.5000000000 1026 1 
1027 0.0000002843 514.0000000000 1027 1 
1028 0.0000002977 514.5000000000 1028 1 
1029 0.0000003168 515.0000000000 1029 1 
1030 0.0000003505 515.5000000000 1030 1 
1031 0.0000006615 516.0000000000 1031 1 
1032 0.0000003682 516.5000000000 1032 1 
1033 0.0000002904 517.0000000000 1033 1 
1034 0.0000003162 517.5000000000 1034 1 
1035 0.0000003604 518.0000000000 1035 1 
1036 0.0000003108 518.5000000000 1036 1 
1037 0.0000002845 519.0000000000 1037 1 
1038 0.0000002736 519.5000000000 1038 1 
1039 0.0000002724 520.0000000000 1039 1 
1040 0.0000002490 520.5000000000 1040 1 
1041 0.0000002574 521.0000000000 1041 1 
1042 0.0000002457 521.5000000000 1042 1 
1043 0.0000002483 522.0000000000 1043 1 
1044 0.0000007375 522.5000000000 1044 1 
1045 0.0000005579 523.0000000000 1045 1 
1046 0.0000002476 523.5000000000 1046 1 
1047 0.0000003591 524.0000000000 1047 1 
1048 0.0000004323 524.5000000000 1048 1 
1049 0.0000003889 525.0000000000 1049 1 
1050 0.0000004171 525.5000000000 1050 1 
1051 0.0000003892 526.0000000000 1051 1 
1052 0.0000003802 526.5000000000 1052 1 
1053 0.0000003913 527.0000000000 1053 1 
1054 0.0000003767 527.5000000000 1054 1 
1055 0.0000004028 528.0000000000 1055 1 
1056 0.0000003570 528.5000000000 1056 1 
1057 0.0000003765 529.0000000000 1057 1 
1058 0.0000003195 529.5000000000 1058 1 
1059 0.0000003182 530.0000000000 1059 1 
1060 0.0000003274 530.5000000000 1060 1 
1061 0.0000003346 531.0000000000 1061 1 
1062 0.0000003183 531.5000000000 1062 1 
1063 0.0000003321 532.0000000000 1063 1 
1064 0.0000003336 532.5000000000 1064 1 
1065 0.0000005089 533.0000000000 1065 1 
1066 0.0000003311 533.5000000000 1066 1 
1067 0.0000003196 534.0000000000 1067 1 
1068 0.0000003324 534.5000000000 1068 1 
1069 0.0000003199 535.0000000000 1069 1 
1070 0.0000003336 535.5000000000 1070 1 
1071 0.0000003511 536.0000000000 1071 1 
1072 0.0000003200 536.5000000000 1072 1 
1073 0.0000003336 537.0000000000 1073 1 
1074 0.0000003203 537.5000000000 1074 1 
1075 0.0000003209 538.0000000000 1075 1 
1076 0.0000003309 538.5000000000 1076 1 
1077 0.0000003110 539.0000000000 1077 1 
1078 0.0000003970 539.5000000000 1078 1 
1079 0.0000003318 540.0000000000 1079 1 
1080 0.0000002787 540.5000000000 1080 1 
1081 0.0000002868 541.0000000000 1081 1 
1082 0.0000003004 541.5000000000 1082 1 
1083 0.0000002789 542.0000000000 1083 1 
1084 0.0000002952 542.5000000000 1084 1 
1085 0.0000003032 543.0000000000 1085 1 
1086 0.0000002965 543.5000000000 1086 1 
1087 0.0000002843 544.0000000000 1087 1 
1088 0.0000002886 544.5000000000 1088 1 
1089 0.0000002810 545.0000000000 1089 1 
1090 0.0000002807 545.5000000000 1090 1 
1091 0.0000002887 546.0000000000 1091 1 
1092 0.0000002811 546.5000000000 1092 1 
1093 0.0000002809 547.0000000000 1093 1 
1094 0.0000002888 547.5000000000 1094 1 
1095 0.0000002822 548.0000000000 1095 1 
1096 0.0000002819 548.5000000000 1096 1 
1097 0.0000002899 549.0000000000 1097 1 
1098 0.0000002823 549.5000000000 1098 1 
1099 0.0000002830 550.0000000000 1099 1 
1100 0.0000003036 550.5000000000 1100 1 
1101 0.0000002743 551.0000000000 1101 1 
1102 0.0000002523 551.5000000000 1102 1 
1103 0.0000002684 552.0000000000 1103 1 
1104 0.0000002518 552.5000000000 1104 1 
1105 0.0000002525 553.0000000000 1105 1 
1106 0.0000002523 553.5000000000 1106 1 
1107 0.0000002593 554.0000000000 1107 1 
1108 0.0000002653 554.5000000000 1108 1 
1109 0.0000002534 555.0000000000 1109 1 
1110 0.0000002604 555.5000000000 1110 1 
1111 0.0000002529 556.0000000000 1111 1 
1112 0.0000002536 556.5000000000 1112 1 
1113 0.0000002543 557.0000000000 1113 1 
1114 0.0000002558 557.5000000000 1114 1 
1115 0.0000004350 558.0000000000 1115 1 
1116 0.0000002661 558.5000000000 1116 1 
1117 0.0000002668 559.0000000000 1117 1 
1118 0.0000002558 559.5000000000 1118 1 
1119 0.0000002788 560.0000000000 1119 1 
1120 0.0000002571 560.5000000000 1120 1 
1121 0.0000002302 561.0000000000 1121 1 
1122 0.0000002299 561.5000000000 1122 1 
1123 0.0000002573 562.0000000000 1123 1 
1124 0.0000002633 562.5000000000 1124 1 
1125 0.0000002560 563.0000000000 1125 1 
1126 0.0000002638 563.5000000000 1126 1 
1127 0.0000002449 564.0000000000 1127 1 
1128 0.0000002314 564.5000000000 1128 1 
1129 0.0000002312 565.0000000000 1129 1 
1130 0.0000002381 565.5000000000 1130 1 
1131 0.0000002325 566.0000000000 1131 1 
1132 0.0000002323 566.5000000000 1132 1 
1133 0.0000002374 567.0000000000 1133 1 
1134 0.0000002416 567.5000000000 1134 1 
1135 0.0000002326 568.0000000000 1135 1 
1136 0.0000002333 568.5000000000 1136 1 
1137 0.0000002419 569.0000000000 1137 1 
1138 0.0000002337 569.5000000000 1138 1 
1139 0.0000002493 570.0000000000 1139 1 
1140 0.0000002333 570.5000000000 1140 1 
1141 0.0000002340 571.0000000000 1141 1 
1142 0.0000002137 571.5000000000 1142 1 
1143 0.0000002143 572.0000000000 1143 1 
1144 0.0000002185 572.5000000000 1144 1 
1145 0.0000002131 573.0000000000 1145 1 
1146 0.0000002138 573.5000000000 1146 1 
1147 0.0000002145 574.0000000000 1147 1 
1148 0.0000002204 574.5000000000 1148 1 
1149 0.0000002141 575.0000000000 1149 1 
1150 0.0000002313 575.5000000000 1150 1 
1151 0.0000002146 576.0000000000 1151 1 
1152 0.0000002300 576.5000000000 1152 1 
1153 0.0000002229 577.0000000000 1153 1 
1154 0.0000002158 577.5000000000 1154 1 
1155 0.0000002277 578.0000000000 1155 1 
1156 0.0000002215 578.5000000000 1156 1 
1157 0.0000002247 579.0000000000 1157 1 
1158 0.0000002159 579.5000000000 1158 1 
1159 0.0000002200 580.0000000000 1159 1 
1160 0.0000002259 580.5000000000 1160 1 
1161 0.0000002171 581.0000000000 1161 1 
1162 0.0000002169 581.5000000000 1162 1 
1163 0.0000002236 582.0000000000 1163 1 
1164 0.0000002174 582.5000000000 1164 1 
1165 0.0000002172 583.0000000000 1165 1 
1166 0.0000002178 583.5000000000 1166 1 
1167 0.0000002228 584.0000000000 1167 1 
1168 0.0000002175 584.5000000000 1168 1 
1169 0.0000002181 585.0000000000 1169 1 
1170 0.0000002188 585.5000000000 1170 1 
1171 0.0000002220 586.0000000000 1171 1 
1172 0.0000002022 586.5000000000 1172 1 
1173 0.0000002020 587.0000000000 1173 1 
1174 0.0000002036 587.5000000000 1174 1 
1175 0.0000002077 588.0000000000 1175 1 
1176 0.0000002032 588.5000000000 1176 1 
1177 0.0000002031 589.0000000000 1177 1 
1178 0.0000002037 589.5000000000 1178 1 
1179 0.0000002087 590.0000000000 1179 1 
1180 0.0000002085 590.5000000000 1180 1 
1181 0.0000002032 591.0000000000 1181 1 
1182 0.0000002039 591.5000000000 1182 1 
1183 0.0000002088 592.0000000000 1183 1 
1184 0.0000002044 592.5000000000 1184 1 
1185 0.0000002042 593.0000000000 1185 1 
1186 0.0000002049 593.5000000000 1186 1 
1187 0.0000002098 594.0000000000 1187 1 
1188 0.0000001919 594.5000000000 1188 1 
1189 0.0000001968 595.0000000000 1189 1 
1190 0.0000001924 595.5000000000 1190 1 
1191 0.0000001973 596.0000000000 1191 1 
1192 0.0000001930 596.5000000000 1192 1 
1193 0.0000001928 597.0000000000 1193 1 
1194 0.0000001926 597.5000000000 1194 1 
1195 0.0000002033 598.0000000000 1195 1 
1196 0.0000001931 598.5000000000 1196 1 
1197 0.0000001938 599.0000000000 1197 1 
1198 0.0000001945 599.5000000000 1198 1 
1199 0.0000001943 600.0000000000 1199 1 
1200 0.0000001942 600.5000000000 1200 1 
1201 0.0000001990 601.0000000000 1201 1 
1202 0.0000001947 601.5000000000 1202 1 
1203 0.0000001978 602.0000000000 1203 1 
1204 0.0000001852 602.5000000000 1204 1 
1205 0.0000001959 603.0000000000 1205 1 
1206 0.0000001857 603.5000000000 1206 1 
1207 0.0000001856 604.0000000000 1207 1 
1208 0.0000001904 604.5000000000 1208 1 
1209 0.0000001861 605.0000000000 1209 1 
1210 0.0000001868 605.5000000000 1210 1 
1211 0.0000001858 606.0000000000 1211 1 
1212 0.0000001906 606.5000000000 1212 1 
1213 0.0000001921 607.0000000000 1213 1 
1214 0.0000001862 607.5000000000 1214 1 
1215 0.0000001942 608.0000000000 1215 1 
1216 0.0000001916 608.5000000000 1216 1 
1217 0.0000001947 609.0000000000 1217 1 
1218 0.0000001872 609.5000000000 1218 1 
1219 0.0000001879 610.0000000000 1219 1 
1220 0.0000001893 610.5000000000 1220 1 
1221 0.0000001802 611.0000000000 1221 1 
1222 0.0000001800 611.5000000000 1222 1 
1223 0.0000001799 612.0000000000 1223 1 
1224 0.0000001838 612.5000000000 1224 1 
1225 0.0000001845 613.0000000000 1225 1 
1226 0.0000001803 613.5000000000 1226 1 
1227 0.0000001801 614.0000000000 1227 1 
1228 0.0000001808 614.5000000000 1228 1 
1229 0.0000001847 615.0000000000 1229 1 
1230 0.0000001813 615.5000000000 1230 1 
1231 0.0000001836 616.0000000000 1231 1 
1232 0.0000001810 616.5000000000 1232 1 
1233 0.0000001849 617.0000000000 1233 1 
1234 0.0000001815 617.5000000000 1234 1 
1235 0.0000001822 618.0000000000 1235 1 
1236 0.0000001820 618.5000000000 1236 1 
1237 0.0000001819 619.0000000000 1237 1 
1238 0.0000001793 619.5000000000 1238 1 
1239 0.0000001751 620.0000000000 1239 1 
1240 0.0000001758 620.5000000000 1240 1 
1241 0.0000001757 621.0000000000 1241 1 
1242 0.0000001795 621.5000000000 1242 1 
1243 0.0000001826 622.0000000000 1243 1 
1244 0.0000001760 622.5000000000 1244 1 
1245 0.0000001767 623.0000000000 1245 1 
1246 0.0000001798 623.5000000000 1246 1 
1247 0.0000001877 624.0000000000 1247 1 
1248 0.0000001771 624.5000000000 1248 1 
1249 0.0000001769 625.0000000000 1249 1 
1250 0.0000001768 625.5000000000 1250 1 
1251 0.0000001807 626.0000000000 1251 1 
1252 0.0000001781 626.5000000000 1252 1 
1253 0.0000001780 627.0000000000 1253 1 
1254 0.0000001770 627.5000000000 1254 1 
1255 0.0000001737 628.0000000000 1255 1 
1256 0.0000001696 628.5000000000 1256 1 
1257 0.0000001695 629.0000000000 1257 1 
1258 0.0000001701 629.5000000000 1258 1 
1259 0.0000001708 630.0000000000 1259 1 
1260 0.0000001738 630.5000000000 1260 1 
1261 0.0000001705 631.0000000000 1261 1 
1262 0.0000001712 631.5000000000 1262 1 
1263 0.0000001710 632.0000000000 1263 1 
1264 0.0000001741 632.5000000000 1264 1 
1265 0.0000001708 633.0000000000 1265 1 
1266 0.0000001714 633.5000000000 1266 1 
1267 0.0000001713 634.0000000000 1267 1 
1268 0.0000001711 634.5000000000 1268 1 
1269 0.0000001749 635.0000000000 1269 1 
1270 0.0000001724 635.5000000000 1270 1 
1271 0.0000001762 636.0000000000 1271 1 
1272 0.0000001682 636.5000000000 1272 1 
1273 0.0000001681 637.0000000000 1273 1 
1274 0.0000001648 637.5000000000 1274 1 
1275 0.0000001671 638.0000000000 1275 1 
1276 0.0000001654 638.5000000000 1276 1 
1277 0.0000001738 639.0000000000 1277 1 
1278 0.0000001706 639.5000000000 1278 1 
1279 0.0000001658 640.0000000000 1279 1 
1280 0.0000001656 640.5000000000 1280 1 
1281 0.0000001663 641.0000000000 1281 1 
1282 0.0000001700 641.5000000000 1282 1 
1283 0.0000001660 642.0000000000 1283 1 
1284 0.0000001659 642.5000000000 1284 1 
1285 0.0000001665 643.0000000000 1285 1 
1286 0.0000001664 643.5000000000 1286 1 
1287 0.0000001694 644.0000000000 1287 1 
1288 0.0000001669 644.5000000000 1288 1 
1289 0.0000001668 645.0000000000 1289 1 
1290 0.0000001729 645.5000000000 1290 1 
1291 0.0000001704 646.0000000000 1291 1 
1292 0.0000001672 646.5000000000 1292 1 
1293 0.0000001671 647.0000000000 1293 1 
1294 0.0000001708 647.5000000000 1294 1 
1295 0.0000001737 648.0000000000 1295 1 
1296 0.0000001682 648.5000000000 1296 1 
1297 0.0000001681 649.0000000000 1297 1 
1298 0.0000001680 649.5000000000 1298 1 
1299 0.0000001678 650.0000000000 1299 1 
1300 0.0000001792 650.5000000000 1300 1 
1301 0.0000001683 651.0000000000 1301 1 
1302 0.0000001682 651.5000000000 1302 1 
1303 0.0000001681 652.0000000000 1303 1 
1304 0.0000001718 652.5000000000 1304 1 
1305 0.0000001732 653.0000000000 1305 1 
1306 0.0000001685 653.5000000000 1306 1 
1307 0.0000001668 654.0000000000 1307 1 
1308 0.0000001567 654.5000000000 1308 1 
1309 0.0000001604 655.0000000000 1309 1 
1310 0.0000001573 655.5000000000 1310 1 
1311 0.0000001579 656.0000000000 1311 1 
1312 0.0000001578 656.5000000000 1312 1 
1313 0.0000001615 657.0000000000 1313 1 
1314 0.0000001575 657.5000000000 1314 1 
1315 0.0000001582 658.0000000000 1315 1 
1316 0.0000001581 658.5000000000 1316 1 
1317 0.0000001579 659.0000000000 1317 1 
1318 0.0000001616 659.5000000000 1318 1 
1319 0.0000001698 660.0000000000 1319 1 
1320 0.0000001598 660.5000000000 1320 1 
1321 0.0000001590 661.0000000000 1321 1 
1322 0.0000001589 661.5000000000 1322 1 
1323 0.0000001618 662.0000000000 1323 1 
1324 0.0000001594 662.5000000000 1324 1 
1325 0.0000001592 663.0000000000 1325 1 
1326 0.0000001576 663.5000000000 1326 1 
1327 0.0000001628 664.0000000000 1327 1 
1328 0.0000001581 664.5000000000 1328 1 
1329 0.0000001573 665.0000000000 1329 1 
1330 0.0000001586 665.5000000000 1330 1 
1331 0.0000001578 666.0000000000 1331 1 
1332 0.0000001614 666.5000000000 1332 1 
1333 0.0000001583 667.0000000000 1333 1 
1334 0.0000001589 667.5000000000 1334 1 
1335 0.0000001588 668.0000000000 1335 1 
1336 0.0000001617 668.5000000000 1336 1 
1337 0.0000001586 669.0000000000 1337 1 
1338 0.0000001592 669.5000000000 1338 1 
1339 0.0000001591 670.0000000000 1339 1 
1340 0.0000001590 670.5000000000 1340 1 
1341 0.0000001626 671.0000000000 1341 1 
1342 0.0000001595 671.5000000000 1342 1 
1343 0.0000001757 672.0000000000 1343 1 
1344 0.0000001734 672.5000000000 1344 1 
1345 0.0000001621 673.0000000000 1345 1 
1346 0.0000001597 673.5000000000 1346 1 
1347 0.0000001604 674.0000000000 1347 1 
1348 0.0000001602 674.5000000000 1348 1 
1349 0.0000001601 675.0000000000 1349 1 
1350 0.0000001630 675.5000000000 1350 1 
1351 0.0000001599 676.0000000000 1351 1 
1352 0.0000001605 676.5000000000 1352 1 
1353 0.0000001604 677.0000000000 1353 1 
1354 0.0000001654 677.5000000000 1354 1 
1355 0.0000001609 678.0000000000 1355 1 
1356 0.0000001615 678.5000000000 1356 1 
1357 0.0000001606 679.0000000000 1357 1 
1358 0.0000001613 679.5000000000 1358 1 
1359 0.0000001641 680.0000000000 1359 1 
1360 0.0000001618 680.5000000000 1360 1 
1361 0.0000001616 681.0000000000 1361 1 
1362 0.0000001615 681.5000000000 1362 1 
1363 0.0000001651 682.0000000000 1363 1 
1364 0.0000001620 682.5000000000 1364 1 
1365 0.0000001678 683.0000000000 1365 1 
1366 0.0000001654 683.5000000000 1366 1 
1367 0.0000001778 684.0000000000 1367 1 
1368 0.0000001623 684.5000000000 1368 1 
1369 0.0000001622 685.0000000000 1369 1 
1370 0.0000001628 685.5000000000 1370 1 
1371 0.0000001627 686.0000000000 1371 1 
1372 0.0000001662 686.5000000000 1372 1 
1373 0.0000001624 687.0000000000 1373 1 
1374 0.0000001630 687.5000000000 1374 1 
1375 0.0000001629 688.0000000000 1375 1 
1376 0.0000001657 688.5000000000 1376 1 
1377 0.0000001634 689.0000000000 1377 1 
1378 0.0000001633 689.5000000000 1378 1 
1379 0.0000001639 690.0000000000 1379 1 
1380 0.0000001659 690.5000000000 1380 1 
1381 0.0000001658 691.0000000000 1381 1 
1382 0.0000001635 691.5000000000 1382 1 
1383 0.0000001641 692.0000000000 1383 1 
1384 0.0000001640 692.5000000000 1384 1 
1385 0.0000001675 693.0000000000 1385 1 
1386 0.0000001645 693.5000000000 1386 1 
1387 0.0000001644 694.0000000000 1387 1 
1388 0.0000001650 694.5000000000 1388 1 
1389 0.0000001821 695.0000000000 1389 1 
1390 0.0000001662 695.5000000000 1390 1 
1391 0.0000001653 696.0000000000 1391 1 
1392 0.0000001652 696.5000000000 1392 1 
1393 0.0000001680 697.0000000000 1393 1 
1394 0.0000001786 697.5000000000 1394 1 
1395 0.0000001656 698.0000000000 1395 1 
1396 0.0000001655 698.5000000000 1396 1 
1397 0.0000001682 699.0000000000 1397 1 
1398 0.0000001652 699.5000000000 1398 1 
1399 0.0000001658 700.0000000000 1399 1 
1400 0.0000001657 700.5000000000 1400 1 
1401 0.0000001692 701.0000000000 1401 1 
1402 0.0000001662 701.5000000000 1402 1 
1403 0.0000001661 702.0000000000 1403 1 
1404 0.0000001660 702.5000000000 1404 1 
1405 0.0000001687 703.0000000000 1405 1 
1406 0.0000001664 703.5000000000 1406 1 
1407 0.0000001720 704.0000000000 1407 1 
1408 0.0000001662 704.5000000000 1408 1 
1409 0.0000001668 705.0000000000 1409 1 
1410 0.0000001674 705.5000000000 1410 1 
1411 0.0000001751 706.0000000000 1411 1 
1412 0.0000001728 706.5000000000 1412 1 
1413 0.0000001670 707.0000000000 1413 1 
1414 0.0000001733 707.5000000000 1414 1 
1415 0.0000001675 708.0000000000 1415 1 
1416 0.0000001681 708.5000000000 1416 1 
1417 0.0000001680 709.0000000000 1417 1 
1418 0.0000001707 709.5000000000 1418 1 
1419 0.0000001677 710.0000000000 1419 1 
1420 0.0000001676 710.5000000000 1420 1 
1421 0.0000001682 711.0000000000 1421 1 
1422 0.0000001709 711.5000000000 1422 1 
1423 0.0000001687 712.0000000000 1423 1 
1424 0.0000001685 712.5000000000 1424 1 
1425 0.0000001684 713.0000000000 1425 1 
1426 0.0000001711 713.5000000000 1426 1 
1427 0.0000001689 714.0000000000 1427 1 
1428 0.0000001695 714.5000000000 1428 1 
1429 0.0000001693 715.0000000000 1429 1 
1430 0.0000001720 715.5000000000 1430 1 
1431 0.0000001691 716.0000000000 1431 1 
1432 0.0000001704 716.5000000000 1432 1 
1433 0.0000001933 717.0000000000 1433 1 
1434 0.0000001722 717.5000000000 1434 1 
1435 0.0000001693 718.0000000000 1435 1 
1436 0.0000001699 718.5000000000 1436 1 
1437 0.0000001705 719.0000000000 1437 1 
1438 0.0000001732 719.5000000000 1438 1 
1439 0.0000001703 720.0000000000 1439 1 
1440 0.0000001701 720.5000000000 1440 1 
1441 0.0000001700 721.0000000000 1441 1 
1442 0.0000001845 721.5000000000 1442 1 
1443 0.0000001705 722.0000000000 1443 1 
1444 0.0000001711 722.5000000000 1444 1 
1445 0.0000001758 723.0000000000 1445 1 
1446 0.0000001736 723.5000000000 1446 1 
1447 0.0000001742 724.0000000000 1447 1 
1448 0.0000001713 724.5000000000 1448 1 
1449 0.0000001739 725.0000000000 1449 1 
1450 0.0000001717 725.5000000000 1450 1 
1451 0.0000001716 726.0000000000 1451 1 
1452 0.0000001715 726.5000000000 1452 1 
1453 0.0000001803 727.0000000000 1453 1 
1454 0.0000001905 727.5000000000 1454 1 
1455 0.0000001725 728.0000000000 1455 1 
1456 0.0000001724 728.5000000000 1456 1 
1457 0.0000001750 729.0000000000 1457 1 
1458 0.0000001722 729.5000000000 1458 1 
1459 0.0000001727 730.0000000000 1459 1 
1460 0.0000001726 730.5000000000 1460 1 
1461 0.0000001752 731.0000000000 1461 1 
1462 0.0000001731 731.5000000000 1462 1 
1463 0.0000001729 732.0000000000 1463 1 
1464 0.0000001796 732.5000000000 1464 1 
1465 0.0000001734 733.0000000000 1465 1 
1466 0.0000001733 733.5000000000 1466 1 
1467 0.0000001731 734.0000000000 1467 1 
1468 0.0000001764 734.5000000000 1468 1 
1469 0.0000001736 735.0000000000 1469 1 
1470 0.0000001735 735.5000000000 1470 1 
1471 0.0000001740 736.0000000000 1471 1 
1472 0.0000001766 736.5000000000 1472 1 
1473 0.0000001758 737.0000000000 1473 1 
1474 0.0000001866 737.5000000000 1474 1 
1475 0.0000001742 738.0000000000 1475 1 
1476 0.0000001768 738.5000000000 1476 1 
1477 0.0000001747 739.0000000000 1477 1 
1478 0.0000001752 739.5000000000 1478 1 
1479 0.0000001751 740.0000000000 1479 1 
1480 0.0000001777 740.5000000000 1480 1 
1481 0.0000001756 741.0000000000 1481 1 
1482 0.0000001754 741.5000000000 1482 1 
1483 0.0000001780 742.0000000000 1483 1 
1484 0.0000001752 742.5000000000 1484 1 
1485 0.0000001805 743.0000000000 1485 1 
1486 0.0000001756 743.5000000000 1486 1 
1487 0.0000001782 744.0000000000 1487 1 
1488 0.0000001761 744.5000000000 1488 1 
1489 0.0000001833 745.0000000000 1489 1 
1490 0.0000001899 745.5000000000 1490 1 
1491 0.0000001925 746.0000000000 1491 1 
1492 0.0000001763 746.5000000000 1492 1 
1493 0.0000001808 747.0000000000 1493 1 
1494 0.0000001995 747.5000000000 1494 1 
1495 0.0000001766 748.0000000000 1495 1 
1496 0.0000001771 748.5000000000 1496 1 
1497 0.0000001770 749.0000000000 1497 1 
1498 0.0000001796 749.5000000000 1498 1 
1499 0.0000001775 750.0000000000 1499 1 
1500 0.0000001773 750.5000000000 1500 1 
1501 0.0000001799 751.0000000000 1501 1 
1502 0.0000001778 751.5000000000 1502 1 
1503 0.0000001770 752.0000000000 1503 1 
1504 0.0000001775 752.5000000000 1504 1 
1505 0.0000001801 753.0000000000 1505 1 
1506 0.0000001773 753.5000000000 1506 1 
1507 0.0000001778 754.0000000000 1507 1 
1508 0.0000001777 754.5000000000 1508 1 
1509 0.0000001829 755.0000000000 1509 1 
1510 0.0000001781 755.5000000000 1510 1 
1511 0.0000001787 756.0000000000 1511 1 
1512 0.0000001832 756.5000000000 1512 1 
1513 0.0000002029 757.0000000000 1513 1 
1514 0.0000001790 757.5000000000 1514 1 
1515 0.0000001789 758.0000000000 1515 1 
1516 0.0000001814 758.5000000000 1516 1 
1517 0.0000001793 759.0000000000 1517 1 
1518 0.0000001785 759.5000000000 1518 1 
1519 0.0000001817 760.0000000000 1519 1 
1520 0.0000001796 760.5000000000 1520 1 
1521 0.0000001808 761.0000000000 1521 1 
1522 0.0000001794 761.5000000000 1522 1 
1523 0.0000001825 762.0000000000 1523 1 
1524 0.0000001798 762.5000000000 1524 1 
1525 0.0000001797 763.0000000000 1525 1 
1526 0.0000001822 763.5000000000 1526 1 
1527 0.0000001801 764.0000000000 1527 1 
1528 0.0000001800 764.5000000000 1528 1 
1529 0.0000001805 765.0000000000 1529 1 
1530 0.0000001824 765.5000000000 1530 1 
1531 0.0000001881 766.0000000000 1531 1 
1532 0.0000001899 766.5000000000 1532 1 
1533 0.0000001840 767.0000000000 1533 1 
1534 0.0000001858 767.5000000000 1534 1 
1535 0.0000001863 768.0000000000 1535 1 
1536 0.0000001927 768.5000000000 1536 1 
1537 0.0000001841 769.0000000000 1537 1 
1538 0.0000001808 769.5000000000 1538 1 
1539 0.0000001819 770.0000000000 1539 1 
1540 0.0000001838 770.5000000000 1540 1 
1541 0.0000001817 771.0000000000 1541 1 
1542 0.0000001822 771.5000000000 1542 1 
1543 0.0000001815 772.0000000000 1543 1 
1544 0.0000001852 772.5000000000 1544 1 
1545 0.0000001819 773.0000000000 1545 1 
1546 0.0000001824 773.5000000000 1546 1 
1547 0.0000001849 774.0000000000 1547 1 
1548 0.0000001822 774.5000000000 1548 1 
1549 0.0000001840 775.0000000000 1549 1 
1550 0.0000001974 775.5000000000 1550 1 
1551 0.0000001831 776.0000000000 1551 1 
1552 0.0000001830 776.5000000000 1552 1 
1553 0.0000001829 777.0000000000 1553 1 
1554 0.0000001879 777.5000000000 1554 1 
1555 0.0000001859 778.0000000000 1555 1 
1556 0.0000001832 778.5000000000 1556 1 
1557 0.0000001863 779.0000000000 1557 1 
1558 0.0000001836 779.5000000000 1558 1 
1559 0.0000001835 780.0000000000 1559 1 
1560 0.0000001840 780.5000000000 1560 1 
1561 0.0000001947 781.0000000000 1561 1 
1562 0.0000001837 781.5000000000 1562 1 
1563 0.0000001843 782.0000000000 1563 1 
1564 0.0000001925 782.5000000000 1564 1 
1565 0.0000001847 783.0000000000 1565 1 
1566 0.0000001839 783.5000000000 1566 1 
1567 0.0000001895 784.0000000000 1567 1 
1568 0.0000001958 784.5000000000 1568 1 
1569 0.0000001874 785.0000000000 1569 1 
1570 0.0000001847 785.5000000000 1570 1 
1571 0.0000001878 786.0000000000 1571 1 
1572 0.0000001851 786.5000000000 1572 1 
1573 0.0000001856 787.0000000000 1573 1 
1574 0.0000001874 787.5000000000 1574 1 
1575 0.0000001860 788.0000000000 1575 1 
1576 0.0000001973 788.5000000000 1576 1 
1577 0.0000001877 789.0000000000 1577 1 
1578 0.0000001863 789.5000000000 1578 1 
1579 0.0000001856 790.0000000000 1579 1 
1580 0.0000001886 790.5000000000 1580 1 
1581 0.0000001866 791.0000000000 1581 1 
1582 0.0000001865 791.5000000000 1582 1 
1583 0.0000001864 792.0000000000 1583 1 
1584 0.0000001894 792.5000000000 1584 1 
1585 0.0000002000 793.0000000000 1585 1 
1586 0.0000001866 793.5000000000 1586 1 
1587 0.0000001890 794.0000000000 1587 1 
1588 0.0000001902 794.5000000000 1588 1 
1589 0.0000001869 795.0000000000 1589 1 
1590 0.0000001893 795.5000000000 1590 1 
1591 0.0000001873 796.0000000000 1591 1 
1592 0.0000001878 796.5000000000 1592 1 
1593 0.0000001902 797.0000000000 1593 1 
1594 0.0000001876 797.5000000000 1594 1 
1595 0.0000001875 798.0000000000 1595 1 
1596 0.0000001873 798.5000000000 1596 1 
1597 0.0000001904 799.0000000000 1597 1 
1598 0.0000001877 799.5000000000 1598 1 
1599 0.0000001882 800.0000000000 1599 1 
1600 0.0000001912 800.5000000000 1600 1 
1601 0.0000001880 801.0000000000 1601 1 
1602 0.0000001910 801.5000000000 1602 1 
1603 0.0000002021 802.0000000000 1603 1 
1604 0.0000001889 802.5000000000 1604 1 
1605 0.0000001888 803.0000000000 1605 1 
1606 0.0000001912 803.5000000000 1606 1 
1607 0.0000001892 804.0000000000 1607 1 
1608 0.0000001891 804.5000000000 1608 1 
1609 0.0000001889 805.0000000000 1609 1 
1610 0.0000001913 805.5000000000 1610 1 
1611 0.0000001893 806.0000000000 1611 1 
1612 0.0000001898 806.5000000000 1612 1 
1613 0.0000001922 807.0000000000 1613 1 
1614 0.0000002014 807.5000000000 1614 1 
1615 0.0000001901 808.0000000000 1615 1 
1616 0.0000001925 808.5000000000 1616 1 
1617 0.0000001899 809.0000000000 1617 1 
1618 0.0000001897 809.5000000000 1618 1 
1619 0.0000002032 810.0000000000 1619 1 
1620 0.0000001932 810.5000000000 1620 1 
1621 0.0000001906 811.0000000000 1621 1 
1622 0.0000002004 811.5000000000 1622 1 
1623 0.0000001910 812.0000000000 1623 1 
1624 0.0000001909 812.5000000000 1624 1 
1625 0.0000001969 813.0000000000 1625 1 
1626 0.0000001913 813.5000000000 1626 1 
1627 0.0000001911 814.0000000000 1627 1 
1628 0.0000001959 814.5000000000 1628 1 
1629 0.0000001915 815.0000000000 1629 1 
1630 0.0000001920 815.5000000000 1630 1 
1631 0.0000001956 816.0000000000 1631 1 
1632 0.0000001918 816.5000000000 1632 1 
1633 0.0000001923 817.0000000000 1633 1 
1634 0.0000001946 817.5000000000 1634 1 
1635 0.0000001957 818.0000000000 1635 1 
1636 0.0000002072 818.5000000000 1636 1 
1637 0.0000001949 819.0000000000 1637 1 
1638 0.0000001923 819.5000000000 1638 1 
1639 0.0000001928 820.0000000000 1639 1 
1640 0.0000001988 820.5000000000 1640 1 
1641 0.0000001956 821.0000000000 1641 1 
1642 0.0000001973 821.5000000000 1642 1 
1643 0.0000001929 822.0000000000 1643 1 
1644 0.0000001959 822.5000000000 1644 1 
1645 0.0000001976 823.0000000000 1645 1 
1646 0.0000001932 823.5000000000 1646 1 
1647 0.0000001955 824.0000000000 1647 1 
1648 0.0000001972 824.5000000000 1648 1 
1649 0.0000001935 825.0000000000 1649 1 
1650 0.0000001964 825.5000000000 1650 1 
1651 0.0000002108 826.0000000000 1651 1 
1652 0.0000002070 826.5000000000 1652 1 
1653 0.0000001966 827.0000000000 1653 1 
1654 0.0000001941 827.5000000000 1654 1 
1655 0.0000001946 828.0000000000 1655 1 
1656 0.0000001975 828.5000000000 1656 1 
1657 0.0000001943 829.0000000000 1657 1 
1658 0.0000001948 829.5000000000 1658 1 
1659 0.0000001971 830.0000000000 1659 1 
1660 0.0000001976 830.5000000000 1660 1 
1661 0.0000001951 831.0000000000 1661 1 
1662 0.0000001980 831.5000000000 1662 1 
1663 0.0000001954 832.0000000000 1663 1 
1664 0.0000001953 832.5000000000 1664 1 
1665 0.0000001982 833.0000000000 1665 1 
1666 0.0000001951 833.5000000000 1666 1 
1667 0.0000001956 834.0000000000 1667 1 
1668 0.0000002224 834.5000000000 1668 1 
1669 0.0000001959 835.0000000000 1669 1 
1670 0.0000001982 835.5000000000 1670 1 
1671 0.0000001957 836.0000000000 1671 1 
1672 0.0000001962 836.5000000000 1672 1 
1673 0.0000002008 837.0000000000 1673 1 
1674 0.0000002055 837.5000000000 1674 1 
1675 0.0000001976 838.0000000000 1675 1 
1676 0.0000001987 838.5000000000 1676 1 
1677 0.0000001968 839.0000000000 1677 1 
1678 0.0000001973 839.5000000000 1678 1 
1679 0.0000002204 840.0000000000 1679 1 
1680 0.0000002006 840.5000000000 1680 1 
1681 0.0000001969 841.0000000000 1681 1 
1682 0.0000002015 841.5000000000 1682 1 
1683 0.0000002193 842.0000000000 1683 1 
1684 0.0000001977 842.5000000000 1684 1 
1685 0.0000002053 843.0000000000 1685 1 
1686 0.0000002023 843.5000000000 1686 1 
1687 0.0000001980 844.0000000000 1687 1 
1688 0.0000002008 844.5000000000 1688 1 
1689 0.0000002007 845.0000000000 1689 1 
1690 0.0000001982 845.5000000000 1690 1 
1691 0.0000002005 846.0000000000 1691 1 
1692 0.0000001986 846.5000000000 1692 1 
1693 0.0000002008 847.0000000000 1693 1 
1694 0.0000001989 847.5000000000 1694 1 
1695 0.0000001988 848.0000000000 1695 1 
1696 0.0000002017 848.5000000000 1696 1 
1697 0.0000001992 849.0000000000 1697 1 
1698 0.0000002014 849.5000000000 1698 1 
1699 0.0000002107 850.0000000000 1699 1 
1700 0.0000002118 850.5000000000 1700 1 
1701 0.0000002011 851.0000000000 1701 1 
1702 0.0000002027 851.5000000000 1702 1 
1703 0.0000002085 852.0000000000 1703 1 
1704 0.0000002113 852.5000000000 1704 1 
1705 0.0000002129 853.0000000000 1705 1 
1706 0.0000001999 853.5000000000 1706 1 
1707 0.0000002021 854.0000000000 1707 1 
1708 0.0000002026 854.5000000000 1708 1 
1709 0.0000002030 855.0000000000 1709 1 
1710 0.0000002029 855.5000000000 1710 1 
1711 0.0000002086 856.0000000000 1711 1 
1712 0.0000002009 856.5000000000 1712 1 
1713 0.0000002172 857.0000000000 1713 1 
1714 0.0000002165 857.5000000000 1714 1 
1715 0.0000002012 858.0000000000 1715 1 
1716 0.0000002040 858.5000000000 1716 1 
1717 0.0000002015 859.0000000000 1717 1 
1718 0.0000002014 859.5000000000 1718 1 
1719 0.0000002147 860.0000000000 1719 1 
1720 0.0000002017 860.5000000000 1720 1 
1721 0.0000002040 861.0000000000 1721 1 
1722 0.0000002021 861.5000000000 1722 1 
1723 0.0000002020 862.0000000000 1723 1 
1724 0.0000002048 862.5000000000 1724 1 
1725 0.0000002023 863.0000000000 1725 1 
1726 0.0000002045 863.5000000000 1726 1 
1727 0.0000002056 864.0000000000 1727 1 
1728 0.0000002228 864.5000000000 1728 1 
1729 0.0000002024 865.0000000000 1729 1 
1730 0.0000002052 865.5000000000 1730 1 
1731 0.0000002028 866.0000000000 1731 1 
1732 0.0000002055 866.5000000000 1732 1 
1733 0.0000002031 867.0000000000 1733 1 
1734 0.0000002030 867.5000000000 1734 1 
1735 0.0000002058 868.0000000000 1735 1 
1736 0.0000002062 868.5000000000 1736 1 
1737 0.0000002038 869.0000000000 1737 1 
1738 0.0000002060 869.5000000000 1738 1 
1739 0.0000002041 870.0000000000 1739 1 
1740 0.0000002040 870.5000000000 1740 1 
1741 0.0000002062 871.0000000000 1741 1 
1742 0.0000002038 871.5000000000 1742 1 
1743 0.0000002192 872.0000000000 1743 1 
1744 0.0000002047 872.5000000000 1744 1 
1745 0.0000002046 873.0000000000 1745 1 
1746 0.0000002068 873.5000000000 1746 1 
1747 0.0000002049 874.0000000000 1747 1 
1748 0.0000002048 874.5000000000 1748 1 
1749 0.0000002070 875.0000000000 1749 1 
1750 0.0000002069 875.5000000000 1750 1 
1751 0.0000002056 876.0000000000 1751 1 
1752 0.0000002146 876.5000000000 1752 1 
1753 0.0000002059 877.0000000000 1753 1 
1754 0.0000002075 877.5000000000 1754 1 
1755 0.0000002177 878.0000000000 1755 1 
1756 0.0000002118 878.5000000000 1756 1 
1757 0.0000002356 879.0000000000 1757 1 
1758 0.0000002144 879.5000000000 1758 1 
1759 0.0000002132 880.0000000000 1759 1 
1760 0.0000002062 880.5000000000 1760 1 
1761 0.0000002067 881.0000000000 1761 1 
1762 0.0000002083 881.5000000000 1762 1 
1763 0.0000002087 882.0000000000 1763 1 
1764 0.0000002069 882.5000000000 1764 1 
1765 0.0000002091 883.0000000000 1765 1 
1766 0.0000002067 883.5000000000 1766 1 
1767 0.0000002094 884.0000000000 1767 1 
1768 0.0000002070 884.5000000000 1768 1 
1769 0.0000002069 885.0000000000 1769 1 
1770 0.0000002096 885.5000000000 1770 1 
1771 0.0000002196 886.0000000000 1771 1 
1772 0.0000002077 886.5000000000 1772 1 
1773 0.0000002104 887.0000000000 1773 1 
1774 0.0000002074 887.5000000000 1774 1 
1775 0.0000002101 888.0000000000 1775 1 
1776 0.0000002078 888.5000000000 1776 1 
1777 0.0000002082 889.0000000000 1777 1 
1778 0.0000002126 889.5000000000 1778 1 
1779 0.0000002125 890.0000000000 1779 1 
1780 0.0000002101 890.5000000000 1780 1 
1781 0.0000002089 891.0000000000 1781 1 
1782 0.0000002088 891.5000000000 1782 1 
1783 0.0000002109 892.0000000000 1783 1 
1784 0.0000002091 892.5000000000 1784 1 
1785 0.0000002213 893.0000000000 1785 1 
1786 0.0000002111 893.5000000000 1786 1 
1787 0.0000002093 894.0000000000 1787 1 
1788 0.0000002215 894.5000000000 1788 1 
1789 0.0000002124 895.0000000000 1789 1 
1790 0.0000002095 895.5000000000 1790 1 
1791 0.0000002217 896.0000000000 1791 1 
1792 0.0000002148 896.5000000000 1792 1 
1793 0.0000002119 897.0000000000 1793 1 
1794 0.0000002101 897.5000000000 1794 1 
1795 0.0000002117 898.0000000000 1795 1 
1796 0.0000002121 898.5000000000 1796 1 
1797 0.0000002104 899.0000000000 1797 1 
1798 0.0000002130 899.5000000000 1798 1 
1799 0.0000002223 900.0000000000 1799 1 
1800 0.0000002106 900.5000000000 1800 1 
1801 0.0000002132 901.0000000000 1801 1 
1802 0.0000002109 901.5000000000 1802 1 
1803 0.0000002108 902.0000000000 1803 1 
1804 0.0000002134 902.5000000000 1804 1 
1805 0.0000002111 903.0000000000 1805 1 
1806 0.0000002137 903.5000000000 1806 1 
1807 0.0000002169 904.0000000000 1807 1 
1808 0.0000002113 904.5000000000 1808 1 
1809 0.0000002139 905.0000000000 1809 1 
1810 0.0000002116 905.5000000000 1810 1 
1811 0.0000002154 906.0000000000 1811 1 
1812 0.0000002241 906.5000000000 1812 1 
1813 0.0000002124 907.0000000000 1813 1 
1814 0.0000002144 907.5000000000 1814 1 
1815 0.0000002154 908.0000000000 1815 1 
1816 0.0000002142 908.5000000000 1816 1 
1817 0.0000002124 909.0000000000 1817 1 
1818 0.0000002228 909.5000000000 1818 1 
1819 0.0000002150 910.0000000000 1819 1 
1820 0.0000002126 910.5000000000 1820 1 
1821 0.0000002153 911.0000000000 1821 1 
1822 0.0000002130 911.5000000000 1822 1 
1823 0.0000002134 912.0000000000 1823 1 
1824 0.0000002155 912.5000000000 1824 1 
1825 0.0000002153 913.0000000000 1825 1 
1826 0.0000002262 913.5000000000 1826 1 
1827 0.0000002135 914.0000000000 1827 1 
1828 0.0000002139 914.5000000000 1828 1 
1829 0.0000002160 915.0000000000 1829 1 
1830 0.0000002142 915.5000000000 1830 1 
1831 0.0000002163 916.0000000000 1831 1 
1832 0.0000002145 916.5000000000 1832 1 
1833 0.0000002144 917.0000000000 1833 1 
1834 0.0000002165 917.5000000000 1834 1 
1835 0.0000002147 918.0000000000 1835 1 
1836 0.0000002168 918.5000000000 1836 1 
1837 0.0000002150 919.0000000000 1837 1 
1838 0.0000002155 919.5000000000 1838 1 
1839 0.0000002289 920.0000000000 1839 1 
1840 0.0000002185 920.5000000000 1840 1 
1841 0.0000002173 921.0000000000 1841 1 
1842 0.0000002150 921.5000000000 1842 1 
1843 0.0000002219 922.0000000000 1843 1 
1844 0.0000002175 922.5000000000 1844 1 
1845 0.0000002157 923.0000000000 1845 1 
1846 0.0000002178 923.5000000000 1846 1 
1847 0.0000002258 924.0000000000 1847 1 
1848 0.0000002181 924.5000000000 1848 1 
1849 0.0000002163 925.0000000000 1849 1 
1850 0.0000002162 925.5000000000 1850 1 
1851 0.0000002188 926.0000000000 1851 1 
1852 0.0000002279 926.5000000000 1852 1 
1853 0.0000002240 927.0000000000 1853 1 
1854 0.0000002168 927.5000000000 1854 1 
1855 0.0000002232 928.0000000000 1855 1 
1856 0.0000002166 928.5000000000 1856 1 
1857 0.0000002170 929.0000000000 1857 1 
1858 0.0000002191 929.5000000000 1858 1 
1859 0.0000002173 930.0000000000 1859 1 
1860 0.0000002194 930.5000000000 1860 1 
1861 0.0000002176 931.0000000000 1861 1 
1862 0.0000002180 931.5000000000 1862 1 
1863 0.0000002195 932.0000000000 1863 1 
1864 0.0000002237 932.5000000000 1864 1 
1865 0.0000002300 933.0000000000 1865 1 
1866 0.0000002181 933.5000000000 1866 1 
1867 0.0000002207 934.0000000000 1867 1 
1868 0.0000002184 934.5000000000 1868 1 
1869 0.0000002183 935.0000000000 1869 1 
1870 0.0000002203 935.5000000000 1870 1 
1871 0.0000002186 936.0000000000 1871 1 
1872 0.0000002228 936.5000000000 1872 1 
1873 0.0000002184 937.0000000000 1873 1 
1874 0.0000002188 937.5000000000 1874 1 
1875 0.0000002309 938.0000000000 1875 1 
1876 0.0000002212 938.5000000000 1876 1 
1877 0.0000002408 939.0000000000 1877 1 
1878 0.0000002194 939.5000000000 1878 1 
1879 0.0000002214 940.0000000000 1879 1 
1880 0.0000002197 940.5000000000 1880 1 
1881 0.0000002196 941.0000000000 1881 1 
1882 0.0000002221 941.5000000000 1882 1 
1883 0.0000002199 942.0000000000 1883 1 
1884 0.0000002219 942.5000000000 1884 1 
1885 0.0000002202 943.0000000000 1885 1 
1886 0.0000002227 943.5000000000 1886 1 
1887 0.0000002236 944.0000000000 1887 1 
1888 0.0000002203 944.5000000000 1888 1 
1889 0.0000002245 945.0000000000 1889 1 
1890 0.0000002307 945.5000000000 1890 1 
1891 0.0000002232 946.0000000000 1891 1 
1892 0.0000002209 946.5000000000 1892 1 
1893 0.0000002245 947.0000000000 1893 1 
1894 0.0000002212 947.5000000000 1894 1 
1895 0.0000002211 948.0000000000 1895 1 
1896 0.0000002236 948.5000000000 1896 1 
1897 0.0000002214 949.0000000000 1897 1 
1898 0.0000002239 949.5000000000 1898 1 
1899 0.0000002217 950.0000000000 1899 1 
1900 0.0000002237 950.5000000000 1900 1 
1901 0.0000002215 951.0000000000 1901 1 
1902 0.0000002355 951.5000000000 1902 1 
1903 0.0000002317 952.0000000000 1903 1 
1904 0.0000002222 952.5000000000 1904 1 
1905 0.0000002241 953.0000000000 1905 1 
1906 0.0000002225 953.5000000000 1906 1 
1907 0.0000002250 954.0000000000 1907 1 
1908 0.0000002227 954.5000000000 1908 1 
1909 0.0000002252 955.0000000000 1909 1 
1910 0.0000002272 955.5000000000 1910 1 
1911 0.0000002229 956.0000000000 1911 1 
1912 0.0000002254 956.5000000000 1912 1 
1913 0.0000002352 957.0000000000 1913 1 
1914 0.0000002513 957.5000000000 1914 1 
1915 0.0000002235 958.0000000000 1915 1 
1916 0.0000002260 958.5000000000 1916 1 
1917 0.0000002238 959.0000000000 1917 1 
1918 0.0000002273 959.5000000000 1918 1 
1919 0.0000002241 960.0000000000 1919 1 
1920 0.0000002240 960.5000000000 1920 1 
1921 0.0000002254 961.0000000000 1921 1 
1922 0.0000002242 961.5000000000 1922 1 
1923 0.0000002267 962.0000000000 1923 1 
1924 0.0000002245 962.5000000000 1924 1 
1925 0.0000002265 963.0000000000 1925 1 
1926 0.0000002435 963.5000000000 1926 1 
1927 0.0000002268 964.0000000000 1927 1 
1928 0.0000002251 964.5000000000 1928 1 
1929 0.0000002354 965.0000000000 1929 1 
1930 0.0000002254 965.5000000000 1930 1 
1931 0.0000002253 966.0000000000 1931 1 
1932 0.0000002277 966.5000000000 1932 1 
1933 0.0000002287 967.0000000000 1933 1 
1934 0.0000002275 967.5000000000 1934 1 
1935 0.0000002258 968.0000000000 1935 1 
1936 0.0000002278 968.5000000000 1936 1 
1937 0.0000002261 969.0000000000 1937 1 
1938 0.0000002456 969.5000000000 1938 1 
1939 0.0000002259 970.0000000000 1939 1 
1940 0.0000002263 970.5000000000 1940 1 
1941 0.0000002267 971.0000000000 1941 1 
1942 0.0000002266 971.5000000000 1942 1 
1943 0.0000002301 972.0000000000 1943 1 
1944 0.0000002269 972.5000000000 1944 1 
1945 0.0000002293 973.0000000000 1945 1 
1946 0.0000002271 973.5000000000 1946 1 
1947 0.0000002291 974.0000000000 1947 1 
1948 0.0000002269 974.5000000000 1948 1 
1949 0.0000002314 975.0000000000 1949 1 
1950 0.0000002364 975.5000000000 1950 1 
1951 0.0000002276 976.0000000000 1951 1 
1952 0.0000002275 976.5000000000 1952 1 
1953 0.0000002279 977.0000000000 1953 1 
1954 0.0000002298 977.5000000000 1954 1 
1955 0.0000002322 978.0000000000 1955 1 
1956 0.0000002306 978.5000000000 1956 1 
1957 0.0000002284 979.0000000000 1957 1 
1958 0.0000002319 979.5000000000 1958 1 
1959 0.0000002287 980.0000000000 1959 1 
1960 0.0000002413 980.5000000000 1960 1 
1961 0.0000002402 981.0000000000 1961 1 
1962 0.0000002309 981.5000000000 1962 1 
1963 0.0000002287 982.0000000000 1963 1 
1964 0.0000002307 982.5000000000 1964 1 
1965 0.0000002290 983.0000000000 1965 1 
1966 0.0000002294 983.5000000000 1966 1 
1967 0.0000002313 984.0000000000 1967 1 
1968 0.0000002297 984.5000000000 1968 1 
1969 0.0000002316 985.0000000000 1969 1 
1970 0.0000002294 985.5000000000 1970 1 
1971 0.0000002319 986.0000000000 1971 1 
1972 0.0000002312 986.5000000000 1972 1 
1973 0.0000002413 987.0000000000 1973 1 
1974 0.0000002300 987.5000000000 1974 1 
1975 0.0000002319 988.0000000000 1975 1 
1976 0.0000002333 988.5000000000 1976 1 
1977 0.0000002322 989.0000000000 1977 1 
1978 0.0000002305 989.5000000000 1978 1 
1979 0.0000002309 990.0000000000 1979 1 
1980 0.0000002328 990.5000000000 1980 1 
1981 0.0000002307 991.0000000000 1981 1 
1982 0.0000002331 991.5000000000 1982 1 
1983 0.0000002315 992.0000000000 1983 1 
1984 0.0000002440 992.5000000000 1984 1 
1985 0.0000002403 993.0000000000 1985 1 
1986 0.0000002336 993.5000000000 1986 1 
1987 0.0000002315 994.0000000000 1987 1 
1988 0.0000002334 994.5000000000 1988 1 
1989 0.0000002318 995.0000000000 1989 1 
1990 0.0000002337 995.5000000000 1990 1 
1991 0.0000002325 996.0000000000 1991 1 
1992 0.0000002385 996.5000000000 1992 1 
1993 0.0000002323 997.0000000000 1993 1 
1994 0.0000002347 997.5000000000 1994 1 
1995 0.0000002436 998.0000000000 1995 1 
1996 0.0000002345 998.5000000000 1996 1 
1997 0.0000002354 999.0000000000 1997 1 
1998 0.0000002347 999.5000000000 1998 1 
1999 0.0000002346 1000.0000000000 1999 1 
2000 0.0000002330 1000.5000000000 2000 1 
2001 0.0000002354 1001.0000000000 2001 1 
2002 0.0000002333 1001.5000000000 2002 1 
2003 0.0000002351 1002.0000000000 2003 1 
2004 0.0000002335 1002.5000000000 2004 1 
2005 0.0000002354 1003.0000000000 2005 1 
2006 0.0000002438 1003.5000000000 2006 1 
2007 0.0000002357 1004.0000000000 2007 1 
2008 0.0000002341 1004.5000000000 2008 1 
2009 0.0000002359 1005.0000000000 2009 1 
2010 0.0000002433 1005.5000000000 2010 1 
2011 0.0000002362 1006.0000000000 2011 1 
2012 0.0000002346 1006.5000000000 2012 1 
2013 0.0000002375 1007.0000000000 2013 1 
2014 0.0000002349 1007.5000000000 2014 1 
2015 0.0000002362 1008.0000000000 2015 1 
2016 0.0000002346 1008.5000000000 2016 1 
2017 0.0000002548 1009.0000000000 2017 1 
2018 0.0000002364 1009.5000000000 2018 1 
2019 0.0000002372 1010.0000000000 2019 1 
2020 0.0000002356 1010.5000000000 2020 1 
2021 0.0000002370 1011.0000000000 2021 1 
2022 0.0000002354 1011.5000000000 2022 1 
2023 0.0000002373 1012.0000000000 2023 1 
2024 0.0000002357 1012.5000000000 2024 1 
2025 0.0000002380 1013.0000000000 2025 1 
2026 0.0000002359 1013.5000000000 2026 1 
2027 0.0000002378 1014.0000000000 2027 1 
2028 0.0000002470 1014.5000000000 2028 1 
2029 0.0000002385 1015.0000000000 2029 1 
2030 0.0000002365 1015.5000000000 2030 1 
2031 0.0000002383 1016.0000000000 2031 1 
2032 0.0000002367 1016.5000000000 2032 1 
2033 0.0000002386 1017.0000000000 2033 1 
2034 0.0000002458 1017.5000000000 2034 1 
2035 0.0000002393 1018.0000000000 2035 1 
2036 0.0000002367 1018.5000000000 2036 1 
2037 0.0000002405 1019.0000000000 2037 1 
2038 0.0000002385 1019.5000000000 2038 1 
2039 0.0000002501 1020.0000000000 2039 1 
2040 0.0000002373 1020.5000000000 2040 1 
2041 0.0000002396 1021.0000000000 2041 1 
2042 0.0000002375 1021.5000000000 2042 1 
2043 0.0000002428 1022.0000000000 2043 1 
2044 0.0000002383 1022.5000000000 2044 1 
2045 0.0000002401 1023.0000000000 2045 1 
2046 0.0000002380 1023.5000000000 2046 1 
2047 0.0000002399 1024.0000000000 2047 1 
2048 0.0000002383 1024.5000000000 2048 1 
2049 0.0000002426 1025.0000000000 2049 1 
2050 0.0000002473 1025.5000000000 2050 1 
2051 0.0000002404 1026.0000000000 2051 1 
2052 0.0000002388 1026.5000000000 2052 1 
2053 0.0000002411 1027.0000000000 2053 1 
2054 0.0000002493 1027.5000000000 2054 1 
2055 0.0000002409 1028.0000000000 2055 1 
2056 0.0000002393 1028.5000000000 2056 1 
2057 0.0000002411 1029.0000000000 2057 1 
2058 0.0000002493 1029.5000000000 2058 1 
2059 0.0000002448 1030.0000000000 2059 1 
2060 0.0000002500 1030.5000000000 2060 1 
2061 0.0000002416 1031.0000000000 2061 1 
2062 0.0000002420 1031.5000000000 2062 1 
2063 0.0000002419 1032.0000000000 2063 1 
2064 0.0000002403 1032.5000000000 2064 1 
2065 0.0000002421 1033.0000000000 2065 1 
2066 0.0000002406 1033.5000000000 2066 1 
2067 0.0000002424 1034.0000000000 2067 1 
2068 0.0000002408 1034.5000000000 2068 1 
2069 0.0000002426 1035.0000000000 2069 1 
2070 0.0000002473 1035.5000000000 2070 1 
2071 0.0000002448 1036.0000000000 2071 1 
2072 0.0000002413 1036.5000000000 2072 1 
2073 0.0000002431 1037.0000000000 2073 1 
2074 0.0000002416 1037.5000000000 2074 1 
2075 0.0000002434 1038.0000000000 2075 1 
2076 0.0000002418 1038.5000000000 2076 1 
2077 0.0000002436 1039.0000000000 2077 1 
2078 0.0000002416 1039.5000000000 2078 1 
2079 0.0000002439 1040.0000000000 2079 1 
2080 0.0000002418 1040.5000000000 2080 1 
2081 0.0000002547 1041.0000000000 2081 1 
2082 0.0000002440 1041.5000000000 2082 1 
2083 0.0000002420 1042.0000000000 2083 1 
2084 0.0000002442 1042.5000000000 2084 1 
2085 0.0000002475 1043.0000000000 2085 1 
2086 0.0000002445 1043.5000000000 2086 1 
2087 0.0000002429 1044.0000000000 2087 1 
2088 0.0000002447 1044.5000000000 2088 1 
2089 0.0000002432 1045.0000000000 2089 1 
2090 0.0000002445 1045.5000000000 2090 1 
2091 0.0000002535 1046.0000000000 2091 1 
2092 0.0000002447 1046.5000000000 2092 1 
2093 0.0000002432 1047.0000000000 2093 1 
2094 0.0000002450 1047.5000000000 2094 1 
2095 0.0000002434 1048.0000000000 2095 1 
2096 0.0000002457 1048.5000000000 2096 1 
2097 0.0000002499 1049.0000000000 2097 1 
2098 0.0000002459 1049.5000000000 2098 1 
2099 0.0000002444 1050.0000000000 2099 1 
2100 0.0000002462 1050.5000000000 2100 1 
2101 0.0000002637 1051.0000000000 2101 1 
2102 0.0000002479 1051.5000000000 2102 1 
2103 0.0000002553 1052.0000000000 2103 1 
2104 0.0000002443 1052.5000000000 2104 1 
2105 0.0000002466 1053.0000000000 2105 1 
2106 0.0000002450 1053.5000000000 2106 1 
2107 0.0000002468 1054.0000000000 2107 1 
2108 0.0000002453 1054.5000000000 2108 1 
2109 0.0000002470 1055.0000000000 2109 1 
2110 0.0000002450 1055.5000000000 2110 1 
2111 0.0000002582 1056.0000000000 2111 1 
2112 0.0000002457 1056.5000000000 2112 1 
2113 0.0000002475 1057.0000000000 2113 1 
2114 0.0000002460 1057.5000000000 2114 1 
2115 0.0000002506 1058.0000000000 2115 1 
2116 0.0000002462 1058.5000000000 2116 1 
2117 0.0000002546 1059.0000000000 2117 1 
2118 0.0000002507 1059.5000000000 2118 1 
2119 0.0000002492 1060.0000000000 2119 1 
2120 0.0000002514 1060.5000000000 2120 1 
2121 0.0000002636 1061.0000000000 2121 1 
2122 0.0000002516 1061.5000000000 2122 1 
2123 0.0000002496 1062.0000000000 2123 1 
2124 0.0000002519 1062.5000000000 2124 1 
2125 0.0000002466 1063.0000000000 2125 1 
2126 0.0000002512 1063.5000000000 2126 1 
2127 0.0000002473 1064.0000000000 2127 1 
2128 0.0000002509 1064.5000000000 2128 1 
2129 0.0000002579 1065.0000000000 2129 1 
2130 0.0000002507 1065.5000000000 2130 1 
2131 0.0000002651 1066.0000000000 2131 1 
2132 0.0000002477 1066.5000000000 2132 1 
2133 0.0000002518 1067.0000000000 2133 1 
2134 0.0000002498 1067.5000000000 2134 1 
2135 0.0000002557 1068.0000000000 2135 1 
2136 0.0000002481 1068.5000000000 2136 1 
2137 0.0000002522 1069.0000000000 2137 1 
2138 0.0000002535 1069.5000000000 2138 1 
2139 0.0000002487 1070.0000000000 2139 1 
2140 0.0000002565 1070.5000000000 2140 1 
2141 0.0000002578 1071.0000000000 2141 1 
2142 0.0000002507 1071.5000000000 2142 1 
2143 0.0000002506 1072.0000000000 2143 1 
2144 0.0000002565 1072.5000000000 2144 1 
2145 0.0000002494 1073.0000000000 2145 1 
2146 0.0000002540 1073.5000000000 2146 1 
2147 0.0000002529 1074.0000000000 2147 1 
2148 0.0000002500 1074.5000000000 2148 1 
2149 0.0000002517 1075.0000000000 2149 1 
2150 0.0000002600 1075.5000000000 2150 1 
2151 0.0000002520 1076.0000000000 2151 1 
2152 0.0000002565 1076.5000000000 2152 1 
2153 0.0000002573 1077.0000000000 2153 1 
2154 0.0000002502 1077.5000000000 2154 1 
2155 0.0000002524 1078.0000000000 2155 1 
2156 0.0000002546 1078.5000000000 2156 1 
2157 0.0000002531 1079.0000000000 2157 1 
2158 0.0000002525 1079.5000000000 2158 1 
2159 0.0000002529 1080.0000000000 2159 1 
2160 0.0000002653 1080.5000000000 2160 1 
2161 0.0000002513 1081.0000000000 2161 1 
2162 0.0000002530 1081.5000000000 2162 1 
2163 0.0000002515 1082.0000000000 2163 1 
2164 0.0000002560 1082.5000000000 2164 1 
2165 0.0000002564 1083.0000000000 2165 1 
2166 0.0000002516 1083.5000000000 2166 1 
2167 0.0000002533 1084.0000000000 2167 1 
2168 0.0000002542 1084.5000000000 2168 1 
2169 0.0000002665 1085.0000000000 2169 1 
2170 0.0000002525 1085.5000000000 2170 1 
2171 0.0000002653 1086.0000000000 2171 1 
2172 0.0000002551 1086.5000000000 2172 1 
2173 0.0000002526 1087.0000000000 2173 1 
2174 0.0000002544 1087.5000000000 2174 1 
2175 0.0000002561 1088.0000000000 2175 1 
2176 0.0000002578 1088.5000000000 2176 1 
2177 0.0000002531 1089.0000000000 2177 1 
2178 0.0000002562 1089.5000000000 2178 1 
2179 0.0000002602 1090.0000000000 2179 1 
2180 0.0000002564 1090.5000000000 2180 1 
2181 0.0000002554 1091.0000000000 2181 1 
2182 0.0000002534 1091.5000000000 2182 1 
2183 0.0000002593 1092.0000000000 2183 1 
2184 0.0000002537 1092.5000000000 2184 1 
2185 0.0000002554 1093.0000000000 2185 1 
2186 0.0000002539 1093.5000000000 2186 1 
2187 0.0000002588 1094.0000000000 2187 1 
2188 0.0000002651 1094.5000000000 2188 1 
2189 0.0000002540 1095.0000000000 2189 1 
2190 0.0000002557 1095.5000000000 2190 1 
2191 0.0000002547 1096.0000000000 2191 1 
2192 0.0000002646 1096.5000000000 2192 1 
2193 0.0000002544 1097.0000000000 2193 1 
2194 0.0000002566 1097.5000000000 2194 1 
2195 0.0000002565 1098.0000000000 2195 1 
2196 0.0000002550 1098.5000000000 2196 1 
2197 0.0000002658 1099.0000000000 2197 1 
2198 0.0000002548 1099.5000000000 2198 1 
2199 0.0000002583 1100.0000000000 2199 1 
2200 0.0000002586 1100.5000000000 2200 1 
2201 0.0000002553 1101.0000000000 2201 1 
2202 0.0000002575 1101.5000000000 2202 1 
2203 0.0000002560 1102.0000000000 2203 1 
2204 0.0000002573 1102.5000000000 2204 1 
2205 0.0000002567 1103.0000000000 2205 1 
2206 0.0000002620 1103.5000000000 2206 1 
2207 0.0000002610 1104.0000000000 2207 1 
2208 0.0000002563 1104.5000000000 2208 1 
2209 0.0000002585 1105.0000000000 2209 1 
2210 0.0000002566 1105.5000000000 2210 1 
2211 0.0000002583 1106.0000000000 2211 1 
2212 0.0000002568 1106.5000000000 2212 1 
2213 0.0000002707 1107.0000000000 2213 1 
2214 0.0000002584 1107.5000000000 2214 1 
2215 0.0000002587 1108.0000000000 2215 1 
2216 0.0000002671 1108.5000000000 2216 1 
2217 0.0000002571 1109.0000000000 2217 1 
2218 0.0000002592 1109.5000000000 2218 1 
2219 0.0000002632 1110.0000000000 2219 1 
2220 0.0000002577 1110.5000000000 2220 1 
2221 0.0000002607 1111.0000000000 2221 1 
2222 0.0000002601 1111.5000000000 2222 1 
2223 0.0000002609 1112.0000000000 2223 1 
2224 0.0000002612 1112.5000000000 2224 1 
2225 0.0000002656 1113.0000000000 2225 1 
2226 0.0000002601 1113.5000000000 2226 1 
2227 0.0000002582 1114.0000000000 2227 1 
2228 0.0000002603 1114.5000000000 2228 1 
2229 0.0000002589 1115.0000000000 2229 1 
2230 0.0000002587 1115.5000000000 2230 1 
2231 0.0000002604 1116.0000000000 2231 1 
2232 0.0000002590 1116.5000000000 2232 1 
2233 0.0000002705 1117.0000000000 2233 1 
2234 0.0000002672 1117.5000000000 2234 1 
2235 0.0000002626 1118.0000000000 2235 1 
2236 0.0000002639 1118.5000000000 2236 1 
2237 0.0000002593 1119.0000000000 2237 1 
2238 0.0000002632 1119.5000000000 2238 1 
2239 0.0000002617 1120.0000000000 2239 1 
2240 0.0000002670 1120.5000000000 2240 1 
2241 0.0000002615 1121.0000000000 2241 1 
2242 0.0000002640 1121.5000000000 2242 1 
2243 0.0000002706 1122.0000000000 2243 1 
2244 0.0000002602 1122.5000000000 2244 1 
2245 0.0000002637 1123.0000000000 2245 1 
2246 0.0000002680 1123.5000000000 2246 1 
2247 0.0000002639 1124.0000000000 2247 1 
2248 0.0000002673 1124.5000000000 2248 1 
2249 0.0000002641 1125.0000000000 2249 1 
2250 0.0000002627 1125.5000000000 2250 1 
2251 0.0000002888 1126.0000000000 2251 1 
2252 0.0000002695 1126.5000000000 2252 1 
2253 0.0000002650 1127.0000000000 2253 1 
2254 0.0000002653 1127.5000000000 2254 1 
2255 0.0000002621 1128.0000000000 2255 1 
2256 0.0000002637 1128.5000000000 2256 1 
2257 0.0000002619 1129.0000000000 2257 1 
2258 0.0000002640 1129.5000000000 2258 1 
2259 0.0000002638 1130.0000000000 2259 1 
2260 0.0000002783 1130.5000000000 2260 1 
2261 0.0000002640 1131.0000000000 2261 1 
2262 0.0000002622 1131.5000000000 2262 1 
2263 0.0000002625 1132.0000000000 2263 1 
2264 0.0000002646 1132.5000000000 2264 1 
2265 0.0000002627 1133.0000000000 2265 1 
2266 0.0000002643 1133.5000000000 2266 1 
2267 0.0000002647 1134.0000000000 2267 1 
2268 0.0000002632 1134.5000000000 2268 1 
2269 0.0000002741 1135.0000000000 2269 1 
2270 0.0000002630 1135.5000000000 2270 1 
2271 0.0000002673 1136.0000000000 2271 1 
2272 0.0000002654 1136.5000000000 2272 1 
2273 0.0000002635 1137.0000000000 2273 1 
2274 0.0000002656 1137.5000000000 2274 1 
2275 0.0000002721 1138.0000000000 2275 1 
2276 0.0000002654 1138.5000000000 2276 1 
2277 0.0000002754 1139.0000000000 2277 1 
2278 0.0000002643 1139.5000000000 2278 1 
2279 0.0000002659 1140.0000000000 2279 1 
2280 0.0000002658 1140.5000000000 2280 1 
2281 0.0000002648 1141.0000000000 2281 1 
2282 0.0000002660 1141.5000000000 2282 1 
2283 0.0000002646 1142.0000000000 2283 1 
2284 0.0000002662 1142.5000000000 2284 1 
2285 0.0000002670 1143.0000000000 2285 1 
2286 0.0000002743 1143.5000000000 2286 1 
2287 0.0000002667 1144.0000000000 2287 1 
2288 0.0000002679 1144.5000000000 2288 1 
2289 0.0000002656 1145.0000000000 2289 1 
2290 0.0000002672 1145.5000000000 2290 1 
2291 0.0000002658 1146.0000000000 2291 1 
2292 0.0000002675 1146.5000000000 2292 1 
2293 0.0000002708 1147.0000000000 2293 1 
2294 0.0000002755 1147.5000000000 2294 1 
2295 0.0000002754 1148.0000000000 2295 1 
2296 0.0000002679 1148.5000000000 2296 1 
2297 0.0000002660 1149.0000000000 2297 1 
2298 0.0000002698 1149.5000000000 2298 1 
2299 0.0000002666 1150.0000000000 2299 1 
2300 0.0000002700 1150.5000000000 2300 1 
2301 0.0000002912 1151.0000000000 2301 1 
2302 0.0000002750 1151.5000000000 2302 1 
2303 0.0000002788 1152.0000000000 2303 1 
2304 0.0000002687 1152.5000000000 2304 1 
2305 0.0000002672 1153.0000000000 2305 1 
2306 0.0000002706 1153.5000000000 2306 1 
2307 0.0000002692 1154.0000000000 2307 1 
2308 0.0000002678 1154.5000000000 2308 1 
2309 0.0000002694 1155.0000000000 2309 1 
2310 0.0000002680 1155.5000000000 2310 1 
2311 0.0000002787 1156.0000000000 2311 1 
2312 0.0000002695 1156.5000000000 2312 1 
2313 0.0000002776 1157.0000000000 2313 1 
2314 0.0000002701 1157.5000000000 2314 1 
2315 0.0000002700 1158.0000000000 2315 1 
2316 0.0000002703 1158.5000000000 2316 1 
2317 0.0000002702 1159.0000000000 2317 1 
2318 0.0000002701 1159.5000000000 2318 1 
2319 0.0000002725 1160.0000000000 2319 1 
2320 0.0000002784 1160.5000000000 2320 1 
2321 0.0000002688 1161.0000000000 2321 1 
2322 0.0000002692 1161.5000000000 2322 1 
2323 0.0000002712 1162.0000000000 2323 1 
2324 0.0000002694 1162.5000000000 2324 1 
2325 0.0000002710 1163.0000000000 2325 1 
2326 0.0000002709 1163.5000000000 2326 1 
2327 0.0000002712 1164.0000000000 2327 1 
2328 0.0000002805 1164.5000000000 2328 1 
2329 0.0000002714 1165.0000000000 2329 1 
2330 0.0000002700 1165.5000000000 2330 1 
2331 0.0000002797 1166.0000000000 2331 1 
2332 0.0000002719 1166.5000000000 2332 1 
2333 0.0000002700 1167.0000000000 2333 1 
2334 0.0000002721 1167.5000000000 2334 1 
2335 0.0000002741 1168.0000000000 2335 1 
2336 0.0000002821 1168.5000000000 2336 1 
2337 0.0000002726 1169.0000000000 2337 1 
2338 0.0000002712 1169.5000000000 2338 1 
2339 0.0000002711 1170.0000000000 2339 1 
2340 0.0000002726 1170.5000000000 2340 1 
2341 0.0000002708 1171.0000000000 2341 1 
2342 0.0000002728 1171.5000000000 2342 1 
2343 0.0000002727 1172.0000000000 2343 1 
2344 0.0000002807 1172.5000000000 2344 1 
2345 0.0000002768 1173.0000000000 2345 1 
2346 0.0000002737 1173.5000000000 2346 1 
2347 0.0000002718 1174.0000000000 2347 1 
2348 0.0000002734 1174.5000000000 2348 1 
2349 0.0000002814 1175.0000000000 2349 1 
2350 0.0000002745 1175.5000000000 2350 1 
2351 0.0000002739 1176.0000000000 2351 1 
2352 0.0000002844 1176.5000000000 2352 1 
2353 0.0000002771 1177.0000000000 2353 1 
2354 0.0000002740 1177.5000000000 2354 1 
2355 0.0000002743 1178.0000000000 2355 1 
2356 0.0000002729 1178.5000000000 2356 1 
2357 0.0000002745 1179.0000000000 2357 1 
2358 0.0000002744 1179.5000000000 2358 1 
2359 0.0000002730 1180.0000000000 2359 1 
2360 0.0000002763 1180.5000000000 2360 1 
2361 0.0000002842 1181.0000000000 2361 1 
2362 0.0000002735 1181.5000000000 2362 1 
2363 0.0000002755 1182.0000000000 2363 1 
2364 0.0000002754 1182.5000000000 2364 1 
2365 0.0000002761 1183.0000000000 2365 1 
2366 0.0000002756 1183.5000000000 2366 1 
2367 0.0000002835 1184.0000000000 2367 1 
2368 0.0000002758 1184.5000000000 2368 1 
2369 0.0000002887 1185.0000000000 2369 1 
2370 0.0000002793 1185.5000000000 2370 1 
2371 0.0000002746 1186.0000000000 2371 1 
2372 0.0000002778 1186.5000000000 2372 1 
2373 0.0000002815 1187.0000000000 2373 1 
2374 0.0000002751 1187.5000000000 2374 1 
2375 0.0000002783 1188.0000000000 2375 1 
2376 0.0000002921 1188.5000000000 2376 1 
2377 0.0000002836 1189.0000000000 2377 1 
2378 0.0000002767 1189.5000000000 2378 1 
2379 0.0000002854 1190.0000000000 2379 1 
2380 0.0000002832 1190.5000000000 2380 1 
2381 0.0000002789 1191.0000000000 2381 1 
2382 0.0000002788 1191.5000000000 2382 1 
2383 0.0000002757 1192.0000000000 2383 1 
2384 0.0000002924 1192.5000000000 2384 1 
2385 0.0000002855 1193.0000000000 2385 1 
2386 0.0000002800 1193.5000000000 2386 1 
2387 0.0000002761 1194.0000000000 2387 1 
2388 0.0000002781 1194.5000000000 2388 1 
2389 0.0000002779 1195.0000000000 2389 1 
2390 0.0000002766 1195.5000000000 2390 1 
2391 0.0000002798 1196.0000000000 2391 1 
2392 0.0000002952 1196.5000000000 2392 1 
2393 0.0000002771 1197.0000000000 2393 1 
2394 0.0000002845 1197.5000000000 2394 1 
2395 0.0000002789 1198.0000000000 2395 1 
2396 0.0000002771 1198.5000000000 2396 1 
2397 0.0000002829 1199.0000000000 2397 1 
2398 0.0000002790 1199.5000000000 2398 1 
2399 0.0000002793 1200.0000000000 2399 1 
2400 0.0000002896 1200.5000000000 2400 1 
2401 0.0000002799 1201.0000000000 2401 1 
2402 0.0000002777 1201.5000000000 2402 1 
2403 0.0000002801 1202.0000000000 2403 1 
2404 0.0000002829 1202.5000000000 2404 1 
2405 0.0000002873 1203.0000000000 2405 1 
2406 0.0000002785 1203.5000000000 2406 1 
2407 0.0000002817 1204.0000000000 2407 1 
2408 0.0000002878 1204.5000000000 2408 1 
2409 0.0000002819 1205.0000000000 2409 1 
2410 0.0000002805 1205.5000000000 2410 1 
2411 0.0000002816 1206.0000000000 2411 1 
2412 0.0000002794 1206.5000000000 2412 1 
2413 0.0000002810 1207.0000000000 2413 1 
2414 0.0000002809 1207.5000000000 2414 1 
2415 0.0000002886 1208.0000000000 2415 1 
2416 0.0000002810 1208.5000000000 2416 1 
2417 0.0000002830 1209.0000000000 2417 1 
2418 0.0000002812 1209.5000000000 2418 1 
2419 0.0000002799 1210.0000000000 2419 1 
2420 0.0000002818 1210.5000000000 2420 1 
2421 0.0000002817 1211.0000000000 2421 1 
2422 0.0000002882 1211.5000000000 2422 1 
2423 0.0000002934 1212.0000000000 2423 1 
2424 0.0000002818 1212.5000000000 2424 1 
2425 0.0000002808 1213.0000000000 2425 1 
2426 0.0000002824 1213.5000000000 2426 1 
2427 0.0000002827 1214.0000000000 2427 1 
2428 0.0000002809 1214.5000000000 2428 1 
2429 0.0000002841 1215.0000000000 2429 1 
2430 0.0000002840 1215.5000000000 2430 1 
2431 0.0000002904 1216.0000000000 2431 1 
2432 0.0000002813 1216.5000000000 2432 1 
2433 0.0000002832 1217.0000000000 2433 1 
2434 0.0000002831 1217.5000000000 2434 1 
2435 0.0000002817 1218.0000000000 2435 1 
2436 0.0000002837 1218.5000000000 2436 1 
2437 0.0000002835 1219.0000000000 2437 1 
2438 0.0000002953 1219.5000000000 2438 1 
2439 0.0000002837 1220.0000000000 2439 1 
2440 0.0000002840 1220.5000000000 2440 1 
2441 0.0000002872 1221.0000000000 2441 1 
2442 0.0000002826 1221.5000000000 2442 1 
2443 0.0000002841 1222.0000000000 2443 1 
2444 0.0000002848 1222.5000000000 2444 1 
2445 0.0000002826 1223.0000000000 2445 1 
2446 0.0000002997 1223.5000000000 2446 1 
2447 0.0000002844 1224.0000000000 2447 1 
2448 0.0000002847 1224.5000000000 2448 1 
2449 0.0000002830 1225.0000000000 2449 1 
2450 0.0000002853 1225.5000000000 2450 1 
2451 0.0000002864 1226.0000000000 2451 1 
2452 0.0000002867 1226.5000000000 2452 1 
2453 0.0000002935 1227.0000000000 2453 1 
2454 0.0000002865 1227.5000000000 2454 1 
2455 0.0000002929 1228.0000000000 2455 1 
2456 0.0000002842 1228.5000000000 2456 1 
2457 0.0000002857 1229.0000000000 2457 1 
2458 0.0000002860 1229.5000000000 2458 1 
2459 0.0000002859 1230.0000000000 2459 1 
2460 0.0000002858 1230.5000000000 2460 1 
2461 0.0000002934 1231.0000000000 2461 1 
2462 0.0000002876 1231.5000000000 2462 1 
2463 0.0000002850 1232.0000000000 2463 1 
2464 0.0000002865 1232.5000000000 2464 1 
2465 0.0000002868 1233.0000000000 2465 1 
2466 0.0000002899 1233.5000000000 2466 1 
2467 0.0000002914 1234.0000000000 2467 1 
2468 0.0000002982 1234.5000000000 2468 1 
2469 0.0000002872 1235.0000000000 2469 1 
2470 0.0000002870 1235.5000000000 2470 1 
2471 0.0000002898 1236.0000000000 2471 1 
2472 0.0000002949 1236.5000000000 2472 1 
2473 0.0000002879 1237.0000000000 2473 1 
2474 0.0000002862 1237.5000000000 2474 1 
2475 0.0000002978 1238.0000000000 2475 1 
2476 0.0000002876 1238.5000000000 2476 1 
2477 0.0000002883 1239.0000000000 2477 1 
2478 0.0000002865 1239.5000000000 2478 1 
2479 0.0000002904 1240.0000000000 2479 1 
2480 0.0000002883 1240.5000000000 2480 1 
2481 0.0000002870 1241.0000000000 2481 1 
2482 0.0000002897 1241.5000000000 2482 1 
2483 0.0000002980 1242.0000000000 2483 1 
2484 0.0000002890 1242.5000000000 2484 1 
2485 0.0000003034 1243.0000000000 2485 1 
2486 0.0000002904 1243.5000000000 2486 1 
2487 0.0000002923 1244.0000000000 2487 1 
2488 0.0000002966 1244.5000000000 2488 1 
2489 0.0000002893 1245.0000000000 2489 1 
2490 0.0000003056 1245.5000000000 2490 1 
2491 0.0000002955 1246.0000000000 2491 1 
2492 0.0000002897 1246.5000000000 2492 1 
2493 0.0000002912 1247.0000000000 2493 1 
2494 0.0000002911 1247.5000000000 2494 1 
2495 0.0000002914 1248.0000000000 2495 1 
2496 0.0000002905 1248.5000000000 2496 1 
2497 0.0000002976 1249.0000000000 2497 1 
2498 0.0000002902 1249.5000000000 2498 1 
2499 0.0000002905 1250.0000000000 2499 1 
2500 0.0000002908 1250.5000000000 2500 1 
2501 0.0000002891 1251.0000000000 2501 1 
2502 0.0000002910 1251.5000000000 2502 1 
2503 0.0000002909 1252.0000000000 2503 1 
2504 0.0000003143 1252.5000000000 2504 1 
2505 0.0000002894 1253.0000000000 2505 1 
2506 0.0000002949 1253.5000000000 2506 1 
2507 0.0000002924 1254.0000000000 2507 1 
2508 0.0000002915 1254.5000000000 2508 1 
2509 0.0000002925 1255.0000000000 2509 1 
2510 0.0000002916 1255.5000000000 2510 1 
2511 0.0000003063 1256.0000000000 2511 1 
2512 0.0000002966 1256.5000000000 2512 1 
2513 0.0000002929 1257.0000000000 2513 1 
2514 0.0000002944 1257.5000000000 2514 1 
2515 0.0000002958 1258.0000000000 2515 1 
2516 0.0000002921 1258.5000000000 2516 1 
2517 0.0000002908 1259.0000000000 2517 1 
2518 0.0000003038 1259.5000000000 2518 1 
2519 0.0000002930 1260.0000000000 2519 1 
2520 0.0000002937 1260.5000000000 2520 1 
2521 0.0000002927 1261.0000000000 2521 1 
2522 0.0000003002 1261.5000000000 2522 1 
2523 0.0000002929 1262.0000000000 2523 1 
2524 0.0000002932 1262.5000000000 2524 1 
2525 0.0000003002 1263.0000000000 2525 1 
2526 0.0000002961 1263.5000000000 2526 1 
2527 0.0000002936 1264.0000000000 2527 1 
2528 0.0000002939 1264.5000000000 2528 1 
2529 0.0000002922 1265.0000000000 2529 1 
2530 0.0000002976 1265.5000000000 2530 1 
2531 0.0000002999 1266.0000000000 2531 1 
2532 0.0000003085 1266.5000000000 2532 1 
2533 0.0000002937 1267.0000000000 2533 1 
2534 0.0000002944 1267.5000000000 2534 1 
2535 0.0000002947 1268.0000000000 2535 1 
2536 0.0000002946 1268.5000000000 2536 1 
2537 0.0000002944 1269.0000000000 2537 1 
2538 0.0000003006 1269.5000000000 2538 1 
2539 0.0000003048 1270.0000000000 2539 1 
2540 0.0000002953 1270.5000000000 2540 1 
2541 0.0000002948 1271.0000000000 2541 1 
2542 0.0000002935 1271.5000000000 2542 1 
2543 0.0000002953 1272.0000000000 2543 1 
2544 0.0000002952 1272.5000000000 2544 1 
2545 0.0000002955 1273.0000000000 2545 1 
2546 0.0000003048 1273.5000000000 2546 1 
2547 0.0000002956 1274.0000000000 2547 1 
2548 0.0000002959 1274.5000000000 2548 1 
2549 0.0000002958 1275.0000000000 2549 1 
2550 0.0000002945 1275.5000000000 2550 1 
2551 0.0000002948 1276.0000000000 2551 1 
2552 0.0000002966 1276.5000000000 2552 1 
2553 0.0000003106 1277.0000000000 2553 1 
2554 0.0000002968 1277.5000000000 2554 1 
2555 0.0000002951 1278.0000000000 2555 1 
2556 0.0000002969 1278.5000000000 2556 1 
2557 0.0000002968 1279.0000000000 2557 1 
2558 0.0000002971 1279.5000000000 2558 1 
2559 0.0000002978 1280.0000000000 2559 1 
2560 0.0000003059 1280.5000000000 2560 1 
2561 0.0000002975 1281.0000000000 2561 1 
2562 0.0000002974 1281.5000000000 2562 1 
2563 0.0000002977 1282.0000000000 2563 1 
2564 0.0000002960 1282.5000000000 2564 1 
2565 0.0000002979 1283.0000000000 2565 1 
2566 0.0000002977 1283.5000000000 2566 1 
2567 0.0000003062 1284.0000000000 2567 1 
2568 0.0000002967 1284.5000000000 2568 1 
2569 0.0000003056 1285.0000000000 2569 1 
2570 0.0000002981 1285.5000000000 2570 1 
2571 0.0000002999 1286.0000000000 2571 1 
2572 0.0000003005 1286.5000000000 2572 1 
2573 0.0000002985 1287.0000000000 2573 1 
2574 0.0000003147 1287.5000000000 2574 1 
2575 0.0000002986 1288.0000000000 2575 1 
2576 0.0000003005 1288.5000000000 2576 1 
2577 0.0000002992 1289.0000000000 2577 1 
2578 0.0000002991 1289.5000000000 2578 1 
2579 0.0000002993 1290.0000000000 2579 1 
2580 0.0000003008 1290.5000000000 2580 1 
2581 0.0000003057 1291.0000000000 2581 1 
2582 0.0000002978 1291.5000000000 2582 1 
2583 0.0000002985 1292.0000000000 2583 1 
2584 0.0000003073 1292.5000000000 2584 1 
2585 0.0000003002 1293.0000000000 2585 1 
2586 0.0000003001 1293.5000000000 2586 1 
2587 0.0000003085 1294.0000000000 2587 1 
2588 0.0000003002 1294.5000000000 2588 1 
2589 0.0000003005 1295.0000000000 2589 1 
2590 0.0000003089 1295.5000000000 2590 1 
2591 0.0000003014 1296.0000000000 2591 1 
2592 0.0000003140 1296.5000000000 2592 1 
2593 0.0000003008 1297.0000000000 2593 1 
2594 0.0000003107 1297.5000000000 2594 1 
2595 0.0000003010 1298.0000000000 2595 1 
2596 0.0000003024 1298.5000000000 2596 1 
2597 0.0000003015 1299.0000000000 2597 1 
2598 0.0000003029 1299.5000000000 2598 1 
2599 0.0000003017 1300.0000000000 2599 1 
2600 0.0000003027 1300.5000000000 2600 1 
2601 0.0000003091 1301.0000000000 2601 1 
2602 0.0000003017 1301.5000000000 2602 1 
2603 0.0000003020 1302.0000000000 2603 1 
2604 0.0000003022 1302.5000000000 2604 1 
2605 0.0000003021 1303.0000000000 2605 1 
2606 0.0000003024 1303.5000000000 2606 1 
2607 0.0000003092 1304.0000000000 2607 1 
2608 0.0000003014 1304.5000000000 2608 1 
2609 0.0000003055 1305.0000000000 2609 1 
2610 0.0000003031 1305.5000000000 2610 1 
2611 0.0000003029 1306.0000000000 2611 1 
2612 0.0000003028 1306.5000000000 2612 1 
2613 0.0000003088 1307.0000000000 2613 1 
2614 0.0000003171 1307.5000000000 2614 1 
2615 0.0000003055 1308.0000000000 2615 1 
2616 0.0000003108 1308.5000000000 2616 1 
2617 0.0000003034 1309.0000000000 2617 1 
2618 0.0000003021 1309.5000000000 2618 1 
2619 0.0000003039 1310.0000000000 2619 1 
2620 0.0000003179 1310.5000000000 2620 1 
2621 0.0000003037 1311.0000000000 2621 1 
2622 0.0000003066 1311.5000000000 2622 1 
2623 0.0000003027 1312.0000000000 2623 1 
2624 0.0000003030 1312.5000000000 2624 1 
2625 0.0000003044 1313.0000000000 2625 1 
2626 0.0000003046 1313.5000000000 2626 1 
2627 0.0000003129 1314.0000000000 2627 1 
2628 0.0000003048 1314.5000000000 2628 1 
2629 0.0000003035 1315.0000000000 2629 1 
2630 0.0000003122 1315.5000000000 2630 1 
2631 0.0000003067 1316.0000000000 2631 1 
2632 0.0000003051 1316.5000000000 2632 1 
2633 0.0000003126 1317.0000000000 2633 1 
2634 0.0000003083 1317.5000000000 2634 1 
2635 0.0000003044 1318.0000000000 2635 1 
2636 0.0000003058 1318.5000000000 2636 1 
2637 0.0000003057 1319.0000000000 2637 1 
2638 0.0000003059 1319.5000000000 2638 1 
2639 0.0000003062 1320.0000000000 2639 1 
2640 0.0000003129 1320.5000000000 2640 1 
2641 0.0000003063 1321.0000000000 2641 1 
2642 0.0000003066 1321.5000000000 2642 1 
2643 0.0000003065 1322.0000000000 2643 1 
2644 0.0000003075 1322.5000000000 2644 1 
2645 0.0000003108 1323.0000000000 2645 1 
2646 0.0000003156 1323.5000000000 2646 1 
2647 0.0000003068 1324.0000000000 2647 1 
2648 0.0000003070 1324.5000000000 2648 1 
2649 0.0000003073 1325.0000000000 2649 1 
2650 0.0000003075 1325.5000000000 2650 1 
2651 0.0000003074 1326.0000000000 2651 1 
2652 0.0000003058 1326.5000000000 2652 1 
2653 0.0000003155 1327.0000000000 2653 1 
2654 0.0000003075 1327.5000000000 2654 1 
2655 0.0000003107 1328.0000000000 2655 1 
2656 0.0000003080 1328.5000000000 2656 1 
2657 0.0000003079 1329.0000000000 2657 1 
2658 0.0000003096 1329.5000000000 2658 1 
2659 0.0000003227 1330.0000000000 2659 1 
2660 0.0000003094 1330.5000000000 2660 1 
2661 0.0000003085 1331.0000000000 2661 1 
2662 0.0000003084 1331.5000000000 2662 1 
2663 0.0000003087 1332.0000000000 2663 1 
2664 0.0000003074 1332.5000000000 2664 1 
2665 0.0000003099 1333.0000000000 2665 1 
2666 0.0000003170 1333.5000000000 2666 1 
2667 0.0000003090 1334.0000000000 2667 1 
2668 0.0000003092 1334.5000000000 2668 1 
2669 0.0000003132 1335.0000000000 2669 1 
2670 0.0000003094 1335.5000000000 2670 1 
2671 0.0000003100 1336.0000000000 2671 1 
2672 0.0000003177 1336.5000000000 2672 1 
2673 0.0000003165 1337.0000000000 2673 1 
2674 0.0000003111 1337.5000000000 2674 1 
2675 0.0000003103 1338.0000000000 2675 1 
2676 0.0000003102 1338.5000000000 2676 1 
2677 0.0000003089 1339.0000000000 2677 1 
2678 0.0000003181 1339.5000000000 2678 1 
2679 0.0000003106 1340.0000000000 2679 1 
2680 0.0000003104 1340.5000000000 2680 1 
2681 0.0000003107 1341.0000000000 2681 1 
2682 0.0000003136 1341.5000000000 2682 1 
2683 0.0000003258 1342.0000000000 2683 1 
2684 0.0000003178 1342.5000000000 2684 1 
2685 0.0000003110 1343.0000000000 2685 1 
2686 0.0000003116 1343.5000000000 2686 1 
2687 0.0000003126 1344.0000000000 2687 1 
2688 0.0000003118 1344.5000000000 2688 1 
2689 0.0000003116 1345.0000000000 2689 1 
2690 0.0000003100 1345.5000000000 2690 1 
2691 0.0000003240 1346.0000000000 2691 1 
2692 0.0000003120 1346.5000000000 2692 1 
2693 0.0000003134 1347.0000000000 2693 1 
2694 0.0000003140 1347.5000000000 2694 1 
2695 0.0000003128 1348.0000000000 2695 1 
2696 0.0000003134 1348.5000000000 2696 1 
2697 0.0000003204 1349.0000000000 2697 1 
2698 0.0000003110 1349.5000000000 2698 1 
2699 0.0000003183 1350.0000000000 2699 1 
2700 0.0000003130 1350.5000000000 2700 1 
2701 0.0000003132 1351.0000000000 2701 1 
2702 0.0000003131 1351.5000000000 2702 1 
2703 0.0000003282 1352.0000000000 2703 1 
2704 0.0000003147 1352.5000000000 2704 1 
2705 0.0000003139 1353.0000000000 2705 1 
2706 0.0000003134 1353.5000000000 2706 1 
2707 0.0000003147 1354.0000000000 2707 1 
2708 0.0000003150 1354.5000000000 2708 1 
2709 0.0000003219 1355.0000000000 2709 1 
2710 0.0000003137 1355.5000000000 2710 1 
2711 0.0000003143 1356.0000000000 2711 1 
2712 0.0000003142 1356.5000000000 2712 1 
2713 0.0000003126 1357.0000000000 2713 1 
2714 0.0000003143 1357.5000000000 2714 1 
2715 0.0000003278 1358.0000000000 2715 1 
2716 0.0000003236 1358.5000000000 2716 1 
2717 0.0000003206 1359.0000000000 2717 1 
2718 0.0000003157 1359.5000000000 2718 1 
2719 0.0000003148 1360.0000000000 2719 1 
2720 0.0000003151 1360.5000000000 2720 1 
2721 0.0000003275 1361.0000000000 2721 1 
2722 0.0000003163 1361.5000000000 2722 1 
2723 0.0000003155 1362.0000000000 2723 1 
2724 0.0000003164 1362.5000000000 2724 1 
2725 0.0000003156 1363.0000000000 2725 1 
2726 0.0000003155 1363.5000000000 2726 1 
2727 0.0000003238 1364.0000000000 2727 1 
2728 0.0000003178 1364.5000000000 2728 1 
2729 0.0000003144 1365.0000000000 2729 1 
2730 0.0000003231 1365.5000000000 2730 1 
2731 0.0000003160 1366.0000000000 2731 1 
2732 0.0000003184 1366.5000000000 2732 1 
2733 0.0000003194 1367.0000000000 2733 1 
2734 0.0000003200 1367.5000000000 2734 1 
2735 0.0000003166 1368.0000000000 2735 1 
2736 0.0000003165 1368.5000000000 2736 1 
2737 0.0000003168 1369.0000000000 2737 1 
2738 0.0000003159 1369.5000000000 2738 1 
2739 0.0000003206 1370.0000000000 2739 1 
2740 0.0000003237 1370.5000000000 2740 1 
2741 0.0000003170 1371.0000000000 2741 1 
2742 0.0000003177 1371.5000000000 2742 1 
2743 0.0000003245 1372.0000000000 2743 1 
2744 0.0000003178 1372.5000000000 2744 1 
2745 0.0000003195 1373.0000000000 2745 1 
2746 0.0000003223 1373.5000000000 2746 1 
2747 0.0000003182 1374.0000000000 2747 1 
2748 0.0000003180 1374.5000000000 2748 1 
2749 0.0000003194 1375.0000000000 2749 1 
2750 0.0000003200 1375.5000000000 2750 1 
2751 0.0000003221 1376.0000000000 2751 1 
2752 0.0000003209 1376.5000000000 2752 1 
2753 0.0000003189 1377.0000000000 2753 1 
2754 0.0000003188 1377.5000000000 2754 1 
2755 0.0000003212 1378.0000000000 2755 1 
2756 0.0000003240 1378.5000000000 2756 1 
2757 0.0000003272 1379.0000000000 2757 1 
2758 0.0000003194 1379.5000000000 2758 1 
2759 0.0000003219 1380.0000000000 2759 1 
2760 0.0000003196 1380.5000000000 2760 1 
2761 0.0000003216 1381.0000000000 2761 1 
2762 0.0000003262 1381.5000000000 2762 1 
2763 0.0000003330 1382.0000000000 2763 1 
2764 0.0000003198 1382.5000000000 2764 1 
2765 0.0000003201 1383.0000000000 2765 1 
2766 0.0000003203 1383.5000000000 2766 1 
2767 0.0000003188 1384.0000000000 2767 1 
2768 0.0000003204 1384.5000000000 2768 1 
2769 0.0000003304 1385.0000000000 2769 1 
2770 0.0000003224 1385.5000000000 2770 1 
2771 0.0000003212 1386.0000000000 2771 1 
2772 0.0000003218 1386.5000000000 2772 1 
2773 0.0000003210 1387.0000000000 2773 1 
2774 0.0000003212 1387.5000000000 2774 1 
2775 0.0000003286 1388.0000000000 2775 1 
2776 0.0000003213 1388.5000000000 2776 1 
2777 0.0000003201 1389.0000000000 2777 1 
2778 0.0000003204 1389.5000000000 2778 1 
2779 0.0000003224 1390.0000000000 2779 1 
2780 0.0000003219 1390.5000000000 2780 1 
2781 0.0000003294 1391.0000000000 2781 1 
2782 0.0000003231 1391.5000000000 2782 1 
2783 0.0000003313 1392.0000000000 2783 1 
2784 0.0000003222 1392.5000000000 2784 1 
2785 0.0000003232 1393.0000000000 2785 1 
2786 0.0000003223 1393.5000000000 2786 1 
2787 0.0000003312 1394.0000000000 2787 1 
2788 0.0000003250 1394.5000000000 2788 1 
2789 0.0000003227 1395.0000000000 2789 1 
2790 0.0000003215 1395.5000000000 2790 1 
2791 0.0000003253 1396.0000000000 2791 1 
2792 0.0000003241 1396.5000000000 2792 1 
2793 0.0000003298 1397.0000000000 2793 1 
2794 0.0000003261 1397.5000000000 2794 1 
2795 0.0000003234 1398.0000000000 2795 1 
2796 0.0000003258 1398.5000000000 2796 1 
2797 0.0000003275 1399.0000000000 2797 1 
2798 0.0000003377 1399.5000000000 2798 1 
2799 0.0000003237 1400.0000000000 2799 1 
2800 0.0000003264 1400.5000000000 2800 1 
2801 0.0000003260 1401.0000000000 2801 1 
2802 0.0000003269 1401.5000000000 2802 1 
2803 0.0000003254 1402.0000000000 2803 1 
2804 0.0000003327 1402.5000000000 2804 1 
2805 0.0000003319 1403.0000000000 2805 1 
2806 0.0000003268 1403.5000000000 2806 1 
2807 0.0000003256 1404.0000000000 2807 1 
2808 0.0000003269 1404.5000000000 2808 1 
2809 0.0000003250 1405.0000000000 2809 1 
2810 0.0000003466 1405.5000000000 2810 1 
2811 0.0000003255 1406.0000000000 2811 1 
2812 0.0000003254 1406.5000000000 2812 1 
2813 0.0000003256 1407.0000000000 2813 1 
2814 0.0000003255 1407.5000000000 2814 1 
2815 0.0000003389 1408.0000000000 2815 1 
2816 0.0000003271 1408.5000000000 2816 1 
2817 0.0000003259 1409.0000000000 2817 1 
2818 0.0000003258 1409.5000000000 2818 1 
2819 0.0000003246 1410.0000000000 2819 1 
2820 0.0000003259 1410.5000000000 2820 1 
2821 0.0000003343 1411.0000000000 2821 1 
2822 0.0000003264 1411.5000000000 2822 1 
2823 0.0000003330 1412.0000000000 2823 1 
2824 0.0000003268 1412.5000000000 2824 1 
2825 0.0000003267 1413.0000000000 2825 1 
2826 0.0000003298 1413.5000000000 2826 1 
2827 0.0000003346 1414.0000000000 2827 1 
2828 0.0000003271 1414.5000000000 2828 1 
2829 0.0000003273 1415.0000000000 2829 1 
2830 0.0000003276 1415.5000000000 2830 1 
2831 0.0000003274 1416.0000000000 2831 1 
2832 0.0000003404 1416.5000000000 2832 1 
2833 0.0000003276 1417.0000000000 2833 1 
2834 0.0000003278 1417.5000000000 2834 1 
2835 0.0000003344 1418.0000000000 2835 1 
2836 0.0000003279 1418.5000000000 2836 1 
2837 0.0000003289 1419.0000000000 2837 1 
2838 0.0000003358 1419.5000000000 2838 1 
2839 0.0000003283 1420.0000000000 2839 1 
2840 0.0000003285 1420.5000000000 2840 1 
2841 0.0000003288 1421.0000000000 2841 1 
2842 0.0000003290 1421.5000000000 2842 1 
2843 0.0000003289 1422.0000000000 2843 1 
2844 0.0000003365 1422.5000000000 2844 1 
2845 0.0000003286 1423.0000000000 2845 1 
2846 0.0000003292 1423.5000000000 2846 1 
2847 0.0000003319 1424.0000000000 2847 1 
2848 0.0000003357 1424.5000000000 2848 1 
2849 0.0000003370 1425.0000000000 2849 1 
2850 0.0000003295 1425.5000000000 2850 1 
2851 0.0000003297 1426.0000000000 2851 1 
2852 0.0000003296 1426.5000000000 2852 1 
2853 0.0000003298 1427.0000000000 2853 1 
2854 0.0000003301 1427.5000000000 2854 1 
2855 0.0000003373 1428.0000000000 2855 1 
2856 0.0000003302 1428.5000000000 2856 1 
2857 0.0000003304 1429.0000000000 2857 1 
2858 0.0000003352 1429.5000000000 2858 1 
2859 0.0000003305 1430.0000000000 2859 1 
2860 0.0000003434 1430.5000000000 2860 1 
2861 0.0000003293 1431.0000000000 2861 1 
2862 0.0000003309 1431.5000000000 2862 1 
2863 0.0000003308 1432.0000000000 2863 1 
2864 0.0000003314 1432.5000000000 2864 1 
2865 0.0000003312 1433.0000000000 2865 1 
2866 0.0000003388 1433.5000000000 2866 1 
2867 0.0000003314 1434.0000000000 2867 1 
2868 0.0000003333 1434.5000000000 2868 1 
2869 0.0000003350 1435.0000000000 2869 1 
2870 0.0000003321 1435.5000000000 2870 1 
2871 0.0000003396 1436.0000000000 2871 1 
2872 0.0000003384 1436.5000000000 2872 1 
2873 0.0000003321 1437.0000000000 2873 1 
2874 0.0000003323 1437.5000000000 2874 1 
2875 0.0000003325 1438.0000000000 2875 1 
2876 0.0000003324 1438.5000000000 2876 1 
2877 0.0000003399 1439.0000000000 2877 1 
2878 0.0000003346 1439.5000000000 2878 1 
2879 0.0000003328 1440.0000000000 2879 1 
2880 0.0000003330 1440.5000000000 2880 1 
2881 0.0000003329 1441.0000000000 2881 1 
2882 0.0000003407 1441.5000000000 2882 1 
2883 0.0000003330 1442.0000000000 2883 1 
2884 0.0000003332 1442.5000000000 2884 1 
2885 0.0000003334 1443.0000000000 2885 1 
2886 0.0000003337 1443.5000000000 2886 1 
2887 0.0000003398 1444.0000000000 2887 1 
2888 0.0000003411 1444.5000000000 2888 1 
2889 0.0000003347 1445.0000000000 2889 1 
2890 0.0000003339 1445.5000000000 2890 1 
2891 0.0000003341 1446.0000000000 2891 1 
2892 0.0000003344 1446.5000000000 2892 1 
2893 0.0000003429 1447.0000000000 2893 1 
2894 0.0000003345 1447.5000000000 2894 1 
2895 0.0000003347 1448.0000000000 2895 1 
2896 0.0000003346 1448.5000000000 2896 1 
2897 0.0000003348 1449.0000000000 2897 1 
2898 0.0000003416 1449.5000000000 2898 1 
2899 0.0000003418 1450.0000000000 2899 1 
2900 0.0000003352 1450.5000000000 2900 1 
2901 0.0000003354 1451.0000000000 2901 1 
2902 0.0000003374 1451.5000000000 2902 1 
2903 0.0000003365 1452.0000000000 2903 1 
2904 0.0000003481 1452.5000000000 2904 1 
2905 0.0000003356 1453.0000000000 2905 1 
2906 0.0000003355 1453.5000000000 2906 1 
2907 0.0000003409 1454.0000000000 2907 1 
2908 0.0000003373 1454.5000000000 2908 1 
2909 0.0000003455 1455.0000000000 2909 1 
2910 0.0000003433 1455.5000000000 2910 1 
2911 0.0000003363 1456.0000000000 2911 1 
2912 0.0000003365 1456.5000000000 2912 1 
2913 0.0000003364 1457.0000000000 2913 1 
2914 0.0000003380 1457.5000000000 2914 1 
2915 0.0000003431 1458.0000000000 2915 1 
2916 0.0000003368 1458.5000000000 2916 1 
2917 0.0000003370 1459.0000000000 2917 1 
2918 0.0000003372 1459.5000000000 2918 1 
2919 0.0000003392 1460.0000000000 2919 1 
2920 0.0000003449 1460.5000000000 2920 1 
2921 0.0000003372 1461.0000000000 2921 1 
2922 0.0000003439 1461.5000000000 2922 1 
2923 0.0000003377 1462.0000000000 2923 1 
2924 0.0000003417 1462.5000000000 2924 1 
2925 0.0000003518 1463.0000000000 2925 1 
2926 0.0000003431 1463.5000000000 2926 1 
2927 0.0000003427 1464.0000000000 2927 1 
2928 0.0000003422 1464.5000000000 2928 1 
2929 0.0000003441 1465.0000000000 2929 1 
2930 0.0000003536 1465.5000000000 2930 1 
2931 0.0000003425 1466.0000000000 2931 1 
2932 0.0000003435 1466.5000000000 2932 1 
2933 0.0000003403 1467.0000000000 2933 1 
2934 0.0000003511 1467.5000000000 2934 1 
2935 0.0000003417 1468.0000000000 2935 1 
2936 0.0000003484 1468.5000000000 2936 1 
2937 0.0000003405 1469.0000000000 2937 1 
2938 0.0000003451 1469.5000000000 2938 1 
2939 0.0000003406 1470.0000000000 2939 1 
2940 0.0000003422 1470.5000000000 2940 1 
2941 0.0000003472 1471.0000000000 2941 1 
2942 0.0000003399 1471.5000000000 2942 1 
2943 0.0000003398 1472.0000000000 2943 1 
2944 0.0000003404 1472.5000000000 2944 1 
2945 0.0000003450 1473.0000000000 2945 1 
2946 0.0000003476 1473.5000000000 2946 1 
2947 0.0000003403 1474.0000000000 2947 1 
2948 0.0000003412 1474.5000000000 2948 1 
2949 0.0000003405 1475.0000000000 2949 1 
2950 0.0000003417 1475.5000000000 2950 1 
2951 0.0000003477 1476.0000000000 2951 1 
2952 0.0000003411 1476.5000000000 2952 1 
2953 0.0000003410 1477.0000000000 2953 1 
2954 0.0000003416 1477.5000000000 2954 1 
2955 0.0000003411 1478.0000000000 2955 1 
2956 0.0000003481 1478.5000000000 2956 1 
2957 0.0000003476 1479.0000000000 2957 1 
2958 0.0000003448 1479.5000000000 2958 1 
2959 0.0000003417 1480.0000000000 2959 1 
2960 0.0000003419 1480.5000000000 2960 1 
2961 0.0000003441 1481.0000000000 2961 1 
2962 0.0000003498 1481.5000000000 2962 1 
2963 0.0000003422 1482.0000000000 2963 1 
2964 0.0000003424 1482.5000000000 2964 1 
2965 0.0000003423 1483.0000000000 2965 1 
2966 0.0000003425 1483.5000000000 2966 1 
2967 0.0000003495 1484.0000000000 2967 1 
2968 0.0000003447 1484.5000000000 2968 1 
2969 0.0000003439 1485.0000000000 2969 1 
2970 0.0000003519 1485.5000000000 2970 1 
2971 0.0000003440 1486.0000000000 2971 1 
2972 0.0000003523 1486.5000000000 2972 1 
2973 0.0000003431 1487.0000000000 2973 1 
2974 0.0000003433 1487.5000000000 2974 1 
2975 0.0000003442 1488.0000000000 2975 1 
2976 0.0000003437 1488.5000000000 2976 1 
2977 0.0000003524 1489.0000000000 2977 1 
2978 0.0000003435 1489.5000000000 2978 1 
2979 0.0000003447 1490.0000000000 2979 1 
2980 0.0000003443 1490.5000000000 2980 1 
2981 0.0000003442 1491.0000000000 2981 1 
2982 0.0000003571 1491.5000000000 2982 1 
2983 0.0000003466 1492.0000000000 2983 1 
2984 0.0000003445 1492.5000000000 2984 1 
2985 0.0000003447 1493.0000000000 2985 1 
2986 0.0000003449 1493.5000000000 2986 1 
2987 0.0000003579 1494.0000000000 2987 1 
2988 0.0000003450 1494.5000000000 2988 1 
2989 0.0000003453 1495.0000000000 2989 1 
2990 0.0000003452 1495.5000000000 2990 1 
2991 0.0000003454 1496.0000000000 2991 1 
2992 0.0000003526 1496.5000000000 2992 1 
2993 0.0000003515 1497.0000000000 2993 1 
2994 0.0000003457 1497.5000000000 2994 1 
2995 0.0000003469 1498.0000000000 2995 1 
2996 0.0000003475 1498.5000000000 2996 1 
2997 0.0000003527 1499.0000000000 2997 1 
2998 0.0000003459 1499.5000000000 2998 1 
2999 0.0000003481 1500.0000000000 2999 1 
3000 0.0000003463 1500.5000000000 3000 1 
3001 0.0000003466 1501.0000000000 3001 1 
3002 0.0000003558 1501.5000000000 3002 1 
3003 0.0000003493 1502.0000000000 3003 1 
3004 0.0000003529 1502.5000000000 3004 1 
3005 0.0000003468 1503.0000000000 3005 1 
3006 0.0000003493 1503.5000000000 3006 1 
3007 0.0000003542 1504.0000000000 3007 1 
3008 0.0000003471 1504.5000000000 3008 1 
3009 0.0000003473 1505.0000000000 3009 1 
3010 0.0000003475 1505.5000000000 3010 1 
3011 0.0000003474 1506.0000000000 3011 1 
3012 0.0000003549 1506.5000000000 3012 1 
3013 0.0000003478 1507.0000000000 3013 1 
3014 0.0000003480 1507.5000000000 3014 1 
3015 0.0000003566 1508.0000000000 3015 1 
3016 0.0000003491 1508.5000000000 3016 1 
3017 0.0000003553 1509.0000000000 3017 1 
3018 0.0000003496 1509.5000000000 3018 1 
3019 0.0000003485 1510.0000000000 3019 1 
3020 0.0000003483 1510.5000000000 3020 1 
3021 0.0000003489 1511.0000000000 3021 1 
3022 0.0000003610 1511.5000000000 3022 1 
3023 0.0000003487 1512.0000000000 3023 1 
3024 0.0000003495 1512.5000000000 3024 1 
3025 0.0000003491 1513.0000000000 3025 1 
3026 0.0000003553 1513.5000000000 3026 1 
3027 0.0000003614 1514.0000000000 3027 1 
3028 0.0000003514 1514.5000000000 3028 1 
3029 0.0000003509 1515.0000000000 3029 1 
3030 0.0000003525 1515.5000000000 3030 1 
3031 0.0000003497 1516.0000000000 3031 1 
3032 0.0000003572 1516.5000000000 3032 1 
3033 0.0000003501 1517.0000000000 3033 1 
3034 0.0000003533 1517.5000000000 3034 1 
3035 0.0000003519 1518.0000000000 3035 1 
3036 0.0000003538 1518.5000000000 3036 1 
3037 0.0000003635 1519.0000000000 3037 1 
3038 0.0000003548 1519.5000000000 3038 1 
3039 0.0000003508 1520.0000000000 3039 1 
3040 0.0000003510 1520.5000000000 3040 1 
3041 0.0000003522 1521.0000000000 3041 1 
3042 0.0000003583 1521.5000000000 3042 1 
3043 0.0000003529 1522.0000000000 3043 1 
3044 0.0000003512 1522.5000000000 3044 1 
3045 0.0000003514 1523.0000000000 3045 1 
3046 0.0000003513 1523.5000000000 3046 1 
3047 0.0000003587 1524.0000000000 3047 1 
3048 0.0000003517 1524.5000000000 3048 1 
3049 0.0000003516 1525.0000000000 3049 1 
3050 0.0000003577 1525.5000000000 3050 1 
3051 0.0000003520 1526.0000000000 3051 1 
3052 0.0000003624 1526.5000000000 3052 1 
3053 0.0000003534 1527.0000000000 3053 1 
3054 0.0000003523 1527.5000000000 3054 1 
3055 0.0000003525 1528.0000000000 3055 1 
3056 0.0000003619 1528.5000000000 3056 1 
3057 0.0000003536 1529.0000000000 3057 1 
3058 0.0000003545 1529.5000000000 3058 1 
3059 0.0000003531 1530.0000000000 3059 1 
3060 0.0000003529 1530.5000000000 3060 1 
3061 0.0000003731 1531.0000000000 3061 1 
3062 0.0000003543 1531.5000000000 3062 1 
3063 0.0000003536 1532.0000000000 3063 1 
3064 0.0000003551 1532.5000000000 3064 1 
3065 0.0000003537 1533.0000000000 3065 1 
3066 0.0000003656 1533.5000000000 3066 1 
3067 0.0000003534 1534.0000000000 3067 1 
3068 0.0000003540 1534.5000000000 3068 1 
3069 0.0000003542 1535.0000000000 3069 1 
3070 0.0000003560 1535.5000000000 3070 1 
3071 0.0000003683 1536.0000000000 3071 1 
3072 0.0000003545 1536.5000000000 3072 1 
3073 0.0000003547 1537.0000000000 3073 1 
3074 0.0000003546 1537.5000000000 3074 1 
3075 0.0000003548 1538.0000000000 3075 1 
3076 0.0000003657 1538.5000000000 3076 1 
3077 0.0000003604 1539.0000000000 3077 1 
3078 0.0000003590 1539.5000000000 3078 1 
3079 0.0000003628 1540.0000000000 3079 1 
3080 0.0000003701 1540.5000000000 3080 1 
3081 0.0000003596 1541.0000000000 3081 1 
3082 0.0000003731 1541.5000000000 3082 1 
3083 0.0000003633 1542.0000000000 3083 1 
3084 0.0000003609 1542.5000000000 3084 1 
3085 0.0000003643 1543.0000000000 3085 1 
3086 0.0000003587 1543.5000000000 3086 1 
3087 0.0000003771 1544.0000000000 3087 1 
3088 0.0000003598 1544.5000000000 3088 1 
3089 0.0000003603 1545.0000000000 3089 1 
3090 0.0000003686 1545.5000000000 3090 1 
3091 0.0000003591 1546.0000000000 3091 1 
3092 0.0000003625 1546.5000000000 3092 1 
3093 0.0000003573 1547.0000000000 3093 1 
3094 0.0000003630 1547.5000000000 3094 1 
3095 0.0000003625 1548.0000000000 3095 1 
3096 0.0000003569 1548.5000000000 3096 1 
3097 0.0000003600 1549.0000000000 3097 1 
3098 0.0000003570 1549.5000000000 3098 1 
3099 0.0000003637 1550.0000000000 3099 1 
3100 0.0000003574 1550.5000000000 3100 1 
3101 0.0000003589 1551.0000000000 3101 1 
3102 0.0000003588 1551.5000000000 3102 1 
3103 0.0000003635 1552.0000000000 3103 1 
3104 0.0000003650 1552.5000000000 3104 1 
3105 0.0000003601 1553.0000000000 3105 1 
3106 0.0000003580 1553.5000000000 3106 1 
3107 0.0000003608 1554.0000000000 3107 1 
3108 0.0000003584 1554.5000000000 3108 1 
3109 0.0000003667 1555.0000000000 3109 1 
3110 0.0000003585 1555.5000000000 3110 1 
3111 0.0000003587 1556.0000000000 3111 1 
3112 0.0000003602 1556.5000000000 3112 1 
3113 0.0000003742 1557.0000000000 3113 1 
3114 0.0000003610 1557.5000000000 3114 1 
3115 0.0000003615 1558.0000000000 3115 1 
3116 0.0000003665 1558.5000000000 3116 1 
3117 0.0000003593 1559.0000000000 3117 1 
3118 0.0000003666 1559.5000000000 3118 1 
3119 0.0000003594 1560.0000000000 3119 1 
3120 0.0000003599 1560.5000000000 3120 1 
3121 0.0000003598 1561.0000000000 3121 1 
3122 0.0000003597 1561.5000000000 3122 1 
3123 0.0000003756 1562.0000000000 3123 1 
3124 0.0000003601 1562.5000000000 3124 1 
3125 0.0000003661 1563.0000000000 3125 1 
3126 0.0000003605 1563.5000000000 3126 1 
3127 0.0000003674 1564.0000000000 3127 1 
3128 0.0000003606 1564.5000000000 3128 1 
3129 0.0000003621 1565.0000000000 3129 1 
3130 0.0000003610 1565.5000000000 3130 1 
3131 0.0000003609 1566.0000000000 3131 1 
3132 0.0000003701 1566.5000000000 3132 1 
3133 0.0000003610 1567.0000000000 3133 1 
3134 0.0000003612 1567.5000000000 3134 1 
3135 0.0000003614 1568.0000000000 3135 1 
3136 0.0000003696 1568.5000000000 3136 1 
3137 0.0000003707 1569.0000000000 3137 1 
3138 0.0000003614 1569.5000000000 3138 1 
3139 0.0000003616 1570.0000000000 3139 1 
3140 0.0000003643 1570.5000000000 3140 1 
3141 0.0000003741 1571.0000000000 3141 1 
3142 0.0000003635 1571.5000000000 3142 1 
3143 0.0000003621 1572.0000000000 3143 1 
3144 0.0000003632 1572.5000000000 3144 1 
3145 0.0000003634 1573.0000000000 3145 1 
3146 0.0000003735 1573.5000000000 3146 1 
3147 0.0000003629 1574.0000000000 3147 1 
3148 0.0000003682 1574.5000000000 3148 1 
3149 0.0000003646 1575.0000000000 3149 1 
3150 0.0000003698 1575.5000000000 3150 1 
3151 0.0000003643 1576.0000000000 3151 1 
3152 0.0000003661 1576.5000000000 3152 1 
3153 0.0000003635 1577.0000000000 3153 1 
3154 0.0000003656 1577.5000000000 3154 1 
3155 0.0000003705 1578.0000000000 3155 1 
3156 0.0000003695 1578.5000000000 3156 1 
3157 0.0000003655 1579.0000000000 3157 1 
3158 0.0000003648 1579.5000000000 3158 1 
3159 0.0000003710 1580.0000000000 3159 1 
3160 0.0000003655 1580.5000000000 3160 1 
3161 0.0000003641 1581.0000000000 3161 1 
3162 0.0000003643 1581.5000000000 3162 1 
3163 0.0000003671 1582.0000000000 3163 1 
3164 0.0000003714 1582.5000000000 3164 1 
3165 0.0000003649 1583.0000000000 3165 1 
3166 0.0000003746 1583.5000000000 3166 1 
3167 0.0000003650 1584.0000000000 3167 1 
3168 0.0000003718 1584.5000000000 3168 1 
3169 0.0000003673 1585.0000000000 3169 1 
3170 0.0000003653 1585.5000000000 3170 1 
3171 0.0000003687 1586.0000000000 3171 1 
3172 0.0000003707 1586.5000000000 3172 1 
3173 0.0000003943 1587.0000000000 3173 1 
3174 0.0000003749 1587.5000000000 3174 1 
3175 0.0000003669 1588.0000000000 3175 1 
3176 0.0000003759 1588.5000000000 3176 1 
3177 0.0000003780 1589.0000000000 3177 1 
3178 0.0000003678 1589.5000000000 3178 1 
3179 0.0000013360 1590.0000000000 3179 1 
3180 0.0000005031 1590.5000000000 3180 1 
3181 0.0000004222 1591.0000000000 3181 1 
3182 0.0000003668 1591.5000000000 3182 1 
3183 0.0000003808 1592.0000000000 3183 1 
3184 0.0000003687 1592.5000000000 3184 1 
3185 0.0000003680 1593.0000000000 3185 1 
3186 0.0000003672 1593.5000000000 3186 1 
3187 0.0000003681 1594.0000000000 3187 1 
3188 0.0000003874 1594.5000000000 3188 1 
3189 0.0000003688 1595.0000000000 3189 1 
3190 0.0000003680 1595.5000000000 3190 1 
3191 0.0000003704 1596.0000000000 3191 1 
3192 0.0000003741 1596.5000000000 3192 1 
3193 0.0000003692 1597.0000000000 3193 1 
3194 0.0000003745 1597.5000000000 3194 1 
3195 0.0000003681 1598.0000000000 3195 1 
3196 0.0000003702 1598.5000000000 3196 1 
3197 0.0000003741 1599.0000000000 3197 1 
3198 0.0000003709 1599.5000000000 3198 1 
3199 0.0000003686 1600.0000000000 3199 1 
3200 0.0000003709 1600.5000000000 3200 1 
3201 0.0000003761 1601.0000000000 3201 1 
3202 0.0000003688 1601.5000000000 3202 1 
3203 0.0000003734 1602.0000000000 3203 1 
3204 0.0000003870 1602.5000000000 3204 1 
3205 0.0000003828 1603.0000000000 3205 1 
3206 0.0000003827 1603.5000000000 3206 1 
3207 0.0000004001 1604.0000000000 3207 1 
3208 0.0000003772 1604.5000000000 3208 1 
3209 0.0000003696 1605.0000000000 3209 1 
3210 0.0000003810 1605.5000000000 3210 1 
3211 0.0000003709 1606.0000000000 3211 1 
3212 0.0000004004 1606.5000000000 3212 1 
3213 0.0000004146 1607.0000000000 3213 1 
3214 0.0000003833 1607.5000000000 3214 1 
3215 0.0000004065 1608.0000000000 3215 1 
3216 0.0000003989 1608.5000000000 3216 1 
3217 0.0000003976 1609.0000000000 3217 1 
3218 0.0000005211 1609.5000000000 3218 1 
3219 0.0000004188 1610.0000000000 3219 1 
3220 0.0000004261 1610.5000000000 3220 1 
3221 0.0000003980 1611.0000000000 3221 1 
3222 0.0000004078 1611.5000000000 3222 1 
3223 0.0000004092 1612.0000000000 3223 1 
3224 0.0000003790 1612.5000000000 3224 1 
3225 0.0000004130 1613.0000000000 3225 1 
3226 0.0000004234 1613.5000000000 3226 1 
3227 0.0000004205 1614.0000000000 3227 1 
3228 0.0000004281 1614.5000000000 3228 1 
3229 0.0000004168 1615.0000000000 3229 1 
3230 0.0000004152 1615.5000000000 3230 1 
3231 0.0000003955 1616.0000000000 3231 1 
3232 0.0000004165 1616.5000000000 3232 1 
3233 0.0000004030 1617.0000000000 3233 1 
3234 0.0000004341 1617.5000000000 3234 1 
3235 0.0000003960 1618.0000000000 3235 1 
3236 0.0000003854 1618.5000000000 3236 1 
3237 0.0000004205 1619.0000000000 3237 1 
3238 0.0000003965 1619.5000000000 3238 1 
3239 0.0000004075 1620.0000000000 3239 1 
3240 0.0000004154 1620.5000000000 3240 1 
3241 0.0000004221 1621.0000000000 3241 1 
3242 0.0000004170 1621.5000000000 3242 1 
3243 0.0000003910 1622.0000000000 3243 1 
3244 0.0000004060 1622.5000000000 3244 1 
3245 0.0000003997 1623.0000000000 3245 1 
3246 0.0000004279 1623.5000000000 3246 1 
3247 0.0000004004 1624.0000000000 3247 1 
3248 0.0000004021 1624.5000000000 3248 1 
3249 0.0000003974 1625.0000000000 3249 1 
3250 0.0000004237 1625.5000000000 3250 1 
3251 0.0000004266 1626.0000000000 3251 1 
3252 0.0000003801 1626.5000000000 3252 1 
3253 0.0000004082 1627.0000000000 3253 1 
3254 0.0000003805 1627.5000000000 3254 1 
3255 0.0000003760 1628.0000000000 3255 1 
3256 0.0000003836 1628.5000000000 3256 1 
3257 0.0000003890 1629.0000000000 3257 1 
3258 0.0000003843 1629.5000000000 3258 1 
3259 0.0000003820 1630.0000000000 3259 1 
3260 0.0000003828 1630.5000000000 3260 1 
3261 0.0000003763 1631.0000000000 3261 1 
3262 0.0000003884 1631.5000000000 3262 1 
3263 0.0000003871 1632.0000000000 3263 1 
3264 0.0000003775 1632.5000000000 3264 1 
3265 0.0000003758 1633.0000000000 3265 1 
3266 0.0000003876 1633.5000000000 3266 1 
3267 0.0000003786 1634.0000000000 3267 1 
3268 0.0000003761 1634.5000000000 3268 1 
3269 0.0000003885 1635.0000000000 3269 1 
3270 0.0000003920 1635.5000000000 3270 1 
3271 0.0000003873 1636.0000000000 3271 1 
3272 0.0000003790 1636.5000000000 3272 1 
3273 0.0000003822 1637.0000000000 3273 1 
3274 0.0000003907 1637.5000000000 3274 1 
3275 0.0000003853 1638.0000000000 3275 1 
3276 0.0000003837 1638.5000000000 3276 1 
3277 0.0000003787 1639.0000000000 3277 1 
3278 0.0000003874 1639.5000000000 3278 1 
3279 0.0000003885 1640.0000000000 3279 1 
3280 0.0000003799 1640.5000000000 3280 1 
3281 0.0000003788 1641.0000000000 3281 1 
3282 0.0000003854 1641.5000000000 3282 1 
3283 0.0000003844 1642.0000000000 3283 1 
3284 0.0000003822 1642.5000000000 3284 1 
3285 0.0000003860 1643.0000000000 3285 1 
3286 0.0000003783 1643.5000000000 3286 1 
3287 0.0000003949 1644.0000000000 3287 1 
3288 0.0000003802 1644.5000000000 3288 1 
3289 0.0000003785 1645.0000000000 3289 1 
3290 0.0000003796 1645.5000000000 3290 1 
3291 0.0000003856 1646.0000000000 3291 1 
3292 0.0000003800 1646.5000000000 3292 1 
3293 0.0000003808 1647.0000000000 3293 1 
3294 0.0000003792 1647.5000000000 3294 1 
3295 0.0000003873 1648.0000000000 3295 1 
3296 0.0000003805 1648.5000000000 3296 1 
3297 0.0000003928 1649.0000000000 3297 1 
3298 0.0000003808 1649.5000000000 3298 1 
3299 0.0000003819 1650.0000000000 3299 1 
3300 0.0000003848 1650.5000000000 3300 1 
3301 0.0000003799 1651.0000000000 3301 1 
3302 0.0000003801 1651.5000000000 3302 1 
3303 0.0000003830 1652.0000000000 3303 1 
3304 0.0000003880 1652.5000000000 3304 1 
3305 0.0000003812 1653.0000000000 3305 1 
3306 0.0000003890 1653.5000000000 3306 1 
3307 0.0000003807 1654.0000000000 3307 1 
3308 0.0000003930 1654.5000000000 3308 1 
3309 0.0000003817 1655.0000000000 3309 1 
3310 0.0000003819 1655.5000000000 3310 1 
3311 0.0000003824 1656.0000000000 3311 1 
3312 0.0000003889 1656.5000000000 3312 1 
3313 0.0000003870 1657.0000000000 3313 1 
3314 0.0000003862 1657.5000000000 3314 1 
3315 0.0000003888 1658.0000000000 3315 1 
3316 0.0000003911 1658.5000000000 3316 1 
3317 0.0000003877 1659.0000000000 3317 1 
3318 0.0000003831 1659.5000000000 3318 1 
3319 0.0000003848 1660.0000000000 3319 1 
3320 0.0000003931 1660.5000000000 3320 1 
3321 0.0000003857 1661.0000000000 3321 1 
3322 0.0000003820 1661.5000000000 3322 1 
3323 0.0000003876 1662.0000000000 3323 1 
3324 0.0000003890 1662.5000000000 3324 1 
3325 0.0000003826 1663.0000000000 3325 1 
3326 0.0000003906 1663.5000000000 3326 1 
3327 0.0000003841 1664.0000000000 3327 1 
3328 0.0000003894 1664.5000000000 3328 1 
3329 0.0000003854 1665.0000000000 3329 1 
3330 0.0000003970 1665.5000000000 3330 1 
3331 0.0000003834 1666.0000000000 3331 1 
3332 0.0000003881 1666.5000000000 3332 1 
3333 0.0000003864 1667.0000000000 3333 1 
3334 0.0000003869 1667.5000000000 3334 1 
3335 0.0000003892 1668.0000000000 3335 1 
3336 0.0000003858 1668.5000000000 3336 1 
3337 0.0000003941 1669.0000000000 3337 1 
3338 0.0000003841 1669.5000000000 3338 1 
3339 0.0000003839 1670.0000000000 3339 1 
3340 0.0000003853 1670.5000000000 3340 1 
3341 0.0000003945 1671.0000000000 3341 1 
3342 0.0000003848 1671.5000000000 3342 1 
3343 0.0000003856 1672.0000000000 3343 1 
3344 0.0000003903 1672.5000000000 3344 1 
3345 0.0000003913 1673.0000000000 3345 1 
3346 0.0000003861 1673.5000000000 3346 1 
3347 0.0000003935 1674.0000000000 3347 1 
3348 0.0000003862 1674.5000000000 3348 1 
3349 0.0000003947 1675.0000000000 3349 1 
3350 0.0000003854 1675.5000000000 3350 1 
3351 0.0000003856 1676.0000000000 3351 1 
3352 0.0000003866 1676.5000000000 3352 1 
3353 0.0000003958 1677.0000000000 3353 1 
3354 0.0000003858 1677.5000000000 3354 1 
3355 0.0000003893 1678.0000000000 3355 1 
3356 0.0000003862 1678.5000000000 3356 1 
3357 0.0000003926 1679.0000000000 3357 1 
3358 0.0000003874 1679.5000000000 3358 1 
3359 0.0000003861 1680.0000000000 3359 1 
3360 0.0000003863 1680.5000000000 3360 1 
3361 0.0000004157 1681.0000000000 3361 1 
3362 0.0000003971 1681.5000000000 3362 1 
3363 0.0000003886 1682.0000000000 3363 1 
3364 0.0000003897 1682.5000000000 3364 1 
3365 0.0000003935 1683.0000000000 3365 1 
3366 0.0000003874 1683.5000000000 3366 1 
3367 0.0000003941 1684.0000000000 3367 1 
3368 0.0000003875 1684.5000000000 3368 1 
3369 0.0000003939 1685.0000000000 3369 1 
3370 0.0000003902 1685.5000000000 3370 1 
3371 0.0000003898 1686.0000000000 3371 1 
3372 0.0000003894 1686.5000000000 3372 1 
3373 0.0000003973 1687.0000000000 3373 1 
3374 0.0000003945 1687.5000000000 3374 1 
3375 0.0000003881 1688.0000000000 3375 1 
3376 0.0000003892 1688.5000000000 3376 1 
3377 0.0000003947 1689.0000000000 3377 1 
3378 0.0000003884 1689.5000000000 3378 1 
3379 0.0000003948 1690.0000000000 3379 1 
3380 0.0000003888 1690.5000000000 3380 1 
3381 0.0000004022 1691.0000000000 3381 1 
3382 0.0000003903 1691.5000000000 3382 1 
3383 0.0000003890 1692.0000000000 3383 1 
3384 0.0000003901 1692.5000000000 3384 1 
3385 0.0000004012 1693.0000000000 3385 1 
3386 0.0000003904 1693.5000000000 3386 1 
3387 0.0000003900 1694.0000000000 3387 1 
3388 0.0000003908 1694.5000000000 3388 1 
3389 0.0000003978 1695.0000000000 3389 1 
3390 0.0000003953 1695.5000000000 3390 1 
3391 0.0000003919 1696.0000000000 3391 1 
3392 0.0000003897 1696.5000000000 3392 1 
3393 0.0000003967 1697.0000000000 3393 1 
3394 0.0000003930 1697.5000000000 3394 1 
3395 0.0000003929 1698.0000000000 3395 1 
3396 0.0000003919 1698.5000000000 3396 1 
3397 0.0000003968 1699.0000000000 3397 1 
3398 0.0000003961 1699.5000000000 3398 1 
3399 0.0000003919 1700.0000000000 3399 1 
3400 0.0000003968 1700.5000000000 3400 1 
3401 0.0000003978 1701.0000000000 3401 1 
3402 0.0000003924 1701.5000000000 3402 1 
3403 0.0000003914 1702.0000000000 3403 1 
3404 0.0000004022 1702.5000000000 3404 1 
3405 0.0000003988 1703.0000000000 3405 1 
3406 0.0000003917 1703.5000000000 3406 1 
3407 0.0000004024 1704.0000000000 3407 1 
3408 0.0000004002 1704.5000000000 3408 1 
3409 0.0000003925 1705.0000000000 3409 1 
3410 0.0000003941 1705.5000000000 3410 1 
3411 0.0000003964 1706.0000000000 3411 1 
3412 0.0000003998 1706.5000000000 3412 1 
3413 0.0000003953 1707.0000000000 3413 1 
3414 0.0000003946 1707.5000000000 3414 1 
3415 0.0000003927 1708.0000000000 3415 1 
3416 0.0000004069 1708.5000000000 3416 1 
3417 0.0000003930 1709.0000000000 3417 1 
3418 0.0000003941 1709.5000000000 3418 1 
3419 0.0000003931 1710.0000000000 3419 1 
3420 0.0000003991 1710.5000000000 3420 1 
3421 0.0000003943 1711.0000000000 3421 1 
3422 0.0000003933 1711.5000000000 3422 1 
3423 0.0000003961 1712.0000000000 3423 1 
3424 0.0000004065 1712.5000000000 3424 1 
3425 0.0000003962 1713.0000000000 3425 1 
3426 0.0000003949 1713.5000000000 3426 1 
3427 0.0000003951 1714.0000000000 3427 1 
3428 0.0000004005 1714.5000000000 3428 1 
3429 0.0000003978 1715.0000000000 3429 1 
3430 0.0000003945 1715.5000000000 3430 1 
3431 0.0000003967 1716.0000000000 3431 1 
3432 0.0000004062 1716.5000000000 3432 1 
3433 0.0000003999 1717.0000000000 3433 1 
3434 0.0000004013 1717.5000000000 3434 1 
3435 0.0000004012 1718.0000000000 3435 1 
3436 0.0000003949 1718.5000000000 3436 1 
3437 0.0000003963 1719.0000000000 3437 1 
3438 0.0000003973 1719.5000000000 3438 1 
3439 0.0000004039 1720.0000000000 3439 1 
3440 0.0000003956 1720.5000000000 3440 1 
3441 0.0000003955 1721.0000000000 3441 1 
3442 0.0000003969 1721.5000000000 3442 1 
3443 0.0000004075 1722.0000000000 3443 1 
3444 0.0000003969 1722.5000000000 3444 1 
3445 0.0000003980 1723.0000000000 3445 1 
3446 0.0000003970 1723.5000000000 3446 1 
3447 0.0000004035 1724.0000000000 3447 1 
3448 0.0000004020 1724.5000000000 3448 1 
3449 0.0000003963 1725.0000000000 3449 1 
3450 0.0000003977 1725.5000000000 3450 1 
3451 0.0000004083 1726.0000000000 3451 1 
3452 0.0000004001 1726.5000000000 3452 1 
3453 0.0000003997 1727.0000000000 3453 1 
3454 0.0000003972 1727.5000000000 3454 1 
3455 0.0000004043 1728.0000000000 3455 1 
3456 0.0000003973 1728.5000000000 3456 1 
3457 0.0000003986 1729.0000000000 3457 1 
3458 0.0000004057 1729.5000000000 3458 1 
3459 0.0000003981 1730.0000000000 3459 1 
3460 0.0000004049 1730.5000000000 3460 1 
3461 0.0000003979 1731.0000000000 3461 1 
3462 0.0000004105 1731.5000000000 3462 1 
3463 0.0000003982 1732.0000000000 3463 1 
3464 0.0000003992 1732.5000000000 3464 1 
3465 0.0000003983 1733.0000000000 3465 1 
3466 0.0000004108 1733.5000000000 3466 1 
3467 0.0000003995 1734.0000000000 3467 1 
3468 0.0000004040 1734.5000000000 3468 1 
3469 0.0000003998 1735.0000000000 3469 1 
3470 0.0000004049 1735.5000000000 3470 1 
3471 0.0000003987 1736.0000000000 3471 1 
3472 0.0000004001 1736.5000000000 3472 1 
3473 0.0000003999 1737.0000000000 3473 1 
3474 0.0000004105 1737.5000000000 3474 1 
3475 0.0000003991 1738.0000000000 3475 1 
3476 0.0000003996 1738.5000000000 3476 1 
3477 0.0000004245 1739.0000000000 3477 1 
3478 0.0000004005 1739.5000000000 3478 1 
3479 0.0000004047 1740.0000000000 3479 1 
3480 0.0000004009 1740.5000000000 3480 1 
3481 0.0000004125 1741.0000000000 3481 1 
3482 0.0000004035 1741.5000000000 3482 1 
3483 0.0000004025 1742.0000000000 3483 1 
3484 0.0000004030 1742.5000000000 3484 1 
3485 0.0000004118 1743.0000000000 3485 1 
3486 0.0000004028 1743.5000000000 3486 1 
3487 0.0000004006 1744.0000000000 3487 1 
3488 0.0000004042 1744.5000000000 3488 1 
3489 0.0000004058 1745.0000000000 3489 1 
3490 0.0000004020 1745.5000000000 3490 1 
3491 0.0000004033 1746.0000000000 3491 1 
3492 0.0000004075 1746.5000000000 3492 1 
3493 0.0000004082 1747.0000000000 3493 1 
3494 0.0000004015 1747.5000000000 3494 1 
3495 0.0000004040 1748.0000000000 3495 1 
3496 0.0000004070 1748.5000000000 3496 1 
3497 0.0000004018 1749.0000000000 3497 1 
3498 0.0000004031 1749.5000000000 3498 1 
3499 0.0000004021 1750.0000000000 3499 1 
3500 0.0000004160 1750.5000000000 3500 1 
3501 0.0000004022 1751.0000000000 3501 1 
3502 0.0000004049 1751.5000000000 3502 1 
3503 0.0000004139 1752.0000000000 3503 1 
3504 0.0000004038 1752.5000000000 3504 1 
3505 0.0000004026 1753.0000000000 3505 1 
3506 0.0000004027 1753.5000000000 3506 1 
3507 0.0000004103 1754.0000000000 3507 1 
3508 0.0000004036 1754.5000000000 3508 1 
3509 0.0000004058 1755.0000000000 3509 1 
3510 0.0000004034 1755.5000000000 3510 1 
3511 0.0000004158 1756.0000000000 3511 1 
3512 0.0000004035 1756.5000000000 3512 1 
3513 0.0000004048 1757.0000000000 3513 1 
3514 0.0000004047 1757.5000000000 3514 1 
3515 0.0000004094 1758.0000000000 3515 1 
3516 0.0000004050 1758.5000000000 3516 1 
3517 0.0000004040 1759.0000000000 3517 1 
3518 0.0000004113 1759.5000000000 3518 1 
3519 0.0000004095 1760.0000000000 3519 1 
3520 0.0000004054 1760.5000000000 3520 1 
3521 0.0000004044 1761.0000000000 3521 1 
3522 0.0000004182 1761.5000000000 3522 1 
3523 0.0000004045 1762.0000000000 3523 1 
3524 0.0000004047 1762.5000000000 3524 1 
3525 0.0000004071 1763.0000000000 3525 1 
3526 0.0000004141 1763.5000000000 3526 1 
3527 0.0000004111 1764.0000000000 3527 1 
3528 0.0000004053 1764.5000000000 3528 1 
3529 0.0000004129 1765.0000000000 3529 1 
3530 0.0000004054 1765.5000000000 3530 1 
3531 0.0000004089 1766.0000000000 3531 1 
3532 0.0000004057 1766.5000000000 3532 1 
3533 0.0000004132 1767.0000000000 3533 1 
3534 0.0000004061 1767.5000000000 3534 1 
3535 0.0000004093 1768.0000000000 3535 1 
3536 0.0000004169 1768.5000000000 3536 1 
3537 0.0000004097 1769.0000000000 3537 1 
3538 0.0000004087 1769.5000000000 3538 1 
3539 0.0000004066 1770.0000000000 3539 1 
3540 0.0000004138 1770.5000000000 3540 1 
3541 0.0000004067 1771.0000000000 3541 1 
3542 0.0000004108 1771.5000000000 3542 1 
3543 0.0000004110 1772.0000000000 3543 1 
3544 0.0000004224 1772.5000000000 3544 1 
3545 0.0000004090 1773.0000000000 3545 1 
3546 0.0000004185 1773.5000000000 3546 1 
3547 0.0000004175 1774.0000000000 3547 1 
3548 0.0000004084 1774.5000000000 3548 1 
3549 0.0000004077 1775.0000000000 3549 1 
3550 0.0000004107 1775.5000000000 3550 1 
3551 0.0000004233 1776.0000000000 3551 1 
3552 0.0000004192 1776.5000000000 3552 1 
3553 0.0000004092 1777.0000000000 3553 1 
3554 0.0000004170 1777.5000000000 3554 1 
3555 0.0000004098 1778.0000000000 3555 1 
3556 0.0000004139 1778.5000000000 3556 1 
3557 0.0000004096 1779.0000000000 3557 1 
3558 0.0000004165 1779.5000000000 3558 1 
3559 0.0000004122 1780.0000000000 3559 1 
3560 0.0000004124 1780.5000000000 3560 1 
3561 0.0000004142 1781.0000000000 3561 1 
3562 0.0000004163 1781.5000000000 3562 1 
3563 0.0000004112 1782.0000000000 3563 1 
3564 0.0000004122 1782.5000000000 3564 1 
3565 0.0000004213 1783.0000000000 3565 1 
3566 0.0000004119 1783.5000000000 3566 1 
3567 0.0000004107 1784.0000000000 3567 1 
3568 0.0000004106 1784.5000000000 3568 1 
3569 0.0000004211 1785.0000000000 3569 1 
3570 0.0000004129 1785.5000000000 3570 1 
3571 0.0000004102 1786.0000000000 3571 1 
3572 0.0000004174 1786.5000000000 3572 1 
3573 0.0000004123 1787.0000000000 3573 1 
3574 0.0000004105 1787.5000000000 3574 1 
3575 0.0000004106 1788.0000000000 3575 1 
3576 0.0000004228 1788.5000000000 3576 1 
3577 0.0000004157 1789.0000000000 3577 1 
3578 0.0000004106 1789.5000000000 3578 1 
3579 0.0000004186 1790.0000000000 3579 1 
3580 0.0000004126 1790.5000000000 3580 1 
3581 0.0000004111 1791.0000000000 3581 1 
3582 0.0000004112 1791.5000000000 3582 1 
3583 0.0000004217 1792.0000000000 3583 1 
3584 0.0000004127 1792.5000000000 3584 1 
3585 0.0000004167 1793.0000000000 3585 1 
3586 0.0000004136 1793.5000000000 3586 1 
3587 0.0000004179 1794.0000000000 3587 1 
3588 0.0000004153 1794.5000000000 3588 1 
3589 0.0000004121 1795.0000000000 3589 1 
3590 0.0000004407 1795.5000000000 3590 1 
3591 0.0000004169 1796.0000000000 3591 1 
3592 0.0000004254 1796.5000000000 3592 1 
3593 0.0000004147 1797.0000000000 3593 1 
3594 0.0000004188 1797.5000000000 3594 1 
3595 0.0000004139 1798.0000000000 3595 1 
3596 0.0000004166 1798.5000000000 3596 1 
3597 0.0000004195 1799.0000000000 3597 1 
3598 0.0000004147 1799.5000000000 3598 1 
3599 0.0000004132 1800.0000000000 3599 1 
3600 0.0000004200 1800.5000000000 3600 1 
3601 0.0000004215 1801.0000000000 3601 1 
3602 0.0000004145 1801.5000000000 3602 1 
3603 0.0000004141 1802.0000000000 3603 1 
3604 0.0000004201 1802.5000000000 3604 1 
3605 0.0000004139 1803.0000000000 3605 1 
3606 0.0000004149 1803.5000000000 3606 1 
3607 0.0000004142 1804.0000000000 3607 1 
3608 0.0000004296 1804.5000000000 3608 1 
3609 0.0000004159 1805.0000000000 3609 1 
3610 0.0000004166 1805.5000000000 3610 1 
3611 0.0000004209 1806.0000000000 3611 1 
3612 0.0000004161 1806.5000000000 3612 1 
3613 0.0000004168 1807.0000000000 3613 1 
3614 0.0000004148 1807.5000000000 3614 1 
3615 0.0000004219 1808.0000000000 3615 1 
3616 0.0000004165 1808.5000000000 3616 1 
3617 0.0000004211 1809.0000000000 3617 1 
3618 0.0000004212 1809.5000000000 3618 1 
3619 0.0000004164 1810.0000000000 3619 1 
3620 0.0000004155 1810.5000000000 3620 1 
3621 0.0000004173 1811.0000000000 3621 1 
3622 0.0000004235 1811.5000000000 3622 1 
3623 0.0000004168 1812.0000000000 3623 1 
3624 0.0000004178 1812.5000000000 3624 1 
3625 0.0000004273 1813.0000000000 3625 1 
3626 0.0000004189 1813.5000000000 3626 1 
3627 0.0000004183 1814.0000000000 3627 1 
3628 0.0000004209 1814.5000000000 3628 1 
3629 0.0000004186 1815.0000000000 3629 1 
3630 0.0000004179 1815.5000000000 3630 1 
3631 0.0000004167 1816.0000000000 3631 1 
3632 0.0000004312 1816.5000000000 3632 1 
3633 0.0000004170 1817.0000000000 3633 1 
3634 0.0000004191 1817.5000000000 3634 1 
3635 0.0000004278 1818.0000000000 3635 1 
3636 0.0000004172 1818.5000000000 3636 1 
3637 0.0000004185 1819.0000000000 3637 1 
3638 0.0000004175 1819.5000000000 3638 1 
3639 0.0000004287 1820.0000000000 3639 1 
3640 0.0000004228 1820.5000000000 3640 1 
3641 0.0000004188 1821.0000000000 3641 1 
3642 0.0000004259 1821.5000000000 3642 1 
3643 0.0000004192 1822.0000000000 3643 1 
3644 0.0000004182 1822.5000000000 3644 1 
3645 0.0000004192 1823.0000000000 3645 1 
3646 0.0000004301 1823.5000000000 3646 1 
3647 0.0000004184 1824.0000000000 3647 1 
3648 0.0000004252 1824.5000000000 3648 1 
3649 0.0000004286 1825.0000000000 3649 1 
3650 0.0000004208 1825.5000000000 3650 1 
3651 0.0000004191 1826.0000000000 3651 1 
3652 0.0000004217 1826.5000000000 3652 1 
3653 0.0000004314 1827.0000000000 3653 1 
3654 0.0000004228 1827.5000000000 3654 1 
3655 0.0000004244 1828.0000000000 3655 1 
3656 0.0000004338 1828.5000000000 3656 1 
3657 0.0000004252 1829.0000000000 3657 1 
3658 0.0000004218 1829.5000000000 3658 1 
3659 0.0000004280 1830.0000000000 3659 1 
3660 0.0000004238 1830.5000000000 3660 1 
3661 0.0000004231 1831.0000000000 3661 1 
3662 0.0000004255 1831.5000000000 3662 1 
3663 0.0000004275 1832.0000000000 3663 1 
3664 0.0000004299 1832.5000000000 3664 1 
3665 0.0000004254 1833.0000000000 3665 1 
3666 0.0000004304 1833.5000000000 3666 1 
3667 0.0000004254 1834.0000000000 3667 1 
3668 0.0000004207 1834.5000000000 3668 1 
3669 0.0000004279 1835.0000000000 3669 1 
3670 0.0000004218 1835.5000000000 3670 1 
3671 0.0000004271 1836.0000000000 3671 1 
3672 0.0000004213 1836.5000000000 3672 1 
3673 0.0000004283 1837.0000000000 3673 1 
3674 0.0000004276 1837.5000000000 3674 1 
3675 0.0000004215 1838.0000000000 3675 1 
3676 0.0000004290 1838.5000000000 3676 1 
3677 0.0000004218 1839.0000000000 3677 1 
3678 0.0000004241 1839.5000000000 3678 1 
3679 0.0000004289 1840.0000000000 3679 1 
3680 0.0000004291 1840.5000000000 3680 1 
3681 0.0000004233 1841.0000000000 3681 1 
3682 0.0000004223 1841.5000000000 3682 1 
3683 0.0000004295 1842.0000000000 3683 1 
3684 0.0000004226 1842.5000000000 3684 1 
3685 0.0000004239 1843.0000000000 3685 1 
3686 0.0000004346 1843.5000000000 3686 1 
3687 0.0000004228 1844.0000000000 3687 1 
3688 0.0000004241 1844.5000000000 3688 1 
3689 0.0000004231 1845.0000000000 3689 1 
3690 0.0000004344 1845.5000000000 3690 1 
3691 0.0000004245 1846.0000000000 3691 1 
3692 0.0000004233 1846.5000000000 3692 1 
3693 0.0000004362 1847.0000000000 3693 1 
3694 0.0000004321 1847.5000000000 3694 1 
3695 0.0000004271 1848.0000000000 3695 1 
3696 0.0000004402 1848.5000000000 3696 1 
3697 0.0000004279 1849.0000000000 3697 1 
3698 0.0000004467 1849.5000000000 3698 1 
3699 0.0000004296 1850.0000000000 3699 1 
3700 0.0000004389 1850.5000000000 3700 1 
3701 0.0000004347 1851.0000000000 3701 1 
3702 0.0000004257 1851.5000000000 3702 1 
3703 0.0000004383 1852.0000000000 3703 1 
3704 0.0000004260 1852.5000000000 3704 1 
3705 0.0000004254 1853.0000000000 3705 1 
3706 0.0000004315 1853.5000000000 3706 1 
3707 0.0000004254 1854.0000000000 3707 1 
3708 0.0000004272 1854.5000000000 3708 1 
3709 0.0000004279 1855.0000000000 3709 1 
3710 0.0000004329 1855.5000000000 3710 1 
3711 0.0000004295 1856.0000000000 3711 1 
3712 0.0000004256 1856.5000000000 3712 1 
3713 0.0000004320 1857.0000000000 3713 1 
3714 0.0000004270 1857.5000000000 3714 1 
3715 0.0000004285 1858.0000000000 3715 1 
3716 0.0000004327 1858.5000000000 3716 1 
3717 0.0000004326 1859.0000000000 3717 1 
3718 0.0000004266 1859.5000000000 3718 1 
3719 0.0000004378 1860.0000000000 3719 1 
3720 0.0000004266 1860.5000000000 3720 1 
3721 0.0000004305 1861.0000000000 3721 1 
3722 0.0000004280 1861.5000000000 3722 1 
3723 0.0000004330 1862.0000000000 3723 1 
3724 0.0000004364 1862.5000000000 3724 1 
3725 0.0000004287 1863.0000000000 3725 1 
3726 0.0000004332 1863.5000000000 3726 1 
3727 0.0000004282 1864.0000000000 3727 1 
3728 0.0000004276 1864.5000000000 3728 1 
3729 0.0000004385 1865.0000000000 3729 1 
3730 0.0000004292 1865.5000000000 3730 1 
3731 0.0000004278 1866.0000000000 3731 1 
3732 0.0000004349 1866.5000000000 3732 1 
3733 0.0000004334 1867.0000000000 3733 1 
3734 0.0000004290 1867.5000000000 3734 1 
3735 0.0000004313 1868.0000000000 3735 1 
3736 0.0000004414 1868.5000000000 3736 1 
3737 0.0000004295 1869.0000000000 3737 1 
3738 0.0000004296 1869.5000000000 3738 1 
3739 0.0000004402 1870.0000000000 3739 1 
3740 0.0000004299 1870.5000000000 3740 1 
3741 0.0000004357 1871.0000000000 3741 1 
3742 0.0000004412 1871.5000000000 3742 1 
3743 0.0000004301 1872.0000000000 3743 1 
3744 0.0000004303 1872.5000000000 3744 1 
3745 0.0000004299 1873.0000000000 3745 1 
3746 0.0000004445 1873.5000000000 3746 1 
3747 0.0000004297 1874.0000000000 3747 1 
3748 0.0000004317 1874.5000000000 3748 1 
3749 0.0000004366 1875.0000000000 3749 1 
3750 0.0000004301 1875.5000000000 3750 1 
3751 0.0000004314 1876.0000000000 3751 1 
3752 0.0000004366 1876.5000000000 3752 1 
3753 0.0000004351 1877.0000000000 3753 1 
3754 0.0000004337 1877.5000000000 3754 1 
3755 0.0000004389 1878.0000000000 3755 1 
3756 0.0000004308 1878.5000000000 3756 1 
3757 0.0000004317 1879.0000000000 3757 1 
3758 0.0000004375 1879.5000000000 3758 1 
3759 0.0000004358 1880.0000000000 3759 1 
3760 0.0000004343 1880.5000000000 3760 1 
3761 0.0000004323 1881.0000000000 3761 1 
3762 0.0000004407 1881.5000000000 3762 1 
3763 0.0000004326 1882.0000000000 3763 1 
3764 0.0000004325 1882.5000000000 3764 1 
3765 0.0000004375 1883.0000000000 3765 1 
3766 0.0000004349 1883.5000000000 3766 1 
3767 0.0000004319 1884.0000000000 3767 1 
3768 0.0000004416 1884.5000000000 3768 1 
3769 0.0000004378 1885.0000000000 3769 1 
3770 0.0000004324 1885.5000000000 3770 1 
3771 0.0000004375 1886.0000000000 3771 1 
3772 0.0000004356 1886.5000000000 3772 1 
3773 0.0000004325 1887.0000000000 3773 1 
3774 0.0000004338 1887.5000000000 3774 1 
3775 0.0000004419 1888.0000000000 3775 1 
3776 0.0000004378 1888.5000000000 3776 1 
3777 0.0000004331 1889.0000000000 3777 1 
3778 0.0000004410 1889.5000000000 3778 1 
3779 0.0000004332 1890.0000000000 3779 1 
3780 0.0000004336 1890.5000000000 3780 1 
3781 0.0000004401 1891.0000000000 3781 1 
3782 0.0000004336 1891.5000000000 3782 1 
3783 0.0000004396 1892.0000000000 3783 1 
3784 0.0000004403 1892.5000000000 3784 1 
3785 0.0000004354 1893.0000000000 3785 1 
3786 0.0000004340 1893.5000000000 3786 1 
3787 0.0000004407 1894.0000000000 3787 1 
3788 0.0000004351 1894.5000000000 3788 1 
3789 0.0000004344 1895.0000000000 3789 1 
3790 0.0000004420 1895.5000000000 3790 1 
3791 0.0000004408 1896.0000000000 3791 1 
3792 0.0000004367 1896.5000000000 3792 1 
3793 0.0000004358 1897.0000000000 3793 1 
3794 0.0000004462 1897.5000000000 3794 1 
3795 0.0000004374 1898.0000000000 3795 1 
3796 0.0000004376 1898.5000000000 3796 1 
3797 0.0000004506 1899.0000000000 3797 1 
3798 0.0000004355 1899.5000000000 3798 1 
3799 0.0000004364 1900.0000000000 3799 1 
3800 0.0000004424 1900.5000000000 3800 1 
3801 0.0000004357 1901.0000000000 3801 1 
3802 0.0000004382 1901.5000000000 3802 1 
3803 0.0000004436 1902.0000000000 3803 1 
3804 0.0000004419 1902.5000000000 3804 1 
3805 0.0000004363 1903.0000000000 3805 1 
3806 0.0000004477 1903.5000000000 3806 1 
3807 0.0000004431 1904.0000000000 3807 1 
3808 0.0000004370 1904.5000000000 3808 1 
3809 0.0000004413 1905.0000000000 3809 1 
3810 0.0000004388 1905.5000000000 3810 1 
3811 0.0000004369 1906.0000000000 3811 1 
3812 0.0000004425 1906.5000000000 3812 1 
3813 0.0000004477 1907.0000000000 3813 1 
3814 0.0000004386 1907.5000000000 3814 1 
3815 0.0000004398 1908.0000000000 3815 1 
3816 0.0000004437 1908.5000000000 3816 1 
3817 0.0000004391 1909.0000000000 3817 1 
3818 0.0000004387 1909.5000000000 3818 1 
3819 0.0000004533 1910.0000000000 3819 1 
3820 0.0000004403 1910.5000000000 3820 1 
3821 0.0000004381 1911.0000000000 3821 1 
3822 0.0000004445 1911.5000000000 3822 1 
3823 0.0000004397 1912.0000000000 3823 1 
3824 0.0000004399 1912.5000000000 3824 1 
3825 0.0000004439 1913.0000000000 3825 1 
3826 0.0000004456 1913.5000000000 3826 1 
3827 0.0000004398 1914.0000000000 3827 1 
3828 0.0000004444 1914.5000000000 3828 1 
3829 0.0000004408 1915.0000000000 3829 1 
3830 0.0000004399 1915.5000000000 3830 1 
3831 0.0000004461 1916.0000000000 3831 1 
3832 0.0000004392 1916.5000000000 3832 1 
3833 0.0000004448 1917.0000000000 3833 1 
3834 0.0000004484 1917.5000000000 3834 1 
3835 0.0000004394 1918.0000000000 3835 1 
3836 0.0000004416 1918.5000000000 3836 1 
3837 0.0000004433 1919.0000000000 3837 1 
3838 0.0000004455 1919.5000000000 3838 1 
3839 0.0000004407 1920.0000000000 3839 1 
3840 0.0000004464 1920.5000000000 3840 1 
3841 0.0000004470 1921.0000000000 3841 1 
3842 0.0000004404 1921.5000000000 3842 1 
3843 0.0000004556 1922.0000000000 3843 1 
3844 0.0000004519 1922.5000000000 3844 1 
3845 0.0000004416 1923.0000000000 3845 1 
3846 0.0000004407 1923.5000000000 3846 1 
3847 0.0000004570 1924.0000000000 3847 1 
3848 0.0000004420 1924.5000000000 3848 1 
3849 0.0000004435 1925.0000000000 3849 1 
3850 0.0000004486 1925.5000000000 3850 1 
3851 0.0000004433 1926.0000000000 3851 1 
3852 0.0000004444 1926.5000000000 3852 1 
3853 0.0000004542 1927.0000000000 3853 1 
3854 0.0000004476 1927.5000000000 3854 1 
3855 0.0000004436 1928.0000000000 3855 1 
3856 0.0000004515 1928.5000000000 3856 1 
3857 0.0000004439 1929.0000000000 3857 1 
3858 0.0000004508 1929.5000000000 3858 1 
3859 0.0000004488 1930.0000000000 3859 1 
3860 0.0000004453 1930.5000000000 3860 1 
3861 0.0000004434 1931.0000000000 3861 1 
3862 0.0000004552 1931.5000000000 3862 1 
3863 0.0000004437 1932.0000000000 3863 1 
3864 0.0000004438 1932.5000000000 3864 1 
3865 0.0000004489 1933.0000000000 3865 1 
3866 0.0000004446 1933.5000000000 3866 1 
3867 0.0000004440 1934.0000000000 3867 1 
3868 0.0000004548 1934.5000000000 3868 1 
3869 0.0000004453 1935.0000000000 3869 1 
3870 0.0000004434 1935.5000000000 3870 1 
3871 0.0000004500 1936.0000000000 3871 1 
3872 0.0000004481 1936.5000000000 3872 1 
3873 0.0000004456 1937.0000000000 3873 1 
3874 0.0000004494 1937.5000000000 3874 1 
3875 0.0000004498 1938.0000000000 3875 1 
3876 0.0000004474 1938.5000000000 3876 1 
3877 0.0000004542 1939.0000000000 3877 1 
3878 0.0000004471 1939.5000000000 3878 1 
3879 0.0000004501 1940.0000000000 3879 1 
3880 0.0000004601 1940.5000000000 3880 1 
3881 0.0000004465 1941.0000000000 3881 1 
3882 0.0000004508 1941.5000000000 3882 1 
3883 0.0000004543 1942.0000000000 3883 1 
3884 0.0000004495 1942.5000000000 3884 1 
3885 0.0000004476 1943.0000000000 3885 1 
3886 0.0000004514 1943.5000000000 3886 1 
3887 0.0000004497 1944.0000000000 3887 1 
3888 0.0000004545 1944.5000000000 3888 1 
3889 0.0000004587 1945.0000000000 3889 1 
3890 0.0000004519 1945.5000000000 3890 1 
3891 0.0000004477 1946.0000000000 3891 1 
3892 0.0000004561 1946.5000000000 3892 1 
3893 0.0000004470 1947.0000000000 3893 1 
3894 0.0000004484 1947.5000000000 3894 1 
3895 0.0000004616 1948.0000000000 3895 1 
3896 0.0000004464 1948.5000000000 3896 1 
3897 0.0000004475 1949.0000000000 3897 1 
3898 0.0000004531 1949.5000000000 3898 1 
3899 0.0000004476 1950.0000000000 3899 1 
3900 0.0000004482 1950.5000000000 3900 1 
3901 0.0000004540 1951.0000000000 3901 1 
3902 0.0000004534 1951.5000000000 3902 1 
3903 0.0000004481 1952.0000000000 3903 1 
3904 0.0000004547 1952.5000000000 3904 1 
3905 0.0000004474 1953.0000000000 3905 1 
3906 0.0000004491 1953.5000000000 3906 1 
3907 0.0000004548 1954.0000000000 3907 1 
3908 0.0000004486 1954.5000000000 3908 1 
3909 0.0000004497 1955.0000000000 3909 1 
3910 0.0000004588 1955.5000000000 3910 1 
3911 0.0000004498 1956.0000000000 3911 1 
3912 0.0000004491 1956.5000000000 3912 1 
3913 0.0000004546 1957.0000000000 3913 1 
3914 0.0000004484 1957.5000000000 3914 1 
3915 0.0000004529 1958.0000000000 3915 1 
3916 0.0000004635 1958.5000000000 3916 1 
3917 0.0000004503 1959.0000000000 3917 1 
3918 0.0000004490 1959.5000000000 3918 1 
3919 0.0000004539 1960.0000000000 3919 1 
3920 0.0000004556 1960.5000000000 3920 1 
3921 0.0000004568 1961.0000000000 3921 1 
3922 0.0000004561 1961.5000000000 3922 1 
3923 0.0000004560 1962.0000000000 3923 1 
3924 0.0000004495 1962.5000000000 3924 1 
3925 0.0000004561 1963.0000000000 3925 1 
3926 0.0000004549 1963.5000000000 3926 1 
3927 0.0000004558 1964.0000000000 3927 1 
3928 0.0000004582 1964.5000000000 3928 1 
3929 0.0000004607 1965.0000000000 3929 1 
3930 0.0000004552 1965.5000000000 3930 1 
3931 0.0000004566 1966.0000000000 3931 1 
3932 0.0000004522 1966.5000000000 3932 1 
3933 0.0000004531 1967.0000000000 3933 1 
3934 0.0000004570 1967.5000000000 3934 1 
3935 0.0000004516 1968.0000000000 3935 1 
3936 0.0000004596 1968.5000000000 3936 1 
3937 0.0000004575 1969.0000000000 3937 1 
3938 0.0000004634 1969.5000000000 3938 1 
3939 0.0000004534 1970.0000000000 3939 1 
3940 0.0000004607 1970.5000000000 3940 1 
3941 0.0000004532 1971.0000000000 3941 1 
3942 0.0000004523 1971.5000000000 3942 1 
3943 0.0000004666 1972.0000000000 3943 1 
3944 0.0000004531 1972.5000000000 3944 1 
3945 0.0000004522 1973.0000000000 3945 1 
3946 0.0000004625 1973.5000000000 3946 1 
3947 0.0000004662 1974.0000000000 3947 1 
3948 0.0000004592 1974.5000000000 3948 1 
3949 0.0000004642 1975.0000000000 3949 1 
3950 0.0000004547 1975.5000000000 3950 1 
3951 0.0000004525 1976.0000000000 3951 1 
3952 0.0000004628 1976.5000000000 3952 1 
3953 0.0000004536 1977.0000000000 3953 1 
3954 0.0000004547 1977.5000000000 3954 1 
3955 0.0000004609 1978.0000000000 3955 1 
3956 0.0000004717 1978.5000000000 3956 1 
3957 0.0000004703 1979.0000000000 3957 1 
3958 0.0000004533 1979.5000000000 3958 1 
3959 0.0000004542 1980.0000000000 3959 1 
3960 0.0000004616 1980.5000000000 3960 1 
3961 0.0000004557 1981.0000000000 3961 1 
3962 0.0000004548 1981.5000000000 3962 1 
3963 0.0000004638 1982.0000000000 3963 1 
3964 0.0000004584 1982.5000000000 3964 1 
3965 0.0000004643 1983.0000000000 3965 1 
3966 0.0000004642 1983.5000000000 3966 1 
3967 0.0000004558 1984.0000000000 3967 1 
3968 0.0000004559 1984.5000000000 3968 1 
3969 0.0000004654 1985.0000000000 3969 1 
3970 0.0000004547 1985.5000000000 3970 1 
3971 0.0000004556 1986.0000000000 3971 1 
3972 0.0000004617 1986.5000000000 3972 1 
3973 0.0000004588 1987.0000000000 3973 1 
3974 0.0000004701 1987.5000000000 3974 1 
3975 0.0000004654 1988.0000000000 3975 1 
3976 0.0000004608 1988.5000000000 3976 1 
3977 0.0000004559 1989.0000000000 3977 1 
3978 0.0000004635 1989.5000000000 3978 1 
3979 0.0000004566 1990.0000000000 3979 1 
3980 0.0000004575 1990.5000000000 3980 1 
3981 0.0000004635 1991.0000000000 3981 1 
3982 0.0000004621 1991.5000000000 3982 1 
3983 0.0000004610 1992.0000000000 3983 1 
3984 0.0000004571 1992.5000000000 3984 1 
3985 0.0000004572 1993.0000000000 3985 1 
3986 0.0000004666 1993.5000000000 3986 1 
3987 0.0000004575 1994.0000000000 3987 1 
3988 0.0000004581 1994.5000000000 3988 1 
3989 0.0000004715 1995.0000000000 3989 1 
3990 0.0000004566 1995.5000000000 3990 1 
3991 0.0000004608 1996.0000000000 3991 1 
3992 0.0000004679 1996.5000000000 3992 1 
3993 0.0000004703 1997.0000000000 3993 1 
3994 0.0000004582 1997.5000000000 3994 1 
3995 0.0000004686 1998.0000000000 3995 1 
3996 0.0000004585 1998.5000000000 3996 1 
3997 0.0000004586 1999.0000000000 3997 1 
3998 0.0000004645 1999.5000000000 3998 1 
3999 0.0000004601 2000.0000000000 3999 1 
4000 0.0000004620 2000.5000000000 4000 1 
4001 0.0000004779 2001.0000000000 4001 1 
4002 0.0000004643 2001.5000000000 4002 1 
4003 0.0000004647 2002.0000000000 4003 1 
4004 0.0000004605 2002.5000000000 4004 1 
4005 0.0000004602 2003.0000000000 4005 1 
4006 0.0000004690 2003.5000000000 4006 1 
4007 0.0000004714 2004.0000000000 4007 1 
4008 0.0000004646 2004.5000000000 4008 1 
4009 0.0000004709 2005.0000000000 4009 1 
4010 0.0000004601 2005.5000000000 4010 1 
4011 0.0000004610 2006.0000000000 4011 1 
4012 0.0000004688 2006.5000000000 4012 1 
4013 0.0000004610 2007.0000000000 4013 1 
4014 0.0000004601 2007.5000000000 4014 1 
4015 0.0000004702 2008.0000000000 4015 1 
4016 0.0000004617 2008.5000000000 4016 1 
4017 0.0000004658 2009.0000000000 4017 1 
4018 0.0000004684 2009.5000000000 4018 1 
4019 0.0000004718 2010.0000000000 4019 1 
4020 0.0000004714 2010.5000000000 4020 1 
4021 0.0000004658 2011.0000000000 4021 1 
4022 0.0000004622 2011.5000000000 4022 1 
4023 0.0000004668 2012.0000000000 4023 1 
4024 0.0000004605 2012.5000000000 4024 1 
4025 0.0000004631 2013.0000000000 4025 1 
4026 0.0000004697 2013.5000000000 4026 1 
4027 0.0000004713 2014.0000000000 4027 1 
4028 0.0000004675 2014.5000000000 4028 1 
4029 0.0000004676 2015.0000000000 4029 1 
4030 0.0000004630 2015.5000000000 4030 1 
4031 0.0000004629 2016.0000000000 4031 1 
4032 0.0000004725 2016.5000000000 4032 1 
4033 0.0000004627 2017.0000000000 4033 1 
4034 0.0000004784 2017.5000000000 4034 1 
4035 0.0000004664 2018.0000000000 4035 1 
4036 0.0000004730 2018.5000000000 4036 1 
4037 0.0000004706 2019.0000000000 4037 1 
4038 0.0000004631 2019.5000000000 4038 1 
4039 0.0000004647 2020.0000000000 4039 1 
4040 0.0000004730 2020.5000000000 4040 1 
4041 0.0000004642 2021.0000000000 4041 1 
4042 0.0000004693 2021.5000000000 4042 1 
4043 0.0000004690 2022.0000000000 4043 1 
4044 0.0000004664 2022.5000000000 4044 1 
4045 0.0000004717 2023.0000000000 4045 1 
4046 0.0000004736 2023.5000000000 4046 1 
4047 0.0000004648 2024.0000000000 4047 1 
4048 0.0000004704 2024.5000000000 4048 1 
4049 0.0000004643 2025.0000000000 4049 1 
4050 0.0000004644 2025.5000000000 4050 1 
4051 0.0000004727 2026.0000000000 4051 1 
4052 0.0000004662 2026.5000000000 4052 1 
4053 0.0000004722 2027.0000000000 4053 1 
4054 0.0000004803 2027.5000000000 4054 1 
4055 0.0000004649 2028.0000000000 4055 1 
4056 0.0000004707 2028.5000000000 4056 1 
4057 0.0000004701 2029.0000000000 4057 1 
4058 0.0000004687 2029.5000000000 4058 1 
4059 0.0000004762 2030.0000000000 4059 1 
4060 0.0000004690 2030.5000000000 4060 1 
4061 0.0000004691 2031.0000000000 4061 1 
4062 0.0000004798 2031.5000000000 4062 1 
4063 0.0000004770 2032.0000000000 4063 1 
4064 0.0000004668 2032.5000000000 4064 1 
4065 0.0000004777 2033.0000000000 4065 1 
4066 0.0000004663 2033.5000000000 4066 1 
4067 0.0000004684 2034.0000000000 4067 1 
4068 0.0000004757 2034.5000000000 4068 1 
4069 0.0000004665 2035.0000000000 4069 1 
4070 0.0000004742 2035.5000000000 4070 1 
4071 0.0000004829 2036.0000000000 4071 1 
4072 0.0000004720 2036.5000000000 4072 1 
4073 0.0000004734 2037.0000000000 4073 1 
4074 0.0000004678 2037.5000000000 4074 1 
4075 0.0000004663 2038.0000000000 4075 1 
4076 0.0000004787 2038.5000000000 4076 1 
4077 0.0000004739 2039.0000000000 4077 1 
4078 0.0000004767 2039.5000000000 4078 1 
4079 0.0000004837 2040.0000000000 4079 1 
4080 0.0000004750 2040.5000000000 4080 1 
4081 0.0000004739 2041.0000000000 4081 1 
4082 0.0000004694 2041.5000000000 4082 1 
4083 0.0000004695 2042.0000000000 4083 1 
4084 0.0000004748 2042.5000000000 4084 1 
4085 0.0000004703 2043.0000000000 4085 1 
4086 0.0000004694 2043.5000000000 4086 1 
4087 0.0000004798 2044.0000000000 4087 1 
4088 0.0000004760 2044.5000000000 4088 1 
4089 0.0000004698 2045.0000000000 4089 1 
4090 0.0000004775 2045.5000000000 4090 1 
4091 0.0000004742 2046.0000000000 4091 1 
4092 0.0000004751 2046.5000000000 4092 1 
4093 0.0000004698 2047.0000000000 4093 1 
4094 0.0000004697 2047.5000000000 4094 1 
4095 0.0000004769 2048.0000000000 4095 1 
4096 0.0000004775 2048.5000000000 4096 1 
4097 0.0000004755 2049.0000000000 4097 1 
4098 0.0000004741 2049.5000000000 4098 1 
4099 0.0000004706 2050.0000000000 4099 1 
4100 0.0000004749 2050.5000000000 4100 1 
4101 0.0000004699 2051.0000000000 4101 1 
4102 0.0000004715 2051.5000000000 4102 1 
4103 0.0000004801 2052.0000000000 4103 1 
4104 0.0000004705 2052.5000000000 4104 1 
4105 0.0000004721 2053.0000000000 4105 1 
4106 0.0000004754 2053.5000000000 4106 1 
4107 0.0000004709 2054.0000000000 4107 1 
4108 0.0000004720 2054.5000000000 4108 1 
4109 0.0000004824 2055.0000000000 4109 1 
4110 0.0000004730 2055.5000000000 4110 1 
4111 0.0000004814 2056.0000000000 4111 1 
4112 0.0000004776 2056.5000000000 4112 1 
4113 0.0000004807 2057.0000000000 4113 1 
4114 0.0000004798 2057.5000000000 4114 1 
4115 0.0000004783 2058.0000000000 4115 1 
4116 0.0000004725 2058.5000000000 4116 1 
4117 0.0000004773 2059.0000000000 4117 1 
4118 0.0000004726 2059.5000000000 4118 1 
4119 0.0000004836 2060.0000000000 4119 1 
4120 0.0000004740 2060.5000000000 4120 1 
4121 0.0000004729 2061.0000000000 4121 1 
4122 0.0000004949 2061.5000000000 4122 1 
4123 0.0000004739 2062.0000000000 4123 1 
4124 0.0000004733 2062.5000000000 4124 1 
4125 0.0000004783 2063.0000000000 4125 1 
4126 0.0000004753 2063.5000000000 4126 1 
4127 0.0000004895 2064.0000000000 4127 1 
4128 0.0000004750 2064.5000000000 4128 1 
4129 0.0000004757 2065.0000000000 4129 1 
4130 0.0000004852 2065.5000000000 4130 1 
4131 0.0000004742 2066.0000000000 4131 1 
4132 0.0000004736 2066.5000000000 4132 1 
4133 0.0000004839 2067.0000000000 4133 1 
4134 0.0000004739 2067.5000000000 4134 1 
4135 0.0000004837 2068.0000000000 4135 1 
4136 0.0000004739 2068.5000000000 4136 1 
4137 0.0000004781 2069.0000000000 4137 1 
4138 0.0000004860 2069.5000000000 4138 1 
4139 0.0000004873 2070.0000000000 4139 1 
4140 0.0000004746 2070.5000000000 4140 1 
4141 0.0000004806 2071.0000000000 4141 1 
4142 0.0000004746 2071.5000000000 4142 1 
4143 0.0000004813 2072.0000000000 4143 1 
4144 0.0000004756 2072.5000000000 4144 1 
4145 0.0000004842 2073.0000000000 4145 1 
4146 0.0000004805 2073.5000000000 4146 1 
4147 0.0000004753 2074.0000000000 4147 1 
4148 0.0000004764 2074.5000000000 4148 1 
4149 0.0000004813 2075.0000000000 4149 1 
4150 0.0000004757 2075.5000000000 4150 1 
4151 0.0000004888 2076.0000000000 4151 1 
4152 0.0000004778 2076.5000000000 4152 1 
4153 0.0000004772 2077.0000000000 4153 1 
4154 0.0000004831 2077.5000000000 4154 1 
4155 0.0000004826 2078.0000000000 4155 1 
4156 0.0000004764 2078.5000000000 4156 1 
4157 0.0000004814 2079.0000000000 4157 1 
4158 0.0000004832 2079.5000000000 4158 1 
4159 0.0000004821 2080.0000000000 4159 1 
4160 0.0000004767 2080.5000000000 4160 1 
4161 0.0000004783 2081.0000000000 4161 1 
4162 0.0000004856 2081.5000000000 4162 1 
4163 0.0000004790 2082.0000000000 4163 1 
4164 0.0000004851 2082.5000000000 4164 1 
4165 0.0000004857 2083.0000000000 4165 1 
4166 0.0000004801 2083.5000000000 4166 1 
4167 0.0000004828 2084.0000000000 4167 1 
4168 0.0000004803 2084.5000000000 4168 1 
4169 0.0000004785 2085.0000000000 4169 1 
4170 0.0000004861 2085.5000000000 4170 1 
4171 0.0000004833 2086.0000000000 4171 1 
4172 0.0000004839 2086.5000000000 4172 1 
4173 0.0000004790 2087.0000000000 4173 1 
4174 0.0000004784 2087.5000000000 4174 1 
4175 0.0000004865 2088.0000000000 4175 1 
4176 0.0000004789 2088.5000000000 4176 1 
4177 0.0000004791 2089.0000000000 4177 1 
4178 0.0000004840 2089.5000000000 4178 1 
4179 0.0000004788 2090.0000000000 4179 1 
4180 0.0000004916 2090.5000000000 4180 1 
4181 0.0000004843 2091.0000000000 4181 1 
4182 0.0000004797 2091.5000000000 4182 1 
4183 0.0000004889 2092.0000000000 4183 1 
4184 0.0000004814 2092.5000000000 4184 1 
4185 0.0000004803 2093.0000000000 4185 1 
4186 0.0000004833 2093.5000000000 4186 1 
4187 0.0000004884 2094.0000000000 4187 1 
4188 0.0000004955 2094.5000000000 4188 1 
4189 0.0000004798 2095.0000000000 4189 1 
4190 0.0000004800 2095.5000000000 4190 1 
4191 0.0000004860 2096.0000000000 4191 1 
4192 0.0000004809 2096.5000000000 4192 1 
4193 0.0000004906 2097.0000000000 4193 1 
4194 0.0000004804 2097.5000000000 4194 1 
4195 0.0000004837 2098.0000000000 4195 1 
4196 0.0000004938 2098.5000000000 4196 1 
4197 0.0000004837 2099.0000000000 4197 1 
4198 0.0000004819 2099.5000000000 4198 1 
4199 0.0000004913 2100.0000000000 4199 1 
4200 0.0000004831 2100.5000000000 4200 1 
4201 0.0000004868 2101.0000000000 4201 1 
4202 0.0000004824 2101.5000000000 4202 1 
4203 0.0000004842 2102.0000000000 4203 1 
4204 0.0000004983 2102.5000000000 4204 1 
4205 0.0000004868 2103.0000000000 4205 1 
4206 0.0000004900 2103.5000000000 4206 1 
4207 0.0000004832 2104.0000000000 4207 1 
4208 0.0000004819 2104.5000000000 4208 1 
4209 0.0000004873 2105.0000000000 4209 1 
4210 0.0000004822 2105.5000000000 4210 1 
4211 0.0000004918 2106.0000000000 4211 1 
4212 0.0000004929 2106.5000000000 4212 1 
4213 0.0000004826 2107.0000000000 4213 1 
4214 0.0000004922 2107.5000000000 4214 1 
4215 0.0000004878 2108.0000000000 4215 1 
4216 0.0000004851 2108.5000000000 4216 1 
4217 0.0000004918 2109.0000000000 4217 1 
4218 0.0000004839 2109.5000000000 4218 1 
4219 0.0000004932 2110.0000000000 4219 1 
4220 0.0000004879 2110.5000000000 4220 1 
4221 0.0000004840 2111.0000000000 4221 1 
4222 0.0000004948 2111.5000000000 4222 1 
4223 0.0000004845 2112.0000000000 4223 1 
4224 0.0000004901 2112.5000000000 4224 1 
4225 0.0000004838 2113.0000000000 4225 1 
4226 0.0000004853 2113.5000000000 4226 1 
4227 0.0000004921 2114.0000000000 4227 1 
4228 0.0000004960 2114.5000000000 4228 1 
4229 0.0000004895 2115.0000000000 4229 1 
4230 0.0000004851 2115.5000000000 4230 1 
4231 0.0000004862 2116.0000000000 4231 1 
4232 0.0000005000 2116.5000000000 4232 1 
4233 0.0000004923 2117.0000000000 4233 1 
4234 0.0000004941 2117.5000000000 4234 1 
4235 0.0000004935 2118.0000000000 4235 1 
4236 0.0000004998 2118.5000000000 4236 1 
4237 0.0000004904 2119.0000000000 4237 1 
4238 0.0000004889 2119.5000000000 4238 1 
4239 0.0000004935 2120.0000000000 4239 1 
4240 0.0000004906 2120.5000000000 4240 1 
4241 0.0000004857 2121.0000000000 4241 1 
4242 0.0000004917 2121.5000000000 4242 1 
4243 0.0000004881 2122.0000000000 4243 1 
4244 0.0000004991 2122.5000000000 4244 1 
4245 0.0000004971 2123.0000000000 4245 1 
4246 0.0000004906 2123.5000000000 4246 1 
4247 0.0000004956 2124.0000000000 4247 1 
4248 0.0000004885 2124.5000000000 4248 1 
4249 0.0000004867 2125.0000000000 4249 1 
4250 0.0000004934 2125.5000000000 4250 1 
4251 0.0000004926 2126.0000000000 4251 1 
4252 0.0000005016 2126.5000000000 4252 1 
4253 0.0000004879 2127.0000000000 4253 1 
4254 0.0000004894 2127.5000000000 4254 1 
4255 0.0000004933 2128.0000000000 4255 1 
4256 0.0000004911 2128.5000000000 4256 1 
4257 0.0000004926 2129.0000000000 4257 1 
4258 0.0000004918 2129.5000000000 4258 1 
4259 0.0000004928 2130.0000000000 4259 1 
4260 0.0000004995 2130.5000000000 4260 1 
4261 0.0000004881 2131.0000000000 4261 1 
4262 0.0000004948 2131.5000000000 4262 1 
4263 0.0000004980 2132.0000000000 4263 1 
4264 0.0000004894 2132.5000000000 4264 1 
4265 0.0000004936 2133.0000000000 4265 1 
4266 0.0000004920 2133.5000000000 4266 1 
4267 0.0000004959 2134.0000000000 4267 1 
4268 0.0000004958 2134.5000000000 4268 1 
4269 0.0000004943 2135.0000000000 4269 1 
4270 0.0000004939 2135.5000000000 4270 1 
4271 0.0000004891 2136.0000000000 4271 1 
4272 0.0000004939 2136.5000000000 4272 1 
4273 0.0000004898 2137.0000000000 4273 1 
4274 0.0000004937 2137.5000000000 4274 1 
4275 0.0000004982 2138.0000000000 4275 1 
4276 0.0000004897 2138.5000000000 4276 1 
4277 0.0000004957 2139.0000000000 4277 1 
4278 0.0000004921 2139.5000000000 4278 1 
4279 0.0000004910 2140.0000000000 4279 1 
4280 0.0000004972 2140.5000000000 4280 1 
4281 0.0000004992 2141.0000000000 4281 1 
4282 0.0000004979 2141.5000000000 4282 1 
4283 0.0000004910 2142.0000000000 4283 1 
4284 0.0000004951 2142.5000000000 4284 1 
4285 0.0000004996 2143.0000000000 4285 1 
4286 0.0000004958 2143.5000000000 4286 1 
4287 0.0000005003 2144.0000000000 4287 1 
4288 0.0000004928 2144.5000000000 4288 1 
4289 0.0000004931 2145.0000000000 4289 1 
4290 0.0000004967 2145.5000000000 4290 1 
4291 0.0000004922 2146.0000000000 4291 1 
4292 0.0000005028 2146.5000000000 4292 1 
4293 0.0000004915 2147.0000000000 4293 1 
4294 0.0000004916 2147.5000000000 4294 1 
4295 0.0000004987 2148.0000000000 4295 1 
4296 0.0000004919 2148.5000000000 4296 1 
4297 0.0000005027 2149.0000000000 4297 1 
4298 0.0000004933 2149.5000000000 4298 1 
4299 0.0000004922 2150.0000000000 4299 1 
4300 0.0000005012 2150.5000000000 4300 1 
4301 0.0000004931 2151.0000000000 4301 1 
4302 0.0000004974 2151.5000000000 4302 1 
4303 0.0000004973 2152.0000000000 4303 1 
4304 0.0000004928 2152.5000000000 4304 1 
4305 0.0000005010 2153.0000000000 4305 1 
4306 0.0000005060 2153.5000000000 4306 1 
4307 0.0000004983 2154.0000000000 4307 1 
4308 0.0000004974 2154.5000000000 4308 1 
4309 0.0000004985 2155.0000000000 4309 1 
4310 0.0000004956 2155.5000000000 4310 1 
4311 0.0000004936 2156.0000000000 4311 1 
4312 0.0000004988 2156.5000000000 4312 1 
4313 0.0000004939 2157.0000000000 4313 1 
4314 0.0000005030 2157.5000000000 4314 1 
4315 0.0000004957 2158.0000000000 4315 1 
4316 0.0000004949 2158.5000000000 4316 1 
4317 0.0000005001 2159.0000000000 4317 1 
4318 0.0000004944 2159.5000000000 4318 1 
4319 0.0000004994 2160.0000000000 4319 1 
4320 0.0000005002 2160.5000000000 4320 1 
4321 0.0000004948 2161.0000000000 4321 1 
4322 0.0000005009 2161.5000000000 4322 1 
4323 0.0000004948 2162.0000000000 4323 1 
4324 0.0000005039 2162.5000000000 4324 1 
4325 0.0000004953 2163.0000000000 4325 1 
4326 0.0000005012 2163.5000000000 4326 1 
4327 0.0000005082 2164.0000000000 4327 1 
4328 0.0000004963 2164.5000000000 4328 1 
4329 0.0000005024 2165.0000000000 4329 1 
4330 0.0000004958 2165.5000000000 4330 1 
4331 0.0000005015 2166.0000000000 4331 1 
4332 0.0000005000 2166.5000000000 4332 1 
4333 0.0000005033 2167.0000000000 4333 1 
4334 0.0000005044 2167.5000000000 4334 1 
4335 0.0000004964 2168.0000000000 4335 1 
4336 0.0000005018 2168.5000000000 4336 1 
4337 0.0000004964 2169.0000000000 4337 1 
4338 0.0000004993 2169.5000000000 4338 1 
4339 0.0000005027 2170.0000000000 4339 1 
4340 0.0000004970 2170.5000000000 4340 1 
4341 0.0000005020 2171.0000000000 4341 1 
4342 0.0000005032 2171.5000000000 4342 1 
4343 0.0000005001 2172.0000000000 4343 1 
4344 0.0000005025 2172.5000000000 4344 1 
4345 0.0000004974 2173.0000000000 4345 1 
4346 0.0000005021 2173.5000000000 4346 1 
4347 0.0000005024 2174.0000000000 4347 1 
4348 0.0000004986 2174.5000000000 4348 1 
4349 0.0000005079 2175.0000000000 4349 1 
4350 0.0000004979 2175.5000000000 4350 1 
4351 0.0000005029 2176.0000000000 4351 1 
4352 0.0000004991 2176.5000000000 4352 1 
4353 0.0000005084 2177.0000000000 4353 1 
4354 0.0000004984 2177.5000000000 4354 1 
4355 0.0000005001 2178.0000000000 4355 1 
4356 0.0000005064 2178.5000000000 4356 1 
4357 0.0000004987 2179.0000000000 4357 1 
4358 0.0000005046 2179.5000000000 4358 1 
4359 0.0000005049 2180.0000000000 4359 1 
4360 0.0000004991 2180.5000000000 4360 1 
4361 0.0000005047 2181.0000000000 4361 1 
4362 0.0000004993 2181.5000000000 4362 1 
4363 0.0000005093 2182.0000000000 4363 1 
4364 0.0000005037 2182.5000000000 4364 1 
4365 0.0000005162 2183.0000000000 4365 1 
4366 0.0000005092 2183.5000000000 4366 1 
4367 0.0000005008 2184.0000000000 4367 1 
4368 0.0000005048 2184.5000000000 4368 1 
4369 0.0000005022 2185.0000000000 4369 1 
4370 0.0000005112 2185.5000000000 4370 1 
4371 0.0000005013 2186.0000000000 4371 1 
4372 0.0000005009 2186.5000000000 4372 1 
4373 0.0000005054 2187.0000000000 4373 1 
4374 0.0000005018 2187.5000000000 4374 1 
4375 0.0000005099 2188.0000000000 4375 1 
4376 0.0000005018 2188.5000000000 4376 1 
4377 0.0000005065 2189.0000000000 4377 1 
4378 0.0000005018 2189.5000000000 4378 1 
4379 0.0000005035 2190.0000000000 4379 1 
4380 0.0000005126 2190.5000000000 4380 1 
4381 0.0000005026 2191.0000000000 4381 1 
4382 0.0000005066 2191.5000000000 4382 1 
4383 0.0000005035 2192.0000000000 4383 1 
4384 0.0000005016 2192.5000000000 4384 1 
4385 0.0000005081 2193.0000000000 4385 1 
4386 0.0000005059 2193.5000000000 4386 1 
4387 0.0000005090 2194.0000000000 4387 1 
4388 0.0000005027 2194.5000000000 4388 1 
4389 0.0000005154 2195.0000000000 4389 1 
4390 0.0000005025 2195.5000000000 4390 1 
4391 0.0000005067 2196.0000000000 4391 1 
4392 0.0000005178 2196.5000000000 4392 1 
4393 0.0000005056 2197.0000000000 4393 1 
4394 0.0000005096 2197.5000000000 4394 1 
4395 0.0000005028 2198.0000000000 4395 1 
4396 0.0000005100 2198.5000000000 4396 1 
4397 0.0000005072 2199.0000000000 4397 1 
4398 0.0000005032 2199.5000000000 4398 1 
4399 0.0000005117 2200.0000000000 4399 1 
4400 0.0000005043 2200.5000000000 4400 1 
4401 0.0000005131 2201.0000000000 4401 1 
4402 0.0000005093 2201.5000000000 4402 1 
4403 0.0000005085 2202.0000000000 4403 1 
4404 0.0000005109 2202.5000000000 4404 1 
4405 0.0000005069 2203.0000000000 4405 1 
4406 0.0000005141 2203.5000000000 4406 1 
4407 0.0000005117 2204.0000000000 4407 1 
4408 0.0000005150 2204.5000000000 4408 1 
4409 0.0000005110 2205.0000000000 4409 1 
4410 0.0000005116 2205.5000000000 4410 1 
4411 0.0000005135 2206.0000000000 4411 1 
4412 0.0000005084 2206.5000000000 4412 1 
4413 0.0000005142 2207.0000000000 4413 1 
4414 0.0000005068 2207.5000000000 4414 1 
4415 0.0000005108 2208.0000000000 4415 1 
4416 0.0000005061 2208.5000000000 4416 1 
4417 0.0000005053 2209.0000000000 4417 1 
4418 0.0000005163 2209.5000000000 4418 1 
4419 0.0000005130 2210.0000000000 4419 1 
4420 0.0000005269 2210.5000000000 4420 1 
4421 0.0000005060 2211.0000000000 4421 1 
4422 0.0000005133 2211.5000000000 4422 1 
4423 0.0000005135 2212.0000000000 4423 1 
4424 0.0000005142 2212.5000000000 4424 1 
4425 0.0000005164 2213.0000000000 4425 1 
4426 0.0000005079 2213.5000000000 4426 1 
4427 0.0000005116 2214.0000000000 4427 1 
4428 0.0000005065 2214.5000000000 4428 1 
4429 0.0000005202 2215.0000000000 4429 1 
4430 0.0000005108 2215.5000000000 4430 1 
4431 0.0000005082 2216.0000000000 4431 1 
4432 0.0000005124 2216.5000000000 4432 1 
4433 0.0000005080 2217.0000000000 4433 1 
4434 0.0000005162 2217.5000000000 4434 1 
4435 0.0000005080 2218.0000000000 4435 1 
4436 0.0000005144 2218.5000000000 4436 1 
4437 0.0000005082 2219.0000000000 4437 1 
4438 0.0000005090 2219.5000000000 4438 1 
4439 0.0000005224 2220.0000000000 4439 1 
4440 0.0000005115 2220.5000000000 4440 1 
4441 0.0000005163 2221.0000000000 4441 1 
4442 0.0000005081 2221.5000000000 4442 1 
4443 0.0000005141 2222.0000000000 4443 1 
4444 0.0000005126 2222.5000000000 4444 1 
4445 0.0000005143 2223.0000000000 4445 1 
4446 0.0000005097 2223.5000000000 4446 1 
4447 0.0000005170 2224.0000000000 4447 1 
4448 0.0000005211 2224.5000000000 4448 1 
4449 0.0000005118 2225.0000000000 4449 1 
4450 0.0000005182 2225.5000000000 4450 1 
4451 0.0000005098 2226.0000000000 4451 1 
4452 0.0000005150 2226.5000000000 4452 1 
4453 0.0000005131 2227.0000000000 4453 1 
4454 0.0000005155 2227.5000000000 4454 1 
4455 0.0000005147 2228.0000000000 4455 1 
4456 0.0000005108 2228.5000000000 4456 1 
4457 0.0000005147 2229.0000000000 4457 1 
4458 0.0000005112 2229.5000000000 4458 1 
4459 0.0000005154 2230.0000000000 4459 1 
4460 0.0000005141 2230.5000000000 4460 1 
4461 0.0000005102 2231.0000000000 4461 1 
4462 0.0000005166 2231.5000000000 4462 1 
4463 0.0000005106 2232.0000000000 4463 1 
4464 0.0000005150 2232.5000000000 4464 1 
4465 0.0000005115 2233.0000000000 4465 1 
4466 0.0000005215 2233.5000000000 4466 1 
4467 0.0000005111 2234.0000000000 4467 1 
4468 0.0000005145 2234.5000000000 4468 1 
4469 0.0000005153 2235.0000000000 4469 1 
4470 0.0000005168 2235.5000000000 4470 1 
4471 0.0000005216 2236.0000000000 4471 1 
4472 0.0000005114 2236.5000000000 4472 1 
4473 0.0000005187 2237.0000000000 4473 1 
4474 0.0000005154 2237.5000000000 4474 1 
4475 0.0000005245 2238.0000000000 4475 1 
4476 0.0000005282 2238.5000000000 4476 1 
4477 0.0000005178 2239.0000000000 4477 1 
4478 0.0000005246 2239.5000000000 4478 1 
4479 0.0000005144 2240.0000000000 4479 1 
4480 0.0000005190 2240.5000000000 4480 1 
4481 0.0000005235 2241.0000000000 4481 1 
4482 0.0000005373 2241.5000000000 4482 1 
4483 0.0000005378 2242.0000000000 4483 1 
4484 0.0000005198 2242.5000000000 4484 1 
4485 0.0000005159 2243.0000000000 4485 1 
4486 0.0000005172 2243.5000000000 4486 1 
4487 0.0000005195 2244.0000000000 4487 1 
4488 0.0000005165 2244.5000000000 4488 1 
4489 0.0000005204 2245.0000000000 4489 1 
4490 0.0000005176 2245.5000000000 4490 1 
4491 0.0000005248 2246.0000000000 4491 1 
4492 0.0000005149 2246.5000000000 4492 1 
4493 0.0000005186 2247.0000000000 4493 1 
4494 0.0000005156 2247.5000000000 4494 1 
4495 0.0000005141 2248.0000000000 4495 1 
4496 0.0000005240 2248.5000000000 4496 1 
4497 0.0000005201 2249.0000000000 4497 1 
4498 0.0000005193 2249.5000000000 4498 1 
4499 0.0000005146 2250.0000000000 4499 1 
4500 0.0000005213 2250.5000000000 4500 1 
4501 0.0000005148 2251.0000000000 4501 1 
4502 0.0000005211 2251.5000000000 4502 1 
4503 0.0000005228 2252.0000000000 4503 1 
4504 0.0000005153 2252.5000000000 4504 1 
4505 0.0000005219 2253.0000000000 4505 1 
4506 0.0000005171 2253.5000000000 4506 1 
4507 0.0000005243 2254.0000000000 4507 1 
4508 0.0000005177 2254.5000000000 4508 1 
4509 0.0000005214 2255.0000000000 4509 1 
4510 0.0000005186 2255.5000000000 4510 1 
4511 0.0000005190 2256.0000000000 4511 1 
4512 0.0000005288 2256.5000000000 4512 1 
4513 0.0000005192 2257.0000000000 4513 1 
4514 0.0000005244 2257.5000000000 4514 1 
4515 0.0000005163 2258.0000000000 4515 1 
4516 0.0000005230 2258.5000000000 4516 1 
4517 0.0000005229 2259.0000000000 4517 1 
4518 0.0000005215 2259.5000000000 4518 1 
4519 0.0000005176 2260.0000000000 4519 1 
4520 0.0000005170 2260.5000000000 4520 1 
4521 0.0000005244 2261.0000000000 4521 1 
4522 0.0000005212 2261.5000000000 4522 1 
4523 0.0000005229 2262.0000000000 4523 1 
4524 0.0000005199 2262.5000000000 4524 1 
4525 0.0000005222 2263.0000000000 4525 1 
4526 0.0000005179 2263.5000000000 4526 1 
4527 0.0000005233 2264.0000000000 4527 1 
4528 0.0000005212 2264.5000000000 4528 1 
4529 0.0000005235 2265.0000000000 4529 1 
4530 0.0000005245 2265.5000000000 4530 1 
4531 0.0000005182 2266.0000000000 4531 1 
4532 0.0000005320 2266.5000000000 4532 1 
4533 0.0000005226 2267.0000000000 4533 1 
4534 0.0000005245 2267.5000000000 4534 1 
4535 0.0000005186 2268.0000000000 4535 1 
4536 0.0000005240 2268.5000000000 4536 1 
4537 0.0000005274 2269.0000000000 4537 1 
4538 0.0000005275 2269.5000000000 4538 1 
4539 0.0000005265 2270.0000000000 4539 1 
4540 0.0000005192 2270.5000000000 4540 1 
4541 0.0000005239 2271.0000000000 4541 1 
4542 0.0000005247 2271.5000000000 4542 1 
4543 0.0000005243 2272.0000000000 4543 1 
4544 0.0000005213 2272.5000000000 4544 1 
4545 0.0000005285 2273.0000000000 4545 1 
4546 0.0000005251 2273.5000000000 4546 1 
4547 0.0000005324 2274.0000000000 4547 1 
4548 0.0000005244 2274.5000000000 4548 1 
4549 0.0000005340 2275.0000000000 4549 1 
4550 0.0000005244 2275.5000000000 4550 1 
4551 0.0000005326 2276.0000000000 4551 1 
4552 0.0000005305 2276.5000000000 4552 1 
4553 0.0000005214 2277.0000000000 4553 1 
4554 0.0000005264 2277.5000000000 4554 1 
4555 0.0000005221 2278.0000000000 4555 1 
4556 0.0000005305 2278.5000000000 4556 1 
4557 0.0000005249 2279.0000000000 4557 1 
4558 0.0000005268 2279.5000000000 4558 1 
4559 0.0000005225 2280.0000000000 4559 1 
4560 0.0000005375 2280.5000000000 4560 1 
4561 0.0000005277 2281.0000000000 4561 1 
4562 0.0000005296 2281.5000000000 4562 1 
4563 0.0000005391 2282.0000000000 4563 1 
4564 0.0000005234 2282.5000000000 4564 1 
4565 0.0000005308 2283.0000000000 4565 1 
4566 0.0000005285 2283.5000000000 4566 1 
4567 0.0000005323 2284.0000000000 4567 1 
4568 0.0000005296 2284.5000000000 4568 1 
4569 0.0000005288 2285.0000000000 4569 1 
4570 0.0000005263 2285.5000000000 4570 1 
4571 0.0000005305 2286.0000000000 4571 1 
4572 0.0000005284 2286.5000000000 4572 1 
4573 0.0000005272 2287.0000000000 4573 1 
4574 0.0000005291 2287.5000000000 4574 1 
4575 0.0000005246 2288.0000000000 4575 1 
4576 0.0000005280 2288.5000000000 4576 1 
4577 0.0000005287 2289.0000000000 4577 1 
4578 0.0000005293 2289.5000000000 4578 1 
4579 0.0000005248 2290.0000000000 4579 1 
4580 0.0000005338 2290.5000000000 4580 1 
4581 0.0000005265 2291.0000000000 4581 1 
4582 0.0000005358 2291.5000000000 4582 1 
4583 0.0000005263 2292.0000000000 4583 1 
4584 0.0000005281 2292.5000000000 4584 1 
4585 0.0000005280 2293.0000000000 4585 1 
4586 0.0000005275 2293.5000000000 4586 1 
4587 0.0000005341 2294.0000000000 4587 1 
4588 0.0000005301 2294.5000000000 4588 1 
4589 0.0000005319 2295.0000000000 4589 1 
4590 0.0000005283 2295.5000000000 4590 1 
4591 0.0000005308 2296.0000000000 4591 1 
4592 0.0000005396 2296.5000000000 4592 1 
4593 0.0000005319 2297.0000000000 4593 1 
4594 0.0000005309 2297.5000000000 4594 1 
4595 0.0000005360 2298.0000000000 4595 1 
4596 0.0000005318 2298.5000000000 4596 1 
4597 0.0000005323 2299.0000000000 4597 1 
4598 0.0000005263 2299.5000000000 4598 1 
4599 0.0000005275 2300.0000000000 4599 1 
4600 0.0000005307 2300.5000000000 4600 1 
4601 0.0000005268 2301.0000000000 4601 1 
4602 0.0000005348 2301.5000000000 4602 1 
4603 0.0000005270 2302.0000000000 4603 1 
4604 0.0000005326 2302.5000000000 4604 1 
4605 0.0000005286 2303.0000000000 4605 1 
4606 0.0000005350 2303.5000000000 4606 1 
4607 0.0000005314 2304.0000000000 4607 1 
4608 0.0000005358 2304.5000000000 4608 1 
4609 0.0000005277 2305.0000000000 4609 1 
4610 0.0000005317 2305.5000000000 4610 1 
4611 0.0000005272 2306.0000000000 4611 1 
4612 0.0000005330 2306.5000000000 4612 1 
4613 0.0000005339 2307.0000000000 4613 1 
4614 0.0000005290 2307.5000000000 4614 1 
4615 0.0000005324 2308.0000000000 4615 1 
4616 0.0000005305 2308.5000000000 4616 1 
4617 0.0000005395 2309.0000000000 4617 1 
4618 0.0000005305 2309.5000000000 4618 1 
4619 0.0000005354 2310.0000000000 4619 1 
4620 0.0000005294 2310.5000000000 4620 1 
4621 0.0000005401 2311.0000000000 4621 1 
4622 0.0000005292 2311.5000000000 4622 1 
4623 0.0000005332 2312.0000000000 4623 1 
4624 0.0000005305 2312.5000000000 4624 1 
4625 0.0000005293 2313.0000000000 4625 1 
4626 0.0000005378 2313.5000000000 4626 1 
4627 0.0000005289 2314.0000000000 4627 1 
4628 0.0000005346 2314.5000000000 4628 1 
4629 0.0000005291 2315.0000000000 4629 1 
4630 0.0000005348 2315.5000000000 4630 1 
4631 0.0000005299 2316.0000000000 4631 1 
4632 0.0000005386 2316.5000000000 4632 1 
4633 0.0000005303 2317.0000000000 4633 1 
4634 0.0000005386 2317.5000000000 4634 1 
4635 0.0000005305 2318.0000000000 4635 1 
4636 0.0000005414 2318.5000000000 4636 1 
4637 0.0000005299 2319.0000000000 4637 1 
4638 0.0000005356 2319.5000000000 4638 1 
4639 0.0000005301 2320.0000000000 4639 1 
4640 0.0000005336 2320.5000000000 4640 1 
4641 0.0000005365 2321.0000000000 4641 1 
4642 0.0000005312 2321.5000000000 4642 1 
4643 0.0000005359 2322.0000000000 4643 1 
4644 0.0000005338 2322.5000000000 4644 1 
4645 0.0000005376 2323.0000000000 4645 1 
4646 0.0000005381 2323.5000000000 4646 1 
4647 0.0000005358 2324.0000000000 4647 1 
4648 0.0000005338 2324.5000000000 4648 1 
4649 0.0000005358 2325.0000000000 4649 1 
4650 0.0000005323 2325.5000000000 4650 1 
4651 0.0000005433 2326.0000000000 4651 1 
4652 0.0000005344 2326.5000000000 4652 1 
4653 0.0000005401 2327.0000000000 4653 1 
4654 0.0000005335 2327.5000000000 4654 1 
4655 0.0000005398 2328.0000000000 4655 1 
4656 0.0000005333 2328.5000000000 4656 1 
4657 0.0000005364 2329.0000000000 4657 1 
4658 0.0000005350 2329.5000000000 4658 1 
4659 0.0000005325 2330.0000000000 4659 1 
4660 0.0000005433 2330.5000000000 4660 1 
4661 0.0000005366 2331.0000000000 4661 1 
4662 0.0000005382 2331.5000000000 4662 1 
4663 0.0000005329 2332.0000000000 4663 1 
4664 0.0000005384 2332.5000000000 4664 1 
4665 0.0000005355 2333.0000000000 4665 1 
4666 0.0000005441 2333.5000000000 4666 1 
4667 0.0000005348 2334.0000000000 4667 1 
4668 0.0000005392 2334.5000000000 4668 1 
4669 0.0000005378 2335.0000000000 4669 1 
4670 0.0000005424 2335.5000000000 4670 1 
4671 0.0000005363 2336.0000000000 4671 1 
4672 0.0000005422 2336.5000000000 4672 1 
4673 0.0000005354 2337.0000000000 4673 1 
4674 0.0000005387 2337.5000000000 4674 1 
4675 0.0000005412 2338.0000000000 4675 1 
4676 0.0000005479 2338.5000000000 4676 1 
4677 0.0000005371 2339.0000000000 4677 1 
4678 0.0000005391 2339.5000000000 4678 1 
4679 0.0000005426 2340.0000000000 4679 1 
4680 0.0000005400 2340.5000000000 4680 1 
4681 0.0000005409 2341.0000000000 4681 1 
4682 0.0000005367 2341.5000000000 4682 1 
4683 0.0000005432 2342.0000000000 4683 1 
4684 0.0000005478 2342.5000000000 4684 1 
4685 0.0000005498 2343.0000000000 4685 1 
4686 0.0000005403 2343.5000000000 4686 1 
4687 0.0000005498 2344.0000000000 4687 1 
4688 0.0000005407 2344.5000000000 4688 1 
4689 0.0000005509 2345.0000000000 4689 1 
4690 0.0000005409 2345.5000000000 4690 1 
4691 0.0000005459 2346.0000000000 4691 1 
4692 0.0000005371 2346.5000000000 4692 1 
4693 0.0000005425 2347.0000000000 4693 1 
4694 0.0000005422 2347.5000000000 4694 1 
4695 0.0000005425 2348.0000000000 4695 1 
4696 0.0000005385 2348.5000000000 4696 1 
4697 0.0000005414 2349.0000000000 4697 1 
4698 0.0000005375 2349.5000000000 4698 1 
4699 0.0000005480 2350.0000000000 4699 1 
4700 0.0000005370 2350.5000000000 4700 1 
4701 0.0000005448 2351.0000000000 4701 1 
4702 0.0000005391 2351.5000000000 4702 1 
4703 0.0000005514 2352.0000000000 4703 1 
4704 0.0000005440 2352.5000000000 4704 1 
4705 0.0000005447 2353.0000000000 4705 1 
4706 0.0000005387 2353.5000000000 4706 1 
4707 0.0000005381 2354.0000000000 4707 1 
4708 0.0000005467 2354.5000000000 4708 1 
4709 0.0000005390 2355.0000000000 4709 1 
4710 0.0000005510 2355.5000000000 4710 1 
4711 0.0000005411 2356.0000000000 4711 1 
4712 0.0000005437 2356.5000000000 4712 1 
4713 0.0000005432 2357.0000000000 4713 1 
4714 0.0000005433 2357.5000000000 4714 1 
4715 0.0000005402 2358.0000000000 4715 1 
4716 0.0000005443 2358.5000000000 4716 1 
4717 0.0000005438 2359.0000000000 4717 1 
4718 0.0000005494 2359.5000000000 4718 1 
4719 0.0000005391 2360.0000000000 4719 1 
4720 0.0000005479 2360.5000000000 4720 1 
4721 0.0000005395 2361.0000000000 4721 1 
4722 0.0000005517 2361.5000000000 4722 1 
4723 0.0000005395 2362.0000000000 4723 1 
4724 0.0000005438 2362.5000000000 4724 1 
4725 0.0000005405 2363.0000000000 4725 1 
4726 0.0000005455 2363.5000000000 4726 1 
4727 0.0000005447 2364.0000000000 4727 1 
4728 0.0000005444 2364.5000000000 4728 1 
4729 0.0000005418 2365.0000000000 4729 1 
4730 0.0000005469 2365.5000000000 4730 1 
4731 0.0000005407 2366.0000000000 4731 1 
4732 0.0000005499 2366.5000000000 4732 1 
4733 0.0000005407 2367.0000000000 4733 1 
4734 0.0000005503 2367.5000000000 4734 1 
4735 0.0000005417 2368.0000000000 4735 1 
4736 0.0000005494 2368.5000000000 4736 1 
4737 0.0000005425 2369.0000000000 4737 1 
4738 0.0000005471 2369.5000000000 4738 1 
4739 0.0000005415 2370.0000000000 4739 1 
4740 0.0000005468 2370.5000000000 4740 1 
4741 0.0000005478 2371.0000000000 4741 1 
4742 0.0000005445 2371.5000000000 4742 1 
4743 0.0000005478 2372.0000000000 4743 1 
4744 0.0000005419 2372.5000000000 4744 1 
4745 0.0000005524 2373.0000000000 4745 1 
4746 0.0000005449 2373.5000000000 4746 1 
4747 0.0000005477 2374.0000000000 4747 1 
4748 0.0000005434 2374.5000000000 4748 1 
4749 0.0000005481 2375.0000000000 4749 1 
4750 0.0000005474 2375.5000000000 4750 1 
4751 0.0000005504 2376.0000000000 4751 1 
4752 0.0000005429 2376.5000000000 4752 1 
4753 0.0000005538 2377.0000000000 4753 1 
4754 0.0000005431 2377.5000000000 4754 1 
4755 0.0000005554 2378.0000000000 4755 1 
4756 0.0000005439 2378.5000000000 4756 1 
4757 0.0000005493 2379.0000000000 4757 1 
4758 0.0000005452 2379.5000000000 4758 1 
4759 0.0000005560 2380.0000000000 4759 1 
4760 0.0000005437 2380.5000000000 4760 1 
4761 0.0000005507 2381.0000000000 4761 1 
4762 0.0000005439 2381.5000000000 4762 1 
4763 0.0000005501 2382.0000000000 4763 1 
4764 0.0000005506 2382.5000000000 4764 1 
4765 0.0000005484 2383.0000000000 4765 1 
4766 0.0000005483 2383.5000000000 4766 1 
4767 0.0000005500 2384.0000000000 4767 1 
4768 0.0000005497 2384.5000000000 4768 1 
4769 0.0000005529 2385.0000000000 4769 1 
4770 0.0000005509 2385.5000000000 4770 1 
4771 0.0000005494 2386.0000000000 4771 1 
4772 0.0000005463 2386.5000000000 4772 1 
4773 0.0000005567 2387.0000000000 4773 1 
4774 0.0000005475 2387.5000000000 4774 1 
4775 0.0000005508 2388.0000000000 4775 1 
4776 0.0000005477 2388.5000000000 4776 1 
4777 0.0000005736 2389.0000000000 4777 1 
4778 0.0000005500 2389.5000000000 4778 1 
4779 0.0000005528 2390.0000000000 4779 1 
4780 0.0000005460 2390.5000000000 4780 1 
4781 0.0000005518 2391.0000000000 4781 1 
4782 0.0000005479 2391.5000000000 4782 1 
4783 0.0000005580 2392.0000000000 4783 1 
4784 0.0000005514 2392.5000000000 4784 1 
4785 0.0000005549 2393.0000000000 4785 1 
4786 0.0000005474 2393.5000000000 4786 1 
4787 0.0000005561 2394.0000000000 4787 1 
4788 0.0000005476 2394.5000000000 4788 1 
4789 0.0000005546 2395.0000000000 4789 1 
4790 0.0000005509 2395.5000000000 4790 1 
4791 0.0000005523 2396.0000000000 4791 1 
4792 0.0000005505 2396.5000000000 4792 1 
4793 0.0000005523 2397.0000000000 4793 1 
4794 0.0000005496 2397.5000000000 4794 1 
4795 0.0000005531 2398.0000000000 4795 1 
4796 0.0000005530 2398.5000000000 4796 1 
4797 0.0000005522 2399.0000000000 4797 1 
4798 0.0000005498 2399.5000000000 4798 1 
4799 0.0000005539 2400.0000000000 4799 1 
4800 0.0000005519 2400.5000000000 4800 1 
4801 0.0000005530 2401.0000000000 4801 1 
4802 0.0000005735 2401.5000000000 4802 1 
4803 0.0000005555 2402.0000000000 4803 1 
4804 0.0000005487 2402.5000000000 4804 1 
4805 0.0000005582 2403.0000000000 4805 1 
4806 0.0000005514 2403.5000000000 4806 1 
4807 0.0000005573 2404.0000000000 4807 1 
4808 0.0000005507 2404.5000000000 4808 1 
4809 0.0000005602 2405.0000000000 4809 1 
4810 0.0000005495 2405.5000000000 4810 1 
4811 0.0000005548 2406.0000000000 4811 1 
4812 0.0000005511 2406.5000000000 4812 1 
4813 0.0000005583 2407.0000000000 4813 1 
4814 0.0000005596 2407.5000000000 4814 1 
4815 0.0000005595 2408.0000000000 4815 1 
4816 0.0000005507 2408.5000000000 4816 1 
4817 0.0000005591 2409.0000000000 4817 1 
4818 0.0000005511 2409.5000000000 4818 1 
4819 0.0000005592 2410.0000000000 4819 1 
4820 0.0000005504 2410.5000000000 4820 1 
4821 0.0000005588 2411.0000000000 4821 1 
4822 0.0000005525 2411.5000000000 4822 1 
4823 0.0000005604 2412.0000000000 4823 1 
4824 0.0000005514 2412.5000000000 4824 1 
4825 0.0000005559 2413.0000000000 4825 1 
4826 0.0000005566 2413.5000000000 4826 1 
4827 0.0000005645 2414.0000000000 4827 1 
4828 0.0000005526 2414.5000000000 4828 1 
4829 0.0000005562 2415.0000000000 4829 1 
4830 0.0000005522 2415.5000000000 4830 1 
4831 0.0000005608 2416.0000000000 4831 1 
4832 0.0000005588 2416.5000000000 4832 1 
4833 0.0000005572 2417.0000000000 4833 1 
4834 0.0000005563 2417.5000000000 4834 1 
4835 0.0000005545 2418.0000000000 4835 1 
4836 0.0000005616 2418.5000000000 4836 1 
4837 0.0000005528 2419.0000000000 4837 1 
4838 0.0000005579 2419.5000000000 4838 1 
4839 0.0000005565 2420.0000000000 4839 1 
4840 0.0000005585 2420.5000000000 4840 1 
4841 0.0000005565 2421.0000000000 4841 1 
4842 0.0000005597 2421.5000000000 4842 1 
4843 0.0000005548 2422.0000000000 4843 1 
4844 0.0000005582 2422.5000000000 4844 1 
4845 0.0000005562 2423.0000000000 4845 1 
4846 0.0000005658 2423.5000000000 4846 1 
4847 0.0000005542 2424.0000000000 4847 1 
4848 0.0000005639 2424.5000000000 4848 1 
4849 0.0000005535 2425.0000000000 4849 1 
4850 0.0000005633 2425.5000000000 4850 1 
4851 0.0000005560 2426.0000000000 4851 1 
4852 0.0000005637 2426.5000000000 4852 1 
4853 0.0000005555 2427.0000000000 4853 1 
4854 0.0000005676 2427.5000000000 4854 1 
4855 0.0000005555 2428.0000000000 4855 1 
4856 0.0000005599 2428.5000000000 4856 1 
4857 0.0000005621 2429.0000000000 4857 1 
4858 0.0000005599 2429.5000000000 4858 1 
4859 0.0000005612 2430.0000000000 4859 1 
4860 0.0000005660 2430.5000000000 4860 1 
4861 0.0000005569 2431.0000000000 4861 1 
4862 0.0000005603 2431.5000000000 4862 1 
4863 0.0000005653 2432.0000000000 4863 1 
4864 0.0000005623 2432.5000000000 4864 1 
4865 0.0000005577 2433.0000000000 4865 1 
4866 0.0000005621 2433.5000000000 4866 1 
4867 0.0000005617 2434.0000000000 4867 1 
4868 0.0000005629 2434.5000000000 4868 1 
4869 0.0000005603 2435.0000000000 4869 1 
4870 0.0000005626 2435.5000000000 4870 1 
4871 0.0000005615 2436.0000000000 4871 1 
4872 0.0000005612 2436.5000000000 4872 1 
4873 0.0000005621 2437.0000000000 4873 1 
4874 0.0000005593 2437.5000000000 4874 1 
4875 0.0000005703 2438.0000000000 4875 1 
4876 0.0000005705 2438.5000000000 4876 1 
4877 0.0000005688 2439.0000000000 4877 1 
4878 0.0000005584 2439.5000000000 4878 1 
4879 0.0000005702 2440.0000000000 4879 1 
4880 0.0000005584 2440.5000000000 4880 1 
4881 0.0000005653 2441.0000000000 4881 1 
4882 0.0000005588 2441.5000000000 4882 1 
4883 0.0000005642 2442.0000000000 4883 1 
4884 0.0000005584 2442.5000000000 4884 1 
4885 0.0000005666 2443.0000000000 4885 1 
4886 0.0000005596 2443.5000000000 4886 1 
4887 0.0000005668 2444.0000000000 4887 1 
4888 0.0000005610 2444.5000000000 4888 1 
4889 0.0000005676 2445.0000000000 4889 1 
4890 0.0000005599 2445.5000000000 4890 1 
4891 0.0000005637 2446.0000000000 4891 1 
4892 0.0000005593 2446.5000000000 4892 1 
4893 0.0000005688 2447.0000000000 4893 1 
4894 0.0000005672 2447.5000000000 4894 1 
4895 0.0000005640 2448.0000000000 4895 1 
4896 0.0000005639 2448.5000000000 4896 1 
4897 0.0000005601 2449.0000000000 4897 1 
4898 0.0000005684 2449.5000000000 4898 1 
4899 0.0000005646 2450.0000000000 4899 1 
4900 0.0000005684 2450.5000000000 4900 1 
4901 0.0000005632 2451.0000000000 4901 1 
4902 0.0000005683 2451.5000000000 4902 1 
4903 0.0000005619 2452.0000000000 4903 1 
4904 0.0000005661 2452.5000000000 4904 1 
4905 0.0000005609 2453.0000000000 4905 1 
4906 0.0000005662 2453.5000000000 4906 1 
4907 0.0000005651 2454.0000000000 4907 1 
4908 0.0000005736 2454.5000000000 4908 1 
4909 0.0000005604 2455.0000000000 4909 1 
4910 0.0000005686 2455.5000000000 4910 1 
4911 0.0000005795 2456.0000000000 4911 1 
4912 0.0000005692 2456.5000000000 4912 1 
4913 0.0000005636 2457.0000000000 4913 1 
4914 0.0000005667 2457.5000000000 4914 1 
4915 0.0000005662 2458.0000000000 4915 1 
4916 0.0000005618 2458.5000000000 4916 1 
4917 0.0000005727 2459.0000000000 4917 1 
4918 0.0000005659 2459.5000000000 4918 1 
4919 0.0000005672 2460.0000000000 4919 1 
4920 0.0000005659 2460.5000000000 4920 1 
4921 0.0000005663 2461.0000000000 4921 1 
4922 0.0000005628 2461.5000000000 4922 1 
4923 0.0000005728 2462.0000000000 4923 1 
4924 0.0000005670 2462.5000000000 4924 1 
4925 0.0000005697 2463.0000000000 4925 1 
4926 0.0000005646 2463.5000000000 4926 1 
4927 0.0000005683 2464.0000000000 4927 1 
4928 0.0000005680 2464.5000000000 4928 1 
4929 0.0000005695 2465.0000000000 4929 1 
4930 0.0000005639 2465.5000000000 4930 1 
4931 0.0000005695 2466.0000000000 4931 1 
4932 0.0000005685 2466.5000000000 4932 1 
4933 0.0000005690 2467.0000000000 4933 1 
4934 0.0000005715 2467.5000000000 4934 1 
4935 0.0000005755 2468.0000000000 4935 1 
4936 0.0000005697 2468.5000000000 4936 1 
4937 0.0000005671 2469.0000000000 4937 1 
4938 0.0000005735 2469.5000000000 4938 1 
4939 0.0000005665 2470.0000000000 4939 1 
4940 0.0000005743 2470.5000000000 4940 1 
4941 0.0000005683 2471.0000000000 4941 1 
4942 0.0000005714 2471.5000000000 4942 1 
4943 0.0000005646 2472.0000000000 4943 1 
4944 0.0000005700 2472.5000000000 4944 1 
4945 0.0000005725 2473.0000000000 4945 1 
4946 0.0000005786 2473.5000000000 4946 1 
4947 0.0000005680 2474.0000000000 4947 1 
4948 0.0000005691 2474.5000000000 4948 1 
4949 0.0000005700 2475.0000000000 4949 1 
4950 0.0000005697 2475.5000000000 4950 1 
4951 0.0000005702 2476.0000000000 4951 1 
4952 0.0000005658 2476.5000000000 4952 1 
4953 0.0000005710 2477.0000000000 4953 1 
4954 0.0000005717 2477.5000000000 4954 1 
4955 0.0000005707 2478.0000000000 4955 1 
4956 0.0000005656 2478.5000000000 4956 1 
4957 0.0000005719 2479.0000000000 4957 1 
4958 0.0000005702 2479.5000000000 4958 1 
4959 0.0000005789 2480.0000000000 4959 1 
4960 0.0000005675 2480.5000000000 4960 1 
4961 0.0000005717 2481.0000000000 4961 1 
4962 0.0000005742 2481.5000000000 4962 1 
4963 0.0000005698 2482.0000000000 4963 1 
4964 0.0000005721 2482.5000000000 4964 1 
4965 0.0000005674 2483.0000000000 4965 1 
4966 0.0000005715 2483.5000000000 4966 1 
4967 0.0000005712 2484.0000000000 4967 1 
4968 0.0000005763 2484.5000000000 4968 1 
4969 0.0000005679 2485.0000000000 4969 1 
4970 0.0000005799 2485.5000000000 4970 1 
4971 0.0000005771 2486.0000000000 4971 1 
4972 0.0000005809 2486.5000000000 4972 1 
4973 0.0000005753 2487.0000000000 4973 1 
4974 0.0000005818 2487.5000000000 4974 1 
4975 0.0000005817 2488.0000000000 4975 1 
4976 0.0000005740 2488.5000000000 4976 1 
4977 0.0000005777 2489.0000000000 4977 1 
4978 0.0000005699 2489.5000000000 4978 1 
4979 0.0000005770 2490.0000000000 4979 1 
4980 0.0000005697 2490.5000000000 4980 1 
4981 0.0000005742 2491.0000000000 4981 1 
4982 0.0000005701 2491.5000000000 4982 1 
4983 0.0000005774 2492.0000000000 4983 1 
4984 0.0000005694 2492.5000000000 4984 1 
4985 0.0000005781 2493.0000000000 4985 1 
4986 0.0000005700 2493.5000000000 4986 1 
4987 0.0000005773 2494.0000000000 4987 1 
4988 0.0000005762 2494.5000000000 4988 1 
4989 0.0000005721 2495.0000000000 4989 1 
4990 0.0000005764 2495.5000000000 4990 1 
4991 0.0000005712 2496.0000000000 4991 1 
4992 0.0000005799 2496.5000000000 4992 1 
4993 0.0000005706 2497.0000000000 4993 1 
4994 0.0000005749 2497.5000000000 4994 1 
4995 0.0000005722 2498.0000000000 4995 1 
4996 0.0000005769 2498.5000000000 4996 1 
4997 0.0000005709 2499.0000000000 4997 1 
4998 0.0000005792 2499.5000000000 4998 1 
4999 0.0000005791 2500.0000000000 4999 1 
5000 0.0000005766 2500.5000000000 5000 1 
5001 0.0000005765 2501.0000000000 5001 1 
5002 0.0000005730 2501.5000000000 5002 1 
5003 0.0000005761 2502.0000000000 5003 1 
5004 0.0000005755 2502.5000000000 5004 1 
5005 0.0000005762 2503.0000000000 5005 1 
5006 0.0000005735 2503.5000000000 5006 1 
5007 0.0000005764 2504.0000000000 5007 1 
5008 0.0000005723 2504.5000000000 5008 1 
5009 0.0000005843 2505.0000000000 5009 1 
5010 0.0000005754 2505.5000000000 5010 1 
5011 0.0000005725 2506.0000000000 5011 1 
5012 0.0000005818 2506.5000000000 5012 1 
5013 0.0000005769 2507.0000000000 5013 1 
5014 0.0000005768 2507.5000000000 5014 1 
5015 0.0000005735 2508.0000000000 5015 1 
5016 0.0000005789 2508.5000000000 5016 1 
5017 0.0000005768 2509.0000000000 5017 1 
5018 0.0000005775 2509.5000000000 5018 1 
5019 0.0000005744 2510.0000000000 5019 1 
5020 0.0000005777 2510.5000000000 5020 1 
5021 0.0000005913 2511.0000000000 5021 1 
5022 0.0000005820 2511.5000000000 5022 1 
5023 0.0000005795 2512.0000000000 5023 1 
5024 0.0000005758 2512.5000000000 5024 1 
5025 0.0000005835 2513.0000000000 5025 1 
5026 0.0000005764 2513.5000000000 5026 1 
5027 0.0000005966 2514.0000000000 5027 1 
5028 0.0000005784 2514.5000000000 5028 1 
5029 0.0000005854 2515.0000000000 5029 1 
5030 0.0000005799 2515.5000000000 5030 1 
5031 0.0000005746 2516.0000000000 5031 1 
5032 0.0000005809 2516.5000000000 5032 1 
5033 0.0000005826 2517.0000000000 5033 1 
5034 0.0000005862 2517.5000000000 5034 1 
5035 0.0000005752 2518.0000000000 5035 1 
5036 0.0000005844 2518.5000000000 5036 1 
5037 0.0000005821 2519.0000000000 5037 1 
5038 0.0000005798 2519.5000000000 5038 1 
5039 0.0000005771 2520.0000000000 5039 1 
5040 0.0000005766 2520.5000000000 5040 1 
5041 0.0000005838 2521.0000000000 5041 1 
5042 0.0000005754 2521.5000000000 5042 1 
5043 0.0000005814 2522.0000000000 5043 1 
5044 0.0000005767 2522.5000000000 5044 1 
5045 0.0000005837 2523.0000000000 5045 1 
5046 0.0000005878 2523.5000000000 5046 1 
5047 0.0000005891 2524.0000000000 5047 1 
5048 0.0000005820 2524.5000000000 5048 1 
5049 0.0000005801 2525.0000000000 5049 1 
5050 0.0000005960 2525.5000000000 5050 1 
5051 0.0000005769 2526.0000000000 5051 1 
5052 0.0000005814 2526.5000000000 5052 1 
5053 0.0000005777 2527.0000000000 5053 1 
5054 0.0000005853 2527.5000000000 5054 1 
5055 0.0000005774 2528.0000000000 5055 1 
5056 0.0000005862 2528.5000000000 5056 1 
5057 0.0000005847 2529.0000000000 5057 1 
5058 0.0000005824 2529.5000000000 5058 1 
5059 0.0000005859 2530.0000000000 5059 1 
5060 0.0000005787 2530.5000000000 5060 1 
5061 0.0000005825 2531.0000000000 5061 1 
5062 0.0000005790 2531.5000000000 5062 1 
5063 0.0000005836 2532.0000000000 5063 1 
5064 0.0000005784 2532.5000000000 5064 1 
5065 0.0000005828 2533.0000000000 5065 1 
5066 0.0000005878 2533.5000000000 5066 1 
5067 0.0000005814 2534.0000000000 5067 1 
5068 0.0000005833 2534.5000000000 5068 1 
5069 0.0000005796 2535.0000000000 5069 1 
5070 0.0000005844 2535.5000000000 5070 1 
5071 0.0000005829 2536.0000000000 5071 1 
5072 0.0000005836 2536.5000000000 5072 1 
5073 0.0000005805 2537.0000000000 5073 1 
5074 0.0000005840 2537.5000000000 5074 1 
5075 0.0000005880 2538.0000000000 5075 1 
5076 0.0000005802 2538.5000000000 5076 1 
5077 0.0000005879 2539.0000000000 5077 1 
5078 0.0000005815 2539.5000000000 5078 1 
5079 0.0000005879 2540.0000000000 5079 1 
5080 0.0000005817 2540.5000000000 5080 1 
5081 0.0000005839 2541.0000000000 5081 1 
5082 0.0000005838 2541.5000000000 5082 1 
5083 0.0000005855 2542.0000000000 5083 1 
5084 0.0000005879 2542.5000000000 5084 1 
5085 0.0000005801 2543.0000000000 5085 1 
5086 0.0000005916 2543.5000000000 5086 1 
5087 0.0000005825 2544.0000000000 5087 1 
5088 0.0000005853 2544.5000000000 5088 1 
5089 0.0000005820 2545.0000000000 5089 1 
5090 0.0000005872 2545.5000000000 5090 1 
5091 0.0000005893 2546.0000000000 5091 1 
5092 0.0000005815 2546.5000000000 5092 1 
5093 0.0000005883 2547.0000000000 5093 1 
5094 0.0000005819 2547.5000000000 5094 1 
5095 0.0000005884 2548.0000000000 5095 1 
5096 0.0000005826 2548.5000000000 5096 1 
5097 0.0000005876 2549.0000000000 5097 1 
5098 0.0000005842 2549.5000000000 5098 1 
5099 0.0000005917 2550.0000000000 5099 1 
5100 0.0000005888 2550.5000000000 5100 1 
5101 0.0000005858 2551.0000000000 5101 1 
5102 0.0000005878 2551.5000000000 5102 1 
5103 0.0000005871 2552.0000000000 5103 1 
5104 0.0000005872 2552.5000000000 5104 1 
5105 0.0000005830 2553.0000000000 5105 1 
5106 0.0000005875 2553.5000000000 5106 1 
5107 0.0000005921 2554.0000000000 5107 1 
5108 0.0000005840 2554.5000000000 5108 1 
5109 0.0000005876 2555.0000000000 5109 1 
5110 0.0000005845 2555.5000000000 5110 1 
5111 0.0000005930 2556.0000000000 5111 1 
5112 0.0000005851 2556.5000000000 5112 1 
5113 0.0000005928 2557.0000000000 5113 1 
5114 0.0000005911 2557.5000000000 5114 1 
5115 0.0000005877 2558.0000000000 5115 1 
5116 0.0000005885 2558.5000000000 5116 1 
5117 0.0000005855 2559.0000000000 5117 1 
5118 0.0000005883 2559.5000000000 5118 1 
5119 0.0000005880 2560.0000000000 5119 1 
5120 0.0000005928 2560.5000000000 5120 1 
5121 0.0000005923 2561.0000000000 5121 1 
5122 0.0000005884 2561.5000000000 5122 1 
5123 0.0000005932 2562.0000000000 5123 1 
5124 0.0000005872 2562.5000000000 5124 1 
5125 0.0000005897 2563.0000000000 5125 1 
5126 0.0000005872 2563.5000000000 5126 1 
5127 0.0000005933 2564.0000000000 5127 1 
5128 0.0000005971 2564.5000000000 5128 1 
5129 0.0000005857 2565.0000000000 5129 1 
5130 0.0000005910 2565.5000000000 5130 1 
5131 0.0000005894 2566.0000000000 5131 1 
5132 0.0000005924 2566.5000000000 5132 1 
5133 0.0000005895 2567.0000000000 5133 1 
5134 0.0000005906 2567.5000000000 5134 1 
5135 0.0000005947 2568.0000000000 5135 1 
5136 0.0000005886 2568.5000000000 5136 1 
5137 0.0000005908 2569.0000000000 5137 1 
5138 0.0000005880 2569.5000000000 5138 1 
5139 0.0000005917 2570.0000000000 5139 1 
5140 0.0000005883 2570.5000000000 5140 1 
5141 0.0000005946 2571.0000000000 5141 1 
5142 0.0000005943 2571.5000000000 5142 1 
5143 0.0000005948 2572.0000000000 5143 1 
5144 0.0000005916 2572.5000000000 5144 1 
5145 0.0000005903 2573.0000000000 5145 1 
5146 0.0000005939 2573.5000000000 5146 1 
5147 0.0000005914 2574.0000000000 5147 1 
5148 0.0000005919 2574.5000000000 5148 1 
5149 0.0000005929 2575.0000000000 5149 1 
5150 0.0000005965 2575.5000000000 5150 1 
5151 0.0000005958 2576.0000000000 5151 1 
5152 0.0000005881 2576.5000000000 5152 1 
5153 0.0000005975 2577.0000000000 5153 1 
5154 0.0000005937 2577.5000000000 5154 1 
5155 0.0000005930 2578.0000000000 5155 1 
5156 0.0000005946 2578.5000000000 5156 1 
5157 0.0000005891 2579.0000000000 5157 1 
5158 0.0000005981 2579.5000000000 5158 1 
5159 0.0000005902 2580.0000000000 5159 1 
5160 0.0000006023 2580.5000000000 5160 1 
5161 0.0000005981 2581.0000000000 5161 1 
5162 0.0000005934 2581.5000000000 5162 1 
5163 0.0000005942 2582.0000000000 5163 1 
5164 0.0000005897 2582.5000000000 5164 1 
5165 0.0000006014 2583.0000000000 5165 1 
5166 0.0000005978 2583.5000000000 5166 1 
5167 0.0000005957 2584.0000000000 5167 1 
5168 0.0000006022 2584.5000000000 5168 1 
5169 0.0000005926 2585.0000000000 5169 1 
5170 0.0000006000 2585.5000000000 5170 1 
5171 0.0000005916 2586.0000000000 5171 1 
5172 0.0000005957 2586.5000000000 5172 1 
5173 0.0000005948 2587.0000000000 5173 1 
5174 0.0000005949 2587.5000000000 5174 1 
5175 0.0000005977 2588.0000000000 5175 1 
5176 0.0000005920 2588.5000000000 5176 1 
5177 0.0000005975 2589.0000000000 5177 1 
5178 0.0000005969 2589.5000000000 5178 1 
5179 0.0000005972 2590.0000000000 5179 1 
5180 0.0000005958 2590.5000000000 5180 1 
5181 0.0000005960 2591.0000000000 5181 1 
5182 0.0000006065 2591.5000000000 5182 1 
5183 0.0000005923 2592.0000000000 5183 1 
5184 0.0000005970 2592.5000000000 5184 1 
5185 0.0000005977 2593.0000000000 5185 1 
5186 0.0000005972 2593.5000000000 5186 1 
5187 0.0000005963 2594.0000000000 5187 1 
5188 0.0000005939 2594.5000000000 5188 1 
5189 0.0000005966 2595.0000000000 5189 1 
5190 0.0000005967 2595.5000000000 5190 1 
5191 0.0000005970 2596.0000000000 5191 1 
5192 0.0000005994 2596.5000000000 5192 1 
5193 0.0000005964 2597.0000000000 5193 1 
5194 0.0000006030 2597.5000000000 5194 1 
5195 0.0000006019 2598.0000000000 5195 1 
5196 0.0000006008 2598.5000000000 5196 1 
5197 0.0000006027 2599.0000000000 5197 1 
5198 0.0000005981 2599.5000000000 5198 1 
5199 0.0000005986 2600.0000000000 5199 1 
5200 0.0000005944 2600.5000000000 5200 1 
5201 0.0000005991 2601.0000000000 5201 1 
5202 0.0000006044 2601.5000000000 5202 1 
5203 0.0000005939 2602.0000000000 5203 1 
5204 0.0000006026 2602.5000000000 5204 1 
5205 0.0000005985 2603.0000000000 5205 1 
5206 0.0000006020 2603.5000000000 5206 1 
5207 0.0000006021 2604.0000000000 5207 1 
5208 0.0000005962 2604.5000000000 5208 1 
5209 0.0000006030 2605.0000000000 5209 1 
5210 0.0000005958 2605.5000000000 5210 1 
5211 0.0000006001 2606.0000000000 5211 1 
5212 0.0000005954 2606.5000000000 5212 1 
5213 0.0000006045 2607.0000000000 5213 1 
5214 0.0000006030 2607.5000000000 5214 1 
5215 0.0000005952 2608.0000000000 5215 1 
5216 0.0000006037 2608.5000000000 5216 1 
5217 0.0000006000 2609.0000000000 5217 1 
5218 0.0000006010 2609.5000000000 5218 1 
5219 0.0000006005 2610.0000000000 5219 1 
5220 0.0000005998 2610.5000000000 5220 1 
5221 0.0000006020 2611.0000000000 5221 1 
5222 0.0000005961 2611.5000000000 5222 1 
5223 0.0000006041 2612.0000000000 5223 1 
5224 0.0000006032 2612.5000000000 5224 1 
5225 0.0000005998 2613.0000000000 5225 1 
5226 0.0000006010 2613.5000000000 5226 1 
5227 0.0000006030 2614.0000000000 5227 1 
5228 0.0000006044 2614.5000000000 5228 1 
5229 0.0000006020 2615.0000000000 5229 1 
5230 0.0000006000 2615.5000000000 5230 1 
5231 0.0000006016 2616.0000000000 5231 1 
5232 0.0000006038 2616.5000000000 5232 1 
5233 0.0000006014 2617.0000000000 5233 1 
5234 0.0000006024 2617.5000000000 5234 1 
5235 0.0000006057 2618.0000000000 5235 1 
5236 0.0000006073 2618.5000000000 5236 1 
5237 0.0000005992 2619.0000000000 5237 1 
5238 0.0000006019 2619.5000000000 5238 1 
5239 0.0000006007 2620.0000000000 5239 1 
5240 0.0000006027 2620.5000000000 5240 1 
5241 0.0000006047 2621.0000000000 5241 1 
5242 0.0000006030 2621.5000000000 5242 1 
5243 0.0000006105 2622.0000000000 5243 1 
5244 0.0000006011 2622.5000000000 5244 1 
5245 0.0000006031 2623.0000000000 5245 1 
5246 0.0000006035 2623.5000000000 5246 1 
5247 0.0000006030 2624.0000000000 5247 1 
5248 0.0000006042 2624.5000000000 5248 1 
5249 0.0000005997 2625.0000000000 5249 1 
5250 0.0000006051 2625.5000000000 5250 1 
5251 0.0000006111 2626.0000000000 5251 1 
5252 0.0000005994 2626.5000000000 5252 1 
5253 0.0000006067 2627.0000000000 5253 1 
5254 0.0000006032 2627.5000000000 5254 1 
5255 0.0000006076 2628.0000000000 5255 1 
5256 0.0000006045 2628.5000000000 5256 1 
5257 0.0000006013 2629.0000000000 5257 1 
5258 0.0000006050 2629.5000000000 5258 1 
5259 0.0000006045 2630.0000000000 5259 1 
5260 0.0000006038 2630.5000000000 5260 1 
5261 0.0000006063 2631.0000000000 5261 1 
5262 0.0000006024 2631.5000000000 5262 1 
5263 0.0000006092 2632.0000000000 5263 1 
5264 0.0000006035 2632.5000000000 5264 1 
5265 0.0000006013 2633.0000000000 5265 1 
5266 0.0000006092 2633.5000000000 5266 1 
5267 0.0000006034 2634.0000000000 5267 1 
5268 0.0000006052 2634.5000000000 5268 1 
5269 0.0000006054 2635.0000000000 5269 1 
5270 0.0000006059 2635.5000000000 5270 1 
5271 0.0000006056 2636.0000000000 5271 1 
5272 0.0000006072 2636.5000000000 5272 1 
5273 0.0000006097 2637.0000000000 5273 1 
5274 0.0000006098 2637.5000000000 5274 1 
5275 0.0000006021 2638.0000000000 5275 1 
5276 0.0000006101 2638.5000000000 5276 1 
5277 0.0000006028 2639.0000000000 5277 1 
5278 0.0000006127 2639.5000000000 5278 1 
5279 0.0000006075 2640.0000000000 5279 1 
5280 0.0000006032 2640.5000000000 5280 1 
5281 0.0000006067 2641.0000000000 5281 1 
5282 0.0000006062 2641.5000000000 5282 1 
5283 0.0000006108 2642.0000000000 5283 1 
5284 0.0000006077 2642.5000000000 5284 1 
5285 0.0000006081 2643.0000000000 5285 1 
5286 0.0000006073 2643.5000000000 5286 1 
5287 0.0000006036 2644.0000000000 5287 1 
5288 0.0000006137 2644.5000000000 5288 1 
5289 0.0000006126 2645.0000000000 5289 1 
5290 0.0000006036 2645.5000000000 5290 1 
5291 0.0000006078 2646.0000000000 5291 1 
5292 0.0000006098 2646.5000000000 5292 1 
5293 0.0000006104 2647.0000000000 5293 1 
5294 0.0000006079 2647.5000000000 5294 1 
5295 0.0000006057 2648.0000000000 5295 1 
5296 0.0000006084 2648.5000000000 5296 1 
5297 0.0000006120 2649.0000000000 5297 1 
5298 0.0000006059 2649.5000000000 5298 1 
5299 0.0000006088 2650.0000000000 5299 1 
5300 0.0000006081 2650.5000000000 5300 1 
5301 0.0000006171 2651.0000000000 5301 1 
5302 0.0000006230 2651.5000000000 5302 1 
5303 0.0000006085 2652.0000000000 5303 1 
5304 0.0000006184 2652.5000000000 5304 1 
5305 0.0000006060 2653.0000000000 5305 1 
5306 0.0000006116 2653.5000000000 5306 1 
5307 0.0000006277 2654.0000000000 5307 1 
5308 0.0000006098 2654.5000000000 5308 1 
5309 0.0000006110 2655.0000000000 5309 1 
5310 0.0000006087 2655.5000000000 5310 1 
5311 0.0000006134 2656.0000000000 5311 1 
5312 0.0000006133 2656.5000000000 5312 1 
5313 0.0000006070 2657.0000000000 5313 1 
5314 0.0000006135 2657.5000000000 5314 1 
5315 0.0000006214 2658.0000000000 5315 1 
5316 0.0000006078 2658.5000000000 5316 1 
5317 0.0000006118 2659.0000000000 5317 1 
5318 0.0000006081 2659.5000000000 5318 1 
5319 0.0000006161 2660.0000000000 5319 1 
5320 0.0000006107 2660.5000000000 5320 1 
5321 0.0000006076 2661.0000000000 5321 1 
5322 0.0000006157 2661.5000000000 5322 1 
5323 0.0000006115 2662.0000000000 5323 1 
5324 0.0000006125 2662.5000000000 5324 1 
5325 0.0000006193 2663.0000000000 5325 1 
5326 0.0000006142 2663.5000000000 5326 1 
5327 0.0000006219 2664.0000000000 5327 1 
5328 0.0000006162 2664.5000000000 5328 1 
5329 0.0000006087 2665.0000000000 5329 1 
5330 0.0000006184 2665.5000000000 5330 1 
5331 0.0000006098 2666.0000000000 5331 1 
5332 0.0000006131 2666.5000000000 5332 1 
5333 0.0000006158 2667.0000000000 5333 1 
5334 0.0000006104 2667.5000000000 5334 1 
5335 0.0000006135 2668.0000000000 5335 1 
5336 0.0000006143 2668.5000000000 5336 1 
5337 0.0000006140 2669.0000000000 5337 1 
5338 0.0000006130 2669.5000000000 5338 1 
5339 0.0000006099 2670.0000000000 5339 1 
5340 0.0000006144 2670.5000000000 5340 1 
5341 0.0000006195 2671.0000000000 5341 1 
5342 0.0000006118 2671.5000000000 5342 1 
5343 0.0000006150 2672.0000000000 5343 1 
5344 0.0000006117 2672.5000000000 5344 1 
5345 0.0000006172 2673.0000000000 5345 1 
5346 0.0000006149 2673.5000000000 5346 1 
5347 0.0000006106 2674.0000000000 5347 1 
5348 0.0000006199 2674.5000000000 5348 1 
5349 0.0000006164 2675.0000000000 5349 1 
5350 0.0000006125 2675.5000000000 5350 1 
5351 0.0000006182 2676.0000000000 5351 1 
5352 0.0000006166 2676.5000000000 5352 1 
5353 0.0000006148 2677.0000000000 5353 1 
5354 0.0000006188 2677.5000000000 5354 1 
5355 0.0000006161 2678.0000000000 5355 1 
5356 0.0000006208 2678.5000000000 5356 1 
5357 0.0000006153 2679.0000000000 5357 1 
5358 0.0000006133 2679.5000000000 5358 1 
5359 0.0000006199 2680.0000000000 5359 1 
5360 0.0000006114 2680.5000000000 5360 1 
5361 0.0000006200 2681.0000000000 5361 1 
5362 0.0000006154 2681.5000000000 5362 1 
5363 0.0000006157 2682.0000000000 5363 1 
5364 0.0000006180 2682.5000000000 5364 1 
5365 0.0000006240 2683.0000000000 5365 1 
5366 0.0000006150 2683.5000000000 5366 1 
5367 0.0000006259 2684.0000000000 5367 1 
5368 0.0000006123 2684.5000000000 5368 1 
5369 0.0000006210 2685.0000000000 5369 1 
5370 0.0000006216 2685.5000000000 5370 1 
5371 0.0000006125 2686.0000000000 5371 1 
5372 0.0000006199 2686.5000000000 5372 1 
5373 0.0000006172 2687.0000000000 5373 1 
5374 0.0000006165 2687.5000000000 5374 1 
5375 0.0000006175 2688.0000000000 5375 1 
5376 0.0000006148 2688.5000000000 5376 1 
5377 0.0000006217 2689.0000000000 5377 1 
5378 0.0000006183 2689.5000000000 5378 1 
5379 0.0000006150 2690.0000000000 5379 1 
5380 0.0000006206 2690.5000000000 5380 1 
5381 0.0000006242 2691.0000000000 5381 1 
5382 0.0000006148 2691.5000000000 5382 1 
5383 0.0000006181 2692.0000000000 5383 1 
5384 0.0000006230 2692.5000000000 5384 1 
5385 0.0000006163 2693.0000000000 5385 1 
5386 0.0000006190 2693.5000000000 5386 1 
5387 0.0000006178 2694.0000000000 5387 1 
5388 0.0000006229 2694.5000000000 5388 1 
5389 0.0000006187 2695.0000000000 5389 1 
5390 0.0000006148 2695.5000000000 5390 1 
5391 0.0000006197 2696.0000000000 5391 1 
5392 0.0000006231 2696.5000000000 5392 1 
5393 0.0000006152 2697.0000000000 5393 1 
5394 0.0000006198 2697.5000000000 5394 1 
5395 0.0000006215 2698.0000000000 5395 1 
5396 0.0000006201 2698.5000000000 5396 1 
5397 0.0000006205 2699.0000000000 5397 1 
5398 0.0000006187 2699.5000000000 5398 1 
5399 0.0000006273 2700.0000000000 5399 1 
5400 0.0000006215 2700.5000000000 5400 1 
5401 0.0000006227 2701.0000000000 5401 1 
5402 0.0000006248 2701.5000000000 5402 1 
5403 0.0000006221 2702.0000000000 5403 1 
5404 0.0000006184 2702.5000000000 5404 1 
5405 0.0000006253 2703.0000000000 5405 1 
5406 0.0000006225 2703.5000000000 5406 1 
5407 0.0000006235 2704.0000000000 5407 1 
5408 0.0000006215 2704.5000000000 5408 1 
5409 0.0000006184 2705.0000000000 5409 1 
5410 0.0000006251 2705.5000000000 5410 1 
5411 0.0000006245 2706.0000000000 5411 1 
5412 0.0000006175 2706.5000000000 5412 1 
5413 0.0000006270 2707.0000000000 5413 1 
5414 0.0000006239 2707.5000000000 5414 1 
5415 0.0000006190 2708.0000000000 5415 1 
5416 0.0000006241 2708.5000000000 5416 1 
5417 0.0000006212 2709.0000000000 5417 1 
5418 0.0000006322 2709.5000000000 5418 1 
5419 0.0000006219 2710.0000000000 5419 1 
5420 0.0000006216 2710.5000000000 5420 1 
5421 0.0000006231 2711.0000000000 5421 1 
5422 0.0000006236 2711.5000000000 5422 1 
5423 0.0000006190 2712.0000000000 5423 1 
5424 0.0000006241 2712.5000000000 5424 1 
5425 0.0000006256 2713.0000000000 5425 1 
5426 0.0000006196 2713.5000000000 5426 1 
5427 0.0000006276 2714.0000000000 5427 1 
5428 0.0000006197 2714.5000000000 5428 1 
5429 0.0000006239 2715.0000000000 5429 1 
5430 0.0000006276 2715.5000000000 5430 1 
5431 0.0000006227 2716.0000000000 5431 1 
5432 0.0000006325 2716.5000000000 5432 1 
5433 0.0000006282 2717.0000000000 5433 1 
5434 0.0000006227 2717.5000000000 5434 1 
5435 0.0000006335 2718.0000000000 5435 1 
5436 0.0000006271 2718.5000000000 5436 1 
5437 0.0000006207 2719.0000000000 5437 1 
5438 0.0000006333 2719.5000000000 5438 1 
5439 0.0000006244 2720.0000000000 5439 1 
5440 0.0000006213 2720.5000000000 5440 1 
5441 0.0000006256 2721.0000000000 5441 1 
5442 0.0000006248 2721.5000000000 5442 1 
5443 0.0000006292 2722.0000000000 5443 1 
5444 0.0000006277 2722.5000000000 5444 1 
5445 0.0000006242 2723.0000000000 5445 1 
5446 0.0000006249 2723.5000000000 5446 1 
5447 0.0000006262 2724.0000000000 5447 1 
5448 0.0000006213 2724.5000000000 5448 1 
5449 0.0000006295 2725.0000000000 5449 1 
5450 0.0000006264 2725.5000000000 5450 1 
5451 0.0000006223 2726.0000000000 5451 1 
5452 0.0000006297 2726.5000000000 5452 1 
5453 0.0000006288 2727.0000000000 5453 1 
5454 0.0000006236 2727.5000000000 5454 1 
5455 0.0000006293 2728.0000000000 5455 1 
5456 0.0000006283 2728.5000000000 5456 1 
5457 0.0000006269 2729.0000000000 5457 1 
5458 0.0000006270 2729.5000000000 5458 1 
5459 0.0000006236 2730.0000000000 5459 1 
5460 0.0000006333 2730.5000000000 5460 1 
5461 0.0000006272 2731.0000000000 5461 1 
5462 0.0000006249 2731.5000000000 5462 1 
5463 0.0000006315 2732.0000000000 5463 1 
5464 0.0000006287 2732.5000000000 5464 1 
5465 0.0000006265 2733.0000000000 5465 1 
5466 0.0000006348 2733.5000000000 5466 1 
5467 0.0000006278 2734.0000000000 5467 1 
5468 0.0000006236 2734.5000000000 5468 1 
5469 0.0000006334 2735.0000000000 5469 1 
5470 0.0000006325 2735.5000000000 5470 1 
5471 0.0000006264 2736.0000000000 5471 1 
5472 0.0000006332 2736.5000000000 5472 1 
5473 0.0000006390 2737.0000000000 5473 1 
5474 0.0000006242 2737.5000000000 5474 1 
5475 0.0000006325 2738.0000000000 5475 1 
5476 0.0000006260 2738.5000000000 5476 1 
5477 0.0000006317 2739.0000000000 5477 1 
5478 0.0000006285 2739.5000000000 5478 1 
5479 0.0000006258 2740.0000000000 5479 1 
5480 0.0000006316 2740.5000000000 5480 1 
5481 0.0000006355 2741.0000000000 5481 1 
5482 0.0000006277 2741.5000000000 5482 1 
5483 0.0000006305 2742.0000000000 5483 1 
5484 0.0000006326 2742.5000000000 5484 1 
5485 0.0000006281 2743.0000000000 5485 1 
5486 0.0000006296 2743.5000000000 5486 1 
5487 0.0000006351 2744.0000000000 5487 1 
5488 0.0000006257 2744.5000000000 5488 1 
5489 0.0000006302 2745.0000000000 5489 1 
5490 0.0000006313 2745.5000000000 5490 1 
5491 0.0000006294 2746.0000000000 5491 1 
5492 0.0000006367 2746.5000000000 5492 1 
5493 0.0000006339 2747.0000000000 5493 1 
5494 0.0000006403 2747.5000000000 5494 1 
5495 0.0000006329 2748.0000000000 5495 1 
5496 0.0000006334 2748.5000000000 5496 1 
5497 0.0000006267 2749.0000000000 5497 1 
5498 0.0000006337 2749.5000000000 5498 1 
5499 0.0000006387 2750.0000000000 5499 1 
5500 0.0000006271 2750.5000000000 5500 1 
5501 0.0000006361 2751.0000000000 5501 1 
5502 0.0000006329 2751.5000000000 5502 1 
5503 0.0000006286 2752.0000000000 5503 1 
5504 0.0000006343 2752.5000000000 5504 1 
5505 0.0000006327 2753.0000000000 5505 1 
5506 0.0000006333 2753.5000000000 5506 1 
5507 0.0000006341 2754.0000000000 5507 1 
5508 0.0000006311 2754.5000000000 5508 1 
5509 0.0000006322 2755.0000000000 5509 1 
5510 0.0000006388 2755.5000000000 5510 1 
5511 0.0000006316 2756.0000000000 5511 1 
5512 0.0000006357 2756.5000000000 5512 1 
5513 0.0000006419 2757.0000000000 5513 1 
5514 0.0000006335 2757.5000000000 5514 1 
5515 0.0000006513 2758.0000000000 5515 1 
5516 0.0000006352 2758.5000000000 5516 1 
5517 0.0000006304 2759.0000000000 5517 1 
5518 0.0000006356 2759.5000000000 5518 1 
5519 0.0000006353 2760.0000000000 5519 1 
5520 0.0000006337 2760.5000000000 5520 1 
5521 0.0000006361 2761.0000000000 5521 1 
5522 0.0000006396 2761.5000000000 5522 1 
5523 0.0000006297 2762.0000000000 5523 1 
5524 0.0000006347 2762.5000000000 5524 1 
5525 0.0000006378 2763.0000000000 5525 1 
5526 0.0000006314 2763.5000000000 5526 1 
5527 0.0000006351 2764.0000000000 5527 1 
5528 0.0000006391 2764.5000000000 5528 1 
5529 0.0000006359 2765.0000000000 5529 1 
5530 0.0000006385 2765.5000000000 5530 1 
5531 0.0000006344 2766.0000000000 5531 1 
5532 0.0000006372 2766.5000000000 5532 1 
5533 0.0000006385 2767.0000000000 5533 1 
5534 0.0000006353 2767.5000000000 5534 1 
5535 0.0000006343 2768.0000000000 5535 1 
5536 0.0000006391 2768.5000000000 5536 1 
5537 0.0000006359 2769.0000000000 5537 1 
5538 0.0000006329 2769.5000000000 5538 1 
5539 0.0000006418 2770.0000000000 5539 1 
5540 0.0000006354 2770.5000000000 5540 1 
5541 0.0000006335 2771.0000000000 5541 1 
5542 0.0000006395 2771.5000000000 5542 1 
5543 0.0000006358 2772.0000000000 5543 1 
5544 0.0000006344 2772.5000000000 5544 1 
5545 0.0000006359 2773.0000000000 5545 1 
5546 0.0000006412 2773.5000000000 5546 1 
5547 0.0000006337 2774.0000000000 5547 1 
5548 0.0000006386 2774.5000000000 5548 1 
5549 0.0000006392 2775.0000000000 5549 1 
5550 0.0000006375 2775.5000000000 5550 1 
5551 0.0000006399 2776.0000000000 5551 1 
5552 0.0000006394 2776.5000000000 5552 1 
5553 0.0000006386 2777.0000000000 5553 1 
5554 0.0000006395 2777.5000000000 5554 1 
5555 0.0000006387 2778.0000000000 5555 1 
5556 0.0000006370 2778.5000000000 5556 1 
5557 0.0000006390 2779.0000000000 5557 1 
5558 0.0000006385 2779.5000000000 5558 1 
5559 0.0000006377 2780.0000000000 5559 1 
5560 0.0000006383 2780.5000000000 5560 1 
5561 0.0000006393 2781.0000000000 5561 1 
5562 0.0000006347 2781.5000000000 5562 1 
5563 0.0000006453 2782.0000000000 5563 1 
5564 0.0000006423 2782.5000000000 5564 1 
5565 0.0000006350 2783.0000000000 5565 1 
5566 0.0000006421 2783.5000000000 5566 1 
5567 0.0000006400 2784.0000000000 5567 1 
5568 0.0000006347 2784.5000000000 5568 1 
5569 0.0000006403 2785.0000000000 5569 1 
5570 0.0000006469 2785.5000000000 5570 1 
5571 0.0000006349 2786.0000000000 5571 1 
5572 0.0000006402 2786.5000000000 5572 1 
5573 0.0000006424 2787.0000000000 5573 1 
5574 0.0000006378 2787.5000000000 5574 1 
5575 0.0000006407 2788.0000000000 5575 1 
5576 0.0000006469 2788.5000000000 5576 1 
5577 0.0000006434 2789.0000000000 5577 1 
5578 0.0000006368 2789.5000000000 5578 1 
5579 0.0000006404 2790.0000000000 5579 1 
5580 0.0000006523 2790.5000000000 5580 1 
5581 0.0000006363 2791.0000000000 5581 1 
5582 0.0000006433 2791.5000000000 5582 1 
5583 0.0000006434 2792.0000000000 5583 1 
5584 0.0000006379 2792.5000000000 5584 1 
5585 0.0000006410 2793.0000000000 5585 1 
5586 0.0000006427 2793.5000000000 5586 1 
5587 0.0000006408 2794.0000000000 5587 1 
5588 0.0000006408 2794.5000000000 5588 1 
5589 0.0000006413 2795.0000000000 5589 1 
5590 0.0000006410 2795.5000000000 5590 1 
5591 0.0000006426 2796.0000000000 5591 1 
5592 0.0000006427 2796.5000000000 5592 1 
5593 0.0000006506 2797.0000000000 5593 1 
5594 0.0000006418 2797.5000000000 5594 1 
5595 0.0000006427 2798.0000000000 5595 1 
5596 0.0000006383 2798.5000000000 5596 1 
5597 0.0000006466 2799.0000000000 5597 1 
5598 0.0000006452 2799.5000000000 5598 1 
5599 0.0000006381 2800.0000000000 5599 1 
5600 0.0000006491 2800.5000000000 5600 1 
5601 0.0000006460 2801.0000000000 5601 1 
5602 0.0000006392 2801.5000000000 5602 1 
5603 0.0000006473 2802.0000000000 5603 1 
5604 0.0000006433 2802.5000000000 5604 1 
5605 0.0000006435 2803.0000000000 5605 1 
5606 0.0000006416 2803.5000000000 5606 1 
5607 0.0000006467 2804.0000000000 5607 1 
5608 0.0000006453 2804.5000000000 5608 1 
5609 0.0000006399 2805.0000000000 5609 1 
5610 0.0000006463 2805.5000000000 5610 1 
5611 0.0000006450 2806.0000000000 5611 1 
5612 0.0000006418 2806.5000000000 5612 1 
5613 0.0000006467 2807.0000000000 5613 1 
5614 0.0000006454 2807.5000000000 5614 1 
5615 0.0000006420 2808.0000000000 5615 1 
5616 0.0000006444 2808.5000000000 5616 1 
5617 0.0000006503 2809.0000000000 5617 1 
5618 0.0000006410 2809.5000000000 5618 1 
5619 0.0000006455 2810.0000000000 5619 1 
5620 0.0000006482 2810.5000000000 5620 1 
5621 0.0000006406 2811.0000000000 5621 1 
5622 0.0000006469 2811.5000000000 5622 1 
5623 0.0000006513 2812.0000000000 5623 1 
5624 0.0000006474 2812.5000000000 5624 1 
5625 0.0000006423 2813.0000000000 5625 1 
5626 0.0000006491 2813.5000000000 5626 1 
5627 0.0000006469 2814.0000000000 5627 1 
5628 0.0000006421 2814.5000000000 5628 1 
5629 0.0000006459 2815.0000000000 5629 1 
5630 0.0000006481 2815.5000000000 5630 1 
5631 0.0000006423 2816.0000000000 5631 1 
5632 0.0000006463 2816.5000000000 5632 1 
5633 0.0000006503 2817.0000000000 5633 1 
5634 0.0000006441 2817.5000000000 5634 1 
5635 0.0000006534 2818.0000000000 5635 1 
5636 0.0000006466 2818.5000000000 5636 1 
5637 0.0000006456 2819.0000000000 5637 1 
5638 0.0000006483 2819.5000000000 5638 1 
5639 0.0000006489 2820.0000000000 5639 1 
5640 0.0000006507 2820.5000000000 5640 1 
5641 0.0000006444 2821.0000000000 5641 1 
5642 0.0000006503 2821.5000000000 5642 1 
5643 0.0000006520 2822.0000000000 5643 1 
5644 0.0000006442 2822.5000000000 5644 1 
5645 0.0000006501 2823.0000000000 5645 1 
5646 0.0000006516 2823.5000000000 5646 1 
5647 0.0000006464 2824.0000000000 5647 1 
5648 0.0000006507 2824.5000000000 5648 1 
5649 0.0000006479 2825.0000000000 5649 1 
5650 0.0000006481 2825.5000000000 5650 1 
5651 0.0000006530 2826.0000000000 5651 1 
5652 0.0000006647 2826.5000000000 5652 1 
5653 0.0000006577 2827.0000000000 5653 1 
5654 0.0000006489 2827.5000000000 5654 1 
5655 0.0000006500 2828.0000000000 5655 1 
5656 0.0000006513 2828.5000000000 5656 1 
5657 0.0000006472 2829.0000000000 5657 1 
5658 0.0000006534 2829.5000000000 5658 1 
5659 0.0000006494 2830.0000000000 5659 1 
5660 0.0000006491 2830.5000000000 5660 1 
5661 0.0000006520 2831.0000000000 5661 1 
5662 0.0000006498 2831.5000000000 5662 1 
5663 0.0000006580 2832.0000000000 5663 1 
5664 0.0000006462 2832.5000000000 5664 1 
5665 0.0000006614 2833.0000000000 5665 1 
5666 0.0000006532 2833.5000000000 5666 1 
5667 0.0000006457 2834.0000000000 5667 1 
5668 0.0000006510 2834.5000000000 5668 1 
5669 0.0000006574 2835.0000000000 5669 1 
5670 0.0000006473 2835.5000000000 5670 1 
5671 0.0000006546 2836.0000000000 5671 1 
5672 0.0000006527 2836.5000000000 5672 1 
5673 0.0000006563 2837.0000000000 5673 1 
5674 0.0000006472 2837.5000000000 5674 1 
5675 0.0000006516 2838.0000000000 5675 1 
5676 0.0000006556 2838.5000000000 5676 1 
5677 0.0000006479 2839.0000000000 5677 1 
5678 0.0000006508 2839.5000000000 5678 1 
5679 0.0000006561 2840.0000000000 5679 1 
5680 0.0000006484 2840.5000000000 5680 1 
5681 0.0000006515 2841.0000000000 5681 1 
5682 0.0000006591 2841.5000000000 5682 1 
5683 0.0000006657 2842.0000000000 5683 1 
5684 0.0000006492 2842.5000000000 5684 1 
5685 0.0000006542 2843.0000000000 5685 1 
5686 0.0000006542 2843.5000000000 5686 1 
5687 0.0000006496 2844.0000000000 5687 1 
5688 0.0000006526 2844.5000000000 5688 1 
5689 0.0000006569 2845.0000000000 5689 1 
5690 0.0000006490 2845.5000000000 5690 1 
5691 0.0000006528 2846.0000000000 5691 1 
5692 0.0000006620 2846.5000000000 5692 1 
5693 0.0000006589 2847.0000000000 5693 1 
5694 0.0000006495 2847.5000000000 5694 1 
5695 0.0000006555 2848.0000000000 5695 1 
5696 0.0000006536 2848.5000000000 5696 1 
5697 0.0000006526 2849.0000000000 5697 1 
5698 0.0000006530 2849.5000000000 5698 1 
5699 0.0000006568 2850.0000000000 5699 1 
5700 0.0000006528 2850.5000000000 5700 1 
5701 0.0000006557 2851.0000000000 5701 1 
5702 0.0000006564 2851.5000000000 5702 1 
5703 0.0000006581 2852.0000000000 5703 1 
5704 0.0000006511 2852.5000000000 5704 1 
5705 0.0000006591 2853.0000000000 5705 1 
5706 0.0000006535 2853.5000000000 5706 1 
5707 0.0000006510 2854.0000000000 5707 1 
5708 0.0000006610 2854.5000000000 5708 1 
5709 0.0000006581 2855.0000000000 5709 1 
5710 0.0000006559 2855.5000000000 5710 1 
5711 0.0000006612 2856.0000000000 5711 1 
5712 0.0000006625 2856.5000000000 5712 1 
5713 0.0000006609 2857.0000000000 5713 1 
5714 0.0000006516 2857.5000000000 5714 1 
5715 0.0000006625 2858.0000000000 5715 1 
5716 0.0000006666 2858.5000000000 5716 1 
5717 0.0000006570 2859.0000000000 5717 1 
5718 0.0000006565 2859.5000000000 5718 1 
5719 0.0000006564 2860.0000000000 5719 1 
5720 0.0000006584 2860.5000000000 5720 1 
5721 0.0000006569 2861.0000000000 5721 1 
5722 0.0000006599 2861.5000000000 5722 1 
5723 0.0000006572 2862.0000000000 5723 1 
5724 0.0000006579 2862.5000000000 5724 1 
5725 0.0000006550 2863.0000000000 5725 1 
5726 0.0000006589 2863.5000000000 5726 1 
5727 0.0000006600 2864.0000000000 5727 1 
5728 0.0000006542 2864.5000000000 5728 1 
5729 0.0000006586 2865.0000000000 5729 1 
5730 0.0000006585 2865.5000000000 5730 1 
5731 0.0000006545 2866.0000000000 5731 1 
5732 0.0000006588 2866.5000000000 5732 1 
5733 0.0000006579 2867.0000000000 5733 1 
5734 0.0000006624 2867.5000000000 5734 1 
5735 0.0000006541 2868.0000000000 5735 1 
5736 0.0000006604 2868.5000000000 5736 1 
5737 0.0000006655 2869.0000000000 5737 1 
5738 0.0000006544 2869.5000000000 5738 1 
5739 0.0000006616 2870.0000000000 5739 1 
5740 0.0000006631 2870.5000000000 5740 1 
5741 0.0000006609 2871.0000000000 5741 1 
5742 0.0000006573 2871.5000000000 5742 1 
5743 0.0000006638 2872.0000000000 5743 1 
5744 0.0000006589 2872.5000000000 5744 1 
5745 0.0000006590 2873.0000000000 5745 1 
5746 0.0000006578 2873.5000000000 5746 1 
5747 0.0000006635 2874.0000000000 5747 1 
5748 0.0000006602 2874.5000000000 5748 1 
5749 0.0000006556 2875.0000000000 5749 1 
5750 0.0000006640 2875.5000000000 5750 1 
5751 0.0000006587 2876.0000000000 5751 1 
5752 0.0000006586 2876.5000000000 5752 1 
5753 0.0000006628 2877.0000000000 5753 1 
5754 0.0000006627 2877.5000000000 5754 1 
5755 0.0000006619 2878.0000000000 5755 1 
5756 0.0000006600 2878.5000000000 5756 1 
5757 0.0000006601 2879.0000000000 5757 1 
5758 0.0000006610 2879.5000000000 5758 1 
5759 0.0000006723 2880.0000000000 5759 1 
5760 0.0000006597 2880.5000000000 5760 1 
5761 0.0000006669 2881.0000000000 5761 1 
5762 0.0000006645 2881.5000000000 5762 1 
5763 0.0000006582 2882.0000000000 5763 1 
5764 0.0000006601 2882.5000000000 5764 1 
5765 0.0000006611 2883.0000000000 5765 1 
5766 0.0000006646 2883.5000000000 5766 1 
5767 0.0000006577 2884.0000000000 5767 1 
5768 0.0000006642 2884.5000000000 5768 1 
5769 0.0000006660 2885.0000000000 5769 1 
5770 0.0000006581 2885.5000000000 5770 1 
5771 0.0000006683 2886.0000000000 5771 1 
5772 0.0000006724 2886.5000000000 5772 1 
5773 0.0000006666 2887.0000000000 5773 1 
5774 0.0000006590 2887.5000000000 5774 1 
5775 0.0000006653 2888.0000000000 5775 1 
5776 0.0000006636 2888.5000000000 5776 1 
5777 0.0000006638 2889.0000000000 5777 1 
5778 0.0000006613 2889.5000000000 5778 1 
5779 0.0000006641 2890.0000000000 5779 1 
5780 0.0000006657 2890.5000000000 5780 1 
5781 0.0000006674 2891.0000000000 5781 1 
5782 0.0000006660 2891.5000000000 5782 1 
5783 0.0000006654 2892.0000000000 5783 1 
5784 0.0000006701 2892.5000000000 5784 1 
5785 0.0000006589 2893.0000000000 5785 1 
5786 0.0000006647 2893.5000000000 5786 1 
5787 0.0000006660 2894.0000000000 5787 1 
5788 0.0000006672 2894.5000000000 5788 1 
5789 0.0000006619 2895.0000000000 5789 1 
5790 0.0000006663 2895.5000000000 5790 1 
5791 0.0000006681 2896.0000000000 5791 1 
5792 0.0000006613 2896.5000000000 5792 1 
5793 0.0000006636 2897.0000000000 5793 1 
5794 0.0000006688 2897.5000000000 5794 1 
5795 0.0000006644 2898.0000000000 5795 1 
5796 0.0000006608 2898.5000000000 5796 1 
5797 0.0000006702 2899.0000000000 5797 1 
5798 0.0000006647 2899.5000000000 5798 1 
5799 0.0000006655 2900.0000000000 5799 1 
5800 0.0000006686 2900.5000000000 5800 1 
5801 0.0000006651 2901.0000000000 5801 1 
5802 0.0000006655 2901.5000000000 5802 1 
5803 0.0000006655 2902.0000000000 5803 1 
5804 0.0000006690 2902.5000000000 5804 1 
5805 0.0000006680 2903.0000000000 5805 1 
5806 0.0000006652 2903.5000000000 5806 1 
5807 0.0000006687 2904.0000000000 5807 1 
5808 0.0000006665 2904.5000000000 5808 1 
5809 0.0000006702 2905.0000000000 5809 1 
5810 0.0000006744 2905.5000000000 5810 1 
5811 0.0000006646 2906.0000000000 5811 1 
5812 0.0000006709 2906.5000000000 5812 1 
5813 0.0000006687 2907.0000000000 5813 1 
5814 0.0000006701 2907.5000000000 5814 1 
5815 0.0000006664 2908.0000000000 5815 1 
5816 0.0000006668 2908.5000000000 5816 1 
5817 0.0000006682 2909.0000000000 5817 1 
5818 0.0000006633 2909.5000000000 5818 1 
5819 0.0000006754 2910.0000000000 5819 1 
5820 0.0000006716 2910.5000000000 5820 1 
5821 0.0000006674 2911.0000000000 5821 1 
5822 0.0000006671 2911.5000000000 5822 1 
5823 0.0000006675 2912.0000000000 5823 1 
5824 0.0000006676 2912.5000000000 5824 1 
5825 0.0000006798 2913.0000000000 5825 1 
5826 0.0000006634 2913.5000000000 5826 1 
5827 0.0000006720 2914.0000000000 5827 1 
5828 0.0000006745 2914.5000000000 5828 1 
5829 0.0000006687 2915.0000000000 5829 1 
5830 0.0000006659 2915.5000000000 5830 1 
5831 0.0000006714 2916.0000000000 5831 1 
5832 0.0000006692 2916.5000000000 5832 1 
5833 0.0000006678 2917.0000000000 5833 1 
5834 0.0000006680 2917.5000000000 5834 1 
5835 0.0000006698 2918.0000000000 5835 1 
5836 0.0000006729 2918.5000000000 5836 1 
5837 0.0000006694 2919.0000000000 5837 1 
5838 0.0000006704 2919.5000000000 5838 1 
5839 0.0000006693 2920.0000000000 5839 1 
5840 0.0000006716 2920.5000000000 5840 1 
5841 0.0000006662 2921.0000000000 5841 1 
5842 0.0000006689 2921.5000000000 5842 1 
5843 0.0000006709 2922.0000000000 5843 1 
5844 0.0000006739 2922.5000000000 5844 1 
5845 0.0000006688 2923.0000000000 5845 1 
5846 0.0000006753 2923.5000000000 5846 1 
5847 0.0000006757 2924.0000000000 5847 1 
5848 0.0000006753 2924.5000000000 5848 1 
5849 0.0000006668 2925.0000000000 5849 1 
5850 0.0000006740 2925.5000000000 5850 1 
5851 0.0000006707 2926.0000000000 5851 1 
5852 0.0000006777 2926.5000000000 5852 1 
5853 0.0000006694 2927.0000000000 5853 1 
5854 0.0000006712 2927.5000000000 5854 1 
5855 0.0000006745 2928.0000000000 5855 1 
5856 0.0000006713 2928.5000000000 5856 1 
5857 0.0000006683 2929.0000000000 5857 1 
5858 0.0000006767 2929.5000000000 5858 1 
5859 0.0000006714 2930.0000000000 5859 1 
5860 0.0000006720 2930.5000000000 5860 1 
5861 0.0000006680 2931.0000000000 5861 1 
5862 0.0000006725 2931.5000000000 5862 1 
5863 0.0000006732 2932.0000000000 5863 1 
5864 0.0000006717 2932.5000000000 5864 1 
5865 0.0000006764 2933.0000000000 5865 1 
5866 0.0000006759 2933.5000000000 5866 1 
5867 0.0000006729 2934.0000000000 5867 1 
5868 0.0000006738 2934.5000000000 5868 1 
5869 0.0000006734 2935.0000000000 5869 1 
5870 0.0000006773 2935.5000000000 5870 1 
5871 0.0000006765 2936.0000000000 5871 1 
5872 0.0000006710 2936.5000000000 5872 1 
5873 0.0000006748 2937.0000000000 5873 1 
5874 0.0000006750 2937.5000000000 5874 1 
5875 0.0000006759 2938.0000000000 5875 1 
5876 0.0000006692 2938.5000000000 5876 1 
5877 0.0000006765 2939.0000000000 5877 1 
5878 0.0000006745 2939.5000000000 5878 1 
5879 0.0000006738 2940.0000000000 5879 1 
5880 0.0000006738 2940.5000000000 5880 1 
5881 0.0000006740 2941.0000000000 5881 1 
5882 0.0000006766 2941.5000000000 5882 1 
5883 0.0000006781 2942.0000000000 5883 1 
5884 0.0000006706 2942.5000000000 5884 1 
5885 0.0000006785 2943.0000000000 5885 1 
5886 0.0000006775 2943.5000000000 5886 1 
5887 0.0000006747 2944.0000000000 5887 1 
5888 0.0000006726 2944.5000000000 5888 1 
5889 0.0000006879 2945.0000000000 5889 1 
5890 0.0000006846 2945.5000000000 5890 1 
5891 0.0000006785 2946.0000000000 5891 1 
5892 0.0000006752 2946.5000000000 5892 1 
5893 0.0000006774 2947.0000000000 5893 1 
5894 0.0000006810 2947.5000000000 5894 1 
5895 0.0000006804 2948.0000000000 5895 1 
5896 0.0000006755 2948.5000000000 5896 1 
5897 0.0000006742 2949.0000000000 5897 1 
5898 0.0000006819 2949.5000000000 5898 1 
5899 0.0000006781 2950.0000000000 5899 1 
5900 0.0000006836 2950.5000000000 5900 1 
5901 0.0000006780 2951.0000000000 5901 1 
5902 0.0000006762 2951.5000000000 5902 1 
5903 0.0000006788 2952.0000000000 5903 1 
5904 0.0000006853 2952.5000000000 5904 1 
5905 0.0000006743 2953.0000000000 5905 1 
5906 0.0000006768 2953.5000000000 5906 1 
5907 0.0000006809 2954.0000000000 5907 1 
5908 0.0000006781 2954.5000000000 5908 1 
5909 0.0000006766 2955.0000000000 5909 1 
5910 0.0000006904 2955.5000000000 5910 1 
5911 0.0000006809 2956.0000000000 5911 1 
5912 0.0000006801 2956.5000000000 5912 1 
5913 0.0000006778 2957.0000000000 5913 1 
5914 0.0000006781 2957.5000000000 5914 1 
5915 0.0000006784 2958.0000000000 5915 1 
5916 0.0000006853 2958.5000000000 5916 1 
5917 0.0000006752 2959.0000000000 5917 1 
5918 0.0000006796 2959.5000000000 5918 1 
5919 0.0000006817 2960.0000000000 5919 1 
5920 0.0000006816 2960.5000000000 5920 1 
5921 0.0000006752 2961.0000000000 5921 1 
5922 0.0000006830 2961.5000000000 5922 1 
5923 0.0000006785 2962.0000000000 5923 1 
5924 0.0000006830 2962.5000000000 5924 1 
5925 0.0000006827 2963.0000000000 5925 1 
5926 0.0000006753 2963.5000000000 5926 1 
5927 0.0000006794 2964.0000000000 5927 1 
5928 0.0000006822 2964.5000000000 5928 1 
5929 0.0000006792 2965.0000000000 5929 1 
5930 0.0000006761 2965.5000000000 5930 1 
5931 0.0000006822 2966.0000000000 5931 1 
5932 0.0000006851 2966.5000000000 5932 1 
5933 0.0000006828 2967.0000000000 5933 1 
5934 0.0000006795 2967.5000000000 5934 1 
5935 0.0000006810 2968.0000000000 5935 1 
5936 0.0000006803 2968.5000000000 5936 1 
5937 0.0000006844 2969.0000000000 5937 1 
5938 0.0000006767 2969.5000000000 5938 1 
5939 0.0000006804 2970.0000000000 5939 1 
5940 0.0000006848 2970.5000000000 5940 1 
5941 0.0000006851 2971.0000000000 5941 1 
5942 0.0000006789 2971.5000000000 5942 1 
5943 0.0000006832 2972.0000000000 5943 1 
5944 0.0000006809 2972.5000000000 5944 1 
5945 0.0000006826 2973.0000000000 5945 1 
5946 0.0000006853 2973.5000000000 5946 1 
5947 0.0000006793 2974.0000000000 5947 1 
5948 0.0000006856 2974.5000000000 5948 1 
5949 0.0000006855 2975.0000000000 5949 1 
5950 0.0000006845 2975.5000000000 5950 1 
5951 0.0000006780 2976.0000000000 5951 1 
5952 0.0000006850 2976.5000000000 5952 1 
5953 0.0000006857 2977.0000000000 5953 1 
5954 0.0000006854 2977.5000000000 5954 1 
5955 0.0000006814 2978.0000000000 5955 1 
5956 0.0000006828 2978.5000000000 5956 1 
5957 0.0000006837 2979.0000000000 5957 1 
5958 0.0000006855 2979.5000000000 5958 1 
5959 0.0000006835 2980.0000000000 5959 1 
5960 0.0000006797 2980.5000000000 5960 1 
5961 0.0000006858 2981.0000000000 5961 1 
5962 0.0000006837 2981.5000000000 5962 1 
5963 0.0000006908 2982.0000000000 5963 1 
5964 0.0000006861 2982.5000000000 5964 1 
5965 0.0000006847 2983.0000000000 5965 1 
5966 0.0000006849 2983.5000000000 5966 1 
5967 0.0000006866 2984.0000000000 5967 1 
5968 0.0000006803 2984.5000000000 5968 1 
5969 0.0000006844 2985.0000000000 5969 1 
5970 0.0000006886 2985.5000000000 5970 1 
5971 0.0000006848 2986.0000000000 5971 1 
5972 0.0000006854 2986.5000000000 5972 1 
5973 0.0000006836 2987.0000000000 5973 1 
5974 0.0000006876 2987.5000000000 5974 1 
5975 0.0000006902 2988.0000000000 5975 1 
5976 0.0000006872 2988.5000000000 5976 1 
5977 0.0000006811 2989.0000000000 5977 1 
5978 0.0000006879 2989.5000000000 5978 1 
5979 0.0000006886 2990.0000000000 5979 1 
5980 0.0000006930 2990.5000000000 5980 1 
5981 0.0000006882 2991.0000000000 5981 1 
5982 0.0000006857 2991.5000000000 5982 1 
5983 0.0000006851 2992.0000000000 5983 1 
5984 0.0000006867 2992.5000000000 5984 1 
5985 0.0000006882 2993.0000000000 5985 1 
5986 0.0000006838 2993.5000000000 5986 1 
5987 0.0000006918 2994.0000000000 5987 1 
5988 0.0000006889 2994.5000000000 5988 1 
5989 0.0000006866 2995.0000000000 5989 1 
5990 0.0000006891 2995.5000000000 5990 1 
5991 0.0000006832 2996.0000000000 5991 1 
5992 0.0000006879 2996.5000000000 5992 1 
5993 0.0000006896 2997.0000000000 5993 1 
5994 0.0000006890 2997.5000000000 5994 1 
5995 0.0000006857 2998.0000000000 5995 1 
5996 0.0000006946 2998.5000000000 5996 1 
5997 0.0000006867 2999.0000000000 5997 1 
5998 0.0000006877 2999.5000000000 5998 1 
5999 0.0000006961 3000.0000000000 5999 1 
6000 0.0000006963 3000.5000000000 6000 1 
6001 0.0000006874 3001.0000000000 6001 1 
6002 0.0000006903 3001.5000000000 6002 1 
6003 0.0000006897 3002.0000000000 6003 1 
6004 0.0000006847 3002.5000000000 6004 1 
6005 0.0000006916 3003.0000000000 6005 1 
6006 0.0000006883 3003.5000000000 6006 1 
6007 0.0000006899 3004.0000000000 6007 1 
6008 0.0000006911 3004.5000000000 6008 1 
6009 0.0000006846 3005.0000000000 6009 1 
6010 0.0000006922 3005.5000000000 6010 1 
6011 0.0000006931 3006.0000000000 6011 1 
6012 0.0000006908 3006.5000000000 6012 1 
6013 0.0000006915 3007.0000000000 6013 1 
6014 0.0000006886 3007.5000000000 6014 1 
6015 0.0000006921 3008.0000000000 6015 1 
6016 0.0000006943 3008.5000000000 6016 1 
6017 0.0000006905 3009.0000000000 6017 1 
6018 0.0000006889 3009.5000000000 6018 1 
6019 0.0000006935 3010.0000000000 6019 1 
6020 0.0000006998 3010.5000000000 6020 1 
6021 0.0000006939 3011.0000000000 6021 1 
6022 0.0000006923 3011.5000000000 6022 1 
6023 0.0000006875 3012.0000000000 6023 1 
6024 0.0000006904 3012.5000000000 6024 1 
6025 0.0000006954 3013.0000000000 6025 1 
6026 0.0000006900 3013.5000000000 6026 1 
6027 0.0000006926 3014.0000000000 6027 1 
6028 0.0000006931 3014.5000000000 6028 1 
6029 0.0000006922 3015.0000000000 6029 1 
6030 0.0000006904 3015.5000000000 6030 1 
6031 0.0000006971 3016.0000000000 6031 1 
6032 0.0000006903 3016.5000000000 6032 1 
6033 0.0000006930 3017.0000000000 6033 1 
6034 0.0000006937 3017.5000000000 6034 1 
6035 0.0000006961 3018.0000000000 6035 1 
6036 0.0000006975 3018.5000000000 6036 1 
6037 0.0000006888 3019.0000000000 6037 1 
6038 0.0000006921 3019.5000000000 6038 1 
6039 0.0000006947 3020.0000000000 6039 1 
6040 0.0000006970 3020.5000000000 6040 1 
6041 0.0000006931 3021.0000000000 6041 1 
6042 0.0000006888 3021.5000000000 6042 1 
6043 0.0000006975 3022.0000000000 6043 1 
6044 0.0000006936 3022.5000000000 6044 1 
6045 0.0000006950 3023.0000000000 6045 1 
6046 0.0000006942 3023.5000000000 6046 1 
6047 0.0000006924 3024.0000000000 6047 1 
6048 0.0000006958 3024.5000000000 6048 1 
6049 0.0000006932 3025.0000000000 6049 1 
6050 0.0000006934 3025.5000000000 6050 1 
6051 0.0000006966 3026.0000000000 6051 1 
6052 0.0000006894 3026.5000000000 6052 1 
6053 0.0000006942 3027.0000000000 6053 1 
6054 0.0000006989 3027.5000000000 6054 1 
6055 0.0000006993 3028.0000000000 6055 1 
6056 0.0000006909 3028.5000000000 6056 1 
6057 0.0000006985 3029.0000000000 6057 1 
6058 0.0000006949 3029.5000000000 6058 1 
6059 0.0000006950 3030.0000000000 6059 1 
6060 0.0000006980 3030.5000000000 6060 1 
6061 0.0000006910 3031.0000000000 6061 1 
6062 0.0000006953 3031.5000000000 6062 1 
6063 0.0000007023 3032.0000000000 6063 1 
6064 0.0000006956 3032.5000000000 6064 1 
6065 0.0000006978 3033.0000000000 6065 1 
6066 0.0000006940 3033.5000000000 6066 1 
6067 0.0000006957 3034.0000000000 6067 1 
6068 0.0000007002 3034.5000000000 6068 1 
6069 0.0000006957 3035.0000000000 6069 1 
6070 0.0000006979 3035.5000000000 6070 1 
6071 0.0000006959 3036.0000000000 6071 1 
6072 0.0000007017 3036.5000000000 6072 1 
6073 0.0000006993 3037.0000000000 6073 1 
6074 0.0000007045 3037.5000000000 6074 1 
6075 0.0000006994 3038.0000000000 6075 1 
6076 0.0000006929 3038.5000000000 6076 1 
6077 0.0000007010 3039.0000000000 6077 1 
6078 0.0000006964 3039.5000000000 6078 1 
6079 0.0000006963 3040.0000000000 6079 1 
6080 0.0000006995 3040.5000000000 6080 1 
6081 0.0000006948 3041.0000000000 6081 1 
6082 0.0000006970 3041.5000000000 6082 1 
6083 0.0000007006 3042.0000000000 6083 1 
6084 0.0000006977 3042.5000000000 6084 1 
6085 0.0000007012 3043.0000000000 6085 1 
6086 0.0000006949 3043.5000000000 6086 1 
6087 0.0000006972 3044.0000000000 6087 1 
6088 0.0000007032 3044.5000000000 6088 1 
6089 0.0000007062 3045.0000000000 6089 1 
6090 0.0000006989 3045.5000000000 6090 1 
6091 0.0000006989 3046.0000000000 6091 1 
6092 0.0000006971 3046.5000000000 6092 1 
6093 0.0000007018 3047.0000000000 6093 1 
6094 0.0000007002 3047.5000000000 6094 1 
6095 0.0000007014 3048.0000000000 6095 1 
6096 0.0000007013 3048.5000000000 6096 1 
6097 0.0000006999 3049.0000000000 6097 1 
6098 0.0000006986 3049.5000000000 6098 1 
6099 0.0000006988 3050.0000000000 6099 1 
6100 0.0000007038 3050.5000000000 6100 1 
6101 0.0000006984 3051.0000000000 6101 1 
6102 0.0000006998 3051.5000000000 6102 1 
6103 0.0000006997 3052.0000000000 6103 1 
6104 0.0000007013 3052.5000000000 6104 1 
6105 0.0000007020 3053.0000000000 6105 1 
6106 0.0000007001 3053.5000000000 6106 1 
6107 0.0000006987 3054.0000000000 6107 1 
6108 0.0000007020 3054.5000000000 6108 1 
6109 0.0000007019 3055.0000000000 6109 1 
6110 0.0000006993 3055.5000000000 6110 1 
6111 0.0000007035 3056.0000000000 6111 1 
6112 0.0000006985 3056.5000000000 6112 1 
6113 0.0000007031 3057.0000000000 6113 1 
6114 0.0000007035 3057.5000000000 6114 1 
6115 0.0000007053 3058.0000000000 6115 1 
6116 0.0000007054 3058.5000000000 6116 1 
6117 0.0000006976 3059.0000000000 6117 1 
6118 0.0000007015 3059.5000000000 6118 1 
6119 0.0000007034 3060.0000000000 6119 1 
6120 0.0000007023 3060.5000000000 6120 1 
6121 0.0000007007 3061.0000000000 6121 1 
6122 0.0000007039 3061.5000000000 6122 1 
6123 0.0000006977 3062.0000000000 6123 1 
6124 0.0000007015 3062.5000000000 6124 1 
6125 0.0000007066 3063.0000000000 6125 1 
6126 0.0000007016 3063.5000000000 6126 1 
6127 0.0000007065 3064.0000000000 6127 1 
6128 0.0000007056 3064.5000000000 6128 1 
6129 0.0000007119 3065.0000000000 6129 1 
6130 0.0000007132 3065.5000000000 6130 1 
6131 0.0000007079 3066.0000000000 6131 1 
6132 0.0000007038 3066.5000000000 6132 1 
6133 0.0000007065 3067.0000000000 6133 1 
6134 0.0000006997 3067.5000000000 6134 1 
6135 0.0000007045 3068.0000000000 6135 1 
6136 0.0000007110 3068.5000000000 6136 1 
6137 0.0000007057 3069.0000000000 6137 1 
6138 0.0000007025 3069.5000000000 6138 1 
6139 0.0000007032 3070.0000000000 6139 1 
6140 0.0000007052 3070.5000000000 6140 1 
6141 0.0000007069 3071.0000000000 6141 1 
6142 0.0000007043 3071.5000000000 6142 1 
6143 0.0000007050 3072.0000000000 6143 1 
6144 0.0000007067 3072.5000000000 6144 1 
6145 0.0000007037 3073.0000000000 6145 1 
6146 0.0000007037 3073.5000000000 6146 1 
6147 0.0000007047 3074.0000000000 6147 1 
6148 0.0000007043 3074.5000000000 6148 1 
6149 0.0000007037 3075.0000000000 6149 1 
6150 0.0000007057 3075.5000000000 6150 1 
6151 0.0000007051 3076.0000000000 6151 1 
6152 0.0000007046 3076.5000000000 6152 1 
6153 0.0000007079 3077.0000000000 6153 1 
6154 0.0000007067 3077.5000000000 6154 1 
6155 0.0000007093 3078.0000000000 6155 1 
6156 0.0000007057 3078.5000000000 6156 1 
6157 0.0000007059 3079.0000000000 6157 1 
6158 0.0000007092 3079.5000000000 6158 1 
6159 0.0000007134 3080.0000000000 6159 1 
6160 0.0000007058 3080.5000000000 6160 1 
6161 0.0000007044 3081.0000000000 6161 1 
6162 0.0000007063 3081.5000000000 6162 1 
6163 0.0000007079 3082.0000000000 6163 1 
6164 0.0000007094 3082.5000000000 6164 1 
6165 0.0000007061 3083.0000000000 6165 1 
6166 0.0000007097 3083.5000000000 6166 1 
6167 0.0000007028 3084.0000000000 6167 1 
6168 0.0000007077 3084.5000000000 6168 1 
6169 0.0000007092 3085.0000000000 6169 1 
6170 0.0000007071 3085.5000000000 6170 1 
6171 0.0000007073 3086.0000000000 6171 1 
6172 0.0000007077 3086.5000000000 6172 1 
6173 0.0000007048 3087.0000000000 6173 1 
6174 0.0000007088 3087.5000000000 6174 1 
6175 0.0000007137 3088.0000000000 6175 1 
6176 0.0000007073 3088.5000000000 6176 1 
6177 0.0000007070 3089.0000000000 6177 1 
6178 0.0000007073 3089.5000000000 6178 1 
6179 0.0000007097 3090.0000000000 6179 1 
6180 0.0000007121 3090.5000000000 6180 1 
6181 0.0000007072 3091.0000000000 6181 1 
6182 0.0000007090 3091.5000000000 6182 1 
6183 0.0000007129 3092.0000000000 6183 1 
6184 0.0000007062 3092.5000000000 6184 1 
6185 0.0000007111 3093.0000000000 6185 1 
6186 0.0000007126 3093.5000000000 6186 1 
6187 0.0000007094 3094.0000000000 6187 1 
6188 0.0000007109 3094.5000000000 6188 1 
6189 0.0000007119 3095.0000000000 6189 1 
6190 0.0000007053 3095.5000000000 6190 1 
6191 0.0000007135 3096.0000000000 6191 1 
6192 0.0000007096 3096.5000000000 6192 1 
6193 0.0000007127 3097.0000000000 6193 1 
6194 0.0000007159 3097.5000000000 6194 1 
6195 0.0000007093 3098.0000000000 6195 1 
6196 0.0000007058 3098.5000000000 6196 1 
6197 0.0000007137 3099.0000000000 6197 1 
6198 0.0000007143 3099.5000000000 6198 1 
6199 0.0000007129 3100.0000000000 6199 1 
6200 0.0000007106 3100.5000000000 6200 1 
6201 0.0000007115 3101.0000000000 6201 1 
6202 0.0000007109 3101.5000000000 6202 1 
6203 0.0000007121 3102.0000000000 6203 1 
6204 0.0000007149 3102.5000000000 6204 1 
6205 0.0000007170 3103.0000000000 6205 1 
6206 0.0000007112 3103.5000000000 6206 1 
6207 0.0000007127 3104.0000000000 6207 1 
6208 0.0000007117 3104.5000000000 6208 1 
6209 0.0000007122 3105.0000000000 6209 1 
6210 0.0000007122 3105.5000000000 6210 1 
6211 0.0000007152 3106.0000000000 6211 1 
6212 0.0000007186 3106.5000000000 6212 1 
6213 0.0000007222 3107.0000000000 6213 1 
6214 0.0000007131 3107.5000000000 6214 1 
6215 0.0000007168 3108.0000000000 6215 1 
6216 0.0000007204 3108.5000000000 6216 1 
6217 0.0000007200 3109.0000000000 6217 1 
6218 0.0000007170 3109.5000000000 6218 1 
6219 0.0000007147 3110.0000000000 6219 1 
6220 0.0000007108 3110.5000000000 6220 1 
6221 0.0000007139 3111.0000000000 6221 1 
6222 0.0000007125 3111.5000000000 6222 1 
6223 0.0000007146 3112.0000000000 6223 1 
6224 0.0000007171 3112.5000000000 6224 1 
6225 0.0000007131 3113.0000000000 6225 1 
6226 0.0000007122 3113.5000000000 6226 1 
6227 0.0000007159 3114.0000000000 6227 1 
6228 0.0000007140 3114.5000000000 6228 1 
6229 0.0000007173 3115.0000000000 6229 1 
6230 0.0000007127 3115.5000000000 6230 1 
6231 0.0000007199 3116.0000000000 6231 1 
6232 0.0000007181 3116.5000000000 6232 1 
6233 0.0000007106 3117.0000000000 6233 1 
6234 0.0000007145 3117.5000000000 6234 1 
6235 0.0000007179 3118.0000000000 6235 1 
6236 0.0000007160 3118.5000000000 6236 1 
6237 0.0000007215 3119.0000000000 6237 1 
6238 0.0000007158 3119.5000000000 6238 1 
6239 0.0000007109 3120.0000000000 6239 1 
6240 0.0000007170 3120.5000000000 6240 1 
6241 0.0000007149 3121.0000000000 6241 1 
6242 0.0000007145 3121.5000000000 6242 1 
6243 0.0000007213 3122.0000000000 6243 1 
6244 0.0000007141 3122.5000000000 6244 1 
6245 0.0000007198 3123.0000000000 6245 1 
6246 0.0000007144 3123.5000000000 6246 1 
6247 0.0000007154 3124.0000000000 6247 1 
6248 0.0000007180 3124.5000000000 6248 1 
6249 0.0000007163 3125.0000000000 6249 1 
6250 0.0000007192 3125.5000000000 6250 1 
6251 0.0000007216 3126.0000000000 6251 1 
6252 0.0000007124 3126.5000000000 6252 1 
6253 0.0000007184 3127.0000000000 6253 1 
6254 0.0000007215 3127.5000000000 6254 1 
6255 0.0000007167 3128.0000000000 6255 1 
6256 0.0000007191 3128.5000000000 6256 1 
6257 0.0000007163 3129.0000000000 6257 1 
6258 0.0000007165 3129.5000000000 6258 1 
6259 0.0000007182 3130.0000000000 6259 1 
6260 0.0000007200 3130.5000000000 6260 1 
6261 0.0000007192 3131.0000000000 6261 1 
6262 0.0000007181 3131.5000000000 6262 1 
6263 0.0000007180 3132.0000000000 6263 1 
6264 0.0000007170 3132.5000000000 6264 1 
6265 0.0000007173 3133.0000000000 6265 1 
6266 0.0000007175 3133.5000000000 6266 1 
6267 0.0000007198 3134.0000000000 6267 1 
6268 0.0000007197 3134.5000000000 6268 1 
6269 0.0000007208 3135.0000000000 6269 1 
6270 0.0000007233 3135.5000000000 6270 1 
6271 0.0000007184 3136.0000000000 6271 1 
6272 0.0000007200 3136.5000000000 6272 1 
6273 0.0000007209 3137.0000000000 6273 1 
6274 0.0000007233 3137.5000000000 6274 1 
6275 0.0000007233 3138.0000000000 6275 1 
6276 0.0000007212 3138.5000000000 6276 1 
6277 0.0000007196 3139.0000000000 6277 1 
6278 0.0000007222 3139.5000000000 6278 1 
6279 0.0000007154 3140.0000000000 6279 1 
6280 0.0000007202 3140.5000000000 6280 1 
6281 0.0000007217 3141.0000000000 6281 1 
6282 0.0000007192 3141.5000000000 6282 1 
6283 0.0000007215 3142.0000000000 6283 1 
6284 0.0000007223 3142.5000000000 6284 1 
6285 0.0000007193 3143.0000000000 6285 1 
6286 0.0000007189 3143.5000000000 6286 1 
6287 0.0000007236 3144.0000000000 6287 1 
6288 0.0000007266 3144.5000000000 6288 1 
6289 0.0000007268 3145.0000000000 6289 1 
6290 0.0000007205 3145.5000000000 6290 1 
6291 0.0000007306 3146.0000000000 6291 1 
6292 0.0000007219 3146.5000000000 6292 1 
6293 0.0000007183 3147.0000000000 6293 1 
6294 0.0000007258 3147.5000000000 6294 1 
6295 0.0000007225 3148.0000000000 6295 1 
6296 0.0000007262 3148.5000000000 6296 1 
6297 0.0000007305 3149.0000000000 6297 1 
6298 0.0000007228 3149.5000000000 6298 1 
6299 0.0000007298 3150.0000000000 6299 1 
6300 0.0000007221 3150.5000000000 6300 1 
6301 0.0000007229 3151.0000000000 6301 1 
6302 0.0000007244 3151.5000000000 6302 1 
6303 0.0000007214 3152.0000000000 6303 1 
6304 0.0000007245 3152.5000000000 6304 1 
6305 0.0000007218 3153.0000000000 6305 1 
6306 0.0000007261 3153.5000000000 6306 1 
6307 0.0000007206 3154.0000000000 6307 1 
6308 0.0000007254 3154.5000000000 6308 1 
6309 0.0000007275 3155.0000000000 6309 1 
6310 0.0000007219 3155.5000000000 6310 1 
6311 0.0000007235 3156.0000000000 6311 1 
6312 0.0000007243 3156.5000000000 6312 1 
6313 0.0000007234 3157.0000000000 6313 1 
6314 0.0000007195 3157.5000000000 6314 1 
6315 0.0000007302 3158.0000000000 6315 1 
6316 0.0000007253 3158.5000000000 6316 1 
6317 0.0000007230 3159.0000000000 6317 1 
6318 0.0000007265 3159.5000000000 6318 1 
6319 0.0000007250 3160.0000000000 6319 1 
6320 0.0000007267 3160.5000000000 6320 1 
6321 0.0000007235 3161.0000000000 6321 1 
6322 0.0000007210 3161.5000000000 6322 1 
6323 0.0000007264 3162.0000000000 6323 1 
6324 0.0000007245 3162.5000000000 6324 1 
6325 0.0000007296 3163.0000000000 6325 1 
6326 0.0000007281 3163.5000000000 6326 1 
6327 0.0000007247 3164.0000000000 6327 1 
6328 0.0000007274 3164.5000000000 6328 1 
6329 0.0000007214 3165.0000000000 6329 1 
6330 0.0000007288 3165.5000000000 6330 1 
6331 0.0000007252 3166.0000000000 6331 1 
6332 0.0000007252 3166.5000000000 6332 1 
6333 0.0000007275 3167.0000000000 6333 1 
6334 0.0000007286 3167.5000000000 6334 1 
6335 0.0000007249 3168.0000000000 6335 1 
6336 0.0000007279 3168.5000000000 6336 1 
6337 0.0000007257 3169.0000000000 6337 1 
6338 0.0000007266 3169.5000000000 6338 1 
6339 0.0000007310 3170.0000000000 6339 1 
6340 0.0000007278 3170.5000000000 6340 1 
6341 0.0000007310 3171.0000000000 6341 1 
6342 0.0000007286 3171.5000000000 6342 1 
6343 0.0000007295 3172.0000000000 6343 1 
6344 0.0000007303 3172.5000000000 6344 1 
6345 0.0000007240 3173.0000000000 6345 1 
6346 0.0000007395 3173.5000000000 6346 1 
6347 0.0000007355 3174.0000000000 6347 1 
6348 0.0000007336 3174.5000000000 6348 1 
6349 0.0000007302 3175.0000000000 6349 1 
6350 0.0000007266 3175.5000000000 6350 1 
6351 0.0000007267 3176.0000000000 6351 1 
6352 0.0000007311 3176.5000000000 6352 1 
6353 0.0000007230 3177.0000000000 6353 1 
6354 0.0000007318 3177.5000000000 6354 1 
6355 0.0000007267 3178.0000000000 6355 1 
6356 0.0000007288 3178.5000000000 6356 1 
6357 0.0000007324 3179.0000000000 6357 1 
6358 0.0000007281 3179.5000000000 6358 1 
6359 0.0000007303 3180.0000000000 6359 1 
6360 0.0000007291 3180.5000000000 6360 1 
6361 0.0000007250 3181.0000000000 6361 1 
6362 0.0000007348 3181.5000000000 6362 1 
6363 0.0000007322 3182.0000000000 6363 1 
6364 0.0000007335 3182.5000000000 6364 1 
6365 0.0000007279 3183.0000000000 6365 1 
6366 0.0000007286 3183.5000000000 6366 1 
6367 0.0000007330 3184.0000000000 6367 1 
6368 0.0000007296 3184.5000000000 6368 1 
6369 0.0000007270 3185.0000000000 6369 1 
6370 0.0000007328 3185.5000000000 6370 1 
6371 0.0000007319 3186.0000000000 6371 1 
6372 0.0000007324 3186.5000000000 6372 1 
6373 0.0000007300 3187.0000000000 6373 1 
6374 0.0000007342 3187.5000000000 6374 1 
6375 0.0000007338 3188.0000000000 6375 1 
6376 0.0000007320 3188.5000000000 6376 1 
6377 0.0000007340 3189.0000000000 6377 1 
6378 0.0000007286 3189.5000000000 6378 1 
6379 0.0000007311 3190.0000000000 6379 1 
6380 0.0000007354 3190.5000000000 6380 1 
6381 0.0000007337 3191.0000000000 6381 1 
6382 0.0000007364 3191.5000000000 6382 1 
6383 0.0000007302 3192.0000000000 6383 1 
6384 0.0000007348 3192.5000000000 6384 1 
6385 0.0000007336 3193.0000000000 6385 1 
6386 0.0000007277 3193.5000000000 6386 1 
6387 0.0000007310 3194.0000000000 6387 1 
6388 0.0000007365 3194.5000000000 6388 1 
6389 0.0000007334 3195.0000000000 6389 1 
6390 0.0000007347 3195.5000000000 6390 1 
6391 0.0000007340 3196.0000000000 6391 1 
6392 0.0000007315 3196.5000000000 6392 1 
6393 0.0000007342 3197.0000000000 6393 1 
6394 0.0000007299 3197.5000000000 6394 1 
6395 0.0000007317 3198.0000000000 6395 1 
6396 0.0000007330 3198.5000000000 6396 1 
6397 0.0000007319 3199.0000000000 6397 1 
6398 0.0000007388 3199.5000000000 6398 1 
6399 0.0000007356 3200.0000000000 6399 1 
6400 0.0000007322 3200.5000000000 6400 1 
6401 0.0000007375 3201.0000000000 6401 1 
6402 0.0000007316 3201.5000000000 6402 1 
6403 0.0000007331 3202.0000000000 6403 1 
6404 0.0000007322 3202.5000000000 6404 1 
6405 0.0000007330 3203.0000000000 6405 1 
6406 0.0000007365 3203.5000000000 6406 1 
6407 0.0000007345 3204.0000000000 6407 1 
6408 0.0000007358 3204.5000000000 6408 1 
6409 0.0000007343 3205.0000000000 6409 1 
6410 0.0000007331 3205.5000000000 6410 1 
6411 0.0000007397 3206.0000000000 6411 1 
6412 0.0000007300 3206.5000000000 6412 1 
6413 0.0000007368 3207.0000000000 6413 1 
6414 0.0000007346 3207.5000000000 6414 1 
6415 0.0000007376 3208.0000000000 6415 1 
6416 0.0000007380 3208.5000000000 6416 1 
6417 0.0000007374 3209.0000000000 6417 1 
6418 0.0000007345 3209.5000000000 6418 1 
6419 0.0000007370 3210.0000000000 6419 1 
6420 0.0000007352 3210.5000000000 6420 1 
6421 0.0000007356 3211.0000000000 6421 1 
6422 0.0000007415 3211.5000000000 6422 1 
6423 0.0000007370 3212.0000000000 6423 1 
6424 0.0000007383 3212.5000000000 6424 1 
6425 0.0000007373 3213.0000000000 6425 1 
6426 0.0000007381 3213.5000000000 6426 1 
6427 0.0000007352 3214.0000000000 6427 1 
6428 0.0000007365 3214.5000000000 6428 1 
6429 0.0000007413 3215.0000000000 6429 1 
6430 0.0000007375 3215.5000000000 6430 1 
6431 0.0000007321 3216.0000000000 6431 1 
6432 0.0000007383 3216.5000000000 6432 1 
6433 0.0000007395 3217.0000000000 6433 1 
6434 0.0000007439 3217.5000000000 6434 1 
6435 0.0000007375 3218.0000000000 6435 1 
6436 0.0000007402 3218.5000000000 6436 1 
6437 0.0000007441 3219.0000000000 6437 1 
6438 0.0000007417 3219.5000000000 6438 1 
6439 0.0000007396 3220.0000000000 6439 1 
6440 0.0000007407 3220.5000000000 6440 1 
6441 0.0000007370 3221.0000000000 6441 1 
6442 0.0000007373 3221.5000000000 6442 1 
6443 0.0000007414 3222.0000000000 6443 1 
6444 0.0000007398 3222.5000000000 6444 1 
6445 0.0000007382 3223.0000000000 6445 1 
6446 0.0000007417 3223.5000000000 6446 1 
6447 0.0000007382 3224.0000000000 6447 1 
6448 0.0000007374 3224.5000000000 6448 1 
6449 0.0000007407 3225.0000000000 6449 1 
6450 0.0000007388 3225.5000000000 6450 1 
6451 0.0000007354 3226.0000000000 6451 1 
6452 0.0000007430 3226.5000000000 6452 1 
6453 0.0000007415 3227.0000000000 6453 1 
6454 0.0000007437 3227.5000000000 6454 1 
6455 0.0000007735 3228.0000000000 6455 1 
6456 0.0000007382 3228.5000000000 6456 1 
6457 0.0000007435 3229.0000000000 6457 1 
6458 0.0000007391 3229.5000000000 6458 1 
6459 0.0000007425 3230.0000000000 6459 1 
6460 0.0000007389 3230.5000000000 6460 1 
6461 0.0000007398 3231.0000000000 6461 1 
6462 0.0000007499 3231.5000000000 6462 1 
6463 0.0000007493 3232.0000000000 6463 1 
6464 0.0000007488 3232.5000000000 6464 1 
6465 0.0000007525 3233.0000000000 6465 1 
6466 0.0000007457 3233.5000000000 6466 1 
6467 0.0000007548 3234.0000000000 6467 1 
6468 0.0000007480 3234.5000000000 6468 1 
6469 0.0000007568 3235.0000000000 6469 1 
6470 0.0000007524 3235.5000000000 6470 1 
6471 0.0000007503 3236.0000000000 6471 1 
6472 0.0000007529 3236.5000000000 6472 1 
6473 0.0000007514 3237.0000000000 6473 1 
6474 0.0000007547 3237.5000000000 6474 1 
6475 0.0000007561 3238.0000000000 6475 1 
6476 0.0000007542 3238.5000000000 6476 1 
6477 0.0000007528 3239.0000000000 6477 1 
6478 0.0000007530 3239.5000000000 6478 1 
6479 0.0000007580 3240.0000000000 6479 1 
6480 0.0000007514 3240.5000000000 6480 1 
6481 0.0000007611 3241.0000000000 6481 1 
6482 0.0000007518 3241.5000000000 6482 1 
6483 0.0000007498 3242.0000000000 6483 1 
6484 0.0000007599 3242.5000000000 6484 1 
6485 0.0000007593 3243.0000000000 6485 1 
6486 0.0000007502 3243.5000000000 6486 1 
6487 0.0000007586 3244.0000000000 6487 1 
6488 0.0000007622 3244.5000000000 6488 1 
6489 0.0000007574 3245.0000000000 6489 1 
6490 0.0000007559 3245.5000000000 6490 1 
6491 0.0000007570 3246.0000000000 6491 1 
6492 0.0000007566 3246.5000000000 6492 1 
6493 0.0000007554 3247.0000000000 6493 1 
6494 0.0000007572 3247.5000000000 6494 1 
6495 0.0000007557 3248.0000000000 6495 1 
6496 0.0000007563 3248.5000000000 6496 1 
6497 0.0000007585 3249.0000000000 6497 1 
6498 0.0000007532 3249.5000000000 6498 1 
6499 0.0000007627 3250.0000000000 6499 1 
6500 0.0000007532 3250.5000000000 6500 1 
6501 0.0000007593 3251.0000000000 6501 1 
6502 0.0000007565 3251.5000000000 6502 1 
6503 0.0000007564 3252.0000000000 6503 1 
6504 0.0000007614 3252.5000000000 6504 1 
6505 0.0000007576 3253.0000000000 6505 1 
6506 0.0000007605 3253.5000000000 6506 1 
6507 0.0000007593 3254.0000000000 6507 1 
6508 0.0000007585 3254.5000000000 6508 1 
6509 0.0000007586 3255.0000000000 6509 1 
6510 0.0000007570 3255.5000000000 6510 1 
6511 0.0000007572 3256.0000000000 6511 1 
6512 0.0000007586 3256.5000000000 6512 1 
6513 0.0000007597 3257.0000000000 6513 1 
6514 0.0000007576 3257.5000000000 6514 1 
6515 0.0000007543 3258.0000000000 6515 1 
6516 0.0000007601 3258.5000000000 6516 1 
6517 0.0000007611 3259.0000000000 6517 1 
6518 0.0000007570 3259.5000000000 6518 1 
6519 0.0000007590 3260.0000000000 6519 1 
6520 0.0000007601 3260.5000000000 6520 1 
6521 0.0000007612 3261.0000000000 6521 1 
6522 0.0000007587 3261.5000000000 6522 1 
6523 0.0000007621 3262.0000000000 6523 1 
6524 0.0000007664 3262.5000000000 6524 1 
6525 0.0000007559 3263.0000000000 6525 1 
6526 0.0000007608 3263.5000000000 6526 1 
6527 0.0000007622 3264.0000000000 6527 1 
6528 0.0000007604 3264.5000000000 6528 1 
6529 0.0000007618 3265.0000000000 6529 1 
6530 0.0000007614 3265.5000000000 6530 1 
6531 0.0000007601 3266.0000000000 6531 1 
6532 0.0000007610 3266.5000000000 6532 1 
6533 0.0000007650 3267.0000000000 6533 1 
6534 0.0000007606 3267.5000000000 6534 1 
6535 0.0000007636 3268.0000000000 6535 1 
6536 0.0000007589 3268.5000000000 6536 1 
6537 0.0000007627 3269.0000000000 6537 1 
6538 0.0000007686 3269.5000000000 6538 1 
6539 0.0000007640 3270.0000000000 6539 1 
6540 0.0000007827 3270.5000000000 6540 1 
6541 0.0000007685 3271.0000000000 6541 1 
6542 0.0000007660 3271.5000000000 6542 1 
6543 0.0000007620 3272.0000000000 6543 1 
6544 0.0000007581 3272.5000000000 6544 1 
6545 0.0000007696 3273.0000000000 6545 1 
6546 0.0000007629 3273.5000000000 6546 1 
6547 0.0000007654 3274.0000000000 6547 1 
6548 0.0000007587 3274.5000000000 6548 1 
6549 0.0000007618 3275.0000000000 6549 1 
6550 0.0000007627 3275.5000000000 6550 1 
6551 0.0000007642 3276.0000000000 6551 1 
6552 0.0000007631 3276.5000000000 6552 1 
6553 0.0000007597 3277.0000000000 6553 1 
6554 0.0000007630 3277.5000000000 6554 1 
6555 0.0000007693 3278.0000000000 6555 1 
6556 0.0000007619 3278.5000000000 6556 1 
6557 0.0000007662 3279.0000000000 6557 1 
6558 0.0000007626 3279.5000000000 6558 1 
6559 0.0000007678 3280.0000000000 6559 1 
6560 0.0000007598 3280.5000000000 6560 1 
6561 0.0000007635 3281.0000000000 6561 1 
6562 0.0000007650 3281.5000000000 6562 1 
6563 0.0000007623 3282.0000000000 6563 1 
6564 0.0000007709 3282.5000000000 6564 1 
6565 0.0000007669 3283.0000000000 6565 1 
6566 0.0000007621 3283.5000000000 6566 1 
6567 0.0000007644 3284.0000000000 6567 1 
6568 0.0000007677 3284.5000000000 6568 1 
6569 0.0000007642 3285.0000000000 6569 1 
6570 0.0000007647 3285.5000000000 6570 1 
6571 0.0000007675 3286.0000000000 6571 1 
6572 0.0000007661 3286.5000000000 6572 1 
6573 0.0000007654 3287.0000000000 6573 1 
6574 0.0000007671 3287.5000000000 6574 1 
6575 0.0000007662 3288.0000000000 6575 1 
6576 0.0000007720 3288.5000000000 6576 1 
6577 0.0000007643 3289.0000000000 6577 1 
6578 0.0000007695 3289.5000000000 6578 1 
6579 0.0000007674 3290.0000000000 6579 1 
6580 0.0000007698 3290.5000000000 6580 1 
6581 0.0000007680 3291.0000000000 6581 1 
6582 0.0000007656 3291.5000000000 6582 1 
6583 0.0000007702 3292.0000000000 6583 1 
6584 0.0000007646 3292.5000000000 6584 1 
6585 0.0000007699 3293.0000000000 6585 1 
6586 0.0000007698 3293.5000000000 6586 1 
6587 0.0000007641 3294.0000000000 6587 1 
6588 0.0000007668 3294.5000000000 6588 1 
6589 0.0000007722 3295.0000000000 6589 1 
6590 0.0000007707 3295.5000000000 6590 1 
6591 0.0000007662 3296.0000000000 6591 1 
6592 0.0000007670 3296.5000000000 6592 1 
6593 0.0000007699 3297.0000000000 6593 1 
6594 0.0000007642 3297.5000000000 6594 1 
6595 0.0000007671 3298.0000000000 6595 1 
6596 0.0000007677 3298.5000000000 6596 1 
6597 0.0000007699 3299.0000000000 6597 1 
6598 0.0000007724 3299.5000000000 6598 1 
6599 0.0000007701 3300.0000000000 6599 1 
6600 0.0000007714 3300.5000000000 6600 1 
6601 0.0000007696 3301.0000000000 6601 1 
6602 0.0000007802 3301.5000000000 6602 1 
6603 0.0000007718 3302.0000000000 6603 1 
6604 0.0000007682 3302.5000000000 6604 1 
6605 0.0000007753 3303.0000000000 6605 1 
6606 0.0000007679 3303.5000000000 6606 1 
6607 0.0000007702 3304.0000000000 6607 1 
6608 0.0000007722 3304.5000000000 6608 1 
6609 0.0000007700 3305.0000000000 6609 1 
6610 0.0000007713 3305.5000000000 6610 1 
6611 0.0000007661 3306.0000000000 6611 1 
6612 0.0000007709 3306.5000000000 6612 1 
6613 0.0000007700 3307.0000000000 6613 1 
6614 0.0000007741 3307.5000000000 6614 1 
6615 0.0000007693 3308.0000000000 6615 1 
6616 0.0000007739 3308.5000000000 6616 1 
6617 0.0000007716 3309.0000000000 6617 1 
6618 0.0000007708 3309.5000000000 6618 1 
6619 0.0000007749 3310.0000000000 6619 1 
6620 0.0000007696 3310.5000000000 6620 1 
6621 0.0000007722 3311.0000000000 6621 1 
6622 0.0000007735 3311.5000000000 6622 1 
6623 0.0000007821 3312.0000000000 6623 1 
6624 0.0000007736 3312.5000000000 6624 1 
6625 0.0000007733 3313.0000000000 6625 1 
6626 0.0000007733 3313.5000000000 6626 1 
6627 0.0000007697 3314.0000000000 6627 1 
6628 0.0000007720 3314.5000000000 6628 1 
6629 0.0000007736 3315.0000000000 6629 1 
6630 0.0000007725 3315.5000000000 6630 1 
6631 0.0000007753 3316.0000000000 6631 1 
6632 0.0000007746 3316.5000000000 6632 1 
6633 0.0000007728 3317.0000000000 6633 1 
6634 0.0000007721 3317.5000000000 6634 1 
6635 0.0000008116 3318.0000000000 6635 1 
6636 0.0000007725 3318.5000000000 6636 1 
6637 0.0000007711 3319.0000000000 6637 1 
6638 0.0000007779 3319.5000000000 6638 1 
6639 0.0000007744 3320.0000000000 6639 1 
6640 0.0000007753 3320.5000000000 6640 1 
6641 0.0000007743 3321.0000000000 6641 1 
6642 0.0000007737 3321.5000000000 6642 1 
6643 0.0000007762 3322.0000000000 6643 1 
6644 0.0000007742 3322.5000000000 6644 1 
6645 0.0000007741 3323.0000000000 6645 1 
6646 0.0000007720 3323.5000000000 6646 1 
6647 0.0000007730 3324.0000000000 6647 1 
6648 0.0000007727 3324.5000000000 6648 1 
6649 0.0000007786 3325.0000000000 6649 1 
6650 0.0000007750 3325.5000000000 6650 1 
6651 0.0000007718 3326.0000000000 6651 1 
6652 0.0000007772 3326.5000000000 6652 1 
6653 0.0000007745 3327.0000000000 6653 1 
6654 0.0000007777 3327.5000000000 6654 1 
6655 0.0000007782 3328.0000000000 6655 1 
6656 0.0000007760 3328.5000000000 6656 1 
6657 0.0000007765 3329.0000000000 6657 1 
6658 0.0000007761 3329.5000000000 6658 1 
6659 0.0000007749 3330.0000000000 6659 1 
6660 0.0000007766 3330.5000000000 6660 1 
6661 0.0000007739 3331.0000000000 6661 1 
6662 0.0000007751 3331.5000000000 6662 1 
6663 0.0000007756 3332.0000000000 6663 1 
6664 0.0000007808 3332.5000000000 6664 1 
6665 0.0000007751 3333.0000000000 6665 1 
6666 0.0000007822 3333.5000000000 6666 1 
6667 0.0000007795 3334.0000000000 6667 1 
6668 0.0000007804 3334.5000000000 6668 1 
6669 0.0000007791 3335.0000000000 6669 1 
6670 0.0000007814 3335.5000000000 6670 1 
6671 0.0000007769 3336.0000000000 6671 1 
6672 0.0000007821 3336.5000000000 6672 1 
6673 0.0000007763 3337.0000000000 6673 1 
6674 0.0000007749 3337.5000000000 6674 1 
6675 0.0000007790 3338.0000000000 6675 1 
6676 0.0000007774 3338.5000000000 6676 1 
6677 0.0000007762 3339.0000000000 6677 1 
6678 0.0000007761 3339.5000000000 6678 1 
6679 0.0000007801 3340.0000000000 6679 1 
6680 0.0000007790 3340.5000000000 6680 1 
6681 0.0000007780 3341.0000000000 6681 1 
6682 0.0000007830 3341.5000000000 6682 1 
6683 0.0000007766 3342.0000000000 6683 1 
6684 0.0000007790 3342.5000000000 6684 1 
6685 0.0000007774 3343.0000000000 6685 1 
6686 0.0000007777 3343.5000000000 6686 1 
6687 0.0000007800 3344.0000000000 6687 1 
6688 0.0000007793 3344.5000000000 6688 1 
6689 0.0000007826 3345.0000000000 6689 1 
6690 0.0000007774 3345.5000000000 6690 1 
6691 0.0000007809 3346.0000000000 6691 1 
6692 0.0000007790 3346.5000000000 6692 1 
6693 0.0000007811 3347.0000000000 6693 1 
6694 0.0000007832 3347.5000000000 6694 1 
6695 0.0000007803 3348.0000000000 6695 1 
6696 0.0000007826 3348.5000000000 6696 1 
6697 0.0000007795 3349.0000000000 6697 1 
6698 0.0000007810 3349.5000000000 6698 1 
6699 0.0000007821 3350.0000000000 6699 1 
6700 0.0000007809 3350.5000000000 6700 1 
6701 0.0000007802 3351.0000000000 6701 1 
6702 0.0000007811 3351.5000000000 6702 1 
6703 0.0000007816 3352.0000000000 6703 1 
6704 0.0000007830 3352.5000000000 6704 1 
6705 0.0000007852 3353.0000000000 6705 1 
6706 0.0000007826 3353.5000000000 6706 1 
6707 0.0000007823 3354.0000000000 6707 1 
6708 0.0000007828 3354.5000000000 6708 1 
6709 0.0000007801 3355.0000000000 6709 1 
6710 0.0000007844 3355.5000000000 6710 1 
6711 0.0000007823 3356.0000000000 6711 1 
6712 0.0000007813 3356.5000000000 6712 1 
6713 0.0000007837 3357.0000000000 6713 1 
6714 0.0000007803 3357.5000000000 6714 1 
6715 0.0000007842 3358.0000000000 6715 1 
6716 0.0000007817 3358.5000000000 6716 1 
6717 0.0000007838 3359.0000000000 6717 1 
6718 0.0000007801 3359.5000000000 6718 1 
6719 0.0000007898 3360.0000000000 6719 1 
6720 0.0000007838 3360.5000000000 6720 1 
6721 0.0000007866 3361.0000000000 6721 1 
6722 0.0000007812 3361.5000000000 6722 1 
6723 0.0000007855 3362.0000000000 6723 1 
6724 0.0000007824 3362.5000000000 6724 1 
6725 0.0000007799 3363.0000000000 6725 1 
6726 0.0000007844 3363.5000000000 6726 1 
6727 0.0000007822 3364.0000000000 6727 1 
6728 0.0000007904 3364.5000000000 6728 1 
6729 0.0000007818 3365.0000000000 6729 1 
6730 0.0000007841 3365.5000000000 6730 1 
6731 0.0000007850 3366.0000000000 6731 1 
6732 0.0000007824 3366.5000000000 6732 1 
6733 0.0000007840 3367.0000000000 6733 1 
6734 0.0000007854 3367.5000000000 6734 1 
6735 0.0000007866 3368.0000000000 6735 1 
6736 0.0000007864 3368.5000000000 6736 1 
6737 0.0000007882 3369.0000000000 6737 1 
6738 0.0000007830 3369.5000000000 6738 1 
6739 0.0000007863 3370.0000000000 6739 1 
6740 0.0000007869 3370.5000000000 6740 1 
6741 0.0000007837 3371.0000000000 6741 1 
6742 0.0000007858 3371.5000000000 6742 1 
6743 0.0000007847 3372.0000000000 6743 1 
6744 0.0000007871 3372.5000000000 6744 1 
6745 0.0000007853 3373.0000000000 6745 1 
6746 0.0000007846 3373.5000000000 6746 1 
6747 0.0000007855 3374.0000000000 6747 1 
6748 0.0000007875 3374.5000000000 6748 1 
6749 0.0000007857 3375.0000000000 6749 1 
6750 0.0000007844 3375.5000000000 6750 1 
6751 0.0000007900 3376.0000000000 6751 1 
6752 0.0000007901 3376.5000000000 6752 1 
6753 0.0000007940 3377.0000000000 6753 1 
6754 0.0000007855 3377.5000000000 6754 1 
6755 0.0000007879 3378.0000000000 6755 1 
6756 0.0000007894 3378.5000000000 6756 1 
6757 0.0000007884 3379.0000000000 6757 1 
6758 0.0000007877 3379.5000000000 6758 1 
6759 0.0000007853 3380.0000000000 6759 1 
6760 0.0000007877 3380.5000000000 6760 1 
6761 0.0000007848 3381.0000000000 6761 1 
6762 0.0000007882 3381.5000000000 6762 1 
6763 0.0000007856 3382.0000000000 6763 1 
6764 0.0000007914 3382.5000000000 6764 1 
6765 0.0000007895 3383.0000000000 6765 1 
6766 0.0000007915 3383.5000000000 6766 1 
6767 0.0000007902 3384.0000000000 6767 1 
6768 0.0000007920 3384.5000000000 6768 1 
6769 0.0000007892 3385.0000000000 6769 1 
6770 0.0000007871 3385.5000000000 6770 1 
6771 0.0000007884 3386.0000000000 6771 1 
6772 0.0000007918 3386.5000000000 6772 1 
6773 0.0000007914 3387.0000000000 6773 1 
6774 0.0000007892 3387.5000000000 6774 1 
6775 0.0000007883 3388.0000000000 6775 1 
6776 0.0000007931 3388.5000000000 6776 1 
6777 0.0000007921 3389.0000000000 6777 1 
6778 0.0000007921 3389.5000000000 6778 1 
6779 0.0000007877 3390.0000000000 6779 1 
6780 0.0000007937 3390.5000000000 6780 1 
6781 0.0000007899 3391.0000000000 6781 1 
6782 0.0000007903 3391.5000000000 6782 1 
6783 0.0000007915 3392.0000000000 6783 1 
6784 0.0000007938 3392.5000000000 6784 1 
6785 0.0000007912 3393.0000000000 6785 1 
6786 0.0000007879 3393.5000000000 6786 1 
6787 0.0000007936 3394.0000000000 6787 1 
6788 0.0000007908 3394.5000000000 6788 1 
6789 0.0000007942 3395.0000000000 6789 1 
6790 0.0000007922 3395.5000000000 6790 1 
6791 0.0000007953 3396.0000000000 6791 1 
6792 0.0000007918 3396.5000000000 6792 1 
6793 0.0000007916 3397.0000000000 6793 1 
6794 0.0000007916 3397.5000000000 6794 1 
6795 0.0000007956 3398.0000000000 6795 1 
6796 0.0000007940 3398.5000000000 6796 1 
6797 0.0000007934 3399.0000000000 6797 1 
6798 0.0000007921 3399.5000000000 6798 1 
6799 0.0000007957 3400.0000000000 6799 1 
6800 0.0000007926 3400.5000000000 6800 1 
6801 0.0000007937 3401.0000000000 6801 1 
6802 0.0000007926 3401.5000000000 6802 1 
6803 0.0000007907 3402.0000000000 6803 1 
6804 0.0000007942 3402.5000000000 6804 1 
6805 0.0000007950 3403.0000000000 6805 1 
6806 0.0000007927 3403.5000000000 6806 1 
6807 0.0000007948 3404.0000000000 6807 1 
6808 0.0000007941 3404.5000000000 6808 1 
6809 0.0000007942 3405.0000000000 6809 1 
6810 0.0000007924 3405.5000000000 6810 1 
6811 0.0000007956 3406.0000000000 6811 1 
6812 0.0000007992 3406.5000000000 6812 1 
6813 0.0000007960 3407.0000000000 6813 1 
6814 0.0000007954 3407.5000000000 6814 1 
6815 0.0000008000 3408.0000000000 6815 1 
6816 0.0000007967 3408.5000000000 6816 1 
6817 0.0000007935 3409.0000000000 6817 1 
6818 0.0000007976 3409.5000000000 6818 1 
6819 0.0000007959 3410.0000000000 6819 1 
6820 0.0000007941 3410.5000000000 6820 1 
6821 0.0000008003 3411.0000000000 6821 1 
6822 0.0000007940 3411.5000000000 6822 1 
6823 0.0000007986 3412.0000000000 6823 1 
6824 0.0000007944 3412.5000000000 6824 1 
6825 0.0000007969 3413.0000000000 6825 1 
6826 0.0000007971 3413.5000000000 6826 1 
6827 0.0000007982 3414.0000000000 6827 1 
6828 0.0000007957 3414.5000000000 6828 1 
6829 0.0000007972 3415.0000000000 6829 1 
6830 0.0000007947 3415.5000000000 6830 1 
6831 0.0000008024 3416.0000000000 6831 1 
6832 0.0000008053 3416.5000000000 6832 1 
6833 0.0000007956 3417.0000000000 6833 1 
6834 0.0000007979 3417.5000000000 6834 1 
6835 0.0000007987 3418.0000000000 6835 1 
6836 0.0000008019 3418.5000000000 6836 1 
6837 0.0000007954 3419.0000000000 6837 1 
6838 0.0000008024 3419.5000000000 6838 1 
6839 0.0000008004 3420.0000000000 6839 1 
6840 0.0000007994 3420.5000000000 6840 1 
6841 0.0000007975 3421.0000000000 6841 1 
6842 0.0000007968 3421.5000000000 6842 1 
6843 0.0000007953 3422.0000000000 6843 1 
6844 0.0000008027 3422.5000000000 6844 1 
6845 0.0000007994 3423.0000000000 6845 1 
6846 0.0000007973 3423.5000000000 6846 1 
6847 0.0000008027 3424.0000000000 6847 1 
6848 0.0000007988 3424.5000000000 6848 1 
6849 0.0000007994 3425.0000000000 6849 1 
6850 0.0000007978 3425.5000000000 6850 1 
6851 0.0000008021 3426.0000000000 6851 1 
6852 0.0000007960 3426.5000000000 6852 1 
6853 0.0000007989 3427.0000000000 6853 1 
6854 0.0000008014 3427.5000000000 6854 1 
6855 0.0000008015 3428.0000000000 6855 1 
6856 0.0000008019 3428.5000000000 6856 1 
6857 0.0000008020 3429.0000000000 6857 1 
6858 0.0000008017 3429.5000000000 6858 1 
6859 0.0000007995 3430.0000000000 6859 1 
6860 0.0000008006 3430.5000000000 6860 1 
6861 0.0000008000 3431.0000000000 6861 1 
6862 0.0000008047 3431.5000000000 6862 1 
6863 0.0000008021 3432.0000000000 6863 1 
6864 0.0000008003 3432.5000000000 6864 1 
6865 0.0000008015 3433.0000000000 6865 1 
6866 0.0000008018 3433.5000000000 6866 1 
6867 0.0000008025 3434.0000000000 6867 1 
6868 0.0000008069 3434.5000000000 6868 1 
6869 0.0000008024 3435.0000000000 6869 1 
6870 0.0000008004 3435.5000000000 6870 1 
6871 0.0000008040 3436.0000000000 6871 1 
6872 0.0000008002 3436.5000000000 6872 1 
6873 0.0000008037 3437.0000000000 6873 1 
6874 0.0000008024 3437.5000000000 6874 1 
6875 0.0000008017 3438.0000000000 6875 1 
6876 0.0000008035 3438.5000000000 6876 1 
6877 0.0000008018 3439.0000000000 6877 1 
6878 0.0000008111 3439.5000000000 6878 1 
6879 0.0000007991 3440.0000000000 6879 1 
6880 0.0000008074 3440.5000000000 6880 1 
6881 0.0000008048 3441.0000000000 6881 1 
6882 0.0000008035 3441.5000000000 6882 1 
6883 0.0000008034 3442.0000000000 6883 1 
6884 0.0000008048 3442.5000000000 6884 1 
6885 0.0000008029 3443.0000000000 6885 1 
6886 0.0000008054 3443.5000000000 6886 1 
6887 0.0000008028 3444.0000000000 6887 1 
6888 0.0000008021 3444.5000000000 6888 1 
6889 0.0000008042 3445.0000000000 6889 1 
6890 0.0000008033 3445.5000000000 6890 1 
6891 0.0000008057 3446.0000000000 6891 1 
6892 0.0000008075 3446.5000000000 6892 1 
6893 0.0000008040 3447.0000000000 6893 1 
6894 0.0000008033 3447.5000000000 6894 1 
6895 0.0000008074 3448.0000000000 6895 1 
6896 0.0000008045 3448.5000000000 6896 1 
6897 0.0000008061 3449.0000000000 6897 1 
6898 0.0000008041 3449.5000000000 6898 1 
6899 0.0000008032 3450.0000000000 6899 1 
6900 0.0000008055 3450.5000000000 6900 1 
6901 0.0000008052 3451.0000000000 6901 1 
6902 0.0000008086 3451.5000000000 6902 1 
6903 0.0000008104 3452.0000000000 6903 1 
6904 0.0000008078 3452.5000000000 6904 1 
6905 0.0000008055 3453.0000000000 6905 1 
6906 0.0000008065 3453.5000000000 6906 1 
6907 0.0000008083 3454.0000000000 6907 1 
6908 0.0000008080 3454.5000000000 6908 1 
6909 0.0000008091 3455.0000000000 6909 1 
6910 0.0000008082 3455.5000000000 6910 1 
6911 0.0000008055 3456.0000000000 6911 1 
6912 0.0000008112 3456.5000000000 6912 1 
6913 0.0000008047 3457.0000000000 6913 1 
6914 0.0000008072 3457.5000000000 6914 1 
6915 0.0000008117 3458.0000000000 6915 1 
6916 0.0000008034 3458.5000000000 6916 1 
6917 0.0000008110 3459.0000000000 6917 1 
6918 0.0000008073 3459.5000000000 6918 1 
6919 0.0000008069 3460.0000000000 6919 1 
6920 0.0000008072 3460.5000000000 6920 1 
6921 0.0000008122 3461.0000000000 6921 1 
6922 0.0000008053 3461.5000000000 6922 1 
6923 0.0000008127 3462.0000000000 6923 1 
6924 0.0000008078 3462.5000000000 6924 1 
6925 0.0000008117 3463.0000000000 6925 1 
6926 0.0000008064 3463.5000000000 6926 1 
6927 0.0000008128 3464.0000000000 6927 1 
6928 0.0000008080 3464.5000000000 6928 1 
6929 0.0000008078 3465.0000000000 6929 1 
6930 0.0000008098 3465.5000000000 6930 1 
6931 0.0000008103 3466.0000000000 6931 1 
6932 0.0000008078 3466.5000000000 6932 1 
6933 0.0000008092 3467.0000000000 6933 1 
6934 0.0000008096 3467.5000000000 6934 1 
6935 0.0000008066 3468.0000000000 6935 1 
6936 0.0000008119 3468.5000000000 6936 1 
6937 0.0000008112 3469.0000000000 6937 1 
6938 0.0000008100 3469.5000000000 6938 1 
6939 0.0000008125 3470.0000000000 6939 1 
6940 0.0000008105 3470.5000000000 6940 1 
6941 0.0000008090 3471.0000000000 6941 1 
6942 0.0000008114 3471.5000000000 6942 1 
6943 0.0000008112 3472.0000000000 6943 1 
6944 0.0000008057 3472.5000000000 6944 1 
6945 0.0000008132 3473.0000000000 6945 1 
6946 0.0000008120 3473.5000000000 6946 1 
6947 0.0000008088 3474.0000000000 6947 1 
6948 0.0000008136 3474.5000000000 6948 1 
6949 0.0000008165 3475.0000000000 6949 1 
6950 0.0000008086 3475.5000000000 6950 1 
6951 0.0000008133 3476.0000000000 6951 1 
6952 0.0000008100 3476.5000000000 6952 1 
6953 0.0000008117 3477.0000000000 6953 1 
6954 0.0000008145 3477.5000000000 6954 1 
6955 0.0000008105 3478.0000000000 6955 1 
6956 0.0000008207 3478.5000000000 6956 1 
6957 0.0000008136 3479.0000000000 6957 1 
6958 0.0000008117 3479.5000000000 6958 1 
6959 0.0000008105 3480.0000000000 6959 1 
6960 0.0000008148 3480.5000000000 6960 1 
6961 0.0000008153 3481.0000000000 6961 1 
6962 0.0000008137 3481.5000000000 6962 1 
6963 0.0000008067 3482.0000000000 6963 1 
6964 0.0000008158 3482.5000000000 6964 1 
6965 0.0000008126 3483.0000000000 6965 1 
6966 0.0000008115 3483.5000000000 6966 1 
6967 0.0000008147 3484.0000000000 6967 1 
6968 0.0000008164 3484.5000000000 6968 1 
6969 0.0000008130 3485.0000000000 6969 1 
6970 0.0000008126 3485.5000000000 6970 1 
6971 0.0000008151 3486.0000000000 6971 1 
6972 0.0000008147 3486.5000000000 6972 1 
6973 0.0000008140 3487.0000000000 6973 1 
6974 0.0000008166 3487.5000000000 6974 1 
6975 0.0000008148 3488.0000000000 6975 1 
6976 0.0000008165 3488.5000000000 6976 1 
6977 0.0000008125 3489.0000000000 6977 1 
6978 0.0000008146 3489.5000000000 6978 1 
6979 0.0000008180 3490.0000000000 6979 1 
6980 0.0000008095 3490.5000000000 6980 1 
6981 0.0000008165 3491.0000000000 6981 1 
6982 0.0000008158 3491.5000000000 6982 1 
6983 0.0000008157 3492.0000000000 6983 1 
6984 0.0000008174 3492.5000000000 6984 1 
6985 0.0000008192 3493.0000000000 6985 1 
6986 0.0000008128 3493.5000000000 6986 1 
6987 0.0000008158 3494.0000000000 6987 1 
6988 0.0000008173 3494.5000000000 6988 1 
6989 0.0000008173 3495.0000000000 6989 1 
6990 0.0000008165 3495.5000000000 6990 1 
6991 0.0000008169 3496.0000000000 6991 1 
6992 0.0000008217 3496.5000000000 6992 1 
6993 0.0000008158 3497.0000000000 6993 1 
6994 0.0000008170 3497.5000000000 6994 1 
6995 0.0000008206 3498.0000000000 6995 1 
6996 0.0000008172 3498.5000000000 6996 1 
6997 0.0000008178 3499.0000000000 6997 1 
6998 0.0000008194 3499.5000000000 6998 1 
6999 0.0000008167 3500.0000000000 6999 1 
7000 0.0000008193 3500.5000000000 7000 1 
7001 0.0000008147 3501.0000000000 7001 1 
7002 0.0000008193 3501.5000000000 7002 1 
7003 0.0000008138 3502.0000000000 7003 1 
7004 0.0000008182 3502.5000000000 7004 1 
7005 0.0000008181 3503.0000000000 7005 1 
7006 0.0000008203 3503.5000000000 7006 1 
7007 0.0000008196 3504.0000000000 7007 1 
7008 0.0000008162 3504.5000000000 7008 1 
7009 0.0000008225 3505.0000000000 7009 1 
7010 0.0000008214 3505.5000000000 7010 1 
7011 0.0000008163 3506.0000000000 7011 1 
7012 0.0000008249 3506.5000000000 7012 1 
7013 0.0000008212 3507.0000000000 7013 1 
7014 0.0000008202 3507.5000000000 7014 1 
7015 0.0000008210 3508.0000000000 7015 1 
7016 0.0000008213 3508.5000000000 7016 1 
7017 0.0000008167 3509.0000000000 7017 1 
7018 0.0000008158 3509.5000000000 7018 1 
7019 0.0000008208 3510.0000000000 7019 1 
7020 0.0000008212 3510.5000000000 7020 1 
7021 0.0000008207 3511.0000000000 7021 1 
7022 0.0000008166 3511.5000000000 7022 1 
7023 0.0000008217 3512.0000000000 7023 1 
7024 0.0000008195 3512.5000000000 7024 1 
7025 0.0000008215 3513.0000000000 7025 1 
7026 0.0000008202 3513.5000000000 7026 1 
7027 0.0000008186 3514.0000000000 7027 1 
7028 0.0000008226 3514.5000000000 7028 1 
7029 0.0000008216 3515.0000000000 7029 1 
7030 0.0000008192 3515.5000000000 7030 1 
7031 0.0000008219 3516.0000000000 7031 1 
7032 0.0000008254 3516.5000000000 7032 1 
7033 0.0000008237 3517.0000000000 7033 1 
7034 0.0000008234 3517.5000000000 7034 1 
7035 0.0000008225 3518.0000000000 7035 1 
7036 0.0000008250 3518.5000000000 7036 1 
7037 0.0000008214 3519.0000000000 7037 1 
7038 0.0000008234 3519.5000000000 7038 1 
7039 0.0000008211 3520.0000000000 7039 1 
7040 0.0000008246 3520.5000000000 7040 1 
7041 0.0000008220 3521.0000000000 7041 1 
7042 0.0000008270 3521.5000000000 7042 1 
7043 0.0000008214 3522.0000000000 7043 1 
7044 0.0000008198 3522.5000000000 7044 1 
7045 0.0000008233 3523.0000000000 7045 1 
7046 0.0000008244 3523.5000000000 7046 1 
7047 0.0000008235 3524.0000000000 7047 1 
7048 0.0000008258 3524.5000000000 7048 1 
7049 0.0000008323 3525.0000000000 7049 1 
7050 0.0000008221 3525.5000000000 7050 1 
7051 0.0000008209 3526.0000000000 7051 1 
7052 0.0000008281 3526.5000000000 7052 1 
7053 0.0000008198 3527.0000000000 7053 1 
7054 0.0000008252 3527.5000000000 7054 1 
7055 0.0000008251 3528.0000000000 7055 1 
7056 0.0000008211 3528.5000000000 7056 1 
7057 0.0000008277 3529.0000000000 7057 1 
7058 0.0000008247 3529.5000000000 7058 1 
7059 0.0000008263 3530.0000000000 7059 1 
7060 0.0000008256 3530.5000000000 7060 1 
7061 0.0000008264 3531.0000000000 7061 1 
7062 0.0000008234 3531.5000000000 7062 1 
7063 0.0000008240 3532.0000000000 7063 1 
7064 0.0000008252 3532.5000000000 7064 1 
7065 0.0000008259 3533.0000000000 7065 1 
7066 0.0000008282 3533.5000000000 7066 1 
7067 0.0000008231 3534.0000000000 7067 1 
7068 0.0000008237 3534.5000000000 7068 1 
7069 0.0000008283 3535.0000000000 7069 1 
7070 0.0000008218 3535.5000000000 7070 1 
7071 0.0000008238 3536.0000000000 7071 1 
7072 0.0000008254 3536.5000000000 7072 1 
7073 0.0000008268 3537.0000000000 7073 1 
7074 0.0000008287 3537.5000000000 7074 1 
7075 0.0000008232 3538.0000000000 7075 1 
7076 0.0000008283 3538.5000000000 7076 1 
7077 0.0000008294 3539.0000000000 7077 1 
7078 0.0000008299 3539.5000000000 7078 1 
7079 0.0000008301 3540.0000000000 7079 1 
7080 0.0000008239 3540.5000000000 7080 1 
7081 0.0000008259 3541.0000000000 7081 1 
7082 0.0000008272 3541.5000000000 7082 1 
7083 0.0000008286 3542.0000000000 7083 1 
7084 0.0000008247 3542.5000000000 7084 1 
7085 0.0000008265 3543.0000000000 7085 1 
7086 0.0000008287 3543.5000000000 7086 1 
7087 0.0000008304 3544.0000000000 7087 1 
7088 0.0000008297 3544.5000000000 7088 1 
7089 0.0000008258 3545.0000000000 7089 1 
7090 0.0000008257 3545.5000000000 7090 1 
7091 0.0000008289 3546.0000000000 7091 1 
7092 0.0000008276 3546.5000000000 7092 1 
7093 0.0000008274 3547.0000000000 7093 1 
7094 0.0000008300 3547.5000000000 7094 1 
7095 0.0000008268 3548.0000000000 7095 1 
7096 0.0000008274 3548.5000000000 7096 1 
7097 0.0000008294 3549.0000000000 7097 1 
7098 0.0000008312 3549.5000000000 7098 1 
7099 0.0000008272 3550.0000000000 7099 1 
7100 0.0000008287 3550.5000000000 7100 1 
7101 0.0000008288 3551.0000000000 7101 1 
7102 0.0000008303 3551.5000000000 7102 1 
7103 0.0000008306 3552.0000000000 7103 1 
7104 0.0000008333 3552.5000000000 7104 1 
7105 0.0000008303 3553.0000000000 7105 1 
7106 0.0000008299 3553.5000000000 7106 1 
7107 0.0000008279 3554.0000000000 7107 1 
7108 0.0000008346 3554.5000000000 7108 1 
7109 0.0000008288 3555.0000000000 7109 1 
7110 0.0000008340 3555.5000000000 7110 1 
7111 0.0000008296 3556.0000000000 7111 1 
7112 0.0000008294 3556.5000000000 7112 1 
7113 0.0000008316 3557.0000000000 7113 1 
7114 0.0000008338 3557.5000000000 7114 1 
7115 0.0000008318 3558.0000000000 7115 1 
7116 0.0000008328 3558.5000000000 7116 1 
7117 0.0000008301 3559.0000000000 7117 1 
7118 0.0000008323 3559.5000000000 7118 1 
7119 0.0000008292 3560.0000000000 7119 1 
7120 0.0000008333 3560.5000000000 7120 1 
7121 0.0000008290 3561.0000000000 7121 1 
7122 0.0000008331 3561.5000000000 7122 1 
7123 0.0000008356 3562.0000000000 7123 1 
7124 0.0000008346 3562.5000000000 7124 1 
7125 0.0000008309 3563.0000000000 7125 1 
7126 0.0000008317 3563.5000000000 7126 1 
7127 0.0000008325 3564.0000000000 7127 1 
7128 0.0000008305 3564.5000000000 7128 1 
7129 0.0000008359 3565.0000000000 7129 1 
7130 0.0000008345 3565.5000000000 7130 1 
7131 0.0000008349 3566.0000000000 7131 1 
7132 0.0000008336 3566.5000000000 7132 1 
7133 0.0000008301 3567.0000000000 7133 1 
7134 0.0000008367 3567.5000000000 7134 1 
7135 0.0000008327 3568.0000000000 7135 1 
7136 0.0000008330 3568.5000000000 7136 1 
7137 0.0000008331 3569.0000000000 7137 1 
7138 0.0000008345 3569.5000000000 7138 1 
7139 0.0000008372 3570.0000000000 7139 1 
7140 0.0000008331 3570.5000000000 7140 1 
7141 0.0000008374 3571.0000000000 7141 1 
7142 0.0000008337 3571.5000000000 7142 1 
7143 0.0000008334 3572.0000000000 7143 1 
7144 0.0000008382 3572.5000000000 7144 1 
7145 0.0000008365 3573.0000000000 7145 1 
7146 0.0000008336 3573.5000000000 7146 1 
7147 0.0000008429 3574.0000000000 7147 1 
7148 0.0000008342 3574.5000000000 7148 1 
7149 0.0000008317 3575.0000000000 7149 1 
7150 0.0000008354 3575.5000000000 7150 1 
7151 0.0000008353 3576.0000000000 7151 1 
7152 0.0000008315 3576.5000000000 7152 1 
7153 0.0000008388 3577.0000000000 7153 1 
7154 0.0000008337 3577.5000000000 7154 1 
7155 0.0000008366 3578.0000000000 7155 1 
7156 0.0000008386 3578.5000000000 7156 1 
7157 0.0000008371 3579.0000000000 7157 1 
7158 0.0000008393 3579.5000000000 7158 1 
7159 0.0000008353 3580.0000000000 7159 1 
7160 0.0000008341 3580.5000000000 7160 1 
7161 0.0000008362 3581.0000000000 7161 1 
7162 0.0000008401 3581.5000000000 7162 1 
7163 0.0000008407 3582.0000000000 7163 1 
7164 0.0000008363 3582.5000000000 7164 1 
7165 0.0000008363 3583.0000000000 7165 1 
7166 0.0000008394 3583.5000000000 7166 1 
7167 0.0000008400 3584.0000000000 7167 1 
7168 0.0000008364 3584.5000000000 7168 1 
7169 0.0000008428 3585.0000000000 7169 1 
7170 0.0000008368 3585.5000000000 7170 1 
7171 0.0000008437 3586.0000000000 7171 1 
7172 0.0000008371 3586.5000000000 7172 1 
7173 0.0000008391 3587.0000000000 7173 1 
7174 0.0000008371 3587.5000000000 7174 1 
7175 0.0000008407 3588.0000000000 7175 1 
7176 0.0000008393 3588.5000000000 7176 1 
7177 0.0000008407 3589.0000000000 7177 1 
7178 0.0000008396 3589.5000000000 7178 1 
7179 0.0000008412 3590.0000000000 7179 1 
7180 0.0000008345 3590.5000000000 7180 1 
7181 0.0000008412 3591.0000000000 7181 1 
7182 0.0000008414 3591.5000000000 7182 1 
7183 0.0000008385 3592.0000000000 7183 1 
7184 0.0000008364 3592.5000000000 7184 1 
7185 0.0000008436 3593.0000000000 7185 1 
7186 0.0000008380 3593.5000000000 7186 1 
7187 0.0000008421 3594.0000000000 7187 1 
7188 0.0000008399 3594.5000000000 7188 1 
7189 0.0000008430 3595.0000000000 7189 1 
7190 0.0000008394 3595.5000000000 7190 1 
7191 0.0000008401 3596.0000000000 7191 1 
7192 0.0000008443 3596.5000000000 7192 1 
7193 0.0000008376 3597.0000000000 7193 1 
7194 0.0000008400 3597.5000000000 7194 1 
7195 0.0000008389 3598.0000000000 7195 1 
7196 0.0000008430 3598.5000000000 7196 1 
7197 0.0000008392 3599.0000000000 7197 1 
7198 0.0000008468 3599.5000000000 7198 1 
7199 0.0000008425 3600.0000000000 7199 1 
7200 0.0000008410 3600.5000000000 7200 1 
7201 0.0000008421 3601.0000000000 7201 1 
7202 0.0000008453 3601.5000000000 7202 1 
7203 0.0000008440 3602.0000000000 7203 1 
7204 0.0000008401 3602.5000000000 7204 1 
7205 0.0000008423 3603.0000000000 7205 1 
7206 0.0000008454 3603.5000000000 7206 1 
7207 0.0000008427 3604.0000000000 7207 1 
7208 0.0000008402 3604.5000000000 7208 1 
7209 0.0000008419 3605.0000000000 7209 1 
7210 0.0000008472 3605.5000000000 7210 1 
7211 0.0000008416 3606.0000000000 7211 1 
7212 0.0000008448 3606.5000000000 7212 1 
7213 0.0000008475 3607.0000000000 7213 1 
7214 0.0000008435 3607.5000000000 7214 1 
7215 0.0000008427 3608.0000000000 7215 1 
7216 0.0000008458 3608.5000000000 7216 1 
7217 0.0000008451 3609.0000000000 7217 1 
7218 0.0000008426 3609.5000000000 7218 1 
7219 0.0000008435 3610.0000000000 7219 1 
7220 0.0000008436 3610.5000000000 7220 1 
7221 0.0000008446 3611.0000000000 7221 1 
7222 0.0000008420 3611.5000000000 7222 1 
7223 0.0000008447 3612.0000000000 7223 1 
7224 0.0000008450 3612.5000000000 7224 1 
7225 0.0000008450 3613.0000000000 7225 1 
7226 0.0000008457 3613.5000000000 7226 1 
7227 0.0000008472 3614.0000000000 7227 1 
7228 0.0000008470 3614.5000000000 7228 1 
7229 0.0000008452 3615.0000000000 7229 1 
7230 0.0000008443 3615.5000000000 7230 1 
7231 0.0000008419 3616.0000000000 7231 1 
7232 0.0000008465 3616.5000000000 7232 1 
7233 0.0000008501 3617.0000000000 7233 1 
7234 0.0000008467 3617.5000000000 7234 1 
7235 0.0000008433 3618.0000000000 7235 1 
7236 0.0000008449 3618.5000000000 7236 1 
7237 0.0000008462 3619.0000000000 7237 1 
7238 0.0000008454 3619.5000000000 7238 1 
7239 0.0000008458 3620.0000000000 7239 1 
7240 0.0000008467 3620.5000000000 7240 1 
7241 0.0000008479 3621.0000000000 7241 1 
7242 0.0000008531 3621.5000000000 7242 1 
7243 0.0000008447 3622.0000000000 7243 1 
7244 0.0000008508 3622.5000000000 7244 1 
7245 0.0000008483 3623.0000000000 7245 1 
7246 0.0000008486 3623.5000000000 7246 1 
7247 0.0000008450 3624.0000000000 7247 1 
7248 0.0000008486 3624.5000000000 7248 1 
7249 0.0000008433 3625.0000000000 7249 1 
7250 0.0000008497 3625.5000000000 7250 1 
7251 0.0000008440 3626.0000000000 7251 1 
7252 0.0000008537 3626.5000000000 7252 1 
7253 0.0000008472 3627.0000000000 7253 1 
7254 0.0000008508 3627.5000000000 7254 1 
7255 0.0000008477 3628.0000000000 7255 1 
7256 0.0000008480 3628.5000000000 7256 1 
7257 0.0000008470 3629.0000000000 7257 1 
7258 0.0000008526 3629.5000000000 7258 1 
7259 0.0000008472 3630.0000000000 7259 1 
7260 0.0000008477 3630.5000000000 7260 1 
7261 0.0000008469 3631.0000000000 7261 1 
7262 0.0000008517 3631.5000000000 7262 1 
7263 0.0000008484 3632.0000000000 7263 1 
7264 0.0000008520 3632.5000000000 7264 1 
7265 0.0000008491 3633.0000000000 7265 1 
7266 0.0000008497 3633.5000000000 7266 1 
7267 0.0000008495 3634.0000000000 7267 1 
7268 0.0000008493 3634.5000000000 7268 1 
7269 0.0000008487 3635.0000000000 7269 1 
7270 0.0000008495 3635.5000000000 7270 1 
7271 0.0000008505 3636.0000000000 7271 1 
7272 0.0000008544 3636.5000000000 7272 1 
7273 0.0000008499 3637.0000000000 7273 1 
7274 0.0000008517 3637.5000000000 7274 1 
7275 0.0000008488 3638.0000000000 7275 1 
7276 0.0000008506 3638.5000000000 7276 1 
7277 0.0000008530 3639.0000000000 7277 1 
7278 0.0000008487 3639.5000000000 7278 1 
7279 0.0000008467 3640.0000000000 7279 1 
7280 0.0000008514 3640.5000000000 7280 1 
7281 0.0000008489 3641.0000000000 7281 1 
7282 0.0000008565 3641.5000000000 7282 1 
7283 0.0000008535 3642.0000000000 7283 1 
7284 0.0000008508 3642.5000000000 7284 1 
7285 0.0000008631 3643.0000000000 7285 1 
7286 0.0000008341 3643.5000000000 7286 1 
7287 0.0000008349 3644.0000000000 7287 1 
7288 0.0000008364 3644.5000000000 7288 1 
7289 0.0000008363 3645.0000000000 7289 1 
7290 0.0000008332 3645.5000000000 7290 1 
7291 0.0000008354 3646.0000000000 7291 1 
7292 0.0000008331 3646.5000000000 7292 1 
7293 0.0000008341 3647.0000000000 7293 1 
7294 0.0000008355 3647.5000000000 7294 1 
7295 0.0000008330 3648.0000000000 7295 1 
7296 0.0000008405 3648.5000000000 7296 1 
7297 0.0000008380 3649.0000000000 7297 1 
7298 0.0000008347 3649.5000000000 7298 1 
7299 0.0000008349 3650.0000000000 7299 1 
7300 0.0000008333 3650.5000000000 7300 1 
7301 0.0000008359 3651.0000000000 7301 1 
7302 0.0000008365 3651.5000000000 7302 1 
7303 0.0000008398 3652.0000000000 7303 1 
7304 0.0000008341 3652.5000000000 7304 1 
7305 0.0000008357 3653.0000000000 7305 1 
7306 0.0000008373 3653.5000000000 7306 1 
7307 0.0000008360 3654.0000000000 7307 1 
7308 0.0000008357 3654.5000000000 7308 1 
7309 0.0000008402 3655.0000000000 7309 1 
7310 0.0000008368 3655.5000000000 7310 1 
7311 0.0000008394 3656.0000000000 7311 1 
7312 0.0000008352 3656.5000000000 7312 1 
7313 0.0000008366 3657.0000000000 7313 1 
7314 0.0000008380 3657.5000000000 7314 1 
7315 0.0000008416 3658.0000000000 7315 1 
7316 0.0000008364 3658.5000000000 7316 1 
7317 0.0000008402 3659.0000000000 7317 1 
7318 0.0000008351 3659.5000000000 7318 1 
7319 0.0000008429 3660.0000000000 7319 1 
7320 0.0000008354 3660.5000000000 7320 1 
7321 0.0000008390 3661.0000000000 7321 1 
7322 0.0000008414 3661.5000000000 7322 1 
7323 0.0000008379 3662.0000000000 7323 1 
7324 0.0000008405 3662.5000000000 7324 1 
7325 0.0000008411 3663.0000000000 7325 1 
7326 0.0000008369 3663.5000000000 7326 1 
7327 0.0000008381 3664.0000000000 7327 1 
7328 0.0000008402 3664.5000000000 7328 1 
7329 0.0000008401 3665.0000000000 7329 1 
7330 0.0000008387 3665.5000000000 7330 1 
7331 0.0000008388 3666.0000000000 7331 1 
7332 0.0000008378 3666.5000000000 7332 1 
7333 0.0000008381 3667.0000000000 7333 1 
7334 0.0000008422 3667.5000000000 7334 1 
7335 0.0000008397 3668.0000000000 7335 1 
7336 0.0000008367 3668.5000000000 7336 1 
7337 0.0000008403 3669.0000000000 7337 1 
7338 0.0000008429 3669.5000000000 7338 1 
7339 0.0000008433 3670.0000000000 7339 1 
7340 0.0000008446 3670.5000000000 7340 1 
7341 0.0000008402 3671.0000000000 7341 1 
7342 0.0000008385 3671.5000000000 7342 1 
7343 0.0000008423 3672.0000000000 7343 1 
7344 0.0000008395 3672.5000000000 7344 1 
7345 0.0000008437 3673.0000000000 7345 1 
7346 0.0000008430 3673.5000000000 7346 1 
7347 0.0000008390 3674.0000000000 7347 1 
7348 0.0000008387 3674.5000000000 7348 1 
7349 0.0000008412 3675.0000000000 7349 1 
7350 0.0000008390 3675.5000000000 7350 1 
7351 0.0000008415 3676.0000000000 7351 1 
7352 0.0000008448 3676.5000000000 7352 1 
7353 0.0000008424 3677.0000000000 7353 1 
7354 0.0000008481 3677.5000000000 7354 1 
7355 0.0000008419 3678.0000000000 7355 1 
7356 0.0000008437 3678.5000000000 7356 1 
7357 0.0000008396 3679.0000000000 7357 1 
7358 0.0000008452 3679.5000000000 7358 1 
7359 0.0000008414 3680.0000000000 7359 1 
7360 0.0000008423 3680.5000000000 7360 1 
7361 0.0000008449 3681.0000000000 7361 1 
7362 0.0000008460 3681.5000000000 7362 1 
7363 0.0000008399 3682.0000000000 7363 1 
7364 0.0000008479 3682.5000000000 7364 1 
7365 0.0000008462 3683.0000000000 7365 1 
7366 0.0000008448 3683.5000000000 7366 1 
7367 0.0000008409 3684.0000000000 7367 1 
7368 0.0000008432 3684.5000000000 7368 1 
7369 0.0000008416 3685.0000000000 7369 1 
7370 0.0000008495 3685.5000000000 7370 1 
7371 0.0000008413 3686.0000000000 7371 1 
7372 0.0000008455 3686.5000000000 7372 1 
7373 0.0000008406 3687.0000000000 7373 1 
7374 0.0000008445 3687.5000000000 7374 1 
7375 0.0000008483 3688.0000000000 7375 1 
7376 0.0000008505 3688.5000000000 7376 1 
7377 0.0000008447 3689.0000000000 7377 1 
7378 0.0000008466 3689.5000000000 7378 1 
7379 0.0000008435 3690.0000000000 7379 1 
7380 0.0000008481 3690.5000000000 7380 1 
7381 0.0000008453 3691.0000000000 7381 1 
7382 0.0000008453 3691.5000000000 7382 1 
7383 0.0000008456 3692.0000000000 7383 1 
7384 0.0000008420 3692.5000000000 7384 1 
7385 0.0000008435 3693.0000000000 7385 1 
7386 0.0000008526 3693.5000000000 7386 1 
7387 0.0000008458 3694.0000000000 7387 1 
7388 0.0000008456 3694.5000000000 7388 1 
7389 0.0000008449 3695.0000000000 7389 1 
7390 0.0000008430 3695.5000000000 7390 1 
7391 0.0000008474 3696.0000000000 7391 1 
7392 0.0000008429 3696.5000000000 7392 1 
7393 0.0000008531 3697.0000000000 7393 1 
7394 0.0000008460 3697.5000000000 7394 1 
7395 0.0000008461 3698.0000000000 7395 1 
7396 0.0000008468 3698.5000000000 7396 1 
7397 0.0000008475 3699.0000000000 7397 1 
7398 0.0000008477 3699.5000000000 7398 1 
7399 0.0000008473 3700.0000000000 7399 1 
7400 0.0000008435 3700.5000000000 7400 1 
7401 0.0000008476 3701.0000000000 7401 1 
7402 0.0000008463 3701.5000000000 7402 1 
7403 0.0000008482 3702.0000000000 7403 1 
7404 0.0000008493 3702.5000000000 7404 1 
7405 0.0000008532 3703.0000000000 7405 1 
7406 0.0000008465 3703.5000000000 7406 1 
7407 0.0000008512 3704.0000000000 7407 1 
7408 0.0000008508 3704.5000000000 7408 1 
7409 0.0000008486 3705.0000000000 7409 1 
7410 0.0000008467 3705.5000000000 7410 1 
7411 0.0000008479 3706.0000000000 7411 1 
7412 0.0000008462 3706.5000000000 7412 1 
7413 0.0000008500 3707.0000000000 7413 1 
7414 0.0000008565 3707.5000000000 7414 1 
7415 0.0000008494 3708.0000000000 7415 1 
7416 0.0000008523 3708.5000000000 7416 1 
7417 0.0000008468 3709.0000000000 7417 1 
7418 0.0000008485 3709.5000000000 7418 1 
7419 0.0000008485 3710.0000000000 7419 1 
7420 0.0000008559 3710.5000000000 7420 1 
7421 0.0000008468 3711.0000000000 7421 1 
7422 0.0000008502 3711.5000000000 7422 1 
7423 0.0000008479 3712.0000000000 7423 1 
7424 0.0000008504 3712.5000000000 7424 1 
7425 0.0000008524 3713.0000000000 7425 1 
7426 0.0000008529 3713.5000000000 7426 1 
7427 0.0000008468 3714.0000000000 7427 1 
7428 0.0000008508 3714.5000000000 7428 1 
7429 0.0000008521 3715.0000000000 7429 1 
7430 0.0000008506 3715.5000000000 7430 1 
7431 0.0000008508 3716.0000000000 7431 1 
7432 0.0000008488 3716.5000000000 7432 1 
7433 0.0000008524 3717.0000000000 7433 1 
7434 0.0000008514 3717.5000000000 7434 1 
7435 0.0000008542 3718.0000000000 7435 1 
7436 0.0000008526 3718.5000000000 7436 1 
7437 0.0000008506 3719.0000000000 7437 1 
7438 0.0000008521 3719.5000000000 7438 1 
7439 0.0000008563 3720.0000000000 7439 1 
7440 0.0000008516 3720.5000000000 7440 1 
7441 0.0000008534 3721.0000000000 7441 1 
7442 0.0000008492 3721.5000000000 7442 1 
7443 0.0000008517 3722.0000000000 7443 1 
7444 0.0000008508 3722.5000000000 7444 1 
7445 0.0000008525 3723.0000000000 7445 1 
7446 0.0000008550 3723.5000000000 7446 1 
7447 0.0000008540 3724.0000000000 7447 1 
7448 0.0000008541 3724.5000000000 7448 1 
7449 0.0000008556 3725.0000000000 7449 1 
7450 0.0000008545 3725.5000000000 7450 1 
7451 0.0000008585 3726.0000000000 7451 1 
7452 0.0000008505 3726.5000000000 7452 1 
7453 0.0000008528 3727.0000000000 7453 1 
7454 0.0000008546 3727.5000000000 7454 1 
7455 0.0000008507 3728.0000000000 7455 1 
7456 0.0000008585 3728.5000000000 7456 1 
7457 0.0000008515 3729.0000000000 7457 1 
7458 0.0000008593 3729.5000000000 7458 1 
7459 0.0000008528 3730.0000000000 7459 1 
7460 0.0000008570 3730.5000000000 7460 1 
7461 0.0000008575 3731.0000000000 7461 1 
7462 0.0000008541 3731.5000000000 7462 1 
7463 0.0000008510 3732.0000000000 7463 1 
7464 0.0000008583 3732.5000000000 7464 1 
7465 0.0000008549 3733.0000000000 7465 1 
7466 0.0000008600 3733.5000000000 7466 1 
7467 0.0000008520 3734.0000000000 7467 1 
7468 0.0000008557 3734.5000000000 7468 1 
7469 0.0000008542 3735.0000000000 7469 1 
7470 0.0000008577 3735.5000000000 7470 1 
7471 0.0000008568 3736.0000000000 7471 1 
7472 0.0000008522 3736.5000000000 7472 1 
7473 0.0000008579 3737.0000000000 7473 1 
7474 0.0000008547 3737.5000000000 7474 1 
7475 0.0000008586 3738.0000000000 7475 1 
7476 0.0000008579 3738.5000000000 7476 1 
7477 0.0000008632 3739.0000000000 7477 1 
7478 0.0000008589 3739.5000000000 7478 1 
7479 0.0000008567 3740.0000000000 7479 1 
7480 0.0000008574 3740.5000000000 7480 1 
7481 0.0000008594 3741.0000000000 7481 1 
7482 0.0000008550 3741.5000000000 7482 1 
7483 0.0000008559 3742.0000000000 7483 1 
7484 0.0000008618 3742.5000000000 7484 1 
7485 0.0000008570 3743.0000000000 7485 1 
7486 0.0000008555 3743.5000000000 7486 1 
7487 0.0000008599 3744.0000000000 7487 1 
7488 0.0000008607 3744.5000000000 7488 1 
7489 0.0000008605 3745.0000000000 7489 1 
7490 0.0000008599 3745.5000000000 7490 1 
7491 0.0000008556 3746.0000000000 7491 1 
7492 0.0000008580 3746.5000000000 7492 1 
7493 0.0000008560 3747.0000000000 7493 1 
7494 0.0000008595 3747.5000000000 7494 1 
7495 0.0000008566 3748.0000000000 7495 1 
7496 0.0000008627 3748.5000000000 7496 1 
7497 0.0000008574 3749.0000000000 7497 1 
7498 0.0000008590 3749.5000000000 7498 1 
7499 0.0000008644 3750.0000000000 7499 1 
7500 0.0000008597 3750.5000000000 7500 1 
7501 0.0000008563 3751.0000000000 7501 1 
7502 0.0000008603 3751.5000000000 7502 1 
7503 0.0000008582 3752.0000000000 7503 1 
7504 0.0000008591 3752.5000000000 7504 1 
7505 0.0000008596 3753.0000000000 7505 1 
7506 0.0000008581 3753.5000000000 7506 1 
7507 0.0000008635 3754.0000000000 7507 1 
7508 0.0000008607 3754.5000000000 7508 1 
7509 0.0000008588 3755.0000000000 7509 1 
7510 0.0000008607 3755.5000000000 7510 1 
7511 0.0000008626 3756.0000000000 7511 1 
7512 0.0000008624 3756.5000000000 7512 1 
7513 0.0000008672 3757.0000000000 7513 1 
7514 0.0000008573 3757.5000000000 7514 1 
7515 0.0000008597 3758.0000000000 7515 1 
7516 0.0000008614 3758.5000000000 7516 1 
7517 0.0000008627 3759.0000000000 7517 1 
7518 0.0000008649 3759.5000000000 7518 1 
7519 0.0000008582 3760.0000000000 7519 1 
7520 0.0000008604 3760.5000000000 7520 1 
7521 0.0000008589 3761.0000000000 7521 1 
7522 0.0000008668 3761.5000000000 7522 1 
7523 0.0000008586 3762.0000000000 7523 1 
7524 0.0000008612 3762.5000000000 7524 1 
7525 0.0000008598 3763.0000000000 7525 1 
7526 0.0000008670 3763.5000000000 7526 1 
7527 0.0000008630 3764.0000000000 7527 1 
7528 0.0000008628 3764.5000000000 7528 1 
7529 0.0000008587 3765.0000000000 7529 1 
7530 0.0000008615 3765.5000000000 7530 1 
7531 0.0000008643 3766.0000000000 7531 1 
7532 0.0000008650 3766.5000000000 7532 1 
7533 0.0000008627 3767.0000000000 7533 1 
7534 0.0000008616 3767.5000000000 7534 1 
7535 0.0000008703 3768.0000000000 7535 1 
7536 0.0000008600 3768.5000000000 7536 1 
7537 0.0000008614 3769.0000000000 7537 1 
7538 0.0000008608 3769.5000000000 7538 1 
7539 0.0000008679 3770.0000000000 7539 1 
7540 0.0000008656 3770.5000000000 7540 1 
7541 0.0000008625 3771.0000000000 7541 1 
7542 0.0000008621 3771.5000000000 7542 1 
7543 0.0000008625 3772.0000000000 7543 1 
7544 0.0000008692 3772.5000000000 7544 1 
7545 0.0000008627 3773.0000000000 7545 1 
7546 0.0000008660 3773.5000000000 7546 1 
7547 0.0000008618 3774.0000000000 7547 1 
7548 0.0000008662 3774.5000000000 7548 1 
7549 0.0000008620 3775.0000000000 7549 1 
7550 0.0000008642 3775.5000000000 7550 1 
7551 0.0000008639 3776.0000000000 7551 1 
7552 0.0000008653 3776.5000000000 7552 1 
7553 0.0000008673 3777.0000000000 7553 1 
7554 0.0000008680 3777.5000000000 7554 1 
7555 0.0000008653 3778.0000000000 7555 1 
7556 0.0000008628 3778.5000000000 7556 1 
7557 0.0000008670 3779.0000000000 7557 1 
7558 0.0000008620 3779.5000000000 7558 1 
7559 0.0000008686 3780.0000000000 7559 1 
7560 0.0000008632 3780.5000000000 7560 1 
7561 0.0000008746 3781.0000000000 7561 1 
7562 0.0000008626 3781.5000000000 7562 1 
7563 0.0000008653 3782.0000000000 7563 1 
7564 0.0000008630 3782.5000000000 7564 1 
7565 0.0000008681 3783.0000000000 7565 1 
7566 0.0000008662 3783.5000000000 7566 1 
7567 0.0000008663 3784.0000000000 7567 1 
7568 0.0000008661 3784.5000000000 7568 1 
7569 0.0000008627 3785.0000000000 7569 1 
7570 0.0000008697 3785.5000000000 7570 1 
7571 0.0000008642 3786.0000000000 7571 1 
7572 0.0000008720 3786.5000000000 7572 1 
7573 0.0000008644 3787.0000000000 7573 1 
7574 0.0000008710 3787.5000000000 7574 1 
7575 0.0000008644 3788.0000000000 7575 1 
7576 0.0000008684 3788.5000000000 7576 1 
7577 0.0000008696 3789.0000000000 7577 1 
7578 0.0000008705 3789.5000000000 7578 1 
7579 0.0000008681 3790.0000000000 7579 1 
7580 0.0000008660 3790.5000000000 7580 1 
7581 0.0000008731 3791.0000000000 7581 1 
7582 0.0000008697 3791.5000000000 7582 1 
7583 0.0000008680 3792.0000000000 7583 1 
7584 0.0000008663 3792.5000000000 7584 1 
7585 0.0000008742 3793.0000000000 7585 1 
7586 0.0000008708 3793.5000000000 7586 1 
7587 0.0000008674 3794.0000000000 7587 1 
7588 0.0000008677 3794.5000000000 7588 1 
7589 0.0000008710 3795.0000000000 7589 1 
7590 0.0000008714 3795.5000000000 7590 1 
7591 0.0000008716 3796.0000000000 7591 1 
7592 0.0000008728 3796.5000000000 7592 1 
7593 0.0000008653 3797.0000000000 7593 1 
7594 0.0000008711 3797.5000000000 7594 1 
7595 0.0000008690 3798.0000000000 7595 1 
7596 0.0000008718 3798.5000000000 7596 1 
7597 0.0000008673 3799.0000000000 7597 1 
7598 0.0000008690 3799.5000000000 7598 1 
7599 0.0000008733 3800.0000000000 7599 1 
7600 0.0000008676 3800.5000000000 7600 1 
7601 0.0000008730 3801.0000000000 7601 1 
7602 0.0000008667 3801.5000000000 7602 1 
7603 0.0000008832 3802.0000000000 7603 1 
7604 0.0000008727 3802.5000000000 7604 1 
7605 0.0000008713 3803.0000000000 7605 1 
7606 0.0000008687 3803.5000000000 7606 1 
7607 0.0000008731 3804.0000000000 7607 1 
7608 0.0000008711 3804.5000000000 7608 1 
7609 0.0000008705 3805.0000000000 7609 1 
7610 0.0000008703 3805.5000000000 7610 1 
7611 0.0000008714 3806.0000000000 7611 1 
7612 0.0000008781 3806.5000000000 7612 1 
7613 0.0000008696 3807.0000000000 7613 1 
7614 0.0000008733 3807.5000000000 7614 1 
7615 0.0000008721 3808.0000000000 7615 1 
7616 0.0000008767 3808.5000000000 7616 1 
7617 0.0000008737 3809.0000000000 7617 1 
7618 0.0000008718 3809.5000000000 7618 1 
7619 0.0000008757 3810.0000000000 7619 1 
7620 0.0000008680 3810.5000000000 7620 1 
7621 0.0000008735 3811.0000000000 7621 1 
7622 0.0000008734 3811.5000000000 7622 1 
7623 0.0000008738 3812.0000000000 7623 1 
7624 0.0000008695 3812.5000000000 7624 1 
7625 0.0000008762 3813.0000000000 7625 1 
7626 0.0000008724 3813.5000000000 7626 1 
7627 0.0000008744 3814.0000000000 7627 1 
7628 0.0000008706 3814.5000000000 7628 1 
7629 0.0000008768 3815.0000000000 7629 1 
7630 0.0000008824 3815.5000000000 7630 1 
7631 0.0000008751 3816.0000000000 7631 1 
7632 0.0000008754 3816.5000000000 7632 1 
7633 0.0000008708 3817.0000000000 7633 1 
7634 0.0000008811 3817.5000000000 7634 1 
7635 0.0000008732 3818.0000000000 7635 1 
7636 0.0000008790 3818.5000000000 7636 1 
7637 0.0000008794 3819.0000000000 7637 1 
7638 0.0000008763 3819.5000000000 7638 1 
7639 0.0000008779 3820.0000000000 7639 1 
7640 0.0000008716 3820.5000000000 7640 1 
7641 0.0000008774 3821.0000000000 7641 1 
7642 0.0000008809 3821.5000000000 7642 1 
7643 0.0000008781 3822.0000000000 7643 1 
7644 0.0000008710 3822.5000000000 7644 1 
7645 0.0000008786 3823.0000000000 7645 1 
7646 0.0000008790 3823.5000000000 7646 1 
7647 0.0000008755 3824.0000000000 7647 1 
7648 0.0000008746 3824.5000000000 7648 1 
7649 0.0000008799 3825.0000000000 7649 1 
7650 0.0000008770 3825.5000000000 7650 1 
7651 0.0000008779 3826.0000000000 7651 1 
7652 0.0000008751 3826.5000000000 7652 1 
7653 0.0000008800 3827.0000000000 7653 1 
7654 0.0000008769 3827.5000000000 7654 1 
7655 0.0000008777 3828.0000000000 7655 1 
7656 0.0000008757 3828.5000000000 7656 1 
7657 0.0000008784 3829.0000000000 7657 1 
7658 0.0000008739 3829.5000000000 7658 1 
7659 0.0000008790 3830.0000000000 7659 1 
7660 0.0000008765 3830.5000000000 7660 1 
7661 0.0000008817 3831.0000000000 7661 1 
7662 0.0000008751 3831.5000000000 7662 1 
7663 0.0000008792 3832.0000000000 7663 1 
7664 0.0000008777 3832.5000000000 7664 1 
7665 0.0000008808 3833.0000000000 7665 1 
7666 0.0000008801 3833.5000000000 7666 1 
7667 0.0000008818 3834.0000000000 7667 1 
7668 0.0000008859 3834.5000000000 7668 1 
7669 0.0000008756 3835.0000000000 7669 1 
7670 0.0000008859 3835.5000000000 7670 1 
7671 0.0000008793 3836.0000000000 7671 1 
7672 0.0000008843 3836.5000000000 7672 1 
7673 0.0000008754 3837.0000000000 7673 1 
7674 0.0000008791 3837.5000000000 7674 1 
7675 0.0000008852 3838.0000000000 7675 1 
7676 0.0000008800 3838.5000000000 7676 1 
7677 0.0000008787 3839.0000000000 7677 1 
7678 0.0000008767 3839.5000000000 7678 1 
7679 0.0000008896 3840.0000000000 7679 1 
7680 0.0000008842 3840.5000000000 7680 1 
7681 0.0000008794 3841.0000000000 7681 1 
7682 0.0000008817 3841.5000000000 7682 1 
7683 0.0000008814 3842.0000000000 7683 1 
7684 0.0000008834 3842.5000000000 7684 1 
7685 0.0000008790 3843.0000000000 7685 1 
7686 0.0000008826 3843.5000000000 7686 1 
7687 0.0000008806 3844.0000000000 7687 1 
7688 0.0000008836 3844.5000000000 7688 1 
7689 0.0000008793 3845.0000000000 7689 1 
7690 0.0000008852 3845.5000000000 7690 1 
7691 0.0000008802 3846.0000000000 7691 1 
7692 0.0000008801 3846.5000000000 7692 1 
7693 0.0000008900 3847.0000000000 7693 1 
7694 0.0000008770 3847.5000000000 7694 1 
7695 0.0000008851 3848.0000000000 7695 1 
7696 0.0000008828 3848.5000000000 7696 1 
7697 0.0000008800 3849.0000000000 7697 1 
7698 0.0000008852 3849.5000000000 7698 1 
7699 0.0000008795 3850.0000000000 7699 1 
7700 0.0000008834 3850.5000000000 7700 1 
7701 0.0000008824 3851.0000000000 7701 1 
7702 0.0000008841 3851.5000000000 7702 1 
7703 0.0000008791 3852.0000000000 7703 1 
7704 0.0000008903 3852.5000000000 7704 1 
7705 0.0000008831 3853.0000000000 7705 1 
7706 0.0000008822 3853.5000000000 7706 1 
7707 0.0000008839 3854.0000000000 7707 1 
7708 0.0000008852 3854.5000000000 7708 1 
7709 0.0000008842 3855.0000000000 7709 1 
7710 0.0000008835 3855.5000000000 7710 1 
7711 0.0000008873 3856.0000000000 7711 1 
7712 0.0000008802 3856.5000000000 7712 1 
7713 0.0000008810 3857.0000000000 7713 1 
7714 0.0000008846 3857.5000000000 7714 1 
7715 0.0000008832 3858.0000000000 7715 1 
7716 0.0000008844 3858.5000000000 7716 1 
7717 0.0000008854 3859.0000000000 7717 1 
7718 0.0000008908 3859.5000000000 7718 1 
7719 0.0000008822 3860.0000000000 7719 1 
7720 0.0000008833 3860.5000000000 7720 1 
7721 0.0000008894 3861.0000000000 7721 1 
7722 0.0000008855 3861.5000000000 7722 1 
7723 0.0000008831 3862.0000000000 7723 1 
7724 0.0000008815 3862.5000000000 7724 1 
7725 0.0000008894 3863.0000000000 7725 1 
7726 0.0000008864 3863.5000000000 7726 1 
7727 0.0000008913 3864.0000000000 7727 1 
7728 0.0000008864 3864.5000000000 7728 1 
7729 0.0000008824 3865.0000000000 7729 1 
7730 0.0000008878 3865.5000000000 7730 1 
7731 0.0000008833 3866.0000000000 7731 1 
7732 0.0000008866 3866.5000000000 7732 1 
7733 0.0000008854 3867.0000000000 7733 1 
7734 0.0000008901 3867.5000000000 7734 1 
7735 0.0000008901 3868.0000000000 7735 1 
7736 0.0000008843 3868.5000000000 7736 1 
7737 0.0000008883 3869.0000000000 7737 1 
7738 0.0000008836 3869.5000000000 7738 1 
7739 0.0000008867 3870.0000000000 7739 1 
7740 0.0000008899 3870.5000000000 7740 1 
7741 0.0000008884 3871.0000000000 7741 1 
7742 0.0000008918 3871.5000000000 7742 1 
7743 0.0000008858 3872.0000000000 7743 1 
7744 0.0000008879 3872.5000000000 7744 1 
7745 0.0000008895 3873.0000000000 7745 1 
7746 0.0000008861 3873.5000000000 7746 1 
7747 0.0000008871 3874.0000000000 7747 1 
7748 0.0000008863 3874.5000000000 7748 1 
7749 0.0000008888 3875.0000000000 7749 1 
7750 0.0000008930 3875.5000000000 7750 1 
7751 0.0000008888 3876.0000000000 7751 1 
7752 0.0000008889 3876.5000000000 7752 1 
7753 0.0000008902 3877.0000000000 7753 1 
7754 0.0000008913 3877.5000000000 7754 1 
7755 0.0000008888 3878.0000000000 7755 1 
7756 0.0000008900 3878.5000000000 7756 1 
7757 0.0000008851 3879.0000000000 7757 1 
7758 0.0000008898 3879.5000000000 7758 1 
7759 0.0000008884 3880.0000000000 7759 1 
7760 0.0000008914 3880.5000000000 7760 1 
7761 0.0000008848 3881.0000000000 7761 1 
7762 0.0000008964 3881.5000000000 7762 1 
7763 0.0000008941 3882.0000000000 7763 1 
7764 0.0000009058 3882.5000000000 7764 1 
7765 0.0000009008 3883.0000000000 7765 1 
7766 0.0000009069 3883.5000000000 7766 1 
7767 0.0000009122 3884.0000000000 7767 1 
7768 0.0000009032 3884.5000000000 7768 1 
7769 0.0000009020 3885.0000000000 7769 1 
7770 0.0000008907 3885.5000000000 7770 1 
7771 0.0000009171 3886.0000000000 7771 1 
7772 0.0000009157 3886.5000000000 7772 1 
7773 0.0000009178 3887.0000000000 7773 1 
7774 0.0000009204 3887.5000000000 7774 1 
7775 0.0000009218 3888.0000000000 7775 1 
7776 0.0000009272 3888.5000000000 7776 1 
7777 0.0000009212 3889.0000000000 7777 1 
7778 0.0000009167 3889.5000000000 7778 1 
7779 0.0000009150 3890.0000000000 7779 1 
7780 0.0000009190 3890.5000000000 7780 1 
7781 0.0000009143 3891.0000000000 7781 1 
7782 0.0000009049 3891.5000000000 7782 1 
7783 0.0000009098 3892.0000000000 7783 1 
7784 0.0000009054 3892.5000000000 7784 1 
7785 0.0000008957 3893.0000000000 7785 1 
7786 0.0000009055 3893.5000000000 7786 1 
7787 0.0000009060 3894.0000000000 7787 1 
7788 0.0000008937 3894.5000000000 7788 1 
7789 0.0000008964 3895.0000000000 7789 1 
7790 0.0000008959 3895.5000000000 7790 1 
7791 0.0000008980 3896.0000000000 7791 1 
7792 0.0000009044 3896.5000000000 7792 1 
7793 0.0000009070 3897.0000000000 7793 1 
7794 0.0000009063 3897.5000000000 7794 1 
7795 0.0000009370 3898.0000000000 7795 1 
7796 0.0000008983 3898.5000000000 7796 1 
7797 0.0000008915 3899.0000000000 7797 1 
7798 0.0000009106 3899.5000000000 7798 1 
7799 0.0000009082 3900.0000000000 7799 1 
7800 0.0000009026 3900.5000000000 7800 1 
7801 0.0000009159 3901.0000000000 7801 1 
7802 0.0000009000 3901.5000000000 7802 1 
7803 0.0000009177 3902.0000000000 7803 1 
7804 0.0000009129 3902.5000000000 7804 1 
7805 0.0000008967 3903.0000000000 7805 1 
7806 0.0000008980 3903.5000000000 7806 1 
7807 0.0000008978 3904.0000000000 7807 1 
7808 0.0000009004 3904.5000000000 7808 1 
7809 0.0000008979 3905.0000000000 7809 1 
7810 0.0000009006 3905.5000000000 7810 1 
7811 0.0000009010 3906.0000000000 7811 1 
7812 0.0000009030 3906.5000000000 7812 1 
7813 0.0000009027 3907.0000000000 7813 1 
7814 0.0000009126 3907.5000000000 7814 1 
7815 0.0000009066 3908.0000000000 7815 1 
7816 0.0000009063 3908.5000000000 7816 1 
7817 0.0000009043 3909.0000000000 7817 1 
7818 0.0000008993 3909.5000000000 7818 1 
7819 0.0000009011 3910.0000000000 7819 1 
7820 0.0000009093 3910.5000000000 7820 1 
7821 0.0000009055 3911.0000000000 7821 1 
7822 0.0000009082 3911.5000000000 7822 1 
7823 0.0000009043 3912.0000000000 7823 1 
7824 0.0000009049 3912.5000000000 7824 1 
7825 0.0000009034 3913.0000000000 7825 1 
7826 0.0000009095 3913.5000000000 7826 1 
7827 0.0000009052 3914.0000000000 7827 1 
7828 0.0000009001 3914.5000000000 7828 1 
7829 0.0000009059 3915.0000000000 7829 1 
7830 0.0000009070 3915.5000000000 7830 1 
7831 0.0000009015 3916.0000000000 7831 1 
7832 0.0000009045 3916.5000000000 7832 1 
7833 0.0000009067 3917.0000000000 7833 1 
7834 0.0000009073 3917.5000000000 7834 1 
7835 0.0000009026 3918.0000000000 7835 1 
7836 0.0000009066 3918.5000000000 7836 1 
7837 0.0000009084 3919.0000000000 7837 1 
7838 0.0000008984 3919.5000000000 7838 1 
7839 0.0000009065 3920.0000000000 7839 1 
7840 0.0000009075 3920.5000000000 7840 1 
7841 0.0000009009 3921.0000000000 7841 1 
7842 0.0000009042 3921.5000000000 7842 1 
7843 0.0000009018 3922.0000000000 7843 1 
7844 0.0000009044 3922.5000000000 7844 1 
7845 0.0000009022 3923.0000000000 7845 1 
7846 0.0000009085 3923.5000000000 7846 1 
7847 0.0000009020 3924.0000000000 7847 1 
7848 0.0000008998 3924.5000000000 7848 1 
7849 0.0000009057 3925.0000000000 7849 1 
7850 0.0000009032 3925.5000000000 7850 1 
7851 0.0000009078 3926.0000000000 7851 1 
7852 0.0000009058 3926.5000000000 7852 1 
7853 0.0000009032 3927.0000000000 7853 1 
7854 0.0000009017 3927.5000000000 7854 1 
7855 0.0000009102 3928.0000000000 7855 1 
7856 0.0000009138 3928.5000000000 7856 1 
7857 0.0000009285 3929.0000000000 7857 1 
7858 0.0000009084 3929.5000000000 7858 1 
7859 0.0000009091 3930.0000000000 7859 1 
7860 0.0000009102 3930.5000000000 7860 1 
7861 0.0000009118 3931.0000000000 7861 1 
7862 0.0000009032 3931.5000000000 7862 1 
7863 0.0000009046 3932.0000000000 7863 1 
7864 0.0000009104 3932.5000000000 7864 1 
7865 0.0000009035 3933.0000000000 7865 1 
7866 0.0000009094 3933.5000000000 7866 1 
7867 0.0000009138 3934.0000000000 7867 1 
7868 0.0000009079 3934.5000000000 7868 1 
7869 0.0000009065 3935.0000000000 7869 1 
7870 0.0000009062 3935.5000000000 7870 1 
7871 0.0000009069 3936.0000000000 7871 1 
7872 0.0000009069 3936.5000000000 7872 1 
7873 0.0000009042 3937.0000000000 7873 1 
7874 0.0000009120 3937.5000000000 7874 1 
7875 0.0000009074 3938.0000000000 7875 1 
7876 0.0000009081 3938.5000000000 7876 1 
7877 0.0000009080 3939.0000000000 7877 1 
7878 0.0000009110 3939.5000000000 7878 1 
7879 0.0000009081 3940.0000000000 7879 1 
7880 0.0000009053 3940.5000000000 7880 1 
7881 0.0000009088 3941.0000000000 7881 1 
7882 0.0000009061 3941.5000000000 7882 1 
7883 0.0000009160 3942.0000000000 7883 1 
7884 0.0000009176 3942.5000000000 7884 1 
7885 0.0000009107 3943.0000000000 7885 1 
7886 0.0000009128 3943.5000000000 7886 1 
7887 0.0000009064 3944.0000000000 7887 1 
7888 0.0000009086 3944.5000000000 7888 1 
7889 0.0000009146 3945.0000000000 7889 1 
7890 0.0000009150 3945.5000000000 7890 1 
7891 0.0000009082 3946.0000000000 7891 1 
7892 0.0000009142 3946.5000000000 7892 1 
7893 0.0000009135 3947.0000000000 7893 1 
7894 0.0000009126 3947.5000000000 7894 1 
7895 0.0000009080 3948.0000000000 7895 1 
7896 0.0000009107 3948.5000000000 7896 1 
7897 0.0000009060 3949.0000000000 7897 1 
7898 0.0000009149 3949.5000000000 7898 1 
7899 0.0000009056 3950.0000000000 7899 1 
7900 0.0000009110 3950.5000000000 7900 1 
7901 0.0000009115 3951.0000000000 7901 1 
7902 0.0000009056 3951.5000000000 7902 1 
7903 0.0000009100 3952.0000000000 7903 1 
7904 0.0000009078 3952.5000000000 7904 1 
7905 0.0000009099 3953.0000000000 7905 1 
7906 0.0000009077 3953.5000000000 7906 1 
7907 0.0000009122 3954.0000000000 7907 1 
7908 0.0000009112 3954.5000000000 7908 1 
7909 0.0000009138 3955.0000000000 7909 1 
7910 0.0000009083 3955.5000000000 7910 1 
7911 0.0000009178 3956.0000000000 7911 1 
7912 0.0000009243 3956.5000000000 7912 1 
7913 0.0000009123 3957.0000000000 7913 1 
7914 0.0000009097 3957.5000000000 7914 1 
7915 0.0000009169 3958.0000000000 7915 1 
7916 0.0000009149 3958.5000000000 7916 1 
7917 0.0000009118 3959.0000000000 7917 1 
7918 0.0000009129 3959.5000000000 7918 1 
7919 0.0000009073 3960.0000000000 7919 1 
7920 0.0000009138 3960.5000000000 7920 1 
7921 0.0000009112 3961.0000000000 7921 1 
7922 0.0000009105 3961.5000000000 7922 1 
7923 0.0000009135 3962.0000000000 7923 1 
7924 0.0000009108 3962.5000000000 7924 1 
7925 0.0000009126 3963.0000000000 7925 1 
7926 0.0000009162 3963.5000000000 7926 1 
7927 0.0000009084 3964.0000000000 7927 1 
7928 0.0000009142 3964.5000000000 7928 1 
7929 0.0000009126 3965.0000000000 7929 1 
7930 0.0000009124 3965.5000000000 7930 1 
7931 0.0000009174 3966.0000000000 7931 1 
7932 0.0000009125 3966.5000000000 7932 1 
7933 0.0000009172 3967.0000000000 7933 1 
7934 0.0000009152 3967.5000000000 7934 1 
7935 0.0000009157 3968.0000000000 7935 1 
7936 0.0000009129 3968.5000000000 7936 1 
7937 0.0000009134 3969.0000000000 7937 1 
7938 0.0000009152 3969.5000000000 7938 1 
7939 0.0000009128 3970.0000000000 7939 1 
7940 0.0000009116 3970.5000000000 7940 1 
7941 0.0000009139 3971.0000000000 7941 1 
7942 0.0000009179 3971.5000000000 7942 1 
7943 0.0000009135 3972.0000000000 7943 1 
7944 0.0000009114 3972.5000000000 7944 1 
7945 0.0000009173 3973.0000000000 7945 1 
7946 0.0000009158 3973.5000000000 7946 1 
7947 0.0000009132 3974.0000000000 7947 1 
7948 0.0000009173 3974.5000000000 7948 1 
7949 0.0000009170 3975.0000000000 7949 1 
7950 0.0000009208 3975.5000000000 7950 1 
7951 0.0000009149 3976.0000000000 7951 1 
7952 0.0000009200 3976.5000000000 7952 1 
7953 0.0000009200 3977.0000000000 7953 1 
7954 0.0000009156 3977.5000000000 7954 1 
7955 0.0000009165 3978.0000000000 7955 1 
7956 0.0000009226 3978.5000000000 7956 1 
7957 0.0000009133 3979.0000000000 7957 1 
7958 0.0000009196 3979.5000000000 7958 1 
7959 0.0000009215 3980.0000000000 7959 1 
7960 0.0000009178 3980.5000000000 7960 1 
7961 0.0000009162 3981.0000000000 7961 1 
7962 0.0000009171 3981.5000000000 7962 1 
7963 0.0000009210 3982.0000000000 7963 1 
7964 0.0000009223 3982.5000000000 7964 1 
7965 0.0000009140 3983.0000000000 7965 1 
7966 0.0000009220 3983.5000000000 7966 1 
7967 0.0000009160 3984.0000000000 7967 1 
7968 0.0000009180 3984.5000000000 7968 1 
7969 0.0000009172 3985.0000000000 7969 1 
7970 0.0000009189 3985.5000000000 7970 1 
7971 0.0000009169 3986.0000000000 7971 1 
7972 0.0000009182 3986.5000000000 7972 1 
7973 0.0000009183 3987.0000000000 7973 1 
7974 0.0000009189 3987.5000000000 7974 1 
7975 0.0000009179 3988.0000000000 7975 1 
7976 0.0000009189 3988.5000000000 7976 1 
7977 0.0000009220 3989.0000000000 7977 1 
7978 0.0000009170 3989.5000000000 7978 1 
7979 0.0000009239 3990.0000000000 7979 1 
7980 0.0000009192 3990.5000000000 7980 1 
7981 0.0000009178 3991.0000000000 7981 1 
7982 0.0000009206 3991.5000000000 7982 1 
7983 0.0000009186 3992.0000000000 7983 1 
7984 0.0000009201 3992.5000000000 7984 1 
7985 0.0000009225 3993.0000000000 7985 1 
7986 0.0000009211 3993.5000000000 7986 1 
7987 0.0000009185 3994.0000000000 7987 1 
7988 0.0000009185 3994.5000000000 7988 1 
7989 0.0000009213 3995.0000000000 7989 1 
7990 0.0000009199 3995.5000000000 7990 1 
7991 0.0000009247 3996.0000000000 7991 1 
7992 0.0000009225 3996.5000000000 7992 1 
7993 0.0000009204 3997.0000000000 7993 1 
7994 0.0000009182 3997.5000000000 7994 1 
7995 0.0000009216 3998.0000000000 7995 1 
7996 0.0000009188 3998.5000000000 7996 1 
7997 0.0000009216 3999.0000000000 7997 1 
7998 0.0000009186 3999.5000000000 7998 1 
7999 0.0000009226 4000.0000000000 7999 1 
8000 0.0000009200 4000.5000000000 8000 1 
8001 0.0000009236 4001.0000000000 8001 1 
8002 0.0000009225 4001.5000000000 8002 1 
8003 0.0000009250 4002.0000000000 8003 1 
8004 0.0000009267 4002.5000000000 8004 1 
8005 0.0000009247 4003.0000000000 8005 1 
8006 0.0000009186 4003.5000000000 8006 1 
8007 0.0000009239 4004.0000000000 8007 1 
8008 0.0000009200 4004.5000000000 8008 1 
8009 0.0000009211 4005.0000000000 8009 1 
8010 0.0000009283 4005.5000000000 8010 1 
8011 0.0000009171 4006.0000000000 8011 1 
8012 0.0000009245 4006.5000000000 8012 1 
8013 0.0000009215 4007.0000000000 8013 1 
8014 0.0000009229 4007.5000000000 8014 1 
8015 0.0000009275 4008.0000000000 8015 1 
8016 0.0000009192 4008.5000000000 8016 1 
8017 0.0000009232 4009.0000000000 8017 1 
8018 0.0000009244 4009.5000000000 8018 1 
8019 0.0000009237 4010.0000000000 8019 1 
8020 0.0000009296 4010.5000000000 8020 1 
8021 0.0000009190 4011.0000000000 8021 1 
8022 0.0000009243 4011.5000000000 8022 1 
8023 0.0000009242 4012.0000000000 8023 1 
8024 0.0000009211 4012.5000000000 8024 1 
8025 0.0000009229 4013.0000000000 8025 1 
8026 0.0000009234 4013.5000000000 8026 1 
8027 0.0000009253 4014.0000000000 8027 1 
8028 0.0000009281 4014.5000000000 8028 1 
8029 0.0000009203 4015.0000000000 8029 1 
8030 0.0000009262 4015.5000000000 8030 1 
8031 0.0000009229 4016.0000000000 8031 1 
8032 0.0000009246 4016.5000000000 8032 1 
8033 0.0000009261 4017.0000000000 8033 1 
8034 0.0000009228 4017.5000000000 8034 1 
8035 0.0000009237 4018.0000000000 8035 1 
8036 0.0000009288 4018.5000000000 8036 1 
8037 0.0000009236 4019.0000000000 8037 1 
8038 0.0000009272 4019.5000000000 8038 1 
8039 0.0000009223 4020.0000000000 8039 1 
8040 0.0000009282 4020.5000000000 8040 1 
8041 0.0000009272 4021.0000000000 8041 1 
8042 0.0000009213 4021.5000000000 8042 1 
8043 0.0000009266 4022.0000000000 8043 1 
8044 0.0000009254 4022.5000000000 8044 1 
8045 0.0000009320 4023.0000000000 8045 1 
8046 0.0000009238 4023.5000000000 8046 1 
8047 0.0000009253 4024.0000000000 8047 1 
8048 0.0000009308 4024.5000000000 8048 1 
8049 0.0000009251 4025.0000000000 8049 1 
8050 0.0000009292 4025.5000000000 8050 1 
8051 0.0000009277 4026.0000000000 8051 1 
8052 0.0000009250 4026.5000000000 8052 1 
8053 0.0000009280 4027.0000000000 8053 1 
8054 0.0000009287 4027.5000000000 8054 1 
8055 0.0000009291 4028.0000000000 8055 1 
8056 0.0000009244 4028.5000000000 8056 1 
8057 0.0000009232 4029.0000000000 8057 1 
8058 0.0000009327 4029.5000000000 8058 1 
8059 0.0000009287 4030.0000000000 8059 1 
8060 0.0000009303 4030.5000000000 8060 1 
8061 0.0000009233 4031.0000000000 8061 1 
8062 0.0000009268 4031.5000000000 8062 1 
8063 0.0000009287 4032.0000000000 8063 1 
8064 0.0000009287 4032.5000000000 8064 1 
8065 0.0000009262 4033.0000000000 8065 1 
8066 0.0000009290 4033.5000000000 8066 1 
8067 0.0000009293 4034.0000000000 8067 1 
8068 0.0000009285 4034.5000000000 8068 1 
8069 0.0000009268 4035.0000000000 8069 1 
8070 0.0000009328 4035.5000000000 8070 1 
8071 0.0000009295 4036.0000000000 8071 1 
8072 0.0000009317 4036.5000000000 8072 1 
8073 0.0000009290 4037.0000000000 8073 1 
8074 0.0000009279 4037.5000000000 8074 1 
8075 0.0000009299 4038.0000000000 8075 1 
8076 0.0000009287 4038.5000000000 8076 1 
8077 0.0000009339 4039.0000000000 8077 1 
8078 0.0000009255 4039.5000000000 8078 1 
8079 0.0000009297 4040.0000000000 8079 1 
8080 0.0000009377 4040.5000000000 8080 1 
8081 0.0000009272 4041.0000000000 8081 1 
8082 0.0000009326 4041.5000000000 8082 1 
8083 0.0000009316 4042.0000000000 8083 1 
8084 0.0000009328 4042.5000000000 8084 1 
8085 0.0000009299 4043.0000000000 8085 1 
8086 0.0000009332 4043.5000000000 8086 1 
8087 0.0000009316 4044.0000000000 8087 1 
8088 0.0000009357 4044.5000000000 8088 1 
8089 0.0000009305 4045.0000000000 8089 1 
8090 0.0000009299 4045.5000000000 8090 1 
8091 0.0000009300 4046.0000000000 8091 1 
8092 0.0000009351 4046.5000000000 8092 1 
8093 0.0000009307 4047.0000000000 8093 1 
8094 0.0000009350 4047.5000000000 8094 1 
8095 0.0000009334 4048.0000000000 8095 1 
8096 0.0000009371 4048.5000000000 8096 1 
8097 0.0000009354 4049.0000000000 8097 1 
8098 0.0000009305 4049.5000000000 8098 1 
8099 0.0000009318 4050.0000000000 8099 1 
8100 0.0000009385 4050.5000000000 8100 1 
8101 0.0000009325 4051.0000000000 8101 1 
8102 0.0000009324 4051.5000000000 8102 1 
8103 0.0000009366 4052.0000000000 8103 1 
8104 0.0000009368 4052.5000000000 8104 1 
8105 0.0000009334 4053.0000000000 8105 1 
8106 0.0000009370 4053.5000000000 8106 1 
8107 0.0000009347 4054.0000000000 8107 1 
8108 0.0000009341 4054.5000000000 8108 1 
8109 0.0000009324 4055.0000000000 8109 1 
8110 0.0000009343 4055.5000000000 8110 1 
8111 0.0000009344 4056.0000000000 8111 1 
8112 0.0000009336 4056.5000000000 8112 1 
8113 0.0000009338 4057.0000000000 8113 1 
8114 0.0000009337 4057.5000000000 8114 1 
8115 0.0000009342 4058.0000000000 8115 1 
8116 0.0000009349 4058.5000000000 8116 1 
8117 0.0000009401 4059.0000000000 8117 1 
8118 0.0000009358 4059.5000000000 8118 1 
8119 0.0000009353 4060.0000000000 8119 1 
8120 0.0000009384 4060.5000000000 8120 1 
8121 0.0000009331 4061.0000000000 8121 1 
8122 0.0000009368 4061.5000000000 8122 1 
8123 0.0000009341 4062.0000000000 8123 1 
8124 0.0000009389 4062.5000000000 8124 1 
8125 0.0000009372 4063.0000000000 8125 1 
8126 0.0000009402 4063.5000000000 8126 1 
8127 0.0000009340 4064.0000000000 8127 1 
8128 0.0000009380 4064.5000000000 8128 1 
8129 0.0000009419 4065.0000000000 8129 1 
8130 0.0000009386 4065.5000000000 8130 1 
8131 0.0000009373 4066.0000000000 8131 1 
8132 0.0000009370 4066.5000000000 8132 1 
8133 0.0000009405 4067.0000000000 8133 1 
8134 0.0000009377 4067.5000000000 8134 1 
8135 0.0000009395 4068.0000000000 8135 1 
8136 0.0000009388 4068.5000000000 8136 1 
8137 0.0000009381 4069.0000000000 8137 1 
8138 0.0000009410 4069.5000000000 8138 1 
8139 0.0000009435 4070.0000000000 8139 1 
8140 0.0000009373 4070.5000000000 8140 1 
8141 0.0000009399 4071.0000000000 8141 1 
8142 0.0000009386 4071.5000000000 8142 1 
8143 0.0000009359 4072.0000000000 8143 1 
8144 0.0000009411 4072.5000000000 8144 1 
8145 0.0000009403 4073.0000000000 8145 1 
8146 0.0000009375 4073.5000000000 8146 1 
8147 0.0000009440 4074.0000000000 8147 1 
8148 0.0000009378 4074.5000000000 8148 1 
8149 0.0000009428 4075.0000000000 8149 1 
8150 0.0000009421 4075.5000000000 8150 1 
8151 0.0000009442 4076.0000000000 8151 1 
8152 0.0000009421 4076.5000000000 8152 1 
8153 0.0000009424 4077.0000000000 8153 1 
8154 0.0000009386 4077.5000000000 8154 1 
8155 0.0000009397 4078.0000000000 8155 1 
8156 0.0000009430 4078.5000000000 8156 1 
8157 0.0000009382 4079.0000000000 8157 1 
8158 0.0000009426 4079.5000000000 8158 1 
8159 0.0000009381 4080.0000000000 8159 1 
8160 0.0000009446 4080.5000000000 8160 1 
8161 0.0000009393 4081.0000000000 8161 1 
8162 0.0000009375 4081.5000000000 8162 1 
8163 0.0000009462 4082.0000000000 8163 1 
8164 0.0000009402 4082.5000000000 8164 1 
8165 0.0000009412 4083.0000000000 8165 1 
8166 0.0000009402 4083.5000000000 8166 1 
8167 0.0000009378 4084.0000000000 8167 1 
8168 0.0000009432 4084.5000000000 8168 1 
8169 0.0000009437 4085.0000000000 8169 1 
8170 0.0000009405 4085.5000000000 8170 1 
8171 0.0000009413 4086.0000000000 8171 1 
8172 0.0000009464 4086.5000000000 8172 1 
8173 0.0000009404 4087.0000000000 8173 1 
8174 0.0000009427 4087.5000000000 8174 1 
8175 0.0000009443 4088.0000000000 8175 1 
8176 0.0000009401 4088.5000000000 8176 1 
8177 0.0000009414 4089.0000000000 8177 1 
8178 0.0000009472 4089.5000000000 8178 1 
8179 0.0000009411 4090.0000000000 8179 1 
8180 0.0000009444 4090.5000000000 8180 1 
8181 0.0000009423 4091.0000000000 8181 1 
8182 0.0000009432 4091.5000000000 8182 1 
8183 0.0000009467 4092.0000000000 8183 1 
8184 0.0000009434 4092.5000000000 8184 1 
8185 0.0000009458 4093.0000000000 8185 1 
8186 0.0000009415 4093.5000000000 8186 1 
8187 0.0000009453 4094.0000000000 8187 1 
8188 0.0000009459 4094.5000000000 8188 1 
8189 0.0000009486 4095.0000000000 8189 1 
8190 0.0000009413 4095.5000000000 8190 1 
8191 0.0000009464 4096.0000000000 8191 1 
8192 0.0000009441 4096.5000000000 8192 1 
8193 0.0000009446 4097.0000000000 8193 1 
8194 0.0000009465 4097.5000000000 8194 1 
8195 0.0000009423 4098.0000000000 8195 1 
8196 0.0000009500 4098.5000000000 8196 1 
8197 0.0000009450 4099.0000000000 8197 1 
8198 0.0000009458 4099.5000000000 8198 1 
8199 0.0000009457 4100.0000000000 8199 1 
8200 0.0000009483 4100.5000000000 8200 1 
8201 0.0000009455 4101.0000000000 8201 1 
8202 0.0000009455 4101.5000000000 8202 1 
8203 0.0000009432 4102.0000000000 8203 1 
8204 0.0000009500 4102.5000000000 8204 1 
8205 0.0000009445 4103.0000000000 8205 1 
8206 0.0000009456 4103.5000000000 8206 1 
8207 0.0000009471 4104.0000000000 8207 1 
8208 0.0000009453 4104.5000000000 8208 1 
8209 0.0000009449 4105.0000000000 8209 1 
8210 0.0000009442 4105.5000000000 8210 1 
8211 0.0000009465 4106.0000000000 8211 1 
8212 0.0000009442 4106.5000000000 8212 1 
8213 0.0000009500 4107.0000000000 8213 1 
8214 0.0000009486 4107.5000000000 8214 1 
8215 0.0000009491 4108.0000000000 8215 1 
8216 0.0000009471 4108.5000000000 8216 1 
8217 0.0000009494 4109.0000000000 8217 1 
8218 0.0000009421 4109.5000000000 8218 1 
8219 0.0000009489 4110.0000000000 8219 1 
8220 0.0000009501 4110.5000000000 8220 1 
8221 0.0000009447 4111.0000000000 8221 1 
8222 0.0000009507 4111.5000000000 8222 1 
8223 0.0000009465 4112.0000000000 8223 1 
8224 0.0000009491 4112.5000000000 8224 1 
8225 0.0000009475 4113.0000000000 8225 1 
8226 0.0000009478 4113.5000000000 8226 1 
8227 0.0000009489 4114.0000000000 8227 1 
8228 0.0000009504 4114.5000000000 8228 1 
8229 0.0000009475 4115.0000000000 8229 1 
8230 0.0000009499 4115.5000000000 8230 1 
8231 0.0000009484 4116.0000000000 8231 1 
8232 0.0000009487 4116.5000000000 8232 1 
8233 0.0000009486 4117.0000000000 8233 1 
8234 0.0000009491 4117.5000000000 8234 1 
8235 0.0000009485 4118.0000000000 8235 1 
8236 0.0000009485 4118.5000000000 8236 1 
8237 0.0000009486 4119.0000000000 8237 1 
8238 0.0000009511 4119.5000000000 8238 1 
8239 0.0000009513 4120.0000000000 8239 1 
8240 0.0000009471 4120.5000000000 8240 1 
8241 0.0000009489 4121.0000000000 8241 1 
8242 0.0000009515 4121.5000000000 8242 1 
8243 0.0000009489 4122.0000000000 8243 1 
8244 0.0000009476 4122.5000000000 8244 1 
8245 0.0000009538 4123.0000000000 8245 1 
8246 0.0000009482 4123.5000000000 8246 1 
8247 0.0000009533 4124.0000000000 8247 1 
8248 0.0000009496 4124.5000000000 8248 1 
8249 0.0000009537 4125.0000000000 8249 1 
8250 0.0000009480 4125.5000000000 8250 1 
8251 0.0000009524 4126.0000000000 8251 1 
8252 0.0000009478 4126.5000000000 8252 1 
8253 0.0000009564 4127.0000000000 8253 1 
8254 0.0000009524 4127.5000000000 8254 1 
8255 0.0000009552 4128.0000000000 8255 1 
8256 0.0000009494 4128.5000000000 8256 1 
8257 0.0000009540 4129.0000000000 8257 1 
8258 0.0000009507 4129.5000000000 8258 1 
8259 0.0000009582 4130.0000000000 8259 1 
8260 0.0000009510 4130.5000000000 8260 1 
8261 0.0000009513 4131.0000000000 8261 1 
8262 0.0000009550 4131.5000000000 8262 1 
8263 0.0000009501 4132.0000000000 8263 1 
8264 0.0000009543 4132.5000000000 8264 1 
8265 0.0000009526 4133.0000000000 8265 1 
8266 0.0000009538 4133.5000000000 8266 1 
8267 0.0000009517 4134.0000000000 8267 1 
8268 0.0000009559 4134.5000000000 8268 1 
8269 0.0000009538 4135.0000000000 8269 1 
8270 0.0000009557 4135.5000000000 8270 1 
8271 0.0000009557 4136.0000000000 8271 1 
8272 0.0000009556 4136.5000000000 8272 1 
8273 0.0000009542 4137.0000000000 8273 1 
8274 0.0000009517 4137.5000000000 8274 1 
8275 0.0000009536 4138.0000000000 8275 1 
8276 0.0000009563 4138.5000000000 8276 1 
8277 0.0000009522 4139.0000000000 8277 1 
8278 0.0000009571 4139.5000000000 8278 1 
8279 0.0000009543 4140.0000000000 8279 1 
8280 0.0000009577 4140.5000000000 8280 1 
8281 0.0000009580 4141.0000000000 8281 1 
8282 0.0000009570 4141.5000000000 8282 1 
8283 0.0000009563 4142.0000000000 8283 1 
8284 0.0000009596 4142.5000000000 8284 1 
8285 0.0000009553 4143.0000000000 8285 1 
8286 0.0000009580 4143.5000000000 8286 1 
8287 0.0000009555 4144.0000000000 8287 1 
8288 0.0000009561 4144.5000000000 8288 1 
8289 0.0000009543 4145.0000000000 8289 1 
8290 0.0000009546 4145.5000000000 8290 1 
8291 0.0000009778 4146.0000000000 8291 1 
8292 0.0000009586 4146.5000000000 8292 1 
8293 0.0000009568 4147.0000000000 8293 1 
8294 0.0000009582 4147.5000000000 8294 1 
8295 0.0000009568 4148.0000000000 8295 1 
8296 0.0000009590 4148.5000000000 8296 1 
8297 0.0000009570 4149.0000000000 8297 1 
8298 0.0000009597 4149.5000000000 8298 1 
8299 0.0000009593 4150.0000000000 8299 1 
8300 0.0000009599 4150.5000000000 8300 1 
8301 0.0000009554 4151.0000000000 8301 1 
8302 0.0000009612 4151.5000000000 8302 1 
8303 0.0000009566 4152.0000000000 8303 1 
8304 0.0000009577 4152.5000000000 8304 1 
8305 0.0000009613 4153.0000000000 8305 1 
8306 0.0000009580 4153.5000000000 8306 1 
8307 0.0000009581 4154.0000000000 8307 1 
8308 0.0000009604 4154.5000000000 8308 1 
8309 0.0000009605 4155.0000000000 8309 1 
8310 0.0000009587 4155.5000000000 8310 1 
8311 0.0000009582 4156.0000000000 8311 1 
8312 0.0000009620 4156.5000000000 8312 1 
8313 0.0000009603 4157.0000000000 8313 1 
8314 0.0000009625 4157.5000000000 8314 1 
8315 0.0000009568 4158.0000000000 8315 1 
8316 0.0000009657 4158.5000000000 8316 1 
8317 0.0000009567 4159.0000000000 8317 1 
8318 0.0000009612 4159.5000000000 8318 1 
8319 0.0000009607 4160.0000000000 8319 1 
8320 0.0000009608 4160.5000000000 8320 1 
8321 0.0000009578 4161.0000000000 8321 1 
8322 0.0000009587 4161.5000000000 8322 1 
8323 0.0000009614 4162.0000000000 8323 1 
8324 0.0000009668 4162.5000000000 8324 1 
8325 0.0000009594 4163.0000000000 8325 1 
8326 0.0000009847 4163.5000000000 8326 1 
8327 0.0000009666 4164.0000000000 8327 1 
8328 0.0000009709 4164.5000000000 8328 1 
8329 0.0000009664 4165.0000000000 8329 1 
8330 0.0000009687 4165.5000000000 8330 1 
8331 0.0000009686 4166.0000000000 8331 1 
8332 0.0000009653 4166.5000000000 8332 1 
8333 0.0000009657 4167.0000000000 8333 1 
8334 0.0000009672 4167.5000000000 8334 1 
8335 0.0000010564 4168.0000000000 8335 1 
8336 0.0000009566 4168.5000000000 8336 1 
8337 0.0000009733 4169.0000000000 8337 1 
8338 0.0000009689 4169.5000000000 8338 1 
8339 0.0000009735 4170.0000000000 8339 1 
8340 0.0000009675 4170.5000000000 8340 1 
8341 0.0000009699 4171.0000000000 8341 1 
8342 0.0000009691 4171.5000000000 8342 1 
8343 0.0000009706 4172.0000000000 8343 1 
8344 0.0000009679 4172.5000000000 8344 1 
8345 0.0000009700 4173.0000000000 8345 1 
8346 0.0000009667 4173.5000000000 8346 1 
8347 0.0000009708 4174.0000000000 8347 1 
8348 0.0000009653 4174.5000000000 8348 1 
8349 0.0000009715 4175.0000000000 8349 1 
8350 0.0000009703 4175.5000000000 8350 1 
8351 0.0000009687 4176.0000000000 8351 1 
8352 0.0000009665 4176.5000000000 8352 1 
8353 0.0000009700 4177.0000000000 8353 1 
8354 0.0000009715 4177.5000000000 8354 1 
8355 0.0000009673 4178.0000000000 8355 1 
8356 0.0000009667 4178.5000000000 8356 1 
8357 0.0000009672 4179.0000000000 8357 1 
8358 0.0000009672 4179.5000000000 8358 1 
8359 0.0000009685 4180.0000000000 8359 1 
8360 0.0000009671 4180.5000000000 8360 1 
8361 0.0000009659 4181.0000000000 8361 1 
8362 0.0000009658 4181.5000000000 8362 1 
8363 0.0000009691 4182.0000000000 8363 1 
8364 0.0000009648 4182.5000000000 8364 1 
8365 0.0000009671 4183.0000000000 8365 1 
8366 0.0000009720 4183.5000000000 8366 1 
8367 0.0000009677 4184.0000000000 8367 1 
8368 0.0000009669 4184.5000000000 8368 1 
8369 0.0000009675 4185.0000000000 8369 1 
8370 0.0000009663 4185.5000000000 8370 1 
8371 0.0000009691 4186.0000000000 8371 1 
8372 0.0000009682 4186.5000000000 8372 1 
8373 0.0000009695 4187.0000000000 8373 1 
8374 0.0000009673 4187.5000000000 8374 1 
8375 0.0000009728 4188.0000000000 8375 1 
8376 0.0000009678 4188.5000000000 8376 1 
8377 0.0000009649 4189.0000000000 8377 1 
8378 0.0000009731 4189.5000000000 8378 1 
8379 0.0000009691 4190.0000000000 8379 1 
8380 0.0000009696 4190.5000000000 8380 1 
8381 0.0000009703 4191.0000000000 8381 1 
8382 0.0000009648 4191.5000000000 8382 1 
8383 0.0000009732 4192.0000000000 8383 1 
8384 0.0000009677 4192.5000000000 8384 1 
8385 0.0000009714 4193.0000000000 8385 1 
8386 0.0000009698 4193.5000000000 8386 1 
8387 0.0000009701 4194.0000000000 8387 1 
8388 0.0000009706 4194.5000000000 8388 1 
8389 0.0000009700 4195.0000000000 8389 1 
8390 0.0000009728 4195.5000000000 8390 1 
8391 0.0000009641 4196.0000000000 8391 1 
8392 0.0000009740 4196.5000000000 8392 1 
8393 0.0000009696 4197.0000000000 8393 1 
8394 0.0000009699 4197.5000000000 8394 1 
8395 0.0000009693 4198.0000000000 8395 1 
8396 0.0000009731 4198.5000000000 8396 1 
8397 0.0000009733 4199.0000000000 8397 1 
8398 0.0000009699 4199.5000000000 8398 1 
8399 0.0000009684 4200.0000000000 8399 1 
8400 0.0000009695 4200.5000000000 8400 1 
8401 0.0000009702 4201.0000000000 8401 1 
8402 0.0000009719 4201.5000000000 8402 1 
8403 0.0000009744 4202.0000000000 8403 1 
8404 0.0000009698 4202.5000000000 8404 1 
8405 0.0000009704 4203.0000000000 8405 1 
8406 0.0000009739 4203.5000000000 8406 1 
8407 0.0000009747 4204.0000000000 8407 1 
8408 0.0000009697 4204.5000000000 8408 1 
8409 0.0000009721 4205.0000000000 8409 1 
8410 0.0000009696 4205.5000000000 8410 1 
8411 0.0000009735 4206.0000000000 8411 1 
8412 0.0000009717 4206.5000000000 8412 1 
8413 0.0000009714 4207.0000000000 8413 1 
8414 0.0000009709 4207.5000000000 8414 1 
8415 0.0000009747 4208.0000000000 8415 1 
8416 0.0000009709 4208.5000000000 8416 1 
8417 0.0000009733 4209.0000000000 8417 1 
8418 0.0000009739 4209.5000000000 8418 1 
8419 0.0000009716 4210.0000000000 8419 1 
8420 0.0000009761 4210.5000000000 8420 1 
8421 0.0000009721 4211.0000000000 8421 1 
8422 0.0000009749 4211.5000000000 8422 1 
8423 0.0000009726 4212.0000000000 8423 1 
8424 0.0000009748 4212.5000000000 8424 1 
8425 0.0000009728 4213.0000000000 8425 1 
8426 0.0000009732 4213.5000000000 8426 1 
8427 0.0000009765 4214.0000000000 8427 1 
8428 0.0000009719 4214.5000000000 8428 1 
8429 0.0000009769 4215.0000000000 8429 1 
8430 0.0000009720 4215.5000000000 8430 1 
8431 0.0000009751 4216.0000000000 8431 1 
8432 0.0000009732 4216.5000000000 8432 1 
8433 0.0000009758 4217.0000000000 8433 1 
8434 0.0000009744 4217.5000000000 8434 1 
8435 0.0000009790 4218.0000000000 8435 1 
8436 0.0000009738 4218.5000000000 8436 1 
8437 0.0000009790 4219.0000000000 8437 1 
8438 0.0000009772 4219.5000000000 8438 1 
8439 0.0000009783 4220.0000000000 8439 1 
8440 0.0000009765 4220.5000000000 8440 1 
8441 0.0000009714 4221.0000000000 8441 1 
8442 0.0000009777 4221.5000000000 8442 1 
8443 0.0000009750 4222.0000000000 8443 1 
8444 0.0000009715 4222.5000000000 8444 1 
8445 0.0000009761 4223.0000000000 8445 1 
8446 0.0000009780 4223.5000000000 8446 1 
8447 0.0000009763 4224.0000000000 8447 1 
8448 0.0000009879 4224.5000000000 8448 1 
8449 0.0000009769 4225.0000000000 8449 1 
8450 0.0000009743 4225.5000000000 8450 1 
8451 0.0000009772 4226.0000000000 8451 1 
8452 0.0000009841 4226.5000000000 8452 1 
8453 0.0000009807 4227.0000000000 8453 1 
8454 0.0000009760 4227.5000000000 8454 1 
8455 0.0000009766 4228.0000000000 8455 1 
8456 0.0000009800 4228.5000000000 8456 1 
8457 0.0000009724 4229.0000000000 8457 1 
8458 0.0000009793 4229.5000000000 8458 1 
8459 0.0000009769 4230.0000000000 8459 1 
8460 0.0000009768 4230.5000000000 8460 1 
8461 0.0000009754 4231.0000000000 8461 1 
8462 0.0000009816 4231.5000000000 8462 1 
8463 0.0000009770 4232.0000000000 8463 1 
8464 0.0000009790 4232.5000000000 8464 1 
8465 0.0000009850 4233.0000000000 8465 1 
8466 0.0000009759 4233.5000000000 8466 1 
8467 0.0000009791 4234.0000000000 8467 1 
8468 0.0000009803 4234.5000000000 8468 1 
8469 0.0000009805 4235.0000000000 8469 1 
8470 0.0000009778 4235.5000000000 8470 1 
8471 0.0000009838 4236.0000000000 8471 1 
8472 0.0000009783 4236.5000000000 8472 1 
8473 0.0000009756 4237.0000000000 8473 1 
8474 0.0000009809 4237.5000000000 8474 1 
8475 0.0000009778 4238.0000000000 8475 1 
8476 0.0000009782 4238.5000000000 8476 1 
8477 0.0000009789 4239.0000000000 8477 1 
8478 0.0000009777 4239.5000000000 8478 1 
8479 0.0000009784 4240.0000000000 8479 1 
8480 0.0000009816 4240.5000000000 8480 1 
8481 0.0000009828 4241.0000000000 8481 1 
8482 0.0000009790 4241.5000000000 8482 1 
8483 0.0000009774 4242.0000000000 8483 1 
8484 0.0000009796 4242.5000000000 8484 1 
8485 0.0000009813 4243.0000000000 8485 1 
8486 0.0000009767 4243.5000000000 8486 1 
8487 0.0000009813 4244.0000000000 8487 1 
8488 0.0000009829 4244.5000000000 8488 1 
8489 0.0000009781 4245.0000000000 8489 1 
8490 0.0000009827 4245.5000000000 8490 1 
8491 0.0000009794 4246.0000000000 8491 1 
8492 0.0000009812 4246.5000000000 8492 1 
8493 0.0000009802 4247.0000000000 8493 1 
8494 0.0000009815 4247.5000000000 8494 1 
8495 0.0000009821 4248.0000000000 8495 1 
8496 0.0000009800 4248.5000000000 8496 1 
8497 0.0000009813 4249.0000000000 8497 1 
8498 0.0000009798 4249.5000000000 8498 1 
8499 0.0000009867 4250.0000000000 8499 1 
8500 0.0000009844 4250.5000000000 8500 1 
8501 0.0000009820 4251.0000000000 8501 1 
8502 0.0000009814 4251.5000000000 8502 1 
8503 0.0000009805 4252.0000000000 8503 1 
8504 0.0000009810 4252.5000000000 8504 1 
8505 0.0000009788 4253.0000000000 8505 1 
8506 0.0000009845 4253.5000000000 8506 1 
8507 0.0000009807 4254.0000000000 8507 1 
8508 0.0000009806 4254.5000000000 8508 1 
8509 0.0000009852 4255.0000000000 8509 1 
8510 0.0000009806 4255.5000000000 8510 1 
8511 0.0000009824 4256.0000000000 8511 1 
8512 0.0000009839 4256.5000000000 8512 1 
8513 0.0000009838 4257.0000000000 8513 1 
8514 0.0000009827 4257.5000000000 8514 1 
8515 0.0000009850 4258.0000000000 8515 1 
8516 0.0000009845 4258.5000000000 8516 1 
8517 0.0000009819 4259.0000000000 8517 1 
8518 0.0000009845 4259.5000000000 8518 1 
8519 0.0000009857 4260.0000000000 8519 1 
8520 0.0000009866 4260.5000000000 8520 1 
8521 0.0000009867 4261.0000000000 8521 1 
8522 0.0000009838 4261.5000000000 8522 1 
8523 0.0000009871 4262.0000000000 8523 1 
8524 0.0000009838 4262.5000000000 8524 1 
8525 0.0000009851 4263.0000000000 8525 1 
8526 0.0000009832 4263.5000000000 8526 1 
8527 0.0000009873 4264.0000000000 8527 1 
8528 0.0000009850 4264.5000000000 8528 1 
8529 0.0000009859 4265.0000000000 8529 1 
8530 0.0000009882 4265.5000000000 8530 1 
8531 0.0000009859 4266.0000000000 8531 1 
8532 0.0000009851 4266.5000000000 8532 1 
8533 0.0000009841 4267.0000000000 8533 1 
8534 0.0000009837 4267.5000000000 8534 1 
8535 0.0000009885 4268.0000000000 8535 1 
8536 0.0000009847 4268.5000000000 8536 1 
8537 0.0000009858 4269.0000000000 8537 1 
8538 0.0000009835 4269.5000000000 8538 1 
8539 0.0000009877 4270.0000000000 8539 1 
8540 0.0000009899 4270.5000000000 8540 1 
8541 0.0000009870 4271.0000000000 8541 1 
8542 0.0000009930 4271.5000000000 8542 1 
8543 0.0000009854 4272.0000000000 8543 1 
8544 0.0000009872 4272.5000000000 8544 1 
8545 0.0000009878 4273.0000000000 8545 1 
8546 0.0000009868 4273.5000000000 8546 1 
8547 0.0000009858 4274.0000000000 8547 1 
8548 0.0000009860 4274.5000000000 8548 1 
8549 0.0000009882 4275.0000000000 8549 1 
8550 0.0000009927 4275.5000000000 8550 1 
8551 0.0000009842 4276.0000000000 8551 1 
8552 0.0000009888 4276.5000000000 8552 1 
8553 0.0000009924 4277.0000000000 8553 1 
8554 0.0000009895 4277.5000000000 8554 1 
8555 0.0000009870 4278.0000000000 8555 1 
8556 0.0000009859 4278.5000000000 8556 1 
8557 0.0000009907 4279.0000000000 8557 1 
8558 0.0000009914 4279.5000000000 8558 1 
8559 0.0000009903 4280.0000000000 8559 1 
8560 0.0000009854 4280.5000000000 8560 1 
8561 0.0000009908 4281.0000000000 8561 1 
8562 0.0000009907 4281.5000000000 8562 1 
8563 0.0000009900 4282.0000000000 8563 1 
8564 0.0000009882 4282.5000000000 8564 1 
8565 0.0000009897 4283.0000000000 8565 1 
8566 0.0000009933 4283.5000000000 8566 1 
8567 0.0000009908 4284.0000000000 8567 1 
8568 0.0000009887 4284.5000000000 8568 1 
8569 0.0000009935 4285.0000000000 8569 1 
8570 0.0000009914 4285.5000000000 8570 1 
8571 0.0000009924 4286.0000000000 8571 1 
8572 0.0000009927 4286.5000000000 8572 1 
8573 0.0000009901 4287.0000000000 8573 1 
8574 0.0000009887 4287.5000000000 8574 1 
8575 0.0000009924 4288.0000000000 8575 1 
8576 0.0000009903 4288.5000000000 8576 1 
8577 0.0000009925 4289.0000000000 8577 1 
8578 0.0000009885 4289.5000000000 8578 1 
8579 0.0000009951 4290.0000000000 8579 1 
8580 0.0000009935 4290.5000000000 8580 1 
8581 0.0000009943 4291.0000000000 8581 1 
8582 0.0000009958 4291.5000000000 8582 1 
8583 0.0000009939 4292.0000000000 8583 1 
8584 0.0000009921 4292.5000000000 8584 1 
8585 0.0000009929 4293.0000000000 8585 1 
8586 0.0000009902 4293.5000000000 8586 1 
8587 0.0000009946 4294.0000000000 8587 1 
8588 0.0000009898 4294.5000000000 8588 1 
8589 0.0000009935 4295.0000000000 8589 1 
8590 0.0000010013 4295.5000000000 8590 1 
8591 0.0000009912 4296.0000000000 8591 1 
8592 0.0000009980 4296.5000000000 8592 1 
8593 0.0000009914 4297.0000000000 8593 1 
8594 0.0000009936 4297.5000000000 8594 1 
8595 0.0000009923 4298.0000000000 8595 1 
8596 0.0000009944 4298.5000000000 8596 1 
8597 0.0000009919 4299.0000000000 8597 1 
8598 0.0000009922 4299.5000000000 8598 1 
8599 0.0000009927 4300.0000000000 8599 1 
8600 0.0000009979 4300.5000000000 8600 1 
8601 0.0000009922 4301.0000000000 8601 1 
8602 0.0000009933 4301.5000000000 8602 1 
8603 0.0000009921 4302.0000000000 8603 1 
8604 0.0000009959 4302.5000000000 8604 1 
8605 0.0000010038 4303.0000000000 8605 1 
8606 0.0000010521 4303.5000000000 8606 1 
8607 0.0000010065 4304.0000000000 8607 1 
8608 0.0000009976 4304.5000000000 8608 1 
8609 0.0000009985 4305.0000000000 8609 1 
8610 0.0000010009 4305.5000000000 8610 1 
8611 0.0000010002 4306.0000000000 8611 1 
8612 0.0000009979 4306.5000000000 8612 1 
8613 0.0000010015 4307.0000000000 8613 1 
8614 0.0000009955 4307.5000000000 8614 1 
8615 0.0000009991 4308.0000000000 8615 1 
8616 0.0000009974 4308.5000000000 8616 1 
8617 0.0000009986 4309.0000000000 8617 1 
8618 0.0000010020 4309.5000000000 8618 1 
8619 0.0000009990 4310.0000000000 8619 1 
8620 0.0000009990 4310.5000000000 8620 1 
8621 0.0000010002 4311.0000000000 8621 1 
8622 0.0000009972 4311.5000000000 8622 1 
8623 0.0000009997 4312.0000000000 8623 1 
8624 0.0000010007 4312.5000000000 8624 1 
8625 0.0000009980 4313.0000000000 8625 1 
8626 0.0000009994 4313.5000000000 8626 1 
8627 0.0000010005 4314.0000000000 8627 1 
8628 0.0000009979 4314.5000000000 8628 1 
8629 0.0000010029 4315.0000000000 8629 1 
8630 0.0000009977 4315.5000000000 8630 1 
8631 0.0000010034 4316.0000000000 8631 1 
8632 0.0000009986 4316.5000000000 8632 1 
8633 0.0000009968 4317.0000000000 8633 1 
8634 0.0000010009 4317.5000000000 8634 1 
8635 0.0000010020 4318.0000000000 8635 1 
8636 0.0000009968 4318.5000000000 8636 1 
8637 0.0000010007 4319.0000000000 8637 1 
8638 0.0000009991 4319.5000000000 8638 1 
8639 0.0000010020 4320.0000000000 8639 1 
8640 0.0000010013 4320.5000000000 8640 1 
8641 0.0000009985 4321.0000000000 8641 1 
8642 0.0000010017 4321.5000000000 8642 1 
8643 0.0000010009 4322.0000000000 8643 1 
8644 0.0000009999 4322.5000000000 8644 1 
8645 0.0000010016 4323.0000000000 8645 1 
8646 0.0000010015 4323.5000000000 8646 1 
8647 0.0000010020 4324.0000000000 8647 1 
8648 0.0000010021 4324.5000000000 8648 1 
8649 0.0000009976 4325.0000000000 8649 1 
8650 0.0000010032 4325.5000000000 8650 1 
8651 0.0000010030 4326.0000000000 8651 1 
8652 0.0000010003 4326.5000000000 8652 1 
8653 0.0000010045 4327.0000000000 8653 1 
8654 0.0000010001 4327.5000000000 8654 1 
8655 0.0000010017 4328.0000000000 8655 1 
8656 0.0000010007 4328.5000000000 8656 1 
8657 0.0000009993 4329.0000000000 8657 1 
8658 0.0000010042 4329.5000000000 8658 1 
8659 0.0000010047 4330.0000000000 8659 1 
8660 0.0000009999 4330.5000000000 8660 1 
8661 0.0000010060 4331.0000000000 8661 1 
8662 0.0000010060 4331.5000000000 8662 1 
8663 0.0000009991 4332.0000000000 8663 1 
8664 0.0000010020 4332.5000000000 8664 1 
8665 0.0000010043 4333.0000000000 8665 1 
8666 0.0000010059 4333.5000000000 8666 1 
8667 0.0000010020 4334.0000000000 8667 1 
8668 0.0000010040 4334.5000000000 8668 1 
8669 0.0000010065 4335.0000000000 8669 1 
8670 0.0000010126 4335.5000000000 8670 1 
8671 0.0000010042 4336.0000000000 8671 1 
8672 0.0000010032 4336.5000000000 8672 1 
8673 0.0000010070 4337.0000000000 8673 1 
8674 0.0000010082 4337.5000000000 8674 1 
8675 0.0000010028 4338.0000000000 8675 1 
8676 0.0000010067 4338.5000000000 8676 1 
8677 0.0000010027 4339.0000000000 8677 1 
8678 0.0000010074 4339.5000000000 8678 1 
8679 0.0000010018 4340.0000000000 8679 1 
8680 0.0000010063 4340.5000000000 8680 1 
8681 0.0000010076 4341.0000000000 8681 1 
8682 0.0000010045 4341.5000000000 8682 1 
8683 0.0000010082 4342.0000000000 8683 1 
8684 0.0000010040 4342.5000000000 8684 1 
8685 0.0000010048 4343.0000000000 8685 1 
8686 0.0000010068 4343.5000000000 8686 1 
8687 0.0000010082 4344.0000000000 8687 1 
8688 0.0000010059 4344.5000000000 8688 1 
8689 0.0000010075 4345.0000000000 8689 1 
8690 0.0000010090 4345.5000000000 8690 1 
8691 0.0000010061 4346.0000000000 8691 1 
8692 0.0000010097 4346.5000000000 8692 1 
8693 0.0000010071 4347.0000000000 8693 1 
8694 0.0000010039 4347.5000000000 8694 1 
8695 0.0000010075 4348.0000000000 8695 1 
8696 0.0000010094 4348.5000000000 8696 1 
8697 0.0000010070 4349.0000000000 8697 1 
8698 0.0000010106 4349.5000000000 8698 1 
8699 0.0000010071 4350.0000000000 8699 1 
8700 0.0000010105 4350.5000000000 8700 1 
8701 0.0000010084 4351.0000000000 8701 1 
8702 0.0000010056 4351.5000000000 8702 1 
8703 0.0000010071 4352.0000000000 8703 1 
8704 0.0000010062 4352.5000000000 8704 1 
8705 0.0000010105 4353.0000000000 8705 1 
8706 0.0000010106 4353.5000000000 8706 1 
8707 0.0000010147 4354.0000000000 8707 1 
8708 0.0000010096 4354.5000000000 8708 1 
8709 0.0000010087 4355.0000000000 8709 1 
8710 0.0000010072 4355.5000000000 8710 1 
8711 0.0000010078 4356.0000000000 8711 1 
8712 0.0000010085 4356.5000000000 8712 1 
8713 0.0000010095 4357.0000000000 8713 1 
8714 0.0000010083 4357.5000000000 8714 1 
8715 0.0000010071 4358.0000000000 8715 1 
8716 0.0000010093 4358.5000000000 8716 1 
8717 0.0000010089 4359.0000000000 8717 1 
8718 0.0000010127 4359.5000000000 8718 1 
8719 0.0000010109 4360.0000000000 8719 1 
8720 0.0000010132 4360.5000000000 8720 1 
8721 0.0000010097 4361.0000000000 8721 1 
8722 0.0000010123 4361.5000000000 8722 1 
8723 0.0000010085 4362.0000000000 8723 1 
8724 0.0000010095 4362.5000000000 8724 1 
8725 0.0000010127 4363.0000000000 8725 1 
8726 0.0000010060 4363.5000000000 8726 1 
8727 0.0000010142 4364.0000000000 8727 1 
8728 0.0000010107 4364.5000000000 8728 1 
8729 0.0000010105 4365.0000000000 8729 1 
8730 0.0000010095 4365.5000000000 8730 1 
8731 0.0000010143 4366.0000000000 8731 1 
8732 0.0000010090 4366.5000000000 8732 1 
8733 0.0000010109 4367.0000000000 8733 1 
8734 0.0000010123 4367.5000000000 8734 1 
8735 0.0000010103 4368.0000000000 8735 1 
8736 0.0000010141 4368.5000000000 8736 1 
8737 0.0000010113 4369.0000000000 8737 1 
8738 0.0000010102 4369.5000000000 8738 1 
8739 0.0000010105 4370.0000000000 8739 1 
8740 0.0000010109 4370.5000000000 8740 1 
8741 0.0000010101 4371.0000000000 8741 1 
8742 0.0000010151 4371.5000000000 8742 1 
8743 0.0000010111 4372.0000000000 8743 1 
8744 0.0000010144 4372.5000000000 8744 1 
8745 0.0000010129 4373.0000000000 8745 1 
8746 0.0000010113 4373.5000000000 8746 1 
8747 0.0000010139 4374.0000000000 8747 1 
8748 0.0000010126 4374.5000000000 8748 1 
8749 0.0000010117 4375.0000000000 8749 1 
8750 0.0000010109 4375.5000000000 8750 1 
8751 0.0000010159 4376.0000000000 8751 1 
8752 0.0000010088 4376.5000000000 8752 1 
8753 0.0000010150 4377.0000000000 8753 1 
8754 0.0000010133 4377.5000000000 8754 1 
8755 0.0000010150 4378.0000000000 8755 1 
8756 0.0000010143 4378.5000000000 8756 1 
8757 0.0000010140 4379.0000000000 8757 1 
8758 0.0000010160 4379.5000000000 8758 1 
8759 0.0000010120 4380.0000000000 8759 1 
8760 0.0000010134 4380.5000000000 8760 1 
8761 0.0000010167 4381.0000000000 8761 1 
8762 0.0000010120 4381.5000000000 8762 1 
8763 0.0000010165 4382.0000000000 8763 1 
8764 0.0000010149 4382.5000000000 8764 1 
8765 0.0000010146 4383.0000000000 8765 1 
8766 0.0000010179 4383.5000000000 8766 1 
8767 0.0000010171 4384.0000000000 8767 1 
8768 0.0000010106 4384.5000000000 8768 1 
8769 0.0000010170 4385.0000000000 8769 1 
8770 0.0000010182 4385.5000000000 8770 1 
8771 0.0000010100 4386.0000000000 8771 1 
8772 0.0000010179 4386.5000000000 8772 1 
8773 0.0000010156 4387.0000000000 8773 1 
8774 0.0000010170 4387.5000000000 8774 1 
8775 0.0000010171 4388.0000000000 8775 1 
8776 0.0000010156 4388.5000000000 8776 1 
8777 0.0000010185 4389.0000000000 8777 1 
8778 0.0000010154 4389.5000000000 8778 1 
8779 0.0000010137 4390.0000000000 8779 1 
8780 0.0000010154 4390.5000000000 8780 1 
8781 0.0000010194 4391.0000000000 8781 1 
8782 0.0000010146 4391.5000000000 8782 1 
8783 0.0000010165 4392.0000000000 8783 1 
8784 0.0000010173 4392.5000000000 8784 1 
8785 0.0000010183 4393.0000000000 8785 1 
8786 0.0000010209 4393.5000000000 8786 1 
8787 0.0000010168 4394.0000000000 8787 1 
8788 0.0000010162 4394.5000000000 8788 1 
8789 0.0000010192 4395.0000000000 8789 1 
8790 0.0000010157 4395.5000000000 8790 1 
8791 0.0000010180 4396.0000000000 8791 1 
8792 0.0000010163 4396.5000000000 8792 1 
8793 0.0000010161 4397.0000000000 8793 1 
8794 0.0000010255 4397.5000000000 8794 1 
8795 0.0000010163 4398.0000000000 8795 1 
8796 0.0000010219 4398.5000000000 8796 1 
8797 0.0000010177 4399.0000000000 8797 1 
8798 0.0000010169 4399.5000000000 8798 1 
8799 0.0000010188 4400.0000000000 8799 1 
8800 0.0000010208 4400.5000000000 8800 1 
8801 0.0000010192 4401.0000000000 8801 1 
8802 0.0000010201 4401.5000000000 8802 1 
8803 0.0000010186 4402.0000000000 8803 1 
8804 0.0000010198 4402.5000000000 8804 1 
8805 0.0000010199 4403.0000000000 8805 1 
8806 0.0000010170 4403.5000000000 8806 1 
8807 0.0000010194 4404.0000000000 8807 1 
8808 0.0000010209 4404.5000000000 8808 1 
8809 0.0000010171 4405.0000000000 8809 1 
8810 0.0000010198 4405.5000000000 8810 1 
8811 0.0000010226 4406.0000000000 8811 1 
8812 0.0000010185 4406.5000000000 8812 1 
8813 0.0000010233 4407.0000000000 8813 1 
8814 0.0000010202 4407.5000000000 8814 1 
8815 0.0000010213 4408.0000000000 8815 1 
8816 0.0000010169 4408.5000000000 8816 1 
8817 0.0000010238 4409.0000000000 8817 1 
8818 0.0000010193 4409.5000000000 8818 1 
8819 0.0000010198 4410.0000000000 8819 1 
8820 0.0000010231 4410.5000000000 8820 1 
8821 0.0000010203 4411.0000000000 8821 1 
8822 0.0000010206 4411.5000000000 8822 1 
8823 0.0000010227 4412.0000000000 8823 1 
8824 0.0000010220 4412.5000000000 8824 1 
8825 0.0000010201 4413.0000000000 8825 1 
8826 0.0000010216 4413.5000000000 8826 1 
8827 0.0000010230 4414.0000000000 8827 1 
8828 0.0000010224 4414.5000000000 8828 1 
8829 0.0000010207 4415.0000000000 8829 1 
8830 0.0000010195 4415.5000000000 8830 1 
8831 0.0000010234 4416.0000000000 8831 1 
8832 0.0000010236 4416.5000000000 8832 1 
8833 0.0000010268 4417.0000000000 8833 1 
8834 0.0000010259 4417.5000000000 8834 1 
8835 0.0000010212 4418.0000000000 8835 1 
8836 0.0000010241 4418.5000000000 8836 1 
8837 0.0000010250 4419.0000000000 8837 1 
8838 0.0000010240 4419.5000000000 8838 1 
8839 0.0000010234 4420.0000000000 8839 1 
8840 0.0000010277 4420.5000000000 8840 1 
8841 0.0000010252 4421.0000000000 8841 1 
8842 0.0000010228 4421.5000000000 8842 1 
8843 0.0000010277 4422.0000000000 8843 1 
8844 0.0000010283 4422.5000000000 8844 1 
8845 0.0000010240 4423.0000000000 8845 1 
8846 0.0000010217 4423.5000000000 8846 1 
8847 0.0000010254 4424.0000000000 8847 1 
8848 0.0000010234 4424.5000000000 8848 1 
8849 0.0000010229 4425.0000000000 8849 1 
8850 0.0000010282 4425.5000000000 8850 1 
8851 0.0000010242 4426.0000000000 8851 1 
8852 0.0000010271 4426.5000000000 8852 1 
8853 0.0000010241 4427.0000000000 8853 1 
8854 0.0000010229 4427.5000000000 8854 1 
8855 0.0000010297 4428.0000000000 8855 1 
8856 0.0000010260 4428.5000000000 8856 1 
8857 0.0000010237 4429.0000000000 8857 1 
8858 0.0000010275 4429.5000000000 8858 1 
8859 0.0000010255 4430.0000000000 8859 1 
8860 0.0000010281 4430.5000000000 8860 1 
8861 0.0000010244 4431.0000000000 8861 1 
8862 0.0000010278 4431.5000000000 8862 1 
8863 0.0000010254 4432.0000000000 8863 1 
8864 0.0000010301 4432.5000000000 8864 1 
8865 0.0000010257 4433.0000000000 8865 1 
8866 0.0000010240 4433.5000000000 8866 1 
8867 0.0000010262 4434.0000000000 8867 1 
8868 0.0000010258 4434.5000000000 8868 1 
8869 0.0000010312 4435.0000000000 8869 1 
8870 0.0000010241 4435.5000000000 8870 1 
8871 0.0000010298 4436.0000000000 8871 1 
8872 0.0000010261 4436.5000000000 8872 1 
8873 0.0000010272 4437.0000000000 8873 1 
8874 0.0000010243 4437.5000000000 8874 1 
8875 0.0000010264 4438.0000000000 8875 1 
8876 0.0000010312 4438.5000000000 8876 1 
8877 0.0000010251 4439.0000000000 8877 1 
8878 0.0000010317 4439.5000000000 8878 1 
8879 0.0000010293 4440.0000000000 8879 1 
8880 0.0000010307 4440.5000000000 8880 1 
8881 0.0000010259 4441.0000000000 8881 1 
8882 0.0000010280 4441.5000000000 8882 1 
8883 0.0000010321 4442.0000000000 8883 1 
8884 0.0000010284 4442.5000000000 8884 1 
8885 0.0000010288 4443.0000000000 8885 1 
8886 0.0000010287 4443.5000000000 8886 1 
8887 0.0000010296 4444.0000000000 8887 1 
8888 0.0000010303 4444.5000000000 8888 1 
8889 0.0000010283 4445.0000000000 8889 1 
8890 0.0000010305 4445.5000000000 8890 1 
8891 0.0000010289 4446.0000000000 8891 1 
8892 0.0000010291 4446.5000000000 8892 1 
8893 0.0000010315 4447.0000000000 8893 1 
8894 0.0000010271 4447.5000000000 8894 1 
8895 0.0000010300 4448.0000000000 8895 1 
8896 0.0000010299 4448.5000000000 8896 1 
8897 0.0000010350 4449.0000000000 8897 1 
8898 0.0000010360 4449.5000000000 8898 1 
8899 0.0000010270 4450.0000000000 8899 1 
8900 0.0000010304 4450.5000000000 8900 1 
8901 0.0000010334 4451.0000000000 8901 1 
8902 0.0000010291 4451.5000000000 8902 1 
8903 0.0000010289 4452.0000000000 8903 1 
8904 0.0000010349 4452.5000000000 8904 1 
8905 0.0000010328 4453.0000000000 8905 1 
8906 0.0000010336 4453.5000000000 8906 1 
8907 0.0000010293 4454.0000000000 8907 1 
8908 0.0000010319 4454.5000000000 8908 1 
8909 0.0000010337 4455.0000000000 8909 1 
8910 0.0000010290 4455.5000000000 8910 1 
8911 0.0000010340 4456.0000000000 8911 1 
8912 0.0000010295 4456.5000000000 8912 1 
8913 0.0000010329 4457.0000000000 8913 1 
8914 0.0000010304 4457.5000000000 8914 1 
8915 0.0000010335 4458.0000000000 8915 1 
8916 0.0000010332 4458.5000000000 8916 1 
8917 0.0000010352 4459.0000000000 8917 1 
8918 0.0000010368 4459.5000000000 8918 1 
8919 0.0000010324 4460.0000000000 8919 1 
8920 0.0000010351 4460.5000000000 8920 1 
8921 0.0000010318 4461.0000000000 8921 1 
8922 0.0000010342 4461.5000000000 8922 1 
8923 0.0000010343 4462.0000000000 8923 1 
8924 0.0000010336 4462.5000000000 8924 1 
8925 0.0000010357 4463.0000000000 8925 1 
8926 0.0000010372 4463.5000000000 8926 1 
8927 0.0000010334 4464.0000000000 8927 1 
8928 0.0000010347 4464.5000000000 8928 1 
8929 0.0000010342 4465.0000000000 8929 1 
8930 0.0000010368 4465.5000000000 8930 1 
8931 0.0000010328 4466.0000000000 8931 1 
8932 0.0000010346 4466.5000000000 8932 1 
8933 0.0000010320 4467.0000000000 8933 1 
8934 0.0000010378 4467.5000000000 8934 1 
8935 0.0000010341 4468.0000000000 8935 1 
8936 0.0000010348 4468.5000000000 8936 1 
8937 0.0000010332 4469.0000000000 8937 1 
8938 0.0000010351 4469.5000000000 8938 1 
8939 0.0000010352 4470.0000000000 8939 1 
8940 0.0000010343 4470.5000000000 8940 1 
8941 0.0000010350 4471.0000000000 8941 1 
8942 0.0000010347 4471.5000000000 8942 1 
8943 0.0000010392 4472.0000000000 8943 1 
8944 0.0000010332 4472.5000000000 8944 1 
8945 0.0000010353 4473.0000000000 8945 1 
8946 0.0000010342 4473.5000000000 8946 1 
8947 0.0000010381 4474.0000000000 8947 1 
8948 0.0000010361 4474.5000000000 8948 1 
8949 0.0000010391 4475.0000000000 8949 1 
8950 0.0000010401 4475.5000000000 8950 1 
8951 0.0000010371 4476.0000000000 8951 1 
8952 0.0000010433 4476.5000000000 8952 1 
8953 0.0000010361 4477.0000000000 8953 1 
8954 0.0000010401 4477.5000000000 8954 1 
8955 0.0000010373 4478.0000000000 8955 1 
8956 0.0000010366 4478.5000000000 8956 1 
8957 0.0000010378 4479.0000000000 8957 1 
8958 0.0000010381 4479.5000000000 8958 1 
8959 0.0000010381 4480.0000000000 8959 1 
8960 0.0000010383 4480.5000000000 8960 1 
8961 0.0000010422 4481.0000000000 8961 1 
8962 0.0000010405 4481.5000000000 8962 1 
8963 0.0000010377 4482.0000000000 8963 1 
8964 0.0000010351 4482.5000000000 8964 1 
8965 0.0000010399 4483.0000000000 8965 1 
8966 0.0000010431 4483.5000000000 8966 1 
8967 0.0000010361 4484.0000000000 8967 1 
8968 0.0000010375 4484.5000000000 8968 1 
8969 0.0000010397 4485.0000000000 8969 1 
8970 0.0000010395 4485.5000000000 8970 1 
8971 0.0000010410 4486.0000000000 8971 1 
8972 0.0000010421 4486.5000000000 8972 1 
8973 0.0000010405 4487.0000000000 8973 1 
8974 0.0000010418 4487.5000000000 8974 1 
8975 0.0000010394 4488.0000000000 8975 1 
8976 0.0000010399 4488.5000000000 8976 1 
8977 0.0000010393 4489.0000000000 8977 1 
8978 0.0000010405 4489.5000000000 8978 1 
8979 0.0000010420 4490.0000000000 8979 1 
8980 0.0000010406 4490.5000000000 8980 1 
8981 0.0000010433 4491.0000000000 8981 1 
8982 0.0000010412 4491.5000000000 8982 1 
8983 0.0000010430 4492.0000000000 8983 1 
8984 0.0000010386 4492.5000000000 8984 1 
8985 0.0000010432 4493.0000000000 8985 1 
8986 0.0000010413 4493.5000000000 8986 1 
8987 0.0000010471 4494.0000000000 8987 1 
8988 0.0000010449 4494.5000000000 8988 1 
8989 0.0000010413 4495.0000000000 8989 1 
8990 0.0000010412 4495.5000000000 8990 1 
8991 0.0000010418 4496.0000000000 8991 1 
8992 0.0000010428 4496.5000000000 8992 1 
8993 0.0000010460 4497.0000000000 8993 1 
8994 0.0000010415 4497.5000000000 8994 1 
8995 0.0000010430 4498.0000000000 8995 1 
8996 0.0000010422 4498.5000000000 8996 1 
8997 0.0000010422 4499.0000000000 8997 1 
8998 0.0000010419 4499.5000000000 8998 1 
8999 0.0000010434 4500.0000000000 8999 1 
9000 0.0000010422 4500.5000000000 9000 1 
9001 0.0000010437 4501.0000000000 9001 1 
9002 0.0000010391 4501.5000000000 9002 1 
9003 0.0000010442 4502.0000000000 9003 1 
9004 0.0000010445 4502.5000000000 9004 1 
9005 0.0000010462 4503.0000000000 9005 1 
9006 0.0000010425 4503.5000000000 9006 1 
9007 0.0000010429 4504.0000000000 9007 1 
9008 0.0000010458 4504.5000000000 9008 1 
9009 0.0000010427 4505.0000000000 9009 1 
9010 0.0000010438 4505.5000000000 9010 1 
9011 0.0000010437 4506.0000000000 9011 1 
9012 0.0000010449 4506.5000000000 9012 1 
9013 0.0000010455 4507.0000000000 9013 1 
9014 0.0000010440 4507.5000000000 9014 1 
9015 0.0000010424 4508.0000000000 9015 1 
9016 0.0000010449 4508.5000000000 9016 1 
9017 0.0000010470 4509.0000000000 9017 1 
9018 0.0000010454 4509.5000000000 9018 1 
9019 0.0000010442 4510.0000000000 9019 1 
9020 0.0000010478 4510.5000000000 9020 1 
9021 0.0000010420 4511.0000000000 9021 1 
9022 0.0000010453 4511.5000000000 9022 1 
9023 0.0000010474 4512.0000000000 9023 1 
9024 0.0000010460 4512.5000000000 9024 1 
9025 0.0000010504 4513.0000000000 9025 1 
9026 0.0000010439 4513.5000000000 9026 1 
9027 0.0000010470 4514.0000000000 9027 1 
9028 0.0000010467 4514.5000000000 9028 1 
9029 0.0000010442 4515.0000000000 9029 1 
9030 0.0000010470 4515.5000000000 9030 1 
9031 0.0000010471 4516.0000000000 9031 1 
9032 0.0000010473 4516.5000000000 9032 1 
9033 0.0000010423 4517.0000000000 9033 1 
9034 0.0000010493 4517.5000000000 9034 1 
9035 0.0000010478 4518.0000000000 9035 1 
9036 0.0000010475 4518.5000000000 9036 1 
9037 0.0000010460 4519.0000000000 9037 1 
9038 0.0000010457 4519.5000000000 9038 1 
9039 0.0000010466 4520.0000000000 9039 1 
9040 0.0000010494 4520.5000000000 9040 1 
9041 0.0000010501 4521.0000000000 9041 1 
9042 0.0000010478 4521.5000000000 9042 1 
9043 0.0000010470 4522.0000000000 9043 1 
9044 0.0000010481 4522.5000000000 9044 1 
9045 0.0000010491 4523.0000000000 9045 1 
9046 0.0000010473 4523.5000000000 9046 1 
9047 0.0000010479 4524.0000000000 9047 1 
9048 0.0000010498 4524.5000000000 9048 1 
9049 0.0000010502 4525.0000000000 9049 1 
9050 0.0000010477 4525.5000000000 9050 1 
9051 0.0000010514 4526.0000000000 9051 1 
9052 0.0000010484 4526.5000000000 9052 1 
9053 0.0000010505 4527.0000000000 9053 1 
9054 0.0000010509 4527.5000000000 9054 1 
9055 0.0000010490 4528.0000000000 9055 1 
9056 0.0000010512 4528.5000000000 9056 1 
9057 0.0000010479 4529.0000000000 9057 1 
9058 0.0000010514 4529.5000000000 9058 1 
9059 0.0000010489 4530.0000000000 9059 1 
9060 0.0000010514 4530.5000000000 9060 1 
9061 0.0000010483 4531.0000000000 9061 1 
9062 0.0000010482 4531.5000000000 9062 1 
9063 0.0000010479 4532.0000000000 9063 1 
9064 0.0000010502 4532.5000000000 9064 1 
9065 0.0000010559 4533.0000000000 9065 1 
9066 0.0000010949 4533.5000000000 9066 1 
9067 0.0000010887 4534.0000000000 9067 1 
9068 0.0000010418 4534.5000000000 9068 1 
9069 0.0000010407 4535.0000000000 9069 1 
9070 0.0000010464 4535.5000000000 9070 1 
9071 0.0000010358 4536.0000000000 9071 1 
9072 0.0000010414 4536.5000000000 9072 1 
9073 0.0000010379 4537.0000000000 9073 1 
9074 0.0000010515 4537.5000000000 9074 1 
9075 0.0000010411 4538.0000000000 9075 1 
9076 0.0000010382 4538.5000000000 9076 1 
9077 0.0000010407 4539.0000000000 9077 1 
9078 0.0000010531 4539.5000000000 9078 1 
9079 0.0000010430 4540.0000000000 9079 1 
9080 0.0000010439 4540.5000000000 9080 1 
9081 0.0000010378 4541.0000000000 9081 1 
9082 0.0000010458 4541.5000000000 9082 1 
9083 0.0000010475 4542.0000000000 9083 1 
9084 0.0000010476 4542.5000000000 9084 1 
9085 0.0000010459 4543.0000000000 9085 1 
9086 0.0000010452 4543.5000000000 9086 1 
9087 0.0000010483 4544.0000000000 9087 1 
9088 0.0000010489 4544.5000000000 9088 1 
9089 0.0000010462 4545.0000000000 9089 1 
9090 0.0000010508 4545.5000000000 9090 1 
9091 0.0000010477 4546.0000000000 9091 1 
9092 0.0000010484 4546.5000000000 9092 1 
9093 0.0000010485 4547.0000000000 9093 1 
9094 0.0000010532 4547.5000000000 9094 1 
9095 0.0000010483 4548.0000000000 9095 1 
9096 0.0000010538 4548.5000000000 9096 1 
9097 0.0000010521 4549.0000000000 9097 1 
9098 0.0000010502 4549.5000000000 9098 1 
9099 0.0000010496 4550.0000000000 9099 1 
9100 0.0000010493 4550.5000000000 9100 1 
9101 0.0000010498 4551.0000000000 9101 1 
9102 0.0000010572 4551.5000000000 9102 1 
9103 0.0000010511 4552.0000000000 9103 1 
9104 0.0000010527 4552.5000000000 9104 1 
9105 0.0000010502 4553.0000000000 9105 1 
9106 0.0000010519 4553.5000000000 9106 1 
9107 0.0000010525 4554.0000000000 9107 1 
9108 0.0000010513 4554.5000000000 9108 1 
9109 0.0000010531 4555.0000000000 9109 1 
9110 0.0000010564 4555.5000000000 9110 1 
9111 0.0000010484 4556.0000000000 9111 1 
9112 0.0000010522 4556.5000000000 9112 1 
9113 0.0000010518 4557.0000000000 9113 1 
9114 0.0000010538 4557.5000000000 9114 1 
9115 0.0000010532 4558.0000000000 9115 1 
9116 0.0000010530 4558.5000000000 9116 1 
9117 0.0000010542 4559.0000000000 9117 1 
9118 0.0000010545 4559.5000000000 9118 1 
9119 0.0000010520 4560.0000000000 9119 1 
9120 0.0000010557 4560.5000000000 9120 1 
9121 0.0000010543 4561.0000000000 9121 1 
9122 0.0000010543 4561.5000000000 9122 1 
9123 0.0000010572 4562.0000000000 9123 1 
9124 0.0000010536 4562.5000000000 9124 1 
9125 0.0000010553 4563.0000000000 9125 1 
9126 0.0000010512 4563.5000000000 9126 1 
9127 0.0000010532 4564.0000000000 9127 1 
9128 0.0000010549 4564.5000000000 9128 1 
9129 0.0000010564 4565.0000000000 9129 1 
9130 0.0000010570 4565.5000000000 9130 1 
9131 0.0000010567 4566.0000000000 9131 1 
9132 0.0000010535 4566.5000000000 9132 1 
9133 0.0000010564 4567.0000000000 9133 1 
9134 0.0000010547 4567.5000000000 9134 1 
9135 0.0000010569 4568.0000000000 9135 1 
9136 0.0000010547 4568.5000000000 9136 1 
9137 0.0000010563 4569.0000000000 9137 1 
9138 0.0000010526 4569.5000000000 9138 1 
9139 0.0000010578 4570.0000000000 9139 1 
9140 0.0000010605 4570.5000000000 9140 1 
9141 0.0000010555 4571.0000000000 9141 1 
9142 0.0000010560 4571.5000000000 9142 1 
9143 0.0000010544 4572.0000000000 9143 1 
9144 0.0000010549 4572.5000000000 9144 1 
9145 0.0000010541 4573.0000000000 9145 1 
9146 0.0000010575 4573.5000000000 9146 1 
9147 0.0000010582 4574.0000000000 9147 1 
9148 0.0000010549 4574.5000000000 9148 1 
9149 0.0000010585 4575.0000000000 9149 1 
9150 0.0000010575 4575.5000000000 9150 1 
9151 0.0000010582 4576.0000000000 9151 1 
9152 0.0000010570 4576.5000000000 9152 1 
9153 0.0000010586 4577.0000000000 9153 1 
9154 0.0000010559 4577.5000000000 9154 1 
9155 0.0000010566 4578.0000000000 9155 1 
9156 0.0000010571 4578.5000000000 9156 1 
9157 0.0000010593 4579.0000000000 9157 1 
9158 0.0000010563 4579.5000000000 9158 1 
9159 0.0000010571 4580.0000000000 9159 1 
9160 0.0000010535 4580.5000000000 9160 1 
9161 0.0000010575 4581.0000000000 9161 1 
9162 0.0000010621 4581.5000000000 9162 1 
9163 0.0000010576 4582.0000000000 9163 1 
9164 0.0000010575 4582.5000000000 9164 1 
9165 0.0000010571 4583.0000000000 9165 1 
9166 0.0000010562 4583.5000000000 9166 1 
9167 0.0000010637 4584.0000000000 9167 1 
9168 0.0000010585 4584.5000000000 9168 1 
9169 0.0000010552 4585.0000000000 9169 1 
9170 0.0000010612 4585.5000000000 9170 1 
9171 0.0000010562 4586.0000000000 9171 1 
9172 0.0000010596 4586.5000000000 9172 1 
9173 0.0000010600 4587.0000000000 9173 1 
9174 0.0000010583 4587.5000000000 9174 1 
9175 0.0000010618 4588.0000000000 9175 1 
9176 0.0000010624 4588.5000000000 9176 1 
9177 0.0000010569 4589.0000000000 9177 1 
9178 0.0000010595 4589.5000000000 9178 1 
9179 0.0000010581 4590.0000000000 9179 1 
9180 0.0000010633 4590.5000000000 9180 1 
9181 0.0000010638 4591.0000000000 9181 1 
9182 0.0000010651 4591.5000000000 9182 1 
9183 0.0000010588 4592.0000000000 9183 1 
9184 0.0000010600 4592.5000000000 9184 1 
9185 0.0000010629 4593.0000000000 9185 1 
9186 0.0000010642 4593.5000000000 9186 1 
9187 0.0000010610 4594.0000000000 9187 1 
9188 0.0000010602 4594.5000000000 9188 1 
9189 0.0000010562 4595.0000000000 9189 1 
9190 0.0000010618 4595.5000000000 9190 1 
9191 0.0000010602 4596.0000000000 9191 1 
9192 0.0000010619 4596.5000000000 9192 1 
9193 0.0000010648 4597.0000000000 9193 1 
9194 0.0000010640 4597.5000000000 9194 1 
9195 0.0000010599 4598.0000000000 9195 1 
9196 0.0000010627 4598.5000000000 9196 1 
9197 0.0000010605 4599.0000000000 9197 1 
9198 0.0000010628 4599.5000000000 9198 1 
9199 0.0000010632 4600.0000000000 9199 1 
9200 0.0000010615 4600.5000000000 9200 1 
9201 0.0000010618 4601.0000000000 9201 1 
9202 0.0000010649 4601.5000000000 9202 1 
9203 0.0000010627 4602.0000000000 9203 1 
9204 0.0000010645 4602.5000000000 9204 1 
9205 0.0000010680 4603.0000000000 9205 1 
9206 0.0000010655 4603.5000000000 9206 1 
9207 0.0000010656 4604.0000000000 9207 1 
9208 0.0000010649 4604.5000000000 9208 1 
9209 0.0000010621 4605.0000000000 9209 1 
9210 0.0000010684 4605.5000000000 9210 1 
9211 0.0000010623 4606.0000000000 9211 1 
9212 0.0000010689 4606.5000000000 9212 1 
9213 0.0000010674 4607.0000000000 9213 1 
9214 0.0000010624 4607.5000000000 9214 1 
9215 0.0000010657 4608.0000000000 9215 1 
9216 0.0000010613 4608.5000000000 9216 1 
9217 0.0000010646 4609.0000000000 9217 1 
9218 0.0000010686 4609.5000000000 9218 1 
9219 0.0000010666 4610.0000000000 9219 1 
9220 0.0000010735 4610.5000000000 9220 1 
9221 0.0000010622 4611.0000000000 9221 1 
9222 0.0000010679 4611.5000000000 9222 1 
9223 0.0000010657 4612.0000000000 9223 1 
9224 0.0000010655 4612.5000000000 9224 1 
9225 0.0000010676 4613.0000000000 9225 1 
9226 0.0000010674 4613.5000000000 9226 1 
9227 0.0000010704 4614.0000000000 9227 1 
9228 0.0000010743 4614.5000000000 9228 1 
9229 0.0000010673 4615.0000000000 9229 1 
9230 0.0000010649 4615.5000000000 9230 1 
9231 0.0000010687 4616.0000000000 9231 1 
9232 0.0000010667 4616.5000000000 9232 1 
9233 0.0000010690 4617.0000000000 9233 1 
9234 0.0000010675 4617.5000000000 9234 1 
9235 0.0000010676 4618.0000000000 9235 1 
9236 0.0000010683 4618.5000000000 9236 1 
9237 0.0000010679 4619.0000000000 9237 1 
9238 0.0000010707 4619.5000000000 9238 1 
9239 0.0000010676 4620.0000000000 9239 1 
9240 0.0000010653 4620.5000000000 9240 1 
9241 0.0000010695 4621.0000000000 9241 1 
9242 0.0000010695 4621.5000000000 9242 1 
9243 0.0000010705 4622.0000000000 9243 1 
9244 0.0000010673 4622.5000000000 9244 1 
9245 0.0000010689 4623.0000000000 9245 1 
9246 0.0000010695 4623.5000000000 9246 1 
9247 0.0000010669 4624.0000000000 9247 1 
9248 0.0000010692 4624.5000000000 9248 1 
9249 0.0000010671 4625.0000000000 9249 1 
9250 0.0000010682 4625.5000000000 9250 1 
9251 0.0000010709 4626.0000000000 9251 1 
9252 0.0000010705 4626.5000000000 9252 1 
9253 0.0000010693 4627.0000000000 9253 1 
9254 0.0000010687 4627.5000000000 9254 1 
9255 0.0000010679 4628.0000000000 9255 1 
9256 0.0000010686 4628.5000000000 9256 1 
9257 0.0000010686 4629.0000000000 9257 1 
9258 0.0000010729 4629.5000000000 9258 1 
9259 0.0000010685 4630.0000000000 9259 1 
9260 0.0000010718 4630.5000000000 9260 1 
9261 0.0000010713 4631.0000000000 9261 1 
9262 0.0000010717 4631.5000000000 9262 1 
9263 0.0000010698 4632.0000000000 9263 1 
9264 0.0000010710 4632.5000000000 9264 1 
9265 0.0000010693 4633.0000000000 9265 1 
9266 0.0000010685 4633.5000000000 9266 1 
9267 0.0000010712 4634.0000000000 9267 1 
9268 0.0000010703 4634.5000000000 9268 1 
9269 0.0000010706 4635.0000000000 9269 1 
9270 0.0000010703 4635.5000000000 9270 1 
9271 0.0000010719 4636.0000000000 9271 1 
9272 0.0000010701 4636.5000000000 9272 1 
9273 0.0000010705 4637.0000000000 9273 1 
9274 0.0000010702 4637.5000000000 9274 1 
9275 0.0000010713 4638.0000000000 9275 1 
9276 0.0000010717 4638.5000000000 9276 1 
9277 0.0000010721 4639.0000000000 9277 1 
9278 0.0000010724 4639.5000000000 9278 1 
9279 0.0000010707 4640.0000000000 9279 1 
9280 0.0000010737 4640.5000000000 9280 1 
9281 0.0000010696 4641.0000000000 9281 1 
9282 0.0000010721 4641.5000000000 9282 1 
9283 0.0000010750 4642.0000000000 9283 1 
9284 0.0000010726 4642.5000000000 9284 1 
9285 0.0000010721 4643.0000000000 9285 1 
9286 0.0000010740 4643.5000000000 9286 1 
9287 0.0000010713 4644.0000000000 9287 1 
9288 0.0000010752 4644.5000000000 9288 1 
9289 0.0000010754 4645.0000000000 9289 1 
9290 0.0000010729 4645.5000000000 9290 1 
9291 0.0000010716 4646.0000000000 9291 1 
9292 0.0000010728 4646.5000000000 9292 1 
9293 0.0000010736 4647.0000000000 9293 1 
9294 0.0000010739 4647.5000000000 9294 1 
9295 0.0000010731 4648.0000000000 9295 1 
9296 0.0000010763 4648.5000000000 9296 1 
9297 0.0000010736 4649.0000000000 9297 1 
9298 0.0000010758 4649.5000000000 9298 1 
9299 0.0000010725 4650.0000000000 9299 1 
9300 0.0000010766 4650.5000000000 9300 1 
9301 0.0000010740 4651.0000000000 9301 1 
9302 0.0000010764 4651.5000000000 9302 1 
9303 0.0000010778 4652.0000000000 9303 1 
9304 0.0000010718 4652.5000000000 9304 1 
9305 0.0000010785 4653.0000000000 9305 1 
9306 0.0000010752 4653.5000000000 9306 1 
9307 0.0000010759 4654.0000000000 9307 1 
9308 0.0000010781 4654.5000000000 9308 1 
9309 0.0000010753 4655.0000000000 9309 1 
9310 0.0000010749 4655.5000000000 9310 1 
9311 0.0000010783 4656.0000000000 9311 1 
9312 0.0000010764 4656.5000000000 9312 1 
9313 0.0000010748 4657.0000000000 9313 1 
9314 0.0000010798 4657.5000000000 9314 1 
9315 0.0000010778 4658.0000000000 9315 1 
9316 0.0000010747 4658.5000000000 9316 1 
9317 0.0000010765 4659.0000000000 9317 1 
9318 0.0000010790 4659.5000000000 9318 1 
9319 0.0000010773 4660.0000000000 9319 1 
9320 0.0000010770 4660.5000000000 9320 1 
9321 0.0000010790 4661.0000000000 9321 1 
9322 0.0000010771 4661.5000000000 9322 1 
9323 0.0000010795 4662.0000000000 9323 1 
9324 0.0000010781 4662.5000000000 9324 1 
9325 0.0000010777 4663.0000000000 9325 1 
9326 0.0000010795 4663.5000000000 9326 1 
9327 0.0000010790 4664.0000000000 9327 1 
9328 0.0000010805 4664.5000000000 9328 1 
9329 0.0000010799 4665.0000000000 9329 1 
9330 0.0000010820 4665.5000000000 9330 1 
9331 0.0000010779 4666.0000000000 9331 1 
9332 0.0000010799 4666.5000000000 9332 1 
9333 0.0000010820 4667.0000000000 9333 1 
9334 0.0000010800 4667.5000000000 9334 1 
9335 0.0000010799 4668.0000000000 9335 1 
9336 0.0000010809 4668.5000000000 9336 1 
9337 0.0000010816 4669.0000000000 9337 1 
9338 0.0000010804 4669.5000000000 9338 1 
9339 0.0000010788 4670.0000000000 9339 1 
9340 0.0000010813 4670.5000000000 9340 1 
9341 0.0000010784 4671.0000000000 9341 1 
9342 0.0000010786 4671.5000000000 9342 1 
9343 0.0000010809 4672.0000000000 9343 1 
9344 0.0000010813 4672.5000000000 9344 1 
9345 0.0000010791 4673.0000000000 9345 1 
9346 0.0000010805 4673.5000000000 9346 1 
9347 0.0000010832 4674.0000000000 9347 1 
9348 0.0000010799 4674.5000000000 9348 1 
9349 0.0000010792 4675.0000000000 9349 1 
9350 0.0000010829 4675.5000000000 9350 1 
9351 0.0000010833 4676.0000000000 9351 1 
9352 0.0000010786 4676.5000000000 9352 1 
9353 0.0000010818 4677.0000000000 9353 1 
9354 0.0000010823 4677.5000000000 9354 1 
9355 0.0000010824 4678.0000000000 9355 1 
9356 0.0000010826 4678.5000000000 9356 1 
9357 0.0000010806 4679.0000000000 9357 1 
9358 0.0000010838 4679.5000000000 9358 1 
9359 0.0000010823 4680.0000000000 9359 1 
9360 0.0000010823 4680.5000000000 9360 1 
9361 0.0000010827 4681.0000000000 9361 1 
9362 0.0000010808 4681.5000000000 9362 1 
9363 0.0000010842 4682.0000000000 9363 1 
9364 0.0000010823 4682.5000000000 9364 1 
9365 0.0000010837 4683.0000000000 9365 1 
9366 0.0000010846 4683.5000000000 9366 1 
9367 0.0000010816 4684.0000000000 9367 1 
9368 0.0000010836 4684.5000000000 9368 1 
9369 0.0000010828 4685.0000000000 9369 1 
9370 0.0000010824 4685.5000000000 9370 1 
9371 0.0000010827 4686.0000000000 9371 1 
9372 0.0000010855 4686.5000000000 9372 1 
9373 0.0000010858 4687.0000000000 9373 1 
9374 0.0000010818 4687.5000000000 9374 1 
9375 0.0000010833 4688.0000000000 9375 1 
9376 0.0000010835 4688.5000000000 9376 1 
9377 0.0000010861 4689.0000000000 9377 1 
9378 0.0000010858 4689.5000000000 9378 1 
9379 0.0000010838 4690.0000000000 9379 1 
9380 0.0000010884 4690.5000000000 9380 1 
9381 0.0000010862 4691.0000000000 9381 1 
9382 0.0000010861 4691.5000000000 9382 1 
9383 0.0000010839 4692.0000000000 9383 1 
9384 0.0000010854 4692.5000000000 9384 1 
9385 0.0000010869 4693.0000000000 9385 1 
9386 0.0000010847 4693.5000000000 9386 1 
9387 0.0000010849 4694.0000000000 9387 1 
9388 0.0000010845 4694.5000000000 9388 1 
9389 0.0000010851 4695.0000000000 9389 1 
9390 0.0000010876 4695.5000000000 9390 1 
9391 0.0000010877 4696.0000000000 9391 1 
9392 0.0000010868 4696.5000000000 9392 1 
9393 0.0000010856 4697.0000000000 9393 1 
9394 0.0000010863 4697.5000000000 9394 1 
9395 0.0000010852 4698.0000000000 9395 1 
9396 0.0000010884 4698.5000000000 9396 1 
9397 0.0000010898 4699.0000000000 9397 1 
9398 0.0000010881 4699.5000000000 9398 1 
9399 0.0000010851 4700.0000000000 9399 1 
9400 0.0000010878 4700.5000000000 9400 1 
9401 0.0000010871 4701.0000000000 9401 1 
9402 0.0000010842 4701.5000000000 9402 1 
9403 0.0000010901 4702.0000000000 9403 1 
9404 0.0000010871 4702.5000000000 9404 1 
9405 0.0000010905 4703.0000000000 9405 1 
9406 0.0000010907 4703.5000000000 9406 1 
9407 0.0000010874 4704.0000000000 9407 1 
9408 0.0000010858 4704.5000000000 9408 1 
9409 0.0000010868 4705.0000000000 9409 1 
9410 0.0000010871 4705.5000000000 9410 1 
9411 0.0000010902 4706.0000000000 9411 1 
9412 0.0000010885 4706.5000000000 9412 1 
9413 0.0000010887 4707.0000000000 9413 1 
9414 0.0000010892 4707.5000000000 9414 1 
9415 0.0000010925 4708.0000000000 9415 1 
9416 0.0000010910 4708.5000000000 9416 1 
9417 0.0000010909 4709.0000000000 9417 1 
9418 0.0000010878 4709.5000000000 9418 1 
9419 0.0000010909 4710.0000000000 9419 1 
9420 0.0000010891 4710.5000000000 9420 1 
9421 0.0000010891 4711.0000000000 9421 1 
9422 0.0000010914 4711.5000000000 9422 1 
9423 0.0000010928 4712.0000000000 9423 1 
9424 0.0000010886 4712.5000000000 9424 1 
9425 0.0000010900 4713.0000000000 9425 1 
9426 0.0000010910 4713.5000000000 9426 1 
9427 0.0000010887 4714.0000000000 9427 1 
9428 0.0000010929 4714.5000000000 9428 1 
9429 0.0000010920 4715.0000000000 9429 1 
9430 0.0000010920 4715.5000000000 9430 1 
9431 0.0000010919 4716.0000000000 9431 1 
9432 0.0000010915 4716.5000000000 9432 1 
9433 0.0000010892 4717.0000000000 9433 1 
9434 0.0000010927 4717.5000000000 9434 1 
9435 0.0000010907 4718.0000000000 9435 1 
9436 0.0000010927 4718.5000000000 9436 1 
9437 0.0000010994 4719.0000000000 9437 1 
9438 0.0000010910 4719.5000000000 9438 1 
9439 0.0000010924 4720.0000000000 9439 1 
9440 0.0000010967 4720.5000000000 9440 1 
9441 0.0000010918 4721.0000000000 9441 1 
9442 0.0000010931 4721.5000000000 9442 1 
9443 0.0000010945 4722.0000000000 9443 1 
9444 0.0000010894 4722.5000000000 9444 1 
9445 0.0000010918 4723.0000000000 9445 1 
9446 0.0000010944 4723.5000000000 9446 1 
9447 0.0000010942 4724.0000000000 9447 1 
9448 0.0000010985 4724.5000000000 9448 1 
9449 0.0000010950 4725.0000000000 9449 1 
9450 0.0000010924 4725.5000000000 9450 1 
9451 0.0000010928 4726.0000000000 9451 1 
9452 0.0000010929 4726.5000000000 9452 1 
9453 0.0000010954 4727.0000000000 9453 1 
9454 0.0000010960 4727.5000000000 9454 1 
9455 0.0000010965 4728.0000000000 9455 1 
9456 0.0000010929 4728.5000000000 9456 1 
9457 0.0000010960 4729.0000000000 9457 1 
9458 0.0000010951 4729.5000000000 9458 1 
9459 0.0000010939 4730.0000000000 9459 1 
9460 0.0000010932 4730.5000000000 9460 1 
9461 0.0000010967 4731.0000000000 9461 1 
9462 0.0000010949 4731.5000000000 9462 1 
9463 0.0000010939 4732.0000000000 9463 1 
9464 0.0000010939 4732.5000000000 9464 1 
9465 0.0000010953 4733.0000000000 9465 1 
9466 0.0000010950 4733.5000000000 9466 1 
9467 0.0000010951 4734.0000000000 9467 1 
9468 0.0000010954 4734.5000000000 9468 1 
9469 0.0000010947 4735.0000000000 9469 1 
9470 0.0000011013 4735.5000000000 9470 1 
9471 0.0000010968 4736.0000000000 9471 1 
9472 0.0000010978 4736.5000000000 9472 1 
9473 0.0000010951 4737.0000000000 9473 1 
9474 0.0000010966 4737.5000000000 9474 1 
9475 0.0000010959 4738.0000000000 9475 1 
9476 0.0000010975 4738.5000000000 9476 1 
9477 0.0000010951 4739.0000000000 9477 1 
9478 0.0000010991 4739.5000000000 9478 1 
9479 0.0000010979 4740.0000000000 9479 1 
9480 0.0000010970 4740.5000000000 9480 1 
9481 0.0000010946 4741.0000000000 9481 1 
9482 0.0000010971 4741.5000000000 9482 1 
9483 0.0000010981 4742.0000000000 9483 1 
9484 0.0000010966 4742.5000000000 9484 1 
9485 0.0000010990 4743.0000000000 9485 1 
9486 0.0000010935 4743.5000000000 9486 1 
9487 0.0000010960 4744.0000000000 9487 1 
9488 0.0000011003 4744.5000000000 9488 1 
9489 0.0000010985 4745.0000000000 9489 1 
9490 0.0000010968 4745.5000000000 9490 1 
9491 0.0000010978 4746.0000000000 9491 1 
9492 0.0000010965 4746.5000000000 9492 1 
9493 0.0000010984 4747.0000000000 9493 1 
9494 0.0000010985 4747.5000000000 9494 1 
9495 0.0000011001 4748.0000000000 9495 1 
9496 0.0000010993 4748.5000000000 9496 1 
9497 0.0000010997 4749.0000000000 9497 1 
9498 0.0000010976 4749.5000000000 9498 1 
9499 0.0000010976 4750.0000000000 9499 1 
9500 0.0000011019 4750.5000000000 9500 1 
9501 0.0000010983 4751.0000000000 9501 1 
9502 0.0000011030 4751.5000000000 9502 1 
9503 0.0000011009 4752.0000000000 9503 1 
9504 0.0000011019 4752.5000000000 9504 1 
9505 0.0000010997 4753.0000000000 9505 1 
9506 0.0000011004 4753.5000000000 9506 1 
9507 0.0000011035 4754.0000000000 9507 1 
9508 0.0000010983 4754.5000000000 9508 1 
9509 0.0000011012 4755.0000000000 9509 1 
9510 0.0000010999 4755.5000000000 9510 1 
9511 0.0000011013 4756.0000000000 9511 1 
9512 0.0000011043 4756.5000000000 9512 1 
9513 0.0000011018 4757.0000000000 9513 1 
9514 0.0000011025 4757.5000000000 9514 1 
9515 0.0000011004 4758.0000000000 9515 1 
9516 0.0000011006 4758.5000000000 9516 1 
9517 0.0000011028 4759.0000000000 9517 1 
9518 0.0000011010 4759.5000000000 9518 1 
9519 0.0000011009 4760.0000000000 9519 1 
9520 0.0000011028 4760.5000000000 9520 1 
9521 0.0000011022 4761.0000000000 9521 1 
9522 0.0000011037 4761.5000000000 9522 1 
9523 0.0000011007 4762.0000000000 9523 1 
9524 0.0000011020 4762.5000000000 9524 1 
9525 0.0000011030 4763.0000000000 9525 1 
9526 0.0000011043 4763.5000000000 9526 1 
9527 0.0000011034 4764.0000000000 9527 1 
9528 0.0000011040 4764.5000000000 9528 1 
9529 0.0000011053 4765.0000000000 9529 1 
9530 0.0000011050 4765.5000000000 9530 1 
9531 0.0000011021 4766.0000000000 9531 1 
9532 0.0000011054 4766.5000000000 9532 1 
9533 0.0000011016 4767.0000000000 9533 1 
9534 0.0000011047 4767.5000000000 9534 1 
9535 0.0000011036 4768.0000000000 9535 1 
9536 0.0000011068 4768.5000000000 9536 1 
9537 0.0000011042 4769.0000000000 9537 1 
9538 0.0000011068 4769.5000000000 9538 1 
9539 0.0000011020 4770.0000000000 9539 1 
9540 0.0000011034 4770.5000000000 9540 1 
9541 0.0000011072 4771.0000000000 9541 1 
9542 0.0000011045 4771.5000000000 9542 1 
9543 0.0000011038 4772.0000000000 9543 1 
9544 0.0000011048 4772.5000000000 9544 1 
9545 0.0000011058 4773.0000000000 9545 1 
9546 0.0000011055 4773.5000000000 9546 1 
9547 0.0000011043 4774.0000000000 9547 1 
9548 0.0000011026 4774.5000000000 9548 1 
9549 0.0000011072 4775.0000000000 9549 1 
9550 0.0000011079 4775.5000000000 9550 1 
9551 0.0000011043 4776.0000000000 9551 1 
9552 0.0000011059 4776.5000000000 9552 1 
9553 0.0000011067 4777.0000000000 9553 1 
9554 0.0000011050 4777.5000000000 9554 1 
9555 0.0000011056 4778.0000000000 9555 1 
9556 0.0000011098 4778.5000000000 9556 1 
9557 0.0000011079 4779.0000000000 9557 1 
9558 0.0000011055 4779.5000000000 9558 1 
9559 0.0000011050 4780.0000000000 9559 1 
9560 0.0000011065 4780.5000000000 9560 1 
9561 0.0000011091 4781.0000000000 9561 1 
9562 0.0000011085 4781.5000000000 9562 1 
9563 0.0000011058 4782.0000000000 9563 1 
9564 0.0000011074 4782.5000000000 9564 1 
9565 0.0000011048 4783.0000000000 9565 1 
9566 0.0000011103 4783.5000000000 9566 1 
9567 0.0000011085 4784.0000000000 9567 1 
9568 0.0000011098 4784.5000000000 9568 1 
9569 0.0000011077 4785.0000000000 9569 1 
9570 0.0000011118 4785.5000000000 9570 1 
9571 0.0000011094 4786.0000000000 9571 1 
9572 0.0000011091 4786.5000000000 9572 1 
9573 0.0000011087 4787.0000000000 9573 1 
9574 0.0000011087 4787.5000000000 9574 1 
9575 0.0000011095 4788.0000000000 9575 1 
9576 0.0000011095 4788.5000000000 9576 1 
9577 0.0000011096 4789.0000000000 9577 1 
9578 0.0000011085 4789.5000000000 9578 1 
9579 0.0000011085 4790.0000000000 9579 1 
9580 0.0000011125 4790.5000000000 9580 1 
9581 0.0000011083 4791.0000000000 9581 1 
9582 0.0000011109 4791.5000000000 9582 1 
9583 0.0000011090 4792.0000000000 9583 1 
9584 0.0000011098 4792.5000000000 9584 1 
9585 0.0000011074 4793.0000000000 9585 1 
9586 0.0000011181 4793.5000000000 9586 1 
9587 0.0000011134 4794.0000000000 9587 1 
9588 0.0000011117 4794.5000000000 9588 1 
9589 0.0000011099 4795.0000000000 9589 1 
9590 0.0000011088 4795.5000000000 9590 1 
9591 0.0000011111 4796.0000000000 9591 1 
9592 0.0000011117 4796.5000000000 9592 1 
9593 0.0000011120 4797.0000000000 9593 1 
9594 0.0000011124 4797.5000000000 9594 1 
9595 0.0000011108 4798.0000000000 9595 1 
9596 0.0000011128 4798.5000000000 9596 1 
9597 0.0000011110 4799.0000000000 9597 1 
9598 0.0000011109 4799.5000000000 9598 1 
9599 0.0000011114 4800.0000000000 9599 1 
9600 0.0000011133 4800.5000000000 9600 1 
9601 0.0000011126 4801.0000000000 9601 1 
9602 0.0000011117 4801.5000000000 9602 1 
9603 0.0000011152 4802.0000000000 9603 1 
9604 0.0000011127 4802.5000000000 9604 1 
9605 0.0000011115 4803.0000000000 9605 1 
9606 0.0000011130 4803.5000000000 9606 1 
9607 0.0000011151 4804.0000000000 9607 1 
9608 0.0000011124 4804.5000000000 9608 1 
9609 0.0000011130 4805.0000000000 9609 1 
9610 0.0000011120 4805.5000000000 9610 1 
9611 0.0000011153 4806.0000000000 9611 1 
9612 0.0000011111 4806.5000000000 9612 1 
9613 0.0000011143 4807.0000000000 9613 1 
9614 0.0000011119 4807.5000000000 9614 1 
9615 0.0000011168 4808.0000000000 9615 1 
9616 0.0000011136 4808.5000000000 9616 1 
9617 0.0000011142 4809.0000000000 9617 1 
9618 0.0000011151 4809.5000000000 9618 1 
9619 0.0000011123 4810.0000000000 9619 1 
9620 0.0000011144 4810.5000000000 9620 1 
9621 0.0000011131 4811.0000000000 9621 1 
9622 0.0000011140 4811.5000000000 9622 1 
9623 0.0000011144 4812.0000000000 9623 1 
9624 0.0000011186 4812.5000000000 9624 1 
9625 0.0000011167 4813.0000000000 9625 1 
9626 0.0000011193 4813.5000000000 9626 1 
9627 0.0000011149 4814.0000000000 9627 1 
9628 0.0000011158 4814.5000000000 9628 1 
9629 0.0000011154 4815.0000000000 9629 1 
9630 0.0000011159 4815.5000000000 9630 1 
9631 0.0000011140 4816.0000000000 9631 1 
9632 0.0000011160 4816.5000000000 9632 1 
9633 0.0000011152 4817.0000000000 9633 1 
9634 0.0000011165 4817.5000000000 9634 1 
9635 0.0000011185 4818.0000000000 9635 1 
9636 0.0000011130 4818.5000000000 9636 1 
9637 0.0000011160 4819.0000000000 9637 1 
9638 0.0000011166 4819.5000000000 9638 1 
9639 0.0000011162 4820.0000000000 9639 1 
9640 0.0000011172 4820.5000000000 9640 1 
9641 0.0000011213 4821.0000000000 9641 1 
9642 0.0000011172 4821.5000000000 9642 1 
9643 0.0000011217 4822.0000000000 9643 1 
9644 0.0000011207 4822.5000000000 9644 1 
9645 0.0000011146 4823.0000000000 9645 1 
9646 0.0000011207 4823.5000000000 9646 1 
9647 0.0000011185 4824.0000000000 9647 1 
9648 0.0000011165 4824.5000000000 9648 1 
9649 0.0000011190 4825.0000000000 9649 1 
9650 0.0000011202 4825.5000000000 9650 1 
9651 0.0000011185 4826.0000000000 9651 1 
9652 0.0000011194 4826.5000000000 9652 1 
9653 0.0000011185 4827.0000000000 9653 1 
9654 0.0000011158 4827.5000000000 9654 1 
9655 0.0000011169 4828.0000000000 9655 1 
9656 0.0000011230 4828.5000000000 9656 1 
9657 0.0000011177 4829.0000000000 9657 1 
9658 0.0000011197 4829.5000000000 9658 1 
9659 0.0000011174 4830.0000000000 9659 1 
9660 0.0000011193 4830.5000000000 9660 1 
9661 0.0000011174 4831.0000000000 9661 1 
9662 0.0000011220 4831.5000000000 9662 1 
9663 0.0000011191 4832.0000000000 9663 1 
9664 0.0000011196 4832.5000000000 9664 1 
9665 0.0000011196 4833.0000000000 9665 1 
9666 0.0000011227 4833.5000000000 9666 1 
9667 0.0000011211 4834.0000000000 9667 1 
9668 0.0000011203 4834.5000000000 9668 1 
9669 0.0000011232 4835.0000000000 9669 1 
9670 0.0000011201 4835.5000000000 9670 1 
9671 0.0000011243 4836.0000000000 9671 1 
9672 0.0000011212 4836.5000000000 9672 1 
9673 0.0000011226 4837.0000000000 9673 1 
9674 0.0000011203 4837.5000000000 9674 1 
9675 0.0000011218 4838.0000000000 9675 1 
9676 0.0000011191 4838.5000000000 9676 1 
9677 0.0000011194 4839.0000000000 9677 1 
9678 0.0000011202 4839.5000000000 9678 1 
9679 0.0000011230 4840.0000000000 9679 1 
9680 0.0000011277 4840.5000000000 9680 1 
9681 0.0000011220 4841.0000000000 9681 1 
9682 0.0000011219 4841.5000000000 9682 1 
9683 0.0000011232 4842.0000000000 9683 1 
9684 0.0000011226 4842.5000000000 9684 1 
9685 0.0000011226 4843.0000000000 9685 1 
9686 0.0000011244 4843.5000000000 9686 1 
9687 0.0000011225 4844.0000000000 9687 1 
9688 0.0000011273 4844.5000000000 9688 1 
9689 0.0000011262 4845.0000000000 9689 1 
9690 0.0000011219 4845.5000000000 9690 1 
9691 0.0000011232 4846.0000000000 9691 1 
9692 0.0000011212 4846.5000000000 9692 1 
9693 0.0000011251 4847.0000000000 9693 1 
9694 0.0000011228 4847.5000000000 9694 1 
9695 0.0000011280 4848.0000000000 9695 1 
9696 0.0000011246 4848.5000000000 9696 1 
9697 0.0000011224 4849.0000000000 9697 1 
9698 0.0000011272 4849.5000000000 9698 1 
9699 0.0000011282 4850.0000000000 9699 1 
9700 0.0000011244 4850.5000000000 9700 1 
9701 0.0000011241 4851.0000000000 9701 1 
9702 0.0000011245 4851.5000000000 9702 1 
9703 0.0000011269 4852.0000000000 9703 1 
9704 0.0000011242 4852.5000000000 9704 1 
9705 0.0000011321 4853.0000000000 9705 1 
9706 0.0000011277 4853.5000000000 9706 1 
9707 0.0000011267 4854.0000000000 9707 1 
9708 0.0000011273 4854.5000000000 9708 1 
9709 0.0000011256 4855.0000000000 9709 1 
9710 0.0000011287 4855.5000000000 9710 1 
9711 0.0000011322 4856.0000000000 9711 1 
9712 0.0000011281 4856.5000000000 9712 1 
9713 0.0000011246 4857.0000000000 9713 1 
9714 0.0000011266 4857.5000000000 9714 1 
9715 0.0000011252 4858.0000000000 9715 1 
9716 0.0000011281 4858.5000000000 9716 1 
9717 0.0000011275 4859.0000000000 9717 1 
9718 0.0000011284 4859.5000000000 9718 1 
9719 0.0000011266 4860.0000000000 9719 1 
9720 0.0000011313 4860.5000000000 9720 1 
9721 0.0000011258 4861.0000000000 9721 1 
9722 0.0000011286 4861.5000000000 9722 1 
9723 0.0000011250 4862.0000000000 9723 1 
9724 0.0000011280 4862.5000000000 9724 1 
9725 0.0000011249 4863.0000000000 9725 1 
9726 0.0000011287 4863.5000000000 9726 1 
9727 0.0000011267 4864.0000000000 9727 1 
9728 0.0000011299 4864.5000000000 9728 1 
9729 0.0000011269 4865.0000000000 9729 1 
9730 0.0000011275 4865.5000000000 9730 1 
9731 0.0000011269 4866.0000000000 9731 1 
9732 0.0000011264 4866.5000000000 9732 1 
9733 0.0000011269 4867.0000000000 9733 1 
9734 0.0000011317 4867.5000000000 9734 1 
9735 0.0000011293 4868.0000000000 9735 1 
9736 0.0000011273 4868.5000000000 9736 1 
9737 0.0000011278 4869.0000000000 9737 1 
9738 0.0000011289 4869.5000000000 9738 1 
9739 0.0000011283 4870.0000000000 9739 1 
9740 0.0000011278 4870.5000000000 9740 1 
9741 0.0000011317 4871.0000000000 9741 1 
9742 0.0000011302 4871.5000000000 9742 1 
9743 0.0000011294 4872.0000000000 9743 1 
9744 0.0000011271 4872.5000000000 9744 1 
9745 0.0000011288 4873.0000000000 9745 1 
9746 0.0000011284 4873.5000000000 9746 1 
9747 0.0000011263 4874.0000000000 9747 1 
9748 0.0000011268 4874.5000000000 9748 1 
9749 0.0000011293 4875.0000000000 9749 1 
9750 0.0000011281 4875.5000000000 9750 1 
9751 0.0000011310 4876.0000000000 9751 1 
9752 0.0000011304 4876.5000000000 9752 1 
9753 0.0000011321 4877.0000000000 9753 1 
9754 0.0000011292 4877.5000000000 9754 1 
9755 0.0000011300 4878.0000000000 9755 1 
9756 0.0000011318 4878.5000000000 9756 1 
9757 0.0000011315 4879.0000000000 9757 1 
9758 0.0000011301 4879.5000000000 9758 1 
9759 0.0000011257 4880.0000000000 9759 1 
9760 0.0000011302 4880.5000000000 9760 1 
9761 0.0000011302 4881.0000000000 9761 1 
9762 0.0000011349 4881.5000000000 9762 1 
9763 0.0000011331 4882.0000000000 9763 1 
9764 0.0000011306 4882.5000000000 9764 1 
9765 0.0000011330 4883.0000000000 9765 1 
9766 0.0000011300 4883.5000000000 9766 1 
9767 0.0000011311 4884.0000000000 9767 1 
9768 0.0000011336 4884.5000000000 9768 1 
9769 0.0000011303 4885.0000000000 9769 1 
9770 0.0000011300 4885.5000000000 9770 1 
9771 0.0000011316 4886.0000000000 9771 1 
9772 0.0000011319 4886.5000000000 9772 1 
9773 0.0000011330 4887.0000000000 9773 1 
9774 0.0000011329 4887.5000000000 9774 1 
9775 0.0000011307 4888.0000000000 9775 1 
9776 0.0000011327 4888.5000000000 9776 1 
9777 0.0000011335 4889.0000000000 9777 1 
9778 0.0000011313 4889.5000000000 9778 1 
9779 0.0000011333 4890.0000000000 9779 1 
9780 0.0000011367 4890.5000000000 9780 1 
9781 0.0000011362 4891.0000000000 9781 1 
9782 0.0000011352 4891.5000000000 9782 1 
9783 0.0000011314 4892.0000000000 9783 1 
9784 0.0000011323 4892.5000000000 9784 1 
9785 0.0000011348 4893.0000000000 9785 1 
9786 0.0000011335 4893.5000000000 9786 1 
9787 0.0000011348 4894.0000000000 9787 1 
9788 0.0000011370 4894.5000000000 9788 1 
9789 0.0000011384 4895.0000000000 9789 1 
9790 0.0000011377 4895.5000000000 9790 1 
9791 0.0000011397 4896.0000000000 9791 1 
9792 0.0000011341 4896.5000000000 9792 1 
9793 0.0000011354 4897.0000000000 9793 1 
9794 0.0000011371 4897.5000000000 9794 1 
9795 0.0000011409 4898.0000000000 9795 1 
9796 0.0000011401 4898.5000000000 9796 1 
9797 0.0000011370 4899.0000000000 9797 1 
9798 0.0000011435 4899.5000000000 9798 1 
9799 0.0000011363 4900.0000000000 9799 1 
9800 0.0000011369 4900.5000000000 9800 1 
9801 0.0000011388 4901.0000000000 9801 1 
9802 0.0000011358 4901.5000000000 9802 1 
9803 0.0000011377 4902.0000000000 9803 1 
9804 0.0000011356 4902.5000000000 9804 1 
9805 0.0000011360 4903.0000000000 9805 1 
9806 0.0000011374 4903.5000000000 9806 1 
9807 0.0000011361 4904.0000000000 9807 1 
9808 0.0000011407 4904.5000000000 9808 1 
9809 0.0000011368 4905.0000000000 9809 1 
9810 0.0000011363 4905.5000000000 9810 1 
9811 0.0000011408 4906.0000000000 9811 1 
9812 0.0000011365 4906.5000000000 9812 1 
9813 0.0000011370 4907.0000000000 9813 1 
9814 0.0000011397 4907.5000000000 9814 1 
9815 0.0000011380 4908.0000000000 9815 1 
9816 0.0000011372 4908.5000000000 9816 1 
9817 0.0000011381 4909.0000000000 9817 1 
9818 0.0000011432 4909.5000000000 9818 1 
9819 0.0000011352 4910.0000000000 9819 1 
9820 0.0000011395 4910.5000000000 9820 1 
9821 0.0000011385 4911.0000000000 9821 1 
9822 0.0000011373 4911.5000000000 9822 1 
9823 0.0000011376 4912.0000000000 9823 1 
9824 0.0000011399 4912.5000000000 9824 1 
9825 0.0000011388 4913.0000000000 9825 1 
9826 0.0000011395 4913.5000000000 9826 1 
9827 0.0000011384 4914.0000000000 9827 1 
9828 0.0000011402 4914.5000000000 9828 1 
9829 0.0000011395 4915.0000000000 9829 1 
9830 0.0000011373 4915.5000000000 9830 1 
9831 0.0000011412 4916.0000000000 9831 1 
9832 0.0000011405 4916.5000000000 9832 1 
9833 0.0000011403 4917.0000000000 9833 1 
9834 0.0000011400 4917.5000000000 9834 1 
9835 0.0000011372 4918.0000000000 9835 1 
9836 0.0000011387 4918.5000000000 9836 1 
9837 0.0000011413 4919.0000000000 9837 1 
9838 0.0000011377 4919.5000000000 9838 1 
9839 0.0000011408 4920.0000000000 9839 1 
9840 0.0000011370 4920.5000000000 9840 1 
9841 0.0000011405 4921.0000000000 9841 1 
9842 0.0000011396 4921.5000000000 9842 1 
9843 0.0000011420 4922.0000000000 9843 1 
9844 0.0000011388 4922.5000000000 9844 1 
9845 0.0000011389 4923.0000000000 9845 1 
9846 0.0000011435 4923.5000000000 9846 1 
9847 0.0000011430 4924.0000000000 9847 1 
9848 0.0000011403 4924.5000000000 9848 1 
9849 0.0000011417 4925.0000000000 9849 1 
9850 0.0000011408 4925.5000000000 9850 1 
9851 0.0000011437 4926.0000000000 9851 1 
9852 0.0000011402 4926.5000000000 9852 1 
9853 0.0000011426 4927.0000000000 9853 1 
9854 0.0000011426 4927.5000000000 9854 1 
9855 0.0000011394 4928.0000000000 9855 1 
9856 0.0000011447 4928.5000000000 9856 1 
9857 0.0000011392 4929.0000000000 9857 1 
9858 0.0000011499 4929.5000000000 9858 1 
9859 0.0000011435 4930.0000000000 9859 1 
9860 0.0000011444 4930.5000000000 9860 1 
9861 0.0000011457 4931.0000000000 9861 1 
9862 0.0000011411 4931.5000000000 9862 1 
9863 0.0000011438 4932.0000000000 9863 1 
9864 0.0000011443 4932.5000000000 9864 1 
9865 0.0000011436 4933.0000000000 9865 1 
9866 0.0000011442 4933.5000000000 9866 1 
9867 0.0000011433 4934.0000000000 9867 1 
9868 0.0000011442 4934.5000000000 9868 1 
9869 0.0000011435 4935.0000000000 9869 1 
9870 0.0000011467 4935.5000000000 9870 1 
9871 0.0000011450 4936.0000000000 9871 1 
9872 0.0000011448 4936.5000000000 9872 1 
9873 0.0000011447 4937.0000000000 9873 1 
9874 0.0000011416 4937.5000000000 9874 1 
9875 0.0000011447 4938.0000000000 9875 1 
9876 0.0000011469 4938.5000000000 9876 1 
9877 0.0000011454 4939.0000000000 9877 1 
9878 0.0000011483 4939.5000000000 9878 1 
9879 0.0000011454 4940.0000000000 9879 1 
9880 0.0000011524 4940.5000000000 9880 1 
9881 0.0000011527 4941.0000000000 9881 1 
9882 0.0000011545 4941.5000000000 9882 1 
9883 0.0000011465 4942.0000000000 9883 1 
9884 0.0000011563 4942.5000000000 9884 1 
9885 0.0000011505 4943.0000000000 9885 1 
9886 0.0000011495 4943.5000000000 9886 1 
9887 0.0000011499 4944.0000000000 9887 1 
9888 0.0000011505 4944.5000000000 9888 1 
9889 0.0000011504 4945.0000000000 9889 1 
9890 0.0000011480 4945.5000000000 9890 1 
9891 0.0000011513 4946.0000000000 9891 1 
9892 0.0000011507 4946.5000000000 9892 1 
9893 0.0000011470 4947.0000000000 9893 1 
9894 0.0000011514 4947.5000000000 9894 1 
9895 0.0000011484 4948.0000000000 9895 1 
9896 0.0000011506 4948.5000000000 9896 1 
9897 0.0000011495 4949.0000000000 9897 1 
9898 0.0000011497 4949.5000000000 9898 1 
9899 0.0000011520 4950.0000000000 9899 1 
9900 0.0000011478 4950.5000000000 9900 1 
9901 0.0000011510 4951.0000000000 9901 1 
9902 0.0000011500 4951.5000000000 9902 1 
9903 0.0000011484 4952.0000000000 9903 1 
9904 0.0000011539 4952.5000000000 9904 1 
9905 0.0000011517 4953.0000000000 9905 1 
9906 0.0000011507 4953.5000000000 9906 1 
9907 0.0000011489 4954.0000000000 9907 1 
9908 0.0000011503 4954.5000000000 9908 1 
9909 0.0000011966 4955.0000000000 9909 1 
9910 0.0000011752 4955.5000000000 9910 1 
9911 0.0000011726 4956.0000000000 9911 1 
9912 0.0000011523 4956.5000000000 9912 1 
9913 0.0000011519 4957.0000000000 9913 1 
9914 0.0000011490 4957.5000000000 9914 1 
9915 0.0000011505 4958.0000000000 9915 1 
9916 0.0000011528 4958.5000000000 9916 1 
9917 0.0000011526 4959.0000000000 9917 1 
9918 0.0000011489 4959.5000000000 9918 1 
9919 0.0000011517 4960.0000000000 9919 1 
9920 0.0000011526 4960.5000000000 9920 1 
9921 0.0000011515 4961.0000000000 9921 1 
9922 0.0000011519 4961.5000000000 9922 1 
9923 0.0000011509 4962.0000000000 9923 1 
9924 0.0000011509 4962.5000000000 9924 1 
9925 0.0000011545 4963.0000000000 9925 1 
9926 0.0000011512 4963.5000000000 9926 1 
9927 0.0000011525 4964.0000000000 9927 1 
9928 0.0000011508 4964.5000000000 9928 1 
9929 0.0000011501 4965.0000000000 9929 1 
9930 0.0000011501 4965.5000000000 9930 1 
9931 0.0000011549 4966.0000000000 9931 1 
9932 0.0000011547 4966.5000000000 9932 1 
9933 0.0000011516 4967.0000000000 9933 1 
9934 0.0000011519 4967.5000000000 9934 1 
9935 0.0000011537 4968.0000000000 9935 1 
9936 0.0000011520 4968.5000000000 9936 1 
9937 0.0000011568 4969.0000000000 9937 1 
9938 0.0000011586 4969.5000000000 9938 1 
9939 0.0000011525 4970.0000000000 9939 1 
9940 0.0000011539 4970.5000000000 9940 1 
9941 0.0000011548 4971.0000000000 9941 1 
9942 0.0000011536 4971.5000000000 9942 1 
9943 0.0000011534 4972.0000000000 9943 1 
9944 0.0000011579 4972.5000000000 9944 1 
9945 0.0000011551 4973.0000000000 9945 1 
9946 0.0000011554 4973.5000000000 9946 1 
9947 0.0000011525 4974.0000000000 9947 1 
9948 0.0000011531 4974.5000000000 9948 1 
9949 0.0000011561 4975.0000000000 9949 1 
9950 0.0000011558 4975.5000000000 9950 1 
9951 0.0000011555 4976.0000000000 9951 1 
9952 0.0000011552 4976.5000000000 9952 1 
9953 0.0000011551 4977.0000000000 9953 1 
9954 0.0000011552 4977.5000000000 9954 1 
9955 0.0000011574 4978.0000000000 9955 1 
9956 0.0000011547 4978.5000000000 9956 1 
9957 0.0000011564 4979.0000000000 9957 1 
9958 0.0000011561 4979.5000000000 9958 1 
9959 0.0000011601 4980.0000000000 9959 1 
9960 0.0000011562 4980.5000000000 9960 1 
9961 0.0000011608 4981.0000000000 9961 1 
9962 0.0000011569 4981.5000000000 9962 1 
9963 0.0000011568 4982.0000000000 9963 1 
9964 0.0000011571 4982.5000000000 9964 1 
9965 0.0000011592 4983.0000000000 9965 1 
9966 0.0000011608 4983.5000000000 9966 1 
9967 0.0000011560 4984.0000000000 9967 1 
9968 0.0000011607 4984.5000000000 9968 1 
9969 0.0000011575 4985.0000000000 9969 1 
9970 0.0000011574 4985.5000000000 9970 1 
9971 0.0000011572 4986.0000000000 9971 1 
9972 0.0000011577 4986.5000000000 9972 1 
9973 0.0000011588 4987.0000000000 9973 1 
9974 0.0000011577 4987.5000000000 9974 1 
9975 0.0000011609 4988.0000000000 9975 1 
9976 0.0000011581 4988.5000000000 9976 1 
9977 0.0000011605 4989.0000000000 9977 1 
9978 0.0000011581 4989.5000000000 9978 1 
9979 0.0000011581 4990.0000000000 9979 1 
9980 0.0000011578 4990.5000000000 9980 1 
9981 0.0000011615 4991.0000000000 9981 1 
9982 0.0000011580 4991.5000000000 9982 1 
9983 0.0000011588 4992.0000000000 9983 1 
9984 0.0000011612 4992.5000000000 9984 1 
9985 0.0000011590 4993.0000000000 9985 1 
9986 0.0000011588 4993.5000000000 9986 1 
9987 0.0000011587 4994.0000000000 9987 1 
9988 0.0000011617 4994.5000000000 9988 1 
9989 0.0000011569 4995.0000000000 9989 1 
9990 0.0000011607 4995.5000000000 9990 1 
9991 0.0000011630 4996.0000000000 9991 1 
9992 0.0000011623 4996.5000000000 9992 1 
9993 0.0000011593 4997.0000000000 9993 1 
9994 0.0000011583 4997.5000000000 9994 1 
9995 0.0000011619 4998.0000000000 9995 1 
9996 0.0000011625 4998.5000000000 9996 1 
9997 0.0000011624 4999.0000000000 9997 1 
9998 0.0000011600 4999.5000000000 9998 1 
9999 0.0000011643 5000.0000000000 9999 1 
10000 0.0000011614 5000.5000000000 10000 1 
